2026-06-16 15:58:02 INFO crypto_research.ml_research: [ml] log file: /home_admin/crypto_bot/crypto_research/research_outputs/day_of_week/ml/weekday_direction_20220101_20260531.log
2026-06-16 15:58:02 INFO crypto_research.ml_dataset: [ml] pair filter: first_candle <= 2023-01-01 → 49 pairs
2026-06-16 16:07:07 INFO crypto_research.ml_research: [ml] log file: /home_admin/crypto_bot/crypto_research/research_outputs/day_of_week/ml/weekday_direction_20220101_20260531.log
2026-06-16 16:07:07 INFO crypto_research.ml_dataset: [ml] pair filter: first_candle <= 2023-01-01 → 49 pairs
2026-06-16 16:07:34 INFO crypto_research.load: [1] Загрузка данных: пар=49 строк=46567998 ~1243.5 MB
2026-06-16 16:07:34 INFO crypto_research.load:   1000luncusdt: rows=656821 2022-12-31 .. 2024-04-01
2026-06-16 16:07:34 INFO crypto_research.load:   aaveusdt: rows=1182241 2022-01-01 .. 2024-04-01
2026-06-16 16:07:34 INFO crypto_research.load:   adausdt: rows=1182241 2022-01-01 .. 2024-04-01
2026-06-16 16:07:34 INFO crypto_research.load:   algousdt: rows=1182241 2022-01-01 .. 2024-04-01
2026-06-16 16:07:34 INFO crypto_research.load:   aliceusdt: rows=1182241 2022-01-01 .. 2024-04-01
2026-06-16 16:07:34 INFO crypto_research.load:   apeusdt: rows=656821 2022-12-31 .. 2024-04-01
2026-06-16 16:07:34 INFO crypto_research.load:   api3usdt: rows=1098270 2022-02-28 .. 2024-04-01
2026-06-16 16:07:34 INFO crypto_research.load:   aptusdt: rows=763033 2022-10-19 .. 2024-04-01
2026-06-16 16:07:34 INFO crypto_research.load:   atomusdt: rows=1182241 2022-01-01 .. 2024-04-01
2026-06-16 16:07:34 INFO crypto_research.load:   avaxusdt: rows=1182241 2022-01-01 .. 2024-04-01
2026-06-16 16:07:34 INFO crypto_research.load:   axsusdt: rows=656821 2022-12-31 .. 2024-04-01
2026-06-16 16:07:34 INFO crypto_research.load:   bchusdt: rows=1182241 2022-01-01 .. 2024-04-01
2026-06-16 16:07:34 INFO crypto_research.load:   bnbusdt: rows=1182241 2022-01-01 .. 2024-04-01
2026-06-16 16:07:34 INFO crypto_research.load:   btcusdt: rows=1182241 2022-01-01 .. 2024-04-01
2026-06-16 16:07:34 INFO crypto_research.load:   chzusdt: rows=656821 2022-12-31 .. 2024-04-01
2026-06-16 16:07:34 INFO crypto_research.load:   crvusdt: rows=1182241 2022-01-01 .. 2024-04-01
2026-06-16 16:07:34 INFO crypto_research.load:   dashusdt: rows=656821 2022-12-31 .. 2024-04-01
2026-06-16 16:07:34 INFO crypto_research.load:   dogeusdt: rows=1182241 2022-01-01 .. 2024-04-01
2026-06-16 16:07:34 INFO crypto_research.load:   dotusdt: rows=1182241 2022-01-01 .. 2024-04-01
2026-06-16 16:07:34 INFO crypto_research.load:   dydxusdt: rows=1182241 2022-01-01 .. 2024-04-01
2026-06-16 16:07:34 INFO crypto_research.load:   egldusdt: rows=656821 2022-12-31 .. 2024-04-01
2026-06-16 16:07:34 INFO crypto_research.load:   enjusdt: rows=1182241 2022-01-01 .. 2024-04-01
2026-06-16 16:07:34 INFO crypto_research.load:   etcusdt: rows=656821 2022-12-31 .. 2024-04-01
2026-06-16 16:07:34 INFO crypto_research.load:   ethusdt: rows=1182241 2022-01-01 .. 2024-04-01
2026-06-16 16:07:34 INFO crypto_research.load:   filusdt: rows=1182241 2022-01-01 .. 2024-04-01
2026-06-16 16:07:34 INFO crypto_research.load:   galausdt: rows=1182241 2022-01-01 .. 2024-04-01
2026-06-16 16:07:34 INFO crypto_research.load:   gmtusdt: rows=656821 2022-12-31 .. 2024-04-01
2026-06-16 16:07:34 INFO crypto_research.load:   hbarusdt: rows=656821 2022-12-31 .. 2024-04-01
2026-06-16 16:07:34 INFO crypto_research.load:   icpusdt: rows=656821 2022-12-31 .. 2024-04-01
2026-06-16 16:07:34 INFO crypto_research.load:   injusdt: rows=656821 2022-12-31 .. 2024-04-01
2026-06-16 16:07:34 INFO crypto_research.load:   ldousdt: rows=656821 2022-12-31 .. 2024-04-01
2026-06-16 16:07:34 INFO crypto_research.load:   linkusdt: rows=1182241 2022-01-01 .. 2024-04-01
2026-06-16 16:07:34 INFO crypto_research.load:   ltcusdt: rows=1182241 2022-01-01 .. 2024-04-01
2026-06-16 16:07:34 INFO crypto_research.load:   nearusdt: rows=1182241 2022-01-01 .. 2024-04-01
2026-06-16 16:07:34 INFO crypto_research.load:   ontusdt: rows=957048 2022-06-06 .. 2024-04-01
2026-06-16 16:07:34 INFO crypto_research.load:   opusdt: rows=656821 2022-12-31 .. 2024-04-01
2026-06-16 16:07:34 INFO crypto_research.load:   paxgusdt: rows=1076619 2022-03-15 .. 2024-04-01
2026-06-16 16:07:35 INFO crypto_research.load:   sandusdt: rows=656821 2022-12-31 .. 2024-04-01
2026-06-16 16:07:35 INFO crypto_research.load:   shib1000usdt: rows=656821 2022-12-31 .. 2024-04-01
2026-06-16 16:07:35 INFO crypto_research.load:   solusdt: rows=1182241 2022-01-01 .. 2024-04-01
2026-06-16 16:07:35 INFO crypto_research.load:   storjusdt: rows=656821 2022-12-31 .. 2024-04-01
2026-06-16 16:07:35 INFO crypto_research.load:   stxusdt: rows=656821 2022-12-31 .. 2024-04-01
2026-06-16 16:07:35 INFO crypto_research.load:   trxusdt: rows=656821 2022-12-31 .. 2024-04-01
2026-06-16 16:07:35 INFO crypto_research.load:   uniusdt: rows=1182241 2022-01-01 .. 2024-04-01
2026-06-16 16:07:35 INFO crypto_research.load:   xlmusdt: rows=656821 2022-12-31 .. 2024-04-01
2026-06-16 16:07:35 INFO crypto_research.load:   xmrusdt: rows=1162824 2022-01-14 .. 2024-04-01
2026-06-16 16:07:35 INFO crypto_research.load:   xrpusdt: rows=1182241 2022-01-01 .. 2024-04-01
2026-06-16 16:07:35 INFO crypto_research.load:   zecusdt: rows=1182241 2022-01-01 .. 2024-04-01
2026-06-16 16:07:35 INFO crypto_research.load:   zenusdt: rows=656821 2022-12-31 .. 2024-04-01
2026-06-16 16:07:36 INFO crypto_research.ml_dataset: [ml] pooled daily: pairs=49 rows=32407 period=2022-01-01..2024-04-01
2026-06-16 16:07:36 INFO crypto_research.ml_dataset: [ml] pair filter: first_candle <= 2023-01-01 → 49 pairs
2026-06-16 16:07:57 INFO crypto_research.load: [1] Загрузка данных: пар=49 строк=55515524 ~1482.4 MB
2026-06-16 16:07:57 INFO crypto_research.load:   1000luncusdt: rows=1133280 2024-04-01 .. 2026-05-27
2026-06-16 16:07:57 INFO crypto_research.load:   aaveusdt: rows=1132756 2024-04-01 .. 2026-05-27
2026-06-16 16:07:57 INFO crypto_research.load:   adausdt: rows=1132756 2024-04-01 .. 2026-05-27
2026-06-16 16:07:57 INFO crypto_research.load:   algousdt: rows=1132756 2024-04-01 .. 2026-05-27
2026-06-16 16:07:57 INFO crypto_research.load:   aliceusdt: rows=1132756 2024-04-01 .. 2026-05-27
2026-06-16 16:07:57 INFO crypto_research.load:   apeusdt: rows=1133280 2024-04-01 .. 2026-05-27
2026-06-16 16:07:57 INFO crypto_research.load:   api3usdt: rows=1132756 2024-04-01 .. 2026-05-27
2026-06-16 16:07:57 INFO crypto_research.load:   aptusdt: rows=1132756 2024-04-01 .. 2026-05-27
2026-06-16 16:07:57 INFO crypto_research.load:   atomusdt: rows=1132756 2024-04-01 .. 2026-05-27
2026-06-16 16:07:57 INFO crypto_research.load:   avaxusdt: rows=1132756 2024-04-01 .. 2026-05-27
2026-06-16 16:07:57 INFO crypto_research.load:   axsusdt: rows=1133280 2024-04-01 .. 2026-05-27
2026-06-16 16:07:57 INFO crypto_research.load:   bchusdt: rows=1132756 2024-04-01 .. 2026-05-27
2026-06-16 16:07:57 INFO crypto_research.load:   bnbusdt: rows=1132756 2024-04-01 .. 2026-05-27
2026-06-16 16:07:57 INFO crypto_research.load:   btcusdt: rows=1132756 2024-04-01 .. 2026-05-27
2026-06-16 16:07:57 INFO crypto_research.load:   chzusdt: rows=1133280 2024-04-01 .. 2026-05-27
2026-06-16 16:07:57 INFO crypto_research.load:   crvusdt: rows=1132756 2024-04-01 .. 2026-05-27
2026-06-16 16:07:57 INFO crypto_research.load:   dashusdt: rows=1133280 2024-04-01 .. 2026-05-27
2026-06-16 16:07:57 INFO crypto_research.load:   dogeusdt: rows=1132756 2024-04-01 .. 2026-05-27
2026-06-16 16:07:57 INFO crypto_research.load:   dotusdt: rows=1132756 2024-04-01 .. 2026-05-27
2026-06-16 16:07:57 INFO crypto_research.load:   dydxusdt: rows=1132756 2024-04-01 .. 2026-05-27
2026-06-16 16:07:57 INFO crypto_research.load:   egldusdt: rows=1133280 2024-04-01 .. 2026-05-27
2026-06-16 16:07:57 INFO crypto_research.load:   enjusdt: rows=1132756 2024-04-01 .. 2026-05-27
2026-06-16 16:07:57 INFO crypto_research.load:   etcusdt: rows=1133280 2024-04-01 .. 2026-05-27
2026-06-16 16:07:57 INFO crypto_research.load:   ethusdt: rows=1132756 2024-04-01 .. 2026-05-27
2026-06-16 16:07:57 INFO crypto_research.load:   filusdt: rows=1132756 2024-04-01 .. 2026-05-27
2026-06-16 16:07:57 INFO crypto_research.load:   galausdt: rows=1132756 2024-04-01 .. 2026-05-27
2026-06-16 16:07:57 INFO crypto_research.load:   gmtusdt: rows=1133280 2024-04-01 .. 2026-05-27
2026-06-16 16:07:57 INFO crypto_research.load:   hbarusdt: rows=1133280 2024-04-01 .. 2026-05-27
2026-06-16 16:07:57 INFO crypto_research.load:   icpusdt: rows=1133280 2024-04-01 .. 2026-05-27
2026-06-16 16:07:57 INFO crypto_research.load:   injusdt: rows=1133280 2024-04-01 .. 2026-05-27
2026-06-16 16:07:57 INFO crypto_research.load:   ldousdt: rows=1133280 2024-04-01 .. 2026-05-27
2026-06-16 16:07:57 INFO crypto_research.load:   linkusdt: rows=1132756 2024-04-01 .. 2026-05-27
2026-06-16 16:07:57 INFO crypto_research.load:   ltcusdt: rows=1132756 2024-04-01 .. 2026-05-27
2026-06-16 16:07:57 INFO crypto_research.load:   nearusdt: rows=1132756 2024-04-01 .. 2026-05-27
2026-06-16 16:07:57 INFO crypto_research.load:   ontusdt: rows=1132756 2024-04-01 .. 2026-05-27
2026-06-16 16:07:57 INFO crypto_research.load:   opusdt: rows=1133280 2024-04-01 .. 2026-05-27
2026-06-16 16:07:57 INFO crypto_research.load:   paxgusdt: rows=1132756 2024-04-01 .. 2026-05-27
2026-06-16 16:07:57 INFO crypto_research.load:   sandusdt: rows=1133280 2024-04-01 .. 2026-05-27
2026-06-16 16:07:57 INFO crypto_research.load:   shib1000usdt: rows=1133280 2024-04-01 .. 2026-05-27
2026-06-16 16:07:57 INFO crypto_research.load:   solusdt: rows=1132756 2024-04-01 .. 2026-05-27
2026-06-16 16:07:57 INFO crypto_research.load:   storjusdt: rows=1133280 2024-04-01 .. 2026-05-27
2026-06-16 16:07:57 INFO crypto_research.load:   stxusdt: rows=1133280 2024-04-01 .. 2026-05-27
2026-06-16 16:07:57 INFO crypto_research.load:   trxusdt: rows=1133280 2024-04-01 .. 2026-05-27
2026-06-16 16:07:57 INFO crypto_research.load:   uniusdt: rows=1132756 2024-04-01 .. 2026-05-27
2026-06-16 16:07:57 INFO crypto_research.load:   xlmusdt: rows=1133280 2024-04-01 .. 2026-05-27
2026-06-16 16:07:57 INFO crypto_research.load:   xmrusdt: rows=1132756 2024-04-01 .. 2026-05-27
2026-06-16 16:07:57 INFO crypto_research.load:   xrpusdt: rows=1132756 2024-04-01 .. 2026-05-27
2026-06-16 16:07:57 INFO crypto_research.load:   zecusdt: rows=1132756 2024-04-01 .. 2026-05-27
2026-06-16 16:07:57 INFO crypto_research.load:   zenusdt: rows=1133280 2024-04-01 .. 2026-05-27
2026-06-16 16:07:59 INFO crypto_research.ml_dataset: [ml] pooled daily: pairs=49 rows=38563 period=2024-04-01..2026-05-31
2026-06-16 16:07:59 INFO crypto_research.ml_dataset: [ml] dataset: rows=32407 pairs=49 weekdays=7 up_rate=0.503
2026-06-16 16:07:59 INFO crypto_research.ml_dataset: [ml] dataset: rows=38563 pairs=49 weekdays=7 up_rate=0.478
2026-06-16 16:07:59 INFO crypto_research.ml_research: Dataset columns (7): ['day_utc', 'pair', 'weekday', 'return_pct', 'direction_up', 'pair_id', 'weekday_enc']
2026-06-16 16:07:59 INFO crypto_research.ml_research: Dataset head (50 rows):
shape: (50, 7)
┌─────────────────────────┬───────────┬─────────┬──────────────────────┬──────────────┬─────────┬─────────────┐
│ day_utc                 ┆ pair      ┆ weekday ┆ return_pct           ┆ direction_up ┆ pair_id ┆ weekday_enc │
│ ---                     ┆ ---       ┆ ---     ┆ ---                  ┆ ---          ┆ ---     ┆ ---         │
│ datetime[μs, UTC]       ┆ str       ┆ i64     ┆ f64                  ┆ i8           ┆ cat     ┆ cat         │
╞═════════════════════════╪═══════════╪═════════╪══════════════════════╪══════════════╪═════════╪═════════════╡
│ 2022-01-01 00:00:00 UTC ┆ aaveusdt  ┆ 5       ┆ 4.984243106054534    ┆ 1            ┆ 1       ┆ 5           │
│ 2022-01-01 00:00:00 UTC ┆ adausdt   ┆ 5       ┆ 5.467610434955732    ┆ 1            ┆ 2       ┆ 5           │
│ 2022-01-01 00:00:00 UTC ┆ algousdt  ┆ 5       ┆ 4.906678720130035    ┆ 1            ┆ 3       ┆ 5           │
│ 2022-01-01 00:00:00 UTC ┆ aliceusdt ┆ 5       ┆ 7.048459260231336    ┆ 1            ┆ 4       ┆ 5           │
│ 2022-01-01 00:00:00 UTC ┆ atomusdt  ┆ 5       ┆ 12.179684375310629   ┆ 1            ┆ 8       ┆ 5           │
│ 2022-01-01 00:00:00 UTC ┆ avaxusdt  ┆ 5       ┆ 4.298318986485412    ┆ 1            ┆ 9       ┆ 5           │
│ 2022-01-01 00:00:00 UTC ┆ bchusdt   ┆ 5       ┆ 3.288409206479117    ┆ 1            ┆ 11      ┆ 5           │
│ 2022-01-01 00:00:00 UTC ┆ bnbusdt   ┆ 5       ┆ 3.057535158711974    ┆ 1            ┆ 12      ┆ 5           │
│ 2022-01-01 00:00:00 UTC ┆ btcusdt   ┆ 5       ┆ 3.2878432051601174   ┆ 1            ┆ 13      ┆ 5           │
│ 2022-01-01 00:00:00 UTC ┆ crvusdt   ┆ 5       ┆ 16.406683928750976   ┆ 1            ┆ 15      ┆ 5           │
│ 2022-01-01 00:00:00 UTC ┆ dogeusdt  ┆ 5       ┆ 1.7028710327738033   ┆ 1            ┆ 17      ┆ 5           │
│ 2022-01-01 00:00:00 UTC ┆ dotusdt   ┆ 5       ┆ 7.267603627952611    ┆ 1            ┆ 18      ┆ 5           │
│ 2022-01-01 00:00:00 UTC ┆ dydxusdt  ┆ 5       ┆ 4.514530233716851    ┆ 1            ┆ 19      ┆ 5           │
│ 2022-01-01 00:00:00 UTC ┆ enjusdt   ┆ 5       ┆ 4.273509656879154    ┆ 1            ┆ 21      ┆ 5           │
│ 2022-01-01 00:00:00 UTC ┆ ethusdt   ┆ 5       ┆ 2.3372160685554877   ┆ 1            ┆ 23      ┆ 5           │
│ 2022-01-01 00:00:00 UTC ┆ filusdt   ┆ 5       ┆ 4.7897176088043745   ┆ 1            ┆ 24      ┆ 5           │
│ 2022-01-01 00:00:00 UTC ┆ galausdt  ┆ 5       ┆ 2.4742044420107923   ┆ 1            ┆ 25      ┆ 5           │
│ 2022-01-01 00:00:00 UTC ┆ linkusdt  ┆ 5       ┆ 6.339695952270143    ┆ 1            ┆ 31      ┆ 5           │
│ 2022-01-01 00:00:00 UTC ┆ ltcusdt   ┆ 5       ┆ 3.063674428791916    ┆ 1            ┆ 32      ┆ 5           │
│ 2022-01-01 00:00:00 UTC ┆ nearusdt  ┆ 5       ┆ 3.8674760244817965   ┆ 1            ┆ 33      ┆ 5           │
│ 2022-01-01 00:00:00 UTC ┆ solusdt   ┆ 5       ┆ 5.238405464133995    ┆ 1            ┆ 39      ┆ 5           │
│ 2022-01-01 00:00:00 UTC ┆ uniusdt   ┆ 5       ┆ 2.849065384621862    ┆ 1            ┆ 43      ┆ 5           │
│ 2022-01-01 00:00:00 UTC ┆ xrpusdt   ┆ 5       ┆ 2.5937980391229107   ┆ 1            ┆ 46      ┆ 5           │
│ 2022-01-01 00:00:00 UTC ┆ zecusdt   ┆ 5       ┆ 2.5597269624573378   ┆ 1            ┆ 47      ┆ 5           │
│ 2022-01-02 00:00:00 UTC ┆ aaveusdt  ┆ 6       ┆ -0.39407703600741906 ┆ 0            ┆ 1       ┆ 6           │
│ 2022-01-02 00:00:00 UTC ┆ adausdt   ┆ 6       ┆ -0.10875946275608563 ┆ 0            ┆ 2       ┆ 6           │
│ 2022-01-02 00:00:00 UTC ┆ algousdt  ┆ 6       ┆ -3.9311291141658335  ┆ 0            ┆ 3       ┆ 6           │
│ 2022-01-02 00:00:00 UTC ┆ aliceusdt ┆ 6       ┆ -2.244670376898661   ┆ 0            ┆ 4       ┆ 6           │
│ 2022-01-02 00:00:00 UTC ┆ atomusdt  ┆ 6       ┆ -2.243012652385795   ┆ 0            ┆ 8       ┆ 6           │
│ 2022-01-02 00:00:00 UTC ┆ avaxusdt  ┆ 6       ┆ -0.83300185321137    ┆ 0            ┆ 9       ┆ 6           │
│ 2022-01-02 00:00:00 UTC ┆ bchusdt   ┆ 6       ┆ 0.7199868605161669   ┆ 1            ┆ 11      ┆ 6           │
│ 2022-01-02 00:00:00 UTC ┆ bnbusdt   ┆ 6       ┆ 0.5971610263625592   ┆ 1            ┆ 12      ┆ 6           │
│ 2022-01-02 00:00:00 UTC ┆ btcusdt   ┆ 6       ┆ -0.8686176510650783  ┆ 0            ┆ 13      ┆ 6           │
│ 2022-01-02 00:00:00 UTC ┆ crvusdt   ┆ 6       ┆ -2.4862739947677244  ┆ 0            ┆ 15      ┆ 6           │
│ 2022-01-02 00:00:00 UTC ┆ dogeusdt  ┆ 6       ┆ 0.6928437860134704   ┆ 1            ┆ 17      ┆ 6           │
│ 2022-01-02 00:00:00 UTC ┆ dotusdt   ┆ 6       ┆ 3.9740905115748215   ┆ 1            ┆ 18      ┆ 6           │
│ 2022-01-02 00:00:00 UTC ┆ dydxusdt  ┆ 6       ┆ 2.9585799484383837   ┆ 1            ┆ 19      ┆ 6           │
│ 2022-01-02 00:00:00 UTC ┆ enjusdt   ┆ 6       ┆ 6.408343157884263    ┆ 1            ┆ 21      ┆ 6           │
│ 2022-01-02 00:00:00 UTC ┆ ethusdt   ┆ 6       ┆ 1.6687051723898574   ┆ 1            ┆ 23      ┆ 6           │
│ 2022-01-02 00:00:00 UTC ┆ filusdt   ┆ 6       ┆ -0.3623218067035116  ┆ 0            ┆ 24      ┆ 6           │
│ 2022-01-02 00:00:00 UTC ┆ galausdt  ┆ 6       ┆ -1.04807628206936    ┆ 0            ┆ 25      ┆ 6           │
│ 2022-01-02 00:00:00 UTC ┆ linkusdt  ┆ 6       ┆ 5.335198427129154    ┆ 1            ┆ 31      ┆ 6           │
│ 2022-01-02 00:00:00 UTC ┆ ltcusdt   ┆ 6       ┆ 0.3052162660648333   ┆ 1            ┆ 32      ┆ 6           │
│ 2022-01-02 00:00:00 UTC ┆ nearusdt  ┆ 6       ┆ -5.120597630885423   ┆ 0            ┆ 33      ┆ 6           │
│ 2022-01-02 00:00:00 UTC ┆ solusdt   ┆ 6       ┆ -1.4581008996377443  ┆ 0            ┆ 39      ┆ 6           │
│ 2022-01-02 00:00:00 UTC ┆ uniusdt   ┆ 6       ┆ 5.460167504333891    ┆ 1            ┆ 43      ┆ 6           │
│ 2022-01-02 00:00:00 UTC ┆ xrpusdt   ┆ 6       ┆ 0.9642579585941153   ┆ 1            ┆ 46      ┆ 6           │
│ 2022-01-02 00:00:00 UTC ┆ zecusdt   ┆ 6       ┆ 1.7304533134879367   ┆ 1            ┆ 47      ┆ 6           │
│ 2022-01-03 00:00:00 UTC ┆ aaveusdt  ┆ 0       ┆ 0.7158982442273308   ┆ 1            ┆ 1       ┆ 0           │
│ 2022-01-03 00:00:00 UTC ┆ adausdt   ┆ 0       ┆ -4.217172558413808   ┆ 0            ┆ 2       ┆ 0           │
└─────────────────────────┴───────────┴─────────┴──────────────────────┴──────────────┴─────────┴─────────────┘
2026-06-16 16:07:59 INFO crypto_research.ml_cpcv: [ml] X: shape=(32407, 2) columns=['weekday_enc', 'pair_id'] dtypes={'weekday_enc': 'category', 'pair_id': 'category'}
2026-06-16 16:07:59 INFO crypto_research.ml_cpcv: [ml] X head (3 rows):
  weekday_enc pair_id
0           5       1
1           5       2
2           5       3
2026-06-16 16:07:59 INFO crypto_research.ml_cpcv: [ml] y (direction_up): shape=(32407,) dtype=int8 distribution={0: 16106, 1: 16301}
2026-06-16 16:07:59 INFO crypto_research.ml_cpcv: [ml] y head (3 values): [1, 1, 1]
2026-06-16 16:07:59 INFO crypto_research.ml_cpcv: [ml] CV: CombinatorialPurgedCV n_splits=7 n_test_groups=2 embargo_days=1 n_folds=C(7,2)=21 n_days=822
2026-06-16 16:07:59 INFO crypto_research.ml_cpcv: [ml] CV time range: 2022-01-01 00:00:00+00:00 .. 2024-04-01 00:00:00+00:00 (prediction_times=evaluation_times, purge=None)
2026-06-16 16:07:59 INFO crypto_research.ml_cpcv: [ml] CV day splits:
  fold1: train_days=585 test_days=236
  fold2: train_days=584 test_days=236
  fold3: train_days=585 test_days=235
  fold4: train_days=585 test_days=235
  fold5: train_days=585 test_days=235
  fold6: train_days=586 test_days=235
  fold7: train_days=585 test_days=236
  fold8: train_days=585 test_days=235
  fold9: train_days=585 test_days=235
  fold10: train_days=585 test_days=235
  fold11: train_days=586 test_days=235
  fold12: train_days=586 test_days=235
  fold13: train_days=585 test_days=235
  fold14: train_days=585 test_days=235
  fold15: train_days=586 test_days=235
  fold16: train_days=587 test_days=234
  fold17: train_days=586 test_days=234
  fold18: train_days=587 test_days=234
  fold19: train_days=587 test_days=234
  fold20: train_days=587 test_days=234
  fold21: train_days=588 test_days=234
2026-06-16 16:07:59 INFO crypto_research.ml_cpcv: [ml] fold 1/21 → model.fit: X_train=(26071, 2) y_train=(26071,) days=('2022-08-26 00:00:00+00:00', '2024-04-01 00:00:00+00:00') dist={0: 12830, 1: 13241}
2026-06-16 16:07:59 INFO crypto_research.ml_cpcv: [ml] fold 1/21 → model.predict: X_test=(6308, 2) y_test=(6308,) days=('2022-01-01 00:00:00+00:00', '2022-08-24 00:00:00+00:00') dist={0: 3272, 1: 3036}
2026-06-16 16:07:59 INFO crypto_research.ml_cpcv: [ml] fold 1 X_train head:
     weekday_enc pair_id
6336           4       1
6337           4       2
6338           4       3
2026-06-16 16:07:59 INFO crypto_research.ml_cpcv: [ml] fold 1 y_train head: [0, 0, 0]
2026-06-16 16:07:59 INFO crypto_research.ml_cpcv: [ml] fold 1 X_test head:
  weekday_enc pair_id
0           5       1
1           5       2
2           5       3
2026-06-16 16:07:59 INFO crypto_research.ml_cpcv: [ml] fold 1 y_test head: [1, 1, 1]
2026-06-16 16:08:00 INFO crypto_research.ml_cpcv: [ml] fold 1/21 train=26071 test=6308 acc=0.4983 auc=0.4972
2026-06-16 16:08:00 INFO crypto_research.ml_cpcv: [ml] fold 2/21 → model.fit: X_train=(25942, 2) y_train=(25942,) days=('2022-04-30 00:00:00+00:00', '2024-04-01 00:00:00+00:00') dist={0: 12736, 1: 13206}
2026-06-16 16:08:00 INFO crypto_research.ml_cpcv: [ml] fold 2/21 → model.predict: X_test=(6409, 2) y_test=(6409,) days=('2022-01-01 00:00:00+00:00', '2022-12-20 00:00:00+00:00') dist={0: 3319, 1: 3090}
2026-06-16 16:08:00 INFO crypto_research.ml_cpcv: [ml] fold 2/21 train=25942 test=6409 acc=0.5035 auc=0.5104
2026-06-16 16:08:00 INFO crypto_research.ml_cpcv: [ml] fold 3/21 → model.fit: X_train=(23756, 2) y_train=(23756,) days=('2022-04-30 00:00:00+00:00', '2024-04-01 00:00:00+00:00') dist={0: 11899, 1: 11857}
2026-06-16 16:08:00 INFO crypto_research.ml_cpcv: [ml] fold 3/21 → model.predict: X_test=(8575, 2) y_test=(8575,) days=('2022-01-01 00:00:00+00:00', '2023-04-16 00:00:00+00:00') dist={0: 4141, 1: 4434}
2026-06-16 16:08:00 INFO crypto_research.ml_cpcv: [ml] fold 3/21 train=23756 test=8575 acc=0.4980 auc=0.4987
2026-06-16 16:08:00 INFO crypto_research.ml_cpcv: [ml] fold 4/21 → model.fit: X_train=(23556, 2) y_train=(23556,) days=('2022-04-30 00:00:00+00:00', '2024-04-01 00:00:00+00:00') dist={0: 11482, 1: 12074}
2026-06-16 16:08:00 INFO crypto_research.ml_cpcv: [ml] fold 4/21 → model.predict: X_test=(8775, 2) y_test=(8775,) days=('2022-01-01 00:00:00+00:00', '2023-08-11 00:00:00+00:00') dist={0: 4583, 1: 4192}
2026-06-16 16:08:00 INFO crypto_research.ml_cpcv: [ml] fold 4/21 train=23556 test=8775 acc=0.4765 auc=0.4855
2026-06-16 16:08:00 INFO crypto_research.ml_cpcv: [ml] fold 5/21 → model.fit: X_train=(23556, 2) y_train=(23556,) days=('2022-04-30 00:00:00+00:00', '2024-04-01 00:00:00+00:00') dist={0: 11760, 1: 11796}
2026-06-16 16:08:00 INFO crypto_research.ml_cpcv: [ml] fold 5/21 → model.predict: X_test=(8775, 2) y_test=(8775,) days=('2022-01-01 00:00:00+00:00', '2023-12-06 00:00:00+00:00') dist={0: 4314, 1: 4461}
2026-06-16 16:08:00 INFO crypto_research.ml_cpcv: [ml] fold 5/21 train=23556 test=8775 acc=0.5154 auc=0.5168
2026-06-16 16:08:00 INFO crypto_research.ml_cpcv: [ml] fold 6/21 → model.fit: X_train=(23605, 2) y_train=(23605,) days=('2022-04-30 00:00:00+00:00', '2023-12-06 00:00:00+00:00') dist={0: 11798, 1: 11807}
2026-06-16 16:08:00 INFO crypto_research.ml_cpcv: [ml] fold 6/21 → model.predict: X_test=(8775, 2) y_test=(8775,) days=('2022-01-01 00:00:00+00:00', '2024-04-01 00:00:00+00:00') dist={0: 4282, 1: 4493}
2026-06-16 16:08:00 INFO crypto_research.ml_cpcv: [ml] fold 6/21 train=23605 test=8775 acc=0.4776 auc=0.4723
2026-06-16 16:08:00 INFO crypto_research.ml_cpcv: [ml] fold 7/21 → model.fit: X_train=(25745, 2) y_train=(25745,) days=('2022-01-01 00:00:00+00:00', '2024-04-01 00:00:00+00:00') dist={0: 12612, 1: 13133}
2026-06-16 16:08:00 INFO crypto_research.ml_cpcv: [ml] fold 7/21 → model.predict: X_test=(6633, 2) y_test=(6633,) days=('2022-04-29 00:00:00+00:00', '2022-12-20 00:00:00+00:00') dist={0: 3469, 1: 3164}
2026-06-16 16:08:00 INFO crypto_research.ml_cpcv: [ml] fold 7/21 train=25745 test=6633 acc=0.4910 auc=0.4922
2026-06-16 16:08:00 INFO crypto_research.ml_cpcv: [ml] fold 8/21 → model.fit: X_train=(23531, 2) y_train=(23531,) days=('2022-01-01 00:00:00+00:00', '2024-04-01 00:00:00+00:00') dist={0: 11771, 1: 11760}
2026-06-16 16:08:00 INFO crypto_research.ml_cpcv: [ml] fold 8/21 → model.predict: X_test=(8799, 2) y_test=(8799,) days=('2022-04-29 00:00:00+00:00', '2023-04-16 00:00:00+00:00') dist={0: 4291, 1: 4508}
2026-06-16 16:08:01 INFO crypto_research.ml_cpcv: [ml] fold 8/21 train=23531 test=8799 acc=0.4922 auc=0.4864
2026-06-16 16:08:01 INFO crypto_research.ml_cpcv: [ml] fold 9/21 → model.fit: X_train=(23331, 2) y_train=(23331,) days=('2022-01-01 00:00:00+00:00', '2024-04-01 00:00:00+00:00') dist={0: 11354, 1: 11977}
2026-06-16 16:08:01 INFO crypto_research.ml_cpcv: [ml] fold 9/21 → model.predict: X_test=(8999, 2) y_test=(8999,) days=('2022-04-29 00:00:00+00:00', '2023-08-11 00:00:00+00:00') dist={0: 4733, 1: 4266}
2026-06-16 16:08:01 INFO crypto_research.ml_cpcv: [ml] fold 9/21 train=23331 test=8999 acc=0.4833 auc=0.4947
2026-06-16 16:08:01 INFO crypto_research.ml_cpcv: [ml] fold 10/21 → model.fit: X_train=(23331, 2) y_train=(23331,) days=('2022-01-01 00:00:00+00:00', '2024-04-01 00:00:00+00:00') dist={0: 11632, 1: 11699}
2026-06-16 16:08:01 INFO crypto_research.ml_cpcv: [ml] fold 10/21 → model.predict: X_test=(8999, 2) y_test=(8999,) days=('2022-04-29 00:00:00+00:00', '2023-12-06 00:00:00+00:00') dist={0: 4464, 1: 4535}
2026-06-16 16:08:01 INFO crypto_research.ml_cpcv: [ml] fold 10/21 train=23331 test=8999 acc=0.5117 auc=0.5124
2026-06-16 16:08:01 INFO crypto_research.ml_cpcv: [ml] fold 11/21 → model.fit: X_train=(23380, 2) y_train=(23380,) days=('2022-01-01 00:00:00+00:00', '2023-12-06 00:00:00+00:00') dist={0: 11670, 1: 11710}
2026-06-16 16:08:01 INFO crypto_research.ml_cpcv: [ml] fold 11/21 → model.predict: X_test=(8999, 2) y_test=(8999,) days=('2022-04-29 00:00:00+00:00', '2024-04-01 00:00:00+00:00') dist={0: 4432, 1: 4567}
2026-06-16 16:08:01 INFO crypto_research.ml_cpcv: [ml] fold 11/21 train=23380 test=8999 acc=0.4664 auc=0.4593
2026-06-16 16:08:01 INFO crypto_research.ml_cpcv: [ml] fold 12/21 → model.fit: X_train=(23458, 2) y_train=(23458,) days=('2022-01-01 00:00:00+00:00', '2024-04-01 00:00:00+00:00') dist={0: 11728, 1: 11730}
2026-06-16 16:08:01 INFO crypto_research.ml_cpcv: [ml] fold 12/21 → model.predict: X_test=(8900, 2) y_test=(8900,) days=('2022-08-25 00:00:00+00:00', '2023-04-16 00:00:00+00:00') dist={0: 4338, 1: 4562}
2026-06-16 16:08:01 INFO crypto_research.ml_cpcv: [ml] fold 12/21 train=23458 test=8900 acc=0.5010 auc=0.4933
2026-06-16 16:08:01 INFO crypto_research.ml_cpcv: [ml] fold 13/21 → model.fit: X_train=(23229, 2) y_train=(23229,) days=('2022-01-01 00:00:00+00:00', '2024-04-01 00:00:00+00:00') dist={0: 11286, 1: 11943}
2026-06-16 16:08:01 INFO crypto_research.ml_cpcv: [ml] fold 13/21 → model.predict: X_test=(9100, 2) y_test=(9100,) days=('2022-08-25 00:00:00+00:00', '2023-08-11 00:00:00+00:00') dist={0: 4780, 1: 4320}
2026-06-16 16:08:01 INFO crypto_research.ml_cpcv: [ml] fold 13/21 train=23229 test=9100 acc=0.4867 auc=0.4945
2026-06-16 16:08:01 INFO crypto_research.ml_cpcv: [ml] fold 14/21 → model.fit: X_train=(23229, 2) y_train=(23229,) days=('2022-01-01 00:00:00+00:00', '2024-04-01 00:00:00+00:00') dist={0: 11564, 1: 11665}
2026-06-16 16:08:01 INFO crypto_research.ml_cpcv: [ml] fold 14/21 → model.predict: X_test=(9100, 2) y_test=(9100,) days=('2022-08-25 00:00:00+00:00', '2023-12-06 00:00:00+00:00') dist={0: 4511, 1: 4589}
2026-06-16 16:08:02 INFO crypto_research.ml_cpcv: [ml] fold 14/21 train=23229 test=9100 acc=0.5185 auc=0.5256
2026-06-16 16:08:02 INFO crypto_research.ml_cpcv: [ml] fold 15/21 → model.fit: X_train=(23278, 2) y_train=(23278,) days=('2022-01-01 00:00:00+00:00', '2023-12-06 00:00:00+00:00') dist={0: 11602, 1: 11676}
2026-06-16 16:08:02 INFO crypto_research.ml_cpcv: [ml] fold 15/21 → model.predict: X_test=(9100, 2) y_test=(9100,) days=('2022-08-25 00:00:00+00:00', '2024-04-01 00:00:00+00:00') dist={0: 4479, 1: 4621}
2026-06-16 16:08:02 INFO crypto_research.ml_cpcv: [ml] fold 15/21 train=23278 test=9100 acc=0.4667 auc=0.4614
2026-06-16 16:08:02 INFO crypto_research.ml_cpcv: [ml] fold 16/21 → model.fit: X_train=(21092, 2) y_train=(21092,) days=('2022-01-01 00:00:00+00:00', '2024-04-01 00:00:00+00:00') dist={0: 10489, 1: 10603}
2026-06-16 16:08:02 INFO crypto_research.ml_cpcv: [ml] fold 16/21 → model.predict: X_test=(11266, 2) y_test=(11266,) days=('2022-12-21 00:00:00+00:00', '2023-08-11 00:00:00+00:00') dist={0: 5602, 1: 5664}
2026-06-16 16:08:02 INFO crypto_research.ml_cpcv: [ml] fold 16/21 train=21092 test=11266 acc=0.4822 auc=0.4799
2026-06-16 16:08:02 INFO crypto_research.ml_cpcv: [ml] fold 17/21 → model.fit: X_train=(21043, 2) y_train=(21043,) days=('2022-01-01 00:00:00+00:00', '2024-04-01 00:00:00+00:00') dist={0: 10727, 1: 10316}
2026-06-16 16:08:02 INFO crypto_research.ml_cpcv: [ml] fold 17/21 → model.predict: X_test=(11266, 2) y_test=(11266,) days=('2022-12-21 00:00:00+00:00', '2023-12-06 00:00:00+00:00') dist={0: 5333, 1: 5933}
2026-06-16 16:08:02 INFO crypto_research.ml_cpcv: [ml] fold 17/21 train=21043 test=11266 acc=0.5041 auc=0.5100
2026-06-16 16:08:02 INFO crypto_research.ml_cpcv: [ml] fold 18/21 → model.fit: X_train=(21092, 2) y_train=(21092,) days=('2022-01-01 00:00:00+00:00', '2023-12-06 00:00:00+00:00') dist={0: 10765, 1: 10327}
2026-06-16 16:08:02 INFO crypto_research.ml_cpcv: [ml] fold 18/21 → model.predict: X_test=(11266, 2) y_test=(11266,) days=('2022-12-21 00:00:00+00:00', '2024-04-01 00:00:00+00:00') dist={0: 5301, 1: 5965}
2026-06-16 16:08:02 INFO crypto_research.ml_cpcv: [ml] fold 18/21 train=21092 test=11266 acc=0.4767 auc=0.4819
2026-06-16 16:08:02 INFO crypto_research.ml_cpcv: [ml] fold 19/21 → model.fit: X_train=(20892, 2) y_train=(20892,) days=('2022-01-01 00:00:00+00:00', '2024-04-01 00:00:00+00:00') dist={0: 10325, 1: 10567}
2026-06-16 16:08:02 INFO crypto_research.ml_cpcv: [ml] fold 19/21 → model.predict: X_test=(11466, 2) y_test=(11466,) days=('2023-04-17 00:00:00+00:00', '2023-12-06 00:00:00+00:00') dist={0: 5775, 1: 5691}
2026-06-16 16:08:02 INFO crypto_research.ml_cpcv: [ml] fold 19/21 train=20892 test=11466 acc=0.5047 auc=0.5027
2026-06-16 16:08:02 INFO crypto_research.ml_cpcv: [ml] fold 20/21 → model.fit: X_train=(20892, 2) y_train=(20892,) days=('2022-01-01 00:00:00+00:00', '2023-12-06 00:00:00+00:00') dist={0: 10348, 1: 10544}
2026-06-16 16:08:02 INFO crypto_research.ml_cpcv: [ml] fold 20/21 → model.predict: X_test=(11466, 2) y_test=(11466,) days=('2023-04-17 00:00:00+00:00', '2024-04-01 00:00:00+00:00') dist={0: 5743, 1: 5723}
2026-06-16 16:08:02 INFO crypto_research.ml_cpcv: [ml] fold 20/21 train=20892 test=11466 acc=0.5058 auc=0.5100
2026-06-16 16:08:02 INFO crypto_research.ml_cpcv: [ml] fold 21/21 → model.fit: X_train=(20941, 2) y_train=(20941,) days=('2022-01-01 00:00:00+00:00', '2023-08-11 00:00:00+00:00') dist={0: 10632, 1: 10309}
2026-06-16 16:08:02 INFO crypto_research.ml_cpcv: [ml] fold 21/21 → model.predict: X_test=(11466, 2) y_test=(11466,) days=('2023-08-12 00:00:00+00:00', '2024-04-01 00:00:00+00:00') dist={0: 5474, 1: 5992}
2026-06-16 16:08:03 INFO crypto_research.ml_cpcv: [ml] fold 21/21 train=20941 test=11466 acc=0.4760 auc=0.4738
2026-06-16 16:08:03 INFO crypto_research.ml_cpcv: [ml] CPCV mean: folds=21 acc=0.4922 logloss=0.7025 auc=0.4933
2026-06-16 16:08:03 INFO crypto_research.ml_cpcv: [ml] OOS paths: rows=32407 cols=[time_ns, y_prob, y_true] folds_merged=21
2026-06-16 16:08:03 INFO crypto_research.ml_cpcv: [ml] OOS calibration: brier=0.2539 ece=0.0509
2026-06-16 16:08:03 INFO crypto_research.ml_cpcv: [ml] OOS weekday Пн: n=4657 base_up=0.4909 pred_up=0.4310 acc=0.4707 logloss=0.7042 auc=0.4447
2026-06-16 16:08:03 INFO crypto_research.ml_cpcv: [ml] OOS weekday Вт: n=4609 base_up=0.5144 pred_up=0.6385 acc=0.4450 logloss=0.7072 auc=0.4120
2026-06-16 16:08:03 INFO crypto_research.ml_cpcv: [ml] OOS weekday Ср: n=4610 base_up=0.4948 pred_up=0.4035 acc=0.4688 logloss=0.7019 auc=0.4544
2026-06-16 16:08:03 INFO crypto_research.ml_cpcv: [ml] OOS weekday Чт: n=4610 base_up=0.4584 pred_up=0.1670 acc=0.5148 logloss=0.6979 auc=0.4718
2026-06-16 16:08:03 INFO crypto_research.ml_cpcv: [ml] OOS weekday Пт: n=4611 base_up=0.5591 pred_up=0.9499 acc=0.5441 logloss=0.6930 auc=0.4799
2026-06-16 16:08:03 INFO crypto_research.ml_cpcv: [ml] OOS weekday Сб: n=4655 base_up=0.5214 pred_up=0.6599 acc=0.5053 logloss=0.7006 auc=0.4953
2026-06-16 16:08:03 INFO crypto_research.ml_cpcv: [ml] OOS weekday Вс: n=4655 base_up=0.4823 pred_up=0.3115 acc=0.4907 logloss=0.7032 auc=0.4609
2026-06-16 16:08:04 INFO crypto_research.ml_oos_paths: [ml] OOS plot saved: /home_admin/crypto_bot/crypto_research/research_outputs/day_of_week/ml/plots/weekday_direction_49pairs_20220101_20240401_oos_prob.png (weekdays=7 calendar_days=822 rows=32407)
2026-06-16 16:08:05 INFO crypto_research.ml_oos_paths: [ml] OOS calibration plot saved: /home_admin/crypto_bot/crypto_research/research_outputs/day_of_week/ml/plots/weekday_direction_49pairs_20220101_20240401_oos_calibration.png (brier=0.2539 ece=0.0509 rows=32407)
2026-06-16 16:08:06 INFO crypto_research.ml_oos_paths: [ml] OOS plot saved: /home_admin/crypto_bot/crypto_research/research_outputs/day_of_week/ml/plots/weekday_direction_49pairs_20240401_20260531_oos_prob.png (weekdays=7 calendar_days=787 rows=38563)
2026-06-16 16:08:07 INFO crypto_research.ml_oos_paths: [ml] OOS calibration plot saved: /home_admin/crypto_bot/crypto_research/research_outputs/day_of_week/ml/plots/weekday_direction_49pairs_20240401_20260531_oos_calibration.png (brier=0.2500 ece=0.0290 rows=38563)
2026-06-16 16:08:07 INFO crypto_research.ml_oos_paths: [ml] ROC AUC comparison plot saved: /home_admin/crypto_bot/crypto_research/research_outputs/day_of_week/ml/plots/weekday_direction_49pairs_20220101_20260531_roc_auc.png
2026-06-16 16:08:10 INFO crypto_research.ml_research: [ml] train/test metrics saved: /home_admin/crypto_bot/crypto_research/research_outputs/day_of_week/ml/metrics/weekday_direction_49pairs_20220101_20260531_train_test.json
2026-06-16 16:10:16 INFO crypto_research.ml_research: [ml] log file: /home_admin/crypto_bot/crypto_research/research_outputs/day_of_week/ml/weekday_direction_20220101_20260531.log
2026-06-16 16:10:16 INFO crypto_research.ml_dataset: [ml] pair filter: first_candle <= 2023-01-01 → 49 pairs
2026-06-16 16:10:42 INFO crypto_research.load: [1] Загрузка данных: пар=49 строк=46567998 ~1243.5 MB
2026-06-16 16:10:42 INFO crypto_research.load:   1000luncusdt: rows=656821 2022-12-31 .. 2024-04-01
2026-06-16 16:10:42 INFO crypto_research.load:   aaveusdt: rows=1182241 2022-01-01 .. 2024-04-01
2026-06-16 16:10:42 INFO crypto_research.load:   adausdt: rows=1182241 2022-01-01 .. 2024-04-01
2026-06-16 16:10:42 INFO crypto_research.load:   algousdt: rows=1182241 2022-01-01 .. 2024-04-01
2026-06-16 16:10:42 INFO crypto_research.load:   aliceusdt: rows=1182241 2022-01-01 .. 2024-04-01
2026-06-16 16:10:42 INFO crypto_research.load:   apeusdt: rows=656821 2022-12-31 .. 2024-04-01
2026-06-16 16:10:42 INFO crypto_research.load:   api3usdt: rows=1098270 2022-02-28 .. 2024-04-01
2026-06-16 16:10:42 INFO crypto_research.load:   aptusdt: rows=763033 2022-10-19 .. 2024-04-01
2026-06-16 16:10:42 INFO crypto_research.load:   atomusdt: rows=1182241 2022-01-01 .. 2024-04-01
2026-06-16 16:10:42 INFO crypto_research.load:   avaxusdt: rows=1182241 2022-01-01 .. 2024-04-01
2026-06-16 16:10:42 INFO crypto_research.load:   axsusdt: rows=656821 2022-12-31 .. 2024-04-01
2026-06-16 16:10:42 INFO crypto_research.load:   bchusdt: rows=1182241 2022-01-01 .. 2024-04-01
2026-06-16 16:10:42 INFO crypto_research.load:   bnbusdt: rows=1182241 2022-01-01 .. 2024-04-01
2026-06-16 16:10:42 INFO crypto_research.load:   btcusdt: rows=1182241 2022-01-01 .. 2024-04-01
2026-06-16 16:10:42 INFO crypto_research.load:   chzusdt: rows=656821 2022-12-31 .. 2024-04-01
2026-06-16 16:10:42 INFO crypto_research.load:   crvusdt: rows=1182241 2022-01-01 .. 2024-04-01
2026-06-16 16:10:42 INFO crypto_research.load:   dashusdt: rows=656821 2022-12-31 .. 2024-04-01
2026-06-16 16:10:42 INFO crypto_research.load:   dogeusdt: rows=1182241 2022-01-01 .. 2024-04-01
2026-06-16 16:10:42 INFO crypto_research.load:   dotusdt: rows=1182241 2022-01-01 .. 2024-04-01
2026-06-16 16:10:42 INFO crypto_research.load:   dydxusdt: rows=1182241 2022-01-01 .. 2024-04-01
2026-06-16 16:10:42 INFO crypto_research.load:   egldusdt: rows=656821 2022-12-31 .. 2024-04-01
2026-06-16 16:10:42 INFO crypto_research.load:   enjusdt: rows=1182241 2022-01-01 .. 2024-04-01
2026-06-16 16:10:42 INFO crypto_research.load:   etcusdt: rows=656821 2022-12-31 .. 2024-04-01
2026-06-16 16:10:42 INFO crypto_research.load:   ethusdt: rows=1182241 2022-01-01 .. 2024-04-01
2026-06-16 16:10:42 INFO crypto_research.load:   filusdt: rows=1182241 2022-01-01 .. 2024-04-01
2026-06-16 16:10:42 INFO crypto_research.load:   galausdt: rows=1182241 2022-01-01 .. 2024-04-01
2026-06-16 16:10:42 INFO crypto_research.load:   gmtusdt: rows=656821 2022-12-31 .. 2024-04-01
2026-06-16 16:10:42 INFO crypto_research.load:   hbarusdt: rows=656821 2022-12-31 .. 2024-04-01
2026-06-16 16:10:42 INFO crypto_research.load:   icpusdt: rows=656821 2022-12-31 .. 2024-04-01
2026-06-16 16:10:42 INFO crypto_research.load:   injusdt: rows=656821 2022-12-31 .. 2024-04-01
2026-06-16 16:10:42 INFO crypto_research.load:   ldousdt: rows=656821 2022-12-31 .. 2024-04-01
2026-06-16 16:10:42 INFO crypto_research.load:   linkusdt: rows=1182241 2022-01-01 .. 2024-04-01
2026-06-16 16:10:42 INFO crypto_research.load:   ltcusdt: rows=1182241 2022-01-01 .. 2024-04-01
2026-06-16 16:10:42 INFO crypto_research.load:   nearusdt: rows=1182241 2022-01-01 .. 2024-04-01
2026-06-16 16:10:42 INFO crypto_research.load:   ontusdt: rows=957048 2022-06-06 .. 2024-04-01
2026-06-16 16:10:42 INFO crypto_research.load:   opusdt: rows=656821 2022-12-31 .. 2024-04-01
2026-06-16 16:10:42 INFO crypto_research.load:   paxgusdt: rows=1076619 2022-03-15 .. 2024-04-01
2026-06-16 16:10:42 INFO crypto_research.load:   sandusdt: rows=656821 2022-12-31 .. 2024-04-01
2026-06-16 16:10:42 INFO crypto_research.load:   shib1000usdt: rows=656821 2022-12-31 .. 2024-04-01
2026-06-16 16:10:42 INFO crypto_research.load:   solusdt: rows=1182241 2022-01-01 .. 2024-04-01
2026-06-16 16:10:42 INFO crypto_research.load:   storjusdt: rows=656821 2022-12-31 .. 2024-04-01
2026-06-16 16:10:42 INFO crypto_research.load:   stxusdt: rows=656821 2022-12-31 .. 2024-04-01
2026-06-16 16:10:42 INFO crypto_research.load:   trxusdt: rows=656821 2022-12-31 .. 2024-04-01
2026-06-16 16:10:42 INFO crypto_research.load:   uniusdt: rows=1182241 2022-01-01 .. 2024-04-01
2026-06-16 16:10:42 INFO crypto_research.load:   xlmusdt: rows=656821 2022-12-31 .. 2024-04-01
2026-06-16 16:10:42 INFO crypto_research.load:   xmrusdt: rows=1162824 2022-01-14 .. 2024-04-01
2026-06-16 16:10:42 INFO crypto_research.load:   xrpusdt: rows=1182241 2022-01-01 .. 2024-04-01
2026-06-16 16:10:42 INFO crypto_research.load:   zecusdt: rows=1182241 2022-01-01 .. 2024-04-01
2026-06-16 16:10:42 INFO crypto_research.load:   zenusdt: rows=656821 2022-12-31 .. 2024-04-01
2026-06-16 16:10:44 INFO crypto_research.ml_dataset: [ml] pooled daily: pairs=49 rows=32407 period=2022-01-01..2024-04-01
2026-06-16 16:10:44 INFO crypto_research.ml_dataset: [ml] pair filter: first_candle <= 2023-01-01 → 49 pairs
2026-06-16 16:11:26 INFO crypto_research.load: [1] Загрузка данных: пар=49 строк=55515524 ~1482.4 MB
2026-06-16 16:11:26 INFO crypto_research.load:   1000luncusdt: rows=1133280 2024-04-01 .. 2026-05-27
2026-06-16 16:11:26 INFO crypto_research.load:   aaveusdt: rows=1132756 2024-04-01 .. 2026-05-27
2026-06-16 16:11:26 INFO crypto_research.load:   adausdt: rows=1132756 2024-04-01 .. 2026-05-27
2026-06-16 16:11:26 INFO crypto_research.load:   algousdt: rows=1132756 2024-04-01 .. 2026-05-27
2026-06-16 16:11:26 INFO crypto_research.load:   aliceusdt: rows=1132756 2024-04-01 .. 2026-05-27
2026-06-16 16:11:26 INFO crypto_research.load:   apeusdt: rows=1133280 2024-04-01 .. 2026-05-27
2026-06-16 16:11:26 INFO crypto_research.load:   api3usdt: rows=1132756 2024-04-01 .. 2026-05-27
2026-06-16 16:11:26 INFO crypto_research.load:   aptusdt: rows=1132756 2024-04-01 .. 2026-05-27
2026-06-16 16:11:26 INFO crypto_research.load:   atomusdt: rows=1132756 2024-04-01 .. 2026-05-27
2026-06-16 16:11:26 INFO crypto_research.load:   avaxusdt: rows=1132756 2024-04-01 .. 2026-05-27
2026-06-16 16:11:26 INFO crypto_research.load:   axsusdt: rows=1133280 2024-04-01 .. 2026-05-27
2026-06-16 16:11:26 INFO crypto_research.load:   bchusdt: rows=1132756 2024-04-01 .. 2026-05-27
2026-06-16 16:11:26 INFO crypto_research.load:   bnbusdt: rows=1132756 2024-04-01 .. 2026-05-27
2026-06-16 16:11:26 INFO crypto_research.load:   btcusdt: rows=1132756 2024-04-01 .. 2026-05-27
2026-06-16 16:11:26 INFO crypto_research.load:   chzusdt: rows=1133280 2024-04-01 .. 2026-05-27
2026-06-16 16:11:26 INFO crypto_research.load:   crvusdt: rows=1132756 2024-04-01 .. 2026-05-27
2026-06-16 16:11:26 INFO crypto_research.load:   dashusdt: rows=1133280 2024-04-01 .. 2026-05-27
2026-06-16 16:11:26 INFO crypto_research.load:   dogeusdt: rows=1132756 2024-04-01 .. 2026-05-27
2026-06-16 16:11:26 INFO crypto_research.load:   dotusdt: rows=1132756 2024-04-01 .. 2026-05-27
2026-06-16 16:11:26 INFO crypto_research.load:   dydxusdt: rows=1132756 2024-04-01 .. 2026-05-27
2026-06-16 16:11:26 INFO crypto_research.load:   egldusdt: rows=1133280 2024-04-01 .. 2026-05-27
2026-06-16 16:11:26 INFO crypto_research.load:   enjusdt: rows=1132756 2024-04-01 .. 2026-05-27
2026-06-16 16:11:26 INFO crypto_research.load:   etcusdt: rows=1133280 2024-04-01 .. 2026-05-27
2026-06-16 16:11:26 INFO crypto_research.load:   ethusdt: rows=1132756 2024-04-01 .. 2026-05-27
2026-06-16 16:11:26 INFO crypto_research.load:   filusdt: rows=1132756 2024-04-01 .. 2026-05-27
2026-06-16 16:11:26 INFO crypto_research.load:   galausdt: rows=1132756 2024-04-01 .. 2026-05-27
2026-06-16 16:11:26 INFO crypto_research.load:   gmtusdt: rows=1133280 2024-04-01 .. 2026-05-27
2026-06-16 16:11:26 INFO crypto_research.load:   hbarusdt: rows=1133280 2024-04-01 .. 2026-05-27
2026-06-16 16:11:26 INFO crypto_research.load:   icpusdt: rows=1133280 2024-04-01 .. 2026-05-27
2026-06-16 16:11:26 INFO crypto_research.load:   injusdt: rows=1133280 2024-04-01 .. 2026-05-27
2026-06-16 16:11:26 INFO crypto_research.load:   ldousdt: rows=1133280 2024-04-01 .. 2026-05-27
2026-06-16 16:11:26 INFO crypto_research.load:   linkusdt: rows=1132756 2024-04-01 .. 2026-05-27
2026-06-16 16:11:26 INFO crypto_research.load:   ltcusdt: rows=1132756 2024-04-01 .. 2026-05-27
2026-06-16 16:11:26 INFO crypto_research.load:   nearusdt: rows=1132756 2024-04-01 .. 2026-05-27
2026-06-16 16:11:26 INFO crypto_research.load:   ontusdt: rows=1132756 2024-04-01 .. 2026-05-27
2026-06-16 16:11:26 INFO crypto_research.load:   opusdt: rows=1133280 2024-04-01 .. 2026-05-27
2026-06-16 16:11:26 INFO crypto_research.load:   paxgusdt: rows=1132756 2024-04-01 .. 2026-05-27
2026-06-16 16:11:26 INFO crypto_research.load:   sandusdt: rows=1133280 2024-04-01 .. 2026-05-27
2026-06-16 16:11:26 INFO crypto_research.load:   shib1000usdt: rows=1133280 2024-04-01 .. 2026-05-27
2026-06-16 16:11:26 INFO crypto_research.load:   solusdt: rows=1132756 2024-04-01 .. 2026-05-27
2026-06-16 16:11:26 INFO crypto_research.load:   storjusdt: rows=1133280 2024-04-01 .. 2026-05-27
2026-06-16 16:11:26 INFO crypto_research.load:   stxusdt: rows=1133280 2024-04-01 .. 2026-05-27
2026-06-16 16:11:26 INFO crypto_research.load:   trxusdt: rows=1133280 2024-04-01 .. 2026-05-27
2026-06-16 16:11:26 INFO crypto_research.load:   uniusdt: rows=1132756 2024-04-01 .. 2026-05-27
2026-06-16 16:11:26 INFO crypto_research.load:   xlmusdt: rows=1133280 2024-04-01 .. 2026-05-27
2026-06-16 16:11:26 INFO crypto_research.load:   xmrusdt: rows=1132756 2024-04-01 .. 2026-05-27
2026-06-16 16:11:26 INFO crypto_research.load:   xrpusdt: rows=1132756 2024-04-01 .. 2026-05-27
2026-06-16 16:11:26 INFO crypto_research.load:   zecusdt: rows=1132756 2024-04-01 .. 2026-05-27
2026-06-16 16:11:26 INFO crypto_research.load:   zenusdt: rows=1133280 2024-04-01 .. 2026-05-27
2026-06-16 16:11:28 INFO crypto_research.ml_dataset: [ml] pooled daily: pairs=49 rows=38563 period=2024-04-01..2026-05-31
2026-06-16 16:11:28 INFO crypto_research.ml_dataset: [ml] dataset: rows=32407 pairs=49 weekdays=7 up_rate=0.503
2026-06-16 16:11:28 INFO crypto_research.ml_dataset: [ml] dataset: rows=38563 pairs=49 weekdays=7 up_rate=0.478
2026-06-16 16:11:28 INFO crypto_research.ml_research: Dataset columns (7): ['day_utc', 'pair', 'weekday', 'return_pct', 'direction_up', 'pair_id', 'weekday_enc']
2026-06-16 16:11:28 INFO crypto_research.ml_research: Dataset head (50 rows):
shape: (50, 7)
┌───────────────┬───────────┬─────────┬─────────────────────┬──────────────┬─────────┬─────────────┐
│ day_utc       ┆ pair      ┆ weekday ┆ return_pct          ┆ direction_up ┆ pair_id ┆ weekday_enc │
│ ---           ┆ ---       ┆ ---     ┆ ---                 ┆ ---          ┆ ---     ┆ ---         │
│ datetime[μs,  ┆ str       ┆ i64     ┆ f64                 ┆ i8           ┆ cat     ┆ cat         │
│ UTC]          ┆           ┆         ┆                     ┆              ┆         ┆             │
╞═══════════════╪═══════════╪═════════╪═════════════════════╪══════════════╪═════════╪═════════════╡
│ 2022-01-01    ┆ aaveusdt  ┆ 5       ┆ 4.984243106054534   ┆ 1            ┆ 1       ┆ 5           │
│ 00:00:00 UTC  ┆           ┆         ┆                     ┆              ┆         ┆             │
│ 2022-01-01    ┆ adausdt   ┆ 5       ┆ 5.467610434955732   ┆ 1            ┆ 2       ┆ 5           │
│ 00:00:00 UTC  ┆           ┆         ┆                     ┆              ┆         ┆             │
│ 2022-01-01    ┆ algousdt  ┆ 5       ┆ 4.906678720130035   ┆ 1            ┆ 3       ┆ 5           │
│ 00:00:00 UTC  ┆           ┆         ┆                     ┆              ┆         ┆             │
│ 2022-01-01    ┆ aliceusdt ┆ 5       ┆ 7.048459260231336   ┆ 1            ┆ 4       ┆ 5           │
│ 00:00:00 UTC  ┆           ┆         ┆                     ┆              ┆         ┆             │
│ 2022-01-01    ┆ atomusdt  ┆ 5       ┆ 12.179684375310629  ┆ 1            ┆ 8       ┆ 5           │
│ 00:00:00 UTC  ┆           ┆         ┆                     ┆              ┆         ┆             │
│ 2022-01-01    ┆ avaxusdt  ┆ 5       ┆ 4.298318986485412   ┆ 1            ┆ 9       ┆ 5           │
│ 00:00:00 UTC  ┆           ┆         ┆                     ┆              ┆         ┆             │
│ 2022-01-01    ┆ bchusdt   ┆ 5       ┆ 3.288409206479117   ┆ 1            ┆ 11      ┆ 5           │
│ 00:00:00 UTC  ┆           ┆         ┆                     ┆              ┆         ┆             │
│ 2022-01-01    ┆ bnbusdt   ┆ 5       ┆ 3.057535158711974   ┆ 1            ┆ 12      ┆ 5           │
│ 00:00:00 UTC  ┆           ┆         ┆                     ┆              ┆         ┆             │
│ 2022-01-01    ┆ btcusdt   ┆ 5       ┆ 3.2878432051601174  ┆ 1            ┆ 13      ┆ 5           │
│ 00:00:00 UTC  ┆           ┆         ┆                     ┆              ┆         ┆             │
│ 2022-01-01    ┆ crvusdt   ┆ 5       ┆ 16.406683928750976  ┆ 1            ┆ 15      ┆ 5           │
│ 00:00:00 UTC  ┆           ┆         ┆                     ┆              ┆         ┆             │
│ 2022-01-01    ┆ dogeusdt  ┆ 5       ┆ 1.7028710327738033  ┆ 1            ┆ 17      ┆ 5           │
│ 00:00:00 UTC  ┆           ┆         ┆                     ┆              ┆         ┆             │
│ 2022-01-01    ┆ dotusdt   ┆ 5       ┆ 7.267603627952611   ┆ 1            ┆ 18      ┆ 5           │
│ 00:00:00 UTC  ┆           ┆         ┆                     ┆              ┆         ┆             │
│ 2022-01-01    ┆ dydxusdt  ┆ 5       ┆ 4.514530233716851   ┆ 1            ┆ 19      ┆ 5           │
│ 00:00:00 UTC  ┆           ┆         ┆                     ┆              ┆         ┆             │
│ 2022-01-01    ┆ enjusdt   ┆ 5       ┆ 4.273509656879154   ┆ 1            ┆ 21      ┆ 5           │
│ 00:00:00 UTC  ┆           ┆         ┆                     ┆              ┆         ┆             │
│ 2022-01-01    ┆ ethusdt   ┆ 5       ┆ 2.3372160685554877  ┆ 1            ┆ 23      ┆ 5           │
│ 00:00:00 UTC  ┆           ┆         ┆                     ┆              ┆         ┆             │
│ 2022-01-01    ┆ filusdt   ┆ 5       ┆ 4.7897176088043745  ┆ 1            ┆ 24      ┆ 5           │
│ 00:00:00 UTC  ┆           ┆         ┆                     ┆              ┆         ┆             │
│ 2022-01-01    ┆ galausdt  ┆ 5       ┆ 2.4742044420107923  ┆ 1            ┆ 25      ┆ 5           │
│ 00:00:00 UTC  ┆           ┆         ┆                     ┆              ┆         ┆             │
│ 2022-01-01    ┆ linkusdt  ┆ 5       ┆ 6.339695952270143   ┆ 1            ┆ 31      ┆ 5           │
│ 00:00:00 UTC  ┆           ┆         ┆                     ┆              ┆         ┆             │
│ 2022-01-01    ┆ ltcusdt   ┆ 5       ┆ 3.063674428791916   ┆ 1            ┆ 32      ┆ 5           │
│ 00:00:00 UTC  ┆           ┆         ┆                     ┆              ┆         ┆             │
│ 2022-01-01    ┆ nearusdt  ┆ 5       ┆ 3.8674760244817965  ┆ 1            ┆ 33      ┆ 5           │
│ 00:00:00 UTC  ┆           ┆         ┆                     ┆              ┆         ┆             │
│ 2022-01-01    ┆ solusdt   ┆ 5       ┆ 5.238405464133995   ┆ 1            ┆ 39      ┆ 5           │
│ 00:00:00 UTC  ┆           ┆         ┆                     ┆              ┆         ┆             │
│ 2022-01-01    ┆ uniusdt   ┆ 5       ┆ 2.849065384621862   ┆ 1            ┆ 43      ┆ 5           │
│ 00:00:00 UTC  ┆           ┆         ┆                     ┆              ┆         ┆             │
│ 2022-01-01    ┆ xrpusdt   ┆ 5       ┆ 2.5937980391229107  ┆ 1            ┆ 46      ┆ 5           │
│ 00:00:00 UTC  ┆           ┆         ┆                     ┆              ┆         ┆             │
│ 2022-01-01    ┆ zecusdt   ┆ 5       ┆ 2.5597269624573378  ┆ 1            ┆ 47      ┆ 5           │
│ 00:00:00 UTC  ┆           ┆         ┆                     ┆              ┆         ┆             │
│ 2022-01-02    ┆ aaveusdt  ┆ 6       ┆ -0.3940770360074190 ┆ 0            ┆ 1       ┆ 6           │
│ 00:00:00 UTC  ┆           ┆         ┆ 6                   ┆              ┆         ┆             │
│ 2022-01-02    ┆ adausdt   ┆ 6       ┆ -0.1087594627560856 ┆ 0            ┆ 2       ┆ 6           │
│ 00:00:00 UTC  ┆           ┆         ┆ 3                   ┆              ┆         ┆             │
│ 2022-01-02    ┆ algousdt  ┆ 6       ┆ -3.9311291141658335 ┆ 0            ┆ 3       ┆ 6           │
│ 00:00:00 UTC  ┆           ┆         ┆                     ┆              ┆         ┆             │
│ 2022-01-02    ┆ aliceusdt ┆ 6       ┆ -2.244670376898661  ┆ 0            ┆ 4       ┆ 6           │
│ 00:00:00 UTC  ┆           ┆         ┆                     ┆              ┆         ┆             │
│ 2022-01-02    ┆ atomusdt  ┆ 6       ┆ -2.243012652385795  ┆ 0            ┆ 8       ┆ 6           │
│ 00:00:00 UTC  ┆           ┆         ┆                     ┆              ┆         ┆             │
│ 2022-01-02    ┆ avaxusdt  ┆ 6       ┆ -0.83300185321137   ┆ 0            ┆ 9       ┆ 6           │
│ 00:00:00 UTC  ┆           ┆         ┆                     ┆              ┆         ┆             │
│ 2022-01-02    ┆ bchusdt   ┆ 6       ┆ 0.7199868605161669  ┆ 1            ┆ 11      ┆ 6           │
│ 00:00:00 UTC  ┆           ┆         ┆                     ┆              ┆         ┆             │
│ 2022-01-02    ┆ bnbusdt   ┆ 6       ┆ 0.5971610263625592  ┆ 1            ┆ 12      ┆ 6           │
│ 00:00:00 UTC  ┆           ┆         ┆                     ┆              ┆         ┆             │
│ 2022-01-02    ┆ btcusdt   ┆ 6       ┆ -0.8686176510650783 ┆ 0            ┆ 13      ┆ 6           │
│ 00:00:00 UTC  ┆           ┆         ┆                     ┆              ┆         ┆             │
│ 2022-01-02    ┆ crvusdt   ┆ 6       ┆ -2.4862739947677244 ┆ 0            ┆ 15      ┆ 6           │
│ 00:00:00 UTC  ┆           ┆         ┆                     ┆              ┆         ┆             │
│ 2022-01-02    ┆ dogeusdt  ┆ 6       ┆ 0.6928437860134704  ┆ 1            ┆ 17      ┆ 6           │
│ 00:00:00 UTC  ┆           ┆         ┆                     ┆              ┆         ┆             │
│ 2022-01-02    ┆ dotusdt   ┆ 6       ┆ 3.9740905115748215  ┆ 1            ┆ 18      ┆ 6           │
│ 00:00:00 UTC  ┆           ┆         ┆                     ┆              ┆         ┆             │
│ 2022-01-02    ┆ dydxusdt  ┆ 6       ┆ 2.9585799484383837  ┆ 1            ┆ 19      ┆ 6           │
│ 00:00:00 UTC  ┆           ┆         ┆                     ┆              ┆         ┆             │
│ 2022-01-02    ┆ enjusdt   ┆ 6       ┆ 6.408343157884263   ┆ 1            ┆ 21      ┆ 6           │
│ 00:00:00 UTC  ┆           ┆         ┆                     ┆              ┆         ┆             │
│ 2022-01-02    ┆ ethusdt   ┆ 6       ┆ 1.6687051723898574  ┆ 1            ┆ 23      ┆ 6           │
│ 00:00:00 UTC  ┆           ┆         ┆                     ┆              ┆         ┆             │
│ 2022-01-02    ┆ filusdt   ┆ 6       ┆ -0.3623218067035116 ┆ 0            ┆ 24      ┆ 6           │
│ 00:00:00 UTC  ┆           ┆         ┆                     ┆              ┆         ┆             │
│ 2022-01-02    ┆ galausdt  ┆ 6       ┆ -1.04807628206936   ┆ 0            ┆ 25      ┆ 6           │
│ 00:00:00 UTC  ┆           ┆         ┆                     ┆              ┆         ┆             │
│ 2022-01-02    ┆ linkusdt  ┆ 6       ┆ 5.335198427129154   ┆ 1            ┆ 31      ┆ 6           │
│ 00:00:00 UTC  ┆           ┆         ┆                     ┆              ┆         ┆             │
│ 2022-01-02    ┆ ltcusdt   ┆ 6       ┆ 0.3052162660648333  ┆ 1            ┆ 32      ┆ 6           │
│ 00:00:00 UTC  ┆           ┆         ┆                     ┆              ┆         ┆             │
│ 2022-01-02    ┆ nearusdt  ┆ 6       ┆ -5.120597630885423  ┆ 0            ┆ 33      ┆ 6           │
│ 00:00:00 UTC  ┆           ┆         ┆                     ┆              ┆         ┆             │
│ 2022-01-02    ┆ solusdt   ┆ 6       ┆ -1.4581008996377443 ┆ 0            ┆ 39      ┆ 6           │
│ 00:00:00 UTC  ┆           ┆         ┆                     ┆              ┆         ┆             │
│ 2022-01-02    ┆ uniusdt   ┆ 6       ┆ 5.460167504333891   ┆ 1            ┆ 43      ┆ 6           │
│ 00:00:00 UTC  ┆           ┆         ┆                     ┆              ┆         ┆             │
│ 2022-01-02    ┆ xrpusdt   ┆ 6       ┆ 0.9642579585941153  ┆ 1            ┆ 46      ┆ 6           │
│ 00:00:00 UTC  ┆           ┆         ┆                     ┆              ┆         ┆             │
│ 2022-01-02    ┆ zecusdt   ┆ 6       ┆ 1.7304533134879367  ┆ 1            ┆ 47      ┆ 6           │
│ 00:00:00 UTC  ┆           ┆         ┆                     ┆              ┆         ┆             │
│ 2022-01-03    ┆ aaveusdt  ┆ 0       ┆ 0.7158982442273308  ┆ 1            ┆ 1       ┆ 0           │
│ 00:00:00 UTC  ┆           ┆         ┆                     ┆              ┆         ┆             │
│ 2022-01-03    ┆ adausdt   ┆ 0       ┆ -4.217172558413808  ┆ 0            ┆ 2       ┆ 0           │
│ 00:00:00 UTC  ┆           ┆         ┆                     ┆              ┆         ┆             │
└───────────────┴───────────┴─────────┴─────────────────────┴──────────────┴─────────┴─────────────┘
2026-06-16 16:11:28 INFO crypto_research.ml_cpcv: [ml] X: shape=(32407, 2) columns=['weekday_enc', 'pair_id'] dtypes={'weekday_enc': 'category', 'pair_id': 'category'}
2026-06-16 16:11:28 INFO crypto_research.ml_cpcv: [ml] X head (3 rows):
  weekday_enc pair_id
0           5       1
1           5       2
2           5       3
2026-06-16 16:11:28 INFO crypto_research.ml_cpcv: [ml] y (direction_up): shape=(32407,) dtype=int8 distribution={0: 16106, 1: 16301}
2026-06-16 16:11:28 INFO crypto_research.ml_cpcv: [ml] y head (3 values): [1, 1, 1]
2026-06-16 16:11:28 INFO crypto_research.ml_cpcv: [ml] CV: CombinatorialPurgedCV n_splits=7 n_test_groups=2 embargo_days=1 n_folds=C(7,2)=21 n_days=822
2026-06-16 16:11:28 INFO crypto_research.ml_cpcv: [ml] CV time range: 2022-01-01 00:00:00+00:00 .. 2024-04-01 00:00:00+00:00 (prediction_times=evaluation_times, purge=None)
2026-06-16 16:11:29 INFO crypto_research.ml_cpcv: [ml] CV day splits:
  fold1: train_days=585 test_days=236
  fold2: train_days=584 test_days=236
  fold3: train_days=585 test_days=235
  fold4: train_days=585 test_days=235
  fold5: train_days=585 test_days=235
  fold6: train_days=586 test_days=235
  fold7: train_days=585 test_days=236
  fold8: train_days=585 test_days=235
  fold9: train_days=585 test_days=235
  fold10: train_days=585 test_days=235
  fold11: train_days=586 test_days=235
  fold12: train_days=586 test_days=235
  fold13: train_days=585 test_days=235
  fold14: train_days=585 test_days=235
  fold15: train_days=586 test_days=235
  fold16: train_days=587 test_days=234
  fold17: train_days=586 test_days=234
  fold18: train_days=587 test_days=234
  fold19: train_days=587 test_days=234
  fold20: train_days=587 test_days=234
  fold21: train_days=588 test_days=234
2026-06-16 16:11:29 INFO crypto_research.ml_cpcv: [ml] fold 1/21 → model.fit: X_train=(26071, 2) y_train=(26071,) days=('2022-08-26 00:00:00+00:00', '2024-04-01 00:00:00+00:00') dist={0: 12830, 1: 13241}
2026-06-16 16:11:29 INFO crypto_research.ml_cpcv: [ml] fold 1/21 → model.predict: X_test=(6308, 2) y_test=(6308,) days=('2022-01-01 00:00:00+00:00', '2022-08-24 00:00:00+00:00') dist={0: 3272, 1: 3036}
2026-06-16 16:11:29 INFO crypto_research.ml_cpcv: [ml] fold 1 X_train head:
     weekday_enc pair_id
6336           4       1
6337           4       2
6338           4       3
2026-06-16 16:11:29 INFO crypto_research.ml_cpcv: [ml] fold 1 y_train head: [0, 0, 0]
2026-06-16 16:11:29 INFO crypto_research.ml_cpcv: [ml] fold 1 X_test head:
  weekday_enc pair_id
0           5       1
1           5       2
2           5       3
2026-06-16 16:11:29 INFO crypto_research.ml_cpcv: [ml] fold 1 y_test head: [1, 1, 1]
2026-06-16 16:11:29 INFO crypto_research.ml_cpcv: [ml] fold 1/21 train=26071 test=6308 acc=0.4983 auc=0.4972
2026-06-16 16:11:29 INFO crypto_research.ml_cpcv: [ml] fold 2/21 → model.fit: X_train=(25942, 2) y_train=(25942,) days=('2022-04-30 00:00:00+00:00', '2024-04-01 00:00:00+00:00') dist={0: 12736, 1: 13206}
2026-06-16 16:11:29 INFO crypto_research.ml_cpcv: [ml] fold 2/21 → model.predict: X_test=(6409, 2) y_test=(6409,) days=('2022-01-01 00:00:00+00:00', '2022-12-20 00:00:00+00:00') dist={0: 3319, 1: 3090}
2026-06-16 16:11:29 INFO crypto_research.ml_cpcv: [ml] fold 2/21 train=25942 test=6409 acc=0.5035 auc=0.5104
2026-06-16 16:11:29 INFO crypto_research.ml_cpcv: [ml] fold 3/21 → model.fit: X_train=(23756, 2) y_train=(23756,) days=('2022-04-30 00:00:00+00:00', '2024-04-01 00:00:00+00:00') dist={0: 11899, 1: 11857}
2026-06-16 16:11:29 INFO crypto_research.ml_cpcv: [ml] fold 3/21 → model.predict: X_test=(8575, 2) y_test=(8575,) days=('2022-01-01 00:00:00+00:00', '2023-04-16 00:00:00+00:00') dist={0: 4141, 1: 4434}
2026-06-16 16:11:30 INFO crypto_research.ml_cpcv: [ml] fold 3/21 train=23756 test=8575 acc=0.4980 auc=0.4987
2026-06-16 16:11:30 INFO crypto_research.ml_cpcv: [ml] fold 4/21 → model.fit: X_train=(23556, 2) y_train=(23556,) days=('2022-04-30 00:00:00+00:00', '2024-04-01 00:00:00+00:00') dist={0: 11482, 1: 12074}
2026-06-16 16:11:30 INFO crypto_research.ml_cpcv: [ml] fold 4/21 → model.predict: X_test=(8775, 2) y_test=(8775,) days=('2022-01-01 00:00:00+00:00', '2023-08-11 00:00:00+00:00') dist={0: 4583, 1: 4192}
2026-06-16 16:11:30 INFO crypto_research.ml_cpcv: [ml] fold 4/21 train=23556 test=8775 acc=0.4765 auc=0.4855
2026-06-16 16:11:32 INFO crypto_research.ml_cpcv: [ml] fold 5/21 → model.fit: X_train=(23556, 2) y_train=(23556,) days=('2022-04-30 00:00:00+00:00', '2024-04-01 00:00:00+00:00') dist={0: 11760, 1: 11796}
2026-06-16 16:11:32 INFO crypto_research.ml_cpcv: [ml] fold 5/21 → model.predict: X_test=(8775, 2) y_test=(8775,) days=('2022-01-01 00:00:00+00:00', '2023-12-06 00:00:00+00:00') dist={0: 4314, 1: 4461}
2026-06-16 16:11:32 INFO crypto_research.ml_cpcv: [ml] fold 5/21 train=23556 test=8775 acc=0.5154 auc=0.5168
2026-06-16 16:11:32 INFO crypto_research.ml_cpcv: [ml] fold 6/21 → model.fit: X_train=(23605, 2) y_train=(23605,) days=('2022-04-30 00:00:00+00:00', '2023-12-06 00:00:00+00:00') dist={0: 11798, 1: 11807}
2026-06-16 16:11:32 INFO crypto_research.ml_cpcv: [ml] fold 6/21 → model.predict: X_test=(8775, 2) y_test=(8775,) days=('2022-01-01 00:00:00+00:00', '2024-04-01 00:00:00+00:00') dist={0: 4282, 1: 4493}
2026-06-16 16:11:32 INFO crypto_research.ml_cpcv: [ml] fold 6/21 train=23605 test=8775 acc=0.4776 auc=0.4723
2026-06-16 16:11:32 INFO crypto_research.ml_cpcv: [ml] fold 7/21 → model.fit: X_train=(25745, 2) y_train=(25745,) days=('2022-01-01 00:00:00+00:00', '2024-04-01 00:00:00+00:00') dist={0: 12612, 1: 13133}
2026-06-16 16:11:32 INFO crypto_research.ml_cpcv: [ml] fold 7/21 → model.predict: X_test=(6633, 2) y_test=(6633,) days=('2022-04-29 00:00:00+00:00', '2022-12-20 00:00:00+00:00') dist={0: 3469, 1: 3164}
2026-06-16 16:11:32 INFO crypto_research.ml_cpcv: [ml] fold 7/21 train=25745 test=6633 acc=0.4910 auc=0.4922
2026-06-16 16:11:32 INFO crypto_research.ml_cpcv: [ml] fold 8/21 → model.fit: X_train=(23531, 2) y_train=(23531,) days=('2022-01-01 00:00:00+00:00', '2024-04-01 00:00:00+00:00') dist={0: 11771, 1: 11760}
2026-06-16 16:11:32 INFO crypto_research.ml_cpcv: [ml] fold 8/21 → model.predict: X_test=(8799, 2) y_test=(8799,) days=('2022-04-29 00:00:00+00:00', '2023-04-16 00:00:00+00:00') dist={0: 4291, 1: 4508}
2026-06-16 16:11:32 INFO crypto_research.ml_cpcv: [ml] fold 8/21 train=23531 test=8799 acc=0.4922 auc=0.4864
2026-06-16 16:11:32 INFO crypto_research.ml_cpcv: [ml] fold 9/21 → model.fit: X_train=(23331, 2) y_train=(23331,) days=('2022-01-01 00:00:00+00:00', '2024-04-01 00:00:00+00:00') dist={0: 11354, 1: 11977}
2026-06-16 16:11:32 INFO crypto_research.ml_cpcv: [ml] fold 9/21 → model.predict: X_test=(8999, 2) y_test=(8999,) days=('2022-04-29 00:00:00+00:00', '2023-08-11 00:00:00+00:00') dist={0: 4733, 1: 4266}
2026-06-16 16:11:32 INFO crypto_research.ml_cpcv: [ml] fold 9/21 train=23331 test=8999 acc=0.4833 auc=0.4947
2026-06-16 16:11:32 INFO crypto_research.ml_cpcv: [ml] fold 10/21 → model.fit: X_train=(23331, 2) y_train=(23331,) days=('2022-01-01 00:00:00+00:00', '2024-04-01 00:00:00+00:00') dist={0: 11632, 1: 11699}
2026-06-16 16:11:32 INFO crypto_research.ml_cpcv: [ml] fold 10/21 → model.predict: X_test=(8999, 2) y_test=(8999,) days=('2022-04-29 00:00:00+00:00', '2023-12-06 00:00:00+00:00') dist={0: 4464, 1: 4535}
2026-06-16 16:11:32 INFO crypto_research.ml_cpcv: [ml] fold 10/21 train=23331 test=8999 acc=0.5117 auc=0.5124
2026-06-16 16:11:32 INFO crypto_research.ml_cpcv: [ml] fold 11/21 → model.fit: X_train=(23380, 2) y_train=(23380,) days=('2022-01-01 00:00:00+00:00', '2023-12-06 00:00:00+00:00') dist={0: 11670, 1: 11710}
2026-06-16 16:11:32 INFO crypto_research.ml_cpcv: [ml] fold 11/21 → model.predict: X_test=(8999, 2) y_test=(8999,) days=('2022-04-29 00:00:00+00:00', '2024-04-01 00:00:00+00:00') dist={0: 4432, 1: 4567}
2026-06-16 16:11:33 INFO crypto_research.ml_cpcv: [ml] fold 11/21 train=23380 test=8999 acc=0.4664 auc=0.4593
2026-06-16 16:11:33 INFO crypto_research.ml_cpcv: [ml] fold 12/21 → model.fit: X_train=(23458, 2) y_train=(23458,) days=('2022-01-01 00:00:00+00:00', '2024-04-01 00:00:00+00:00') dist={0: 11728, 1: 11730}
2026-06-16 16:11:33 INFO crypto_research.ml_cpcv: [ml] fold 12/21 → model.predict: X_test=(8900, 2) y_test=(8900,) days=('2022-08-25 00:00:00+00:00', '2023-04-16 00:00:00+00:00') dist={0: 4338, 1: 4562}
2026-06-16 16:11:33 INFO crypto_research.ml_cpcv: [ml] fold 12/21 train=23458 test=8900 acc=0.5010 auc=0.4933
2026-06-16 16:11:33 INFO crypto_research.ml_cpcv: [ml] fold 13/21 → model.fit: X_train=(23229, 2) y_train=(23229,) days=('2022-01-01 00:00:00+00:00', '2024-04-01 00:00:00+00:00') dist={0: 11286, 1: 11943}
2026-06-16 16:11:33 INFO crypto_research.ml_cpcv: [ml] fold 13/21 → model.predict: X_test=(9100, 2) y_test=(9100,) days=('2022-08-25 00:00:00+00:00', '2023-08-11 00:00:00+00:00') dist={0: 4780, 1: 4320}
2026-06-16 16:11:33 INFO crypto_research.ml_cpcv: [ml] fold 13/21 train=23229 test=9100 acc=0.4867 auc=0.4945
2026-06-16 16:11:33 INFO crypto_research.ml_cpcv: [ml] fold 14/21 → model.fit: X_train=(23229, 2) y_train=(23229,) days=('2022-01-01 00:00:00+00:00', '2024-04-01 00:00:00+00:00') dist={0: 11564, 1: 11665}
2026-06-16 16:11:33 INFO crypto_research.ml_cpcv: [ml] fold 14/21 → model.predict: X_test=(9100, 2) y_test=(9100,) days=('2022-08-25 00:00:00+00:00', '2023-12-06 00:00:00+00:00') dist={0: 4511, 1: 4589}
2026-06-16 16:11:33 INFO crypto_research.ml_cpcv: [ml] fold 14/21 train=23229 test=9100 acc=0.5185 auc=0.5256
2026-06-16 16:11:33 INFO crypto_research.ml_cpcv: [ml] fold 15/21 → model.fit: X_train=(23278, 2) y_train=(23278,) days=('2022-01-01 00:00:00+00:00', '2023-12-06 00:00:00+00:00') dist={0: 11602, 1: 11676}
2026-06-16 16:11:33 INFO crypto_research.ml_cpcv: [ml] fold 15/21 → model.predict: X_test=(9100, 2) y_test=(9100,) days=('2022-08-25 00:00:00+00:00', '2024-04-01 00:00:00+00:00') dist={0: 4479, 1: 4621}
2026-06-16 16:11:33 INFO crypto_research.ml_cpcv: [ml] fold 15/21 train=23278 test=9100 acc=0.4667 auc=0.4614
2026-06-16 16:11:33 INFO crypto_research.ml_cpcv: [ml] fold 16/21 → model.fit: X_train=(21092, 2) y_train=(21092,) days=('2022-01-01 00:00:00+00:00', '2024-04-01 00:00:00+00:00') dist={0: 10489, 1: 10603}
2026-06-16 16:11:33 INFO crypto_research.ml_cpcv: [ml] fold 16/21 → model.predict: X_test=(11266, 2) y_test=(11266,) days=('2022-12-21 00:00:00+00:00', '2023-08-11 00:00:00+00:00') dist={0: 5602, 1: 5664}
2026-06-16 16:11:33 INFO crypto_research.ml_cpcv: [ml] fold 16/21 train=21092 test=11266 acc=0.4822 auc=0.4799
2026-06-16 16:11:33 INFO crypto_research.ml_cpcv: [ml] fold 17/21 → model.fit: X_train=(21043, 2) y_train=(21043,) days=('2022-01-01 00:00:00+00:00', '2024-04-01 00:00:00+00:00') dist={0: 10727, 1: 10316}
2026-06-16 16:11:33 INFO crypto_research.ml_cpcv: [ml] fold 17/21 → model.predict: X_test=(11266, 2) y_test=(11266,) days=('2022-12-21 00:00:00+00:00', '2023-12-06 00:00:00+00:00') dist={0: 5333, 1: 5933}
2026-06-16 16:11:34 INFO crypto_research.ml_cpcv: [ml] fold 17/21 train=21043 test=11266 acc=0.5041 auc=0.5100
2026-06-16 16:11:34 INFO crypto_research.ml_cpcv: [ml] fold 18/21 → model.fit: X_train=(21092, 2) y_train=(21092,) days=('2022-01-01 00:00:00+00:00', '2023-12-06 00:00:00+00:00') dist={0: 10765, 1: 10327}
2026-06-16 16:11:34 INFO crypto_research.ml_cpcv: [ml] fold 18/21 → model.predict: X_test=(11266, 2) y_test=(11266,) days=('2022-12-21 00:00:00+00:00', '2024-04-01 00:00:00+00:00') dist={0: 5301, 1: 5965}
2026-06-16 16:11:34 INFO crypto_research.ml_cpcv: [ml] fold 18/21 train=21092 test=11266 acc=0.4767 auc=0.4819
2026-06-16 16:11:34 INFO crypto_research.ml_cpcv: [ml] fold 19/21 → model.fit: X_train=(20892, 2) y_train=(20892,) days=('2022-01-01 00:00:00+00:00', '2024-04-01 00:00:00+00:00') dist={0: 10325, 1: 10567}
2026-06-16 16:11:34 INFO crypto_research.ml_cpcv: [ml] fold 19/21 → model.predict: X_test=(11466, 2) y_test=(11466,) days=('2023-04-17 00:00:00+00:00', '2023-12-06 00:00:00+00:00') dist={0: 5775, 1: 5691}
2026-06-16 16:11:34 INFO crypto_research.ml_cpcv: [ml] fold 19/21 train=20892 test=11466 acc=0.5047 auc=0.5027
2026-06-16 16:11:34 INFO crypto_research.ml_cpcv: [ml] fold 20/21 → model.fit: X_train=(20892, 2) y_train=(20892,) days=('2022-01-01 00:00:00+00:00', '2023-12-06 00:00:00+00:00') dist={0: 10348, 1: 10544}
2026-06-16 16:11:34 INFO crypto_research.ml_cpcv: [ml] fold 20/21 → model.predict: X_test=(11466, 2) y_test=(11466,) days=('2023-04-17 00:00:00+00:00', '2024-04-01 00:00:00+00:00') dist={0: 5743, 1: 5723}
2026-06-16 16:11:34 INFO crypto_research.ml_cpcv: [ml] fold 20/21 train=20892 test=11466 acc=0.5058 auc=0.5100
2026-06-16 16:11:34 INFO crypto_research.ml_cpcv: [ml] fold 21/21 → model.fit: X_train=(20941, 2) y_train=(20941,) days=('2022-01-01 00:00:00+00:00', '2023-08-11 00:00:00+00:00') dist={0: 10632, 1: 10309}
2026-06-16 16:11:34 INFO crypto_research.ml_cpcv: [ml] fold 21/21 → model.predict: X_test=(11466, 2) y_test=(11466,) days=('2023-08-12 00:00:00+00:00', '2024-04-01 00:00:00+00:00') dist={0: 5474, 1: 5992}
2026-06-16 16:11:34 INFO crypto_research.ml_cpcv: [ml] fold 21/21 train=20941 test=11466 acc=0.4760 auc=0.4738
2026-06-16 16:11:34 INFO crypto_research.ml_cpcv: [ml] CPCV mean: folds=21 acc=0.4922 logloss=0.7025 auc=0.4933
2026-06-16 16:11:34 INFO crypto_research.ml_cpcv: [ml] OOS paths: rows=32407 cols=[time_ns, y_prob, y_true] folds_merged=21
2026-06-16 16:11:34 INFO crypto_research.ml_cpcv: [ml] OOS calibration: brier=0.2539 ece=0.0509
2026-06-16 16:11:34 INFO crypto_research.ml_cpcv: [ml] OOS weekday Пн: n=4657 base_up=0.4909 pred_up=0.4310 acc=0.4707 logloss=0.7042 auc=0.4447
2026-06-16 16:11:34 INFO crypto_research.ml_cpcv: [ml] OOS weekday Вт: n=4609 base_up=0.5144 pred_up=0.6385 acc=0.4450 logloss=0.7072 auc=0.4120
2026-06-16 16:11:34 INFO crypto_research.ml_cpcv: [ml] OOS weekday Ср: n=4610 base_up=0.4948 pred_up=0.4035 acc=0.4688 logloss=0.7019 auc=0.4544
2026-06-16 16:11:34 INFO crypto_research.ml_cpcv: [ml] OOS weekday Чт: n=4610 base_up=0.4584 pred_up=0.1670 acc=0.5148 logloss=0.6979 auc=0.4718
2026-06-16 16:11:34 INFO crypto_research.ml_cpcv: [ml] OOS weekday Пт: n=4611 base_up=0.5591 pred_up=0.9499 acc=0.5441 logloss=0.6930 auc=0.4799
2026-06-16 16:11:34 INFO crypto_research.ml_cpcv: [ml] OOS weekday Сб: n=4655 base_up=0.5214 pred_up=0.6599 acc=0.5053 logloss=0.7006 auc=0.4953
2026-06-16 16:11:34 INFO crypto_research.ml_cpcv: [ml] OOS weekday Вс: n=4655 base_up=0.4823 pred_up=0.3115 acc=0.4907 logloss=0.7032 auc=0.4609
2026-06-16 16:11:36 INFO crypto_research.ml_oos_paths: [ml] OOS plot saved: /home_admin/crypto_bot/crypto_research/research_outputs/day_of_week/ml/plots/weekday_direction_49pairs_20220101_20240401_oos_prob.png (weekdays=7 calendar_days=822 rows=32407)
2026-06-16 16:11:37 INFO crypto_research.ml_oos_paths: [ml] OOS calibration plot saved: /home_admin/crypto_bot/crypto_research/research_outputs/day_of_week/ml/plots/weekday_direction_49pairs_20220101_20240401_oos_calibration.png (brier=0.2539 ece=0.0509 rows=32407)
2026-06-16 16:11:38 INFO crypto_research.ml_oos_paths: [ml] OOS plot saved: /home_admin/crypto_bot/crypto_research/research_outputs/day_of_week/ml/plots/weekday_direction_49pairs_20240401_20260531_oos_prob.png (weekdays=7 calendar_days=787 rows=38563)
2026-06-16 16:11:39 INFO crypto_research.ml_oos_paths: [ml] OOS calibration plot saved: /home_admin/crypto_bot/crypto_research/research_outputs/day_of_week/ml/plots/weekday_direction_49pairs_20240401_20260531_oos_calibration.png (brier=0.2500 ece=0.0290 rows=38563)
2026-06-16 16:11:40 INFO crypto_research.ml_oos_paths: [ml] Weekday×pair summary plot saved: /home_admin/crypto_bot/crypto_research/research_outputs/day_of_week/ml/plots/weekday_direction_49pairs_20240401_20260531_weekday_pair_summary.png (pairs=49 rows=38563)
2026-06-16 16:11:42 INFO crypto_research.ml_oos_paths: [ml] Weekday×pair summary plot saved: /home_admin/crypto_bot/crypto_research/research_outputs/day_of_week/ml/plots/weekday_direction_49pairs_20220101_20240401_weekday_pair_summary.png (pairs=49 rows=32407)
2026-06-16 16:11:42 INFO crypto_research.ml_oos_paths: [ml] ROC AUC comparison plot saved: /home_admin/crypto_bot/crypto_research/research_outputs/day_of_week/ml/plots/weekday_direction_49pairs_20220101_20260531_roc_auc.png
2026-06-16 16:11:45 INFO crypto_research.ml_research: [ml] train/test metrics saved: /home_admin/crypto_bot/crypto_research/research_outputs/day_of_week/ml/metrics/weekday_direction_49pairs_20220101_20260531_train_test.json
2026-06-17 00:25:50 INFO crypto_research.ml_research: [ml] log file: /home_admin/crypto_bot/crypto_research/research_outputs/day_of_week/ml/weekday_direction_20220101_20260531.log
2026-06-17 00:25:50 INFO crypto_research.ml_dataset: [ml] pair filter: first_candle <= 2023-01-01 → 49 pairs
2026-06-17 00:26:20 INFO crypto_research.load: [1] Загрузка данных: пар=49 строк=46567998 ~1243.5 MB
2026-06-17 00:26:20 INFO crypto_research.load:   1000luncusdt: rows=656821 2022-12-31 .. 2024-04-01
2026-06-17 00:26:20 INFO crypto_research.load:   aaveusdt: rows=1182241 2022-01-01 .. 2024-04-01
2026-06-17 00:26:20 INFO crypto_research.load:   adausdt: rows=1182241 2022-01-01 .. 2024-04-01
2026-06-17 00:26:20 INFO crypto_research.load:   algousdt: rows=1182241 2022-01-01 .. 2024-04-01
2026-06-17 00:26:20 INFO crypto_research.load:   aliceusdt: rows=1182241 2022-01-01 .. 2024-04-01
2026-06-17 00:26:20 INFO crypto_research.load:   apeusdt: rows=656821 2022-12-31 .. 2024-04-01
2026-06-17 00:26:20 INFO crypto_research.load:   api3usdt: rows=1098270 2022-02-28 .. 2024-04-01
2026-06-17 00:26:20 INFO crypto_research.load:   aptusdt: rows=763033 2022-10-19 .. 2024-04-01
2026-06-17 00:26:20 INFO crypto_research.load:   atomusdt: rows=1182241 2022-01-01 .. 2024-04-01
2026-06-17 00:26:20 INFO crypto_research.load:   avaxusdt: rows=1182241 2022-01-01 .. 2024-04-01
2026-06-17 00:26:20 INFO crypto_research.load:   axsusdt: rows=656821 2022-12-31 .. 2024-04-01
2026-06-17 00:26:20 INFO crypto_research.load:   bchusdt: rows=1182241 2022-01-01 .. 2024-04-01
2026-06-17 00:26:20 INFO crypto_research.load:   bnbusdt: rows=1182241 2022-01-01 .. 2024-04-01
2026-06-17 00:26:20 INFO crypto_research.load:   btcusdt: rows=1182241 2022-01-01 .. 2024-04-01
2026-06-17 00:26:20 INFO crypto_research.load:   chzusdt: rows=656821 2022-12-31 .. 2024-04-01
2026-06-17 00:26:20 INFO crypto_research.load:   crvusdt: rows=1182241 2022-01-01 .. 2024-04-01
2026-06-17 00:26:20 INFO crypto_research.load:   dashusdt: rows=656821 2022-12-31 .. 2024-04-01
2026-06-17 00:26:20 INFO crypto_research.load:   dogeusdt: rows=1182241 2022-01-01 .. 2024-04-01
2026-06-17 00:26:20 INFO crypto_research.load:   dotusdt: rows=1182241 2022-01-01 .. 2024-04-01
2026-06-17 00:26:20 INFO crypto_research.load:   dydxusdt: rows=1182241 2022-01-01 .. 2024-04-01
2026-06-17 00:26:20 INFO crypto_research.load:   egldusdt: rows=656821 2022-12-31 .. 2024-04-01
2026-06-17 00:26:20 INFO crypto_research.load:   enjusdt: rows=1182241 2022-01-01 .. 2024-04-01
2026-06-17 00:26:20 INFO crypto_research.load:   etcusdt: rows=656821 2022-12-31 .. 2024-04-01
2026-06-17 00:26:20 INFO crypto_research.load:   ethusdt: rows=1182241 2022-01-01 .. 2024-04-01
2026-06-17 00:26:20 INFO crypto_research.load:   filusdt: rows=1182241 2022-01-01 .. 2024-04-01
2026-06-17 00:26:20 INFO crypto_research.load:   galausdt: rows=1182241 2022-01-01 .. 2024-04-01
2026-06-17 00:26:20 INFO crypto_research.load:   gmtusdt: rows=656821 2022-12-31 .. 2024-04-01
2026-06-17 00:26:20 INFO crypto_research.load:   hbarusdt: rows=656821 2022-12-31 .. 2024-04-01
2026-06-17 00:26:20 INFO crypto_research.load:   icpusdt: rows=656821 2022-12-31 .. 2024-04-01
2026-06-17 00:26:20 INFO crypto_research.load:   injusdt: rows=656821 2022-12-31 .. 2024-04-01
2026-06-17 00:26:20 INFO crypto_research.load:   ldousdt: rows=656821 2022-12-31 .. 2024-04-01
2026-06-17 00:26:20 INFO crypto_research.load:   linkusdt: rows=1182241 2022-01-01 .. 2024-04-01
2026-06-17 00:26:20 INFO crypto_research.load:   ltcusdt: rows=1182241 2022-01-01 .. 2024-04-01
2026-06-17 00:26:20 INFO crypto_research.load:   nearusdt: rows=1182241 2022-01-01 .. 2024-04-01
2026-06-17 00:26:20 INFO crypto_research.load:   ontusdt: rows=957048 2022-06-06 .. 2024-04-01
2026-06-17 00:26:20 INFO crypto_research.load:   opusdt: rows=656821 2022-12-31 .. 2024-04-01
2026-06-17 00:26:20 INFO crypto_research.load:   paxgusdt: rows=1076619 2022-03-15 .. 2024-04-01
2026-06-17 00:26:20 INFO crypto_research.load:   sandusdt: rows=656821 2022-12-31 .. 2024-04-01
2026-06-17 00:26:20 INFO crypto_research.load:   shib1000usdt: rows=656821 2022-12-31 .. 2024-04-01
2026-06-17 00:26:20 INFO crypto_research.load:   solusdt: rows=1182241 2022-01-01 .. 2024-04-01
2026-06-17 00:26:20 INFO crypto_research.load:   storjusdt: rows=656821 2022-12-31 .. 2024-04-01
2026-06-17 00:26:20 INFO crypto_research.load:   stxusdt: rows=656821 2022-12-31 .. 2024-04-01
2026-06-17 00:26:20 INFO crypto_research.load:   trxusdt: rows=656821 2022-12-31 .. 2024-04-01
2026-06-17 00:26:20 INFO crypto_research.load:   uniusdt: rows=1182241 2022-01-01 .. 2024-04-01
2026-06-17 00:26:20 INFO crypto_research.load:   xlmusdt: rows=656821 2022-12-31 .. 2024-04-01
2026-06-17 00:26:20 INFO crypto_research.load:   xmrusdt: rows=1162824 2022-01-14 .. 2024-04-01
2026-06-17 00:26:20 INFO crypto_research.load:   xrpusdt: rows=1182241 2022-01-01 .. 2024-04-01
2026-06-17 00:26:20 INFO crypto_research.load:   zecusdt: rows=1182241 2022-01-01 .. 2024-04-01
2026-06-17 00:26:20 INFO crypto_research.load:   zenusdt: rows=656821 2022-12-31 .. 2024-04-01
2026-06-17 00:26:22 INFO crypto_research.ml_dataset: [ml] pooled daily: pairs=49 rows=32407 period=2022-01-01..2024-04-01
2026-06-17 00:26:22 INFO crypto_research.ml_dataset: [ml] pair filter: first_candle <= 2023-01-01 → 49 pairs
2026-06-17 00:26:57 INFO crypto_research.load: [1] Загрузка данных: пар=49 строк=55515524 ~1482.4 MB
2026-06-17 00:26:57 INFO crypto_research.load:   1000luncusdt: rows=1133280 2024-04-01 .. 2026-05-27
2026-06-17 00:26:57 INFO crypto_research.load:   aaveusdt: rows=1132756 2024-04-01 .. 2026-05-27
2026-06-17 00:26:57 INFO crypto_research.load:   adausdt: rows=1132756 2024-04-01 .. 2026-05-27
2026-06-17 00:26:57 INFO crypto_research.load:   algousdt: rows=1132756 2024-04-01 .. 2026-05-27
2026-06-17 00:26:57 INFO crypto_research.load:   aliceusdt: rows=1132756 2024-04-01 .. 2026-05-27
2026-06-17 00:26:57 INFO crypto_research.load:   apeusdt: rows=1133280 2024-04-01 .. 2026-05-27
2026-06-17 00:26:57 INFO crypto_research.load:   api3usdt: rows=1132756 2024-04-01 .. 2026-05-27
2026-06-17 00:26:57 INFO crypto_research.load:   aptusdt: rows=1132756 2024-04-01 .. 2026-05-27
2026-06-17 00:26:57 INFO crypto_research.load:   atomusdt: rows=1132756 2024-04-01 .. 2026-05-27
2026-06-17 00:26:57 INFO crypto_research.load:   avaxusdt: rows=1132756 2024-04-01 .. 2026-05-27
2026-06-17 00:26:57 INFO crypto_research.load:   axsusdt: rows=1133280 2024-04-01 .. 2026-05-27
2026-06-17 00:26:57 INFO crypto_research.load:   bchusdt: rows=1132756 2024-04-01 .. 2026-05-27
2026-06-17 00:26:57 INFO crypto_research.load:   bnbusdt: rows=1132756 2024-04-01 .. 2026-05-27
2026-06-17 00:26:57 INFO crypto_research.load:   btcusdt: rows=1132756 2024-04-01 .. 2026-05-27
2026-06-17 00:26:57 INFO crypto_research.load:   chzusdt: rows=1133280 2024-04-01 .. 2026-05-27
2026-06-17 00:26:57 INFO crypto_research.load:   crvusdt: rows=1132756 2024-04-01 .. 2026-05-27
2026-06-17 00:26:57 INFO crypto_research.load:   dashusdt: rows=1133280 2024-04-01 .. 2026-05-27
2026-06-17 00:26:57 INFO crypto_research.load:   dogeusdt: rows=1132756 2024-04-01 .. 2026-05-27
2026-06-17 00:26:57 INFO crypto_research.load:   dotusdt: rows=1132756 2024-04-01 .. 2026-05-27
2026-06-17 00:26:57 INFO crypto_research.load:   dydxusdt: rows=1132756 2024-04-01 .. 2026-05-27
2026-06-17 00:26:57 INFO crypto_research.load:   egldusdt: rows=1133280 2024-04-01 .. 2026-05-27
2026-06-17 00:26:57 INFO crypto_research.load:   enjusdt: rows=1132756 2024-04-01 .. 2026-05-27
2026-06-17 00:26:57 INFO crypto_research.load:   etcusdt: rows=1133280 2024-04-01 .. 2026-05-27
2026-06-17 00:26:57 INFO crypto_research.load:   ethusdt: rows=1132756 2024-04-01 .. 2026-05-27
2026-06-17 00:26:57 INFO crypto_research.load:   filusdt: rows=1132756 2024-04-01 .. 2026-05-27
2026-06-17 00:26:57 INFO crypto_research.load:   galausdt: rows=1132756 2024-04-01 .. 2026-05-27
2026-06-17 00:26:57 INFO crypto_research.load:   gmtusdt: rows=1133280 2024-04-01 .. 2026-05-27
2026-06-17 00:26:57 INFO crypto_research.load:   hbarusdt: rows=1133280 2024-04-01 .. 2026-05-27
2026-06-17 00:26:57 INFO crypto_research.load:   icpusdt: rows=1133280 2024-04-01 .. 2026-05-27
2026-06-17 00:26:57 INFO crypto_research.load:   injusdt: rows=1133280 2024-04-01 .. 2026-05-27
2026-06-17 00:26:57 INFO crypto_research.load:   ldousdt: rows=1133280 2024-04-01 .. 2026-05-27
2026-06-17 00:26:57 INFO crypto_research.load:   linkusdt: rows=1132756 2024-04-01 .. 2026-05-27
2026-06-17 00:26:57 INFO crypto_research.load:   ltcusdt: rows=1132756 2024-04-01 .. 2026-05-27
2026-06-17 00:26:57 INFO crypto_research.load:   nearusdt: rows=1132756 2024-04-01 .. 2026-05-27
2026-06-17 00:26:57 INFO crypto_research.load:   ontusdt: rows=1132756 2024-04-01 .. 2026-05-27
2026-06-17 00:26:57 INFO crypto_research.load:   opusdt: rows=1133280 2024-04-01 .. 2026-05-27
2026-06-17 00:26:57 INFO crypto_research.load:   paxgusdt: rows=1132756 2024-04-01 .. 2026-05-27
2026-06-17 00:26:57 INFO crypto_research.load:   sandusdt: rows=1133280 2024-04-01 .. 2026-05-27
2026-06-17 00:26:57 INFO crypto_research.load:   shib1000usdt: rows=1133280 2024-04-01 .. 2026-05-27
2026-06-17 00:26:57 INFO crypto_research.load:   solusdt: rows=1132756 2024-04-01 .. 2026-05-27
2026-06-17 00:26:57 INFO crypto_research.load:   storjusdt: rows=1133280 2024-04-01 .. 2026-05-27
2026-06-17 00:26:57 INFO crypto_research.load:   stxusdt: rows=1133280 2024-04-01 .. 2026-05-27
2026-06-17 00:26:57 INFO crypto_research.load:   trxusdt: rows=1133280 2024-04-01 .. 2026-05-27
2026-06-17 00:26:57 INFO crypto_research.load:   uniusdt: rows=1132756 2024-04-01 .. 2026-05-27
2026-06-17 00:26:57 INFO crypto_research.load:   xlmusdt: rows=1133280 2024-04-01 .. 2026-05-27
2026-06-17 00:26:57 INFO crypto_research.load:   xmrusdt: rows=1132756 2024-04-01 .. 2026-05-27
2026-06-17 00:26:57 INFO crypto_research.load:   xrpusdt: rows=1132756 2024-04-01 .. 2026-05-27
2026-06-17 00:26:57 INFO crypto_research.load:   zecusdt: rows=1132756 2024-04-01 .. 2026-05-27
2026-06-17 00:26:57 INFO crypto_research.load:   zenusdt: rows=1133280 2024-04-01 .. 2026-05-27
2026-06-17 00:26:59 INFO crypto_research.ml_dataset: [ml] pooled daily: pairs=49 rows=38563 period=2024-04-01..2026-05-31
2026-06-17 00:26:59 INFO crypto_research.ml_dataset: [ml] dataset studies=['day_of_week_ml'] features=['pair_id', 'weekday_enc'] rows=32407 pairs=49 up_rate=0.503
2026-06-17 00:26:59 INFO crypto_research.ml_dataset: [ml] dataset studies=['day_of_week_ml'] features=['pair_id', 'weekday_enc'] rows=38563 pairs=49 up_rate=0.478
2026-06-17 00:26:59 INFO crypto_research.ml_research: Dataset columns (7): ['day_utc', 'pair', 'weekday', 'return_pct', 'direction_up', 'pair_id', 'weekday_enc']
2026-06-17 00:26:59 INFO crypto_research.ml_research: Dataset head (50 rows):
shape: (50, 7)
┌───────────────┬───────────┬─────────┬─────────────────────┬──────────────┬─────────┬─────────────┐
│ day_utc       ┆ pair      ┆ weekday ┆ return_pct          ┆ direction_up ┆ pair_id ┆ weekday_enc │
│ ---           ┆ ---       ┆ ---     ┆ ---                 ┆ ---          ┆ ---     ┆ ---         │
│ datetime[μs,  ┆ str       ┆ i64     ┆ f64                 ┆ i8           ┆ cat     ┆ cat         │
│ UTC]          ┆           ┆         ┆                     ┆              ┆         ┆             │
╞═══════════════╪═══════════╪═════════╪═════════════════════╪══════════════╪═════════╪═════════════╡
│ 2022-01-01    ┆ aaveusdt  ┆ 5       ┆ 4.984243106054534   ┆ 1            ┆ 1       ┆ 5           │
│ 00:00:00 UTC  ┆           ┆         ┆                     ┆              ┆         ┆             │
│ 2022-01-01    ┆ adausdt   ┆ 5       ┆ 5.467610434955732   ┆ 1            ┆ 2       ┆ 5           │
│ 00:00:00 UTC  ┆           ┆         ┆                     ┆              ┆         ┆             │
│ 2022-01-01    ┆ algousdt  ┆ 5       ┆ 4.906678720130035   ┆ 1            ┆ 3       ┆ 5           │
│ 00:00:00 UTC  ┆           ┆         ┆                     ┆              ┆         ┆             │
│ 2022-01-01    ┆ aliceusdt ┆ 5       ┆ 7.048459260231336   ┆ 1            ┆ 4       ┆ 5           │
│ 00:00:00 UTC  ┆           ┆         ┆                     ┆              ┆         ┆             │
│ 2022-01-01    ┆ atomusdt  ┆ 5       ┆ 12.179684375310629  ┆ 1            ┆ 8       ┆ 5           │
│ 00:00:00 UTC  ┆           ┆         ┆                     ┆              ┆         ┆             │
│ 2022-01-01    ┆ avaxusdt  ┆ 5       ┆ 4.298318986485412   ┆ 1            ┆ 9       ┆ 5           │
│ 00:00:00 UTC  ┆           ┆         ┆                     ┆              ┆         ┆             │
│ 2022-01-01    ┆ bchusdt   ┆ 5       ┆ 3.288409206479117   ┆ 1            ┆ 11      ┆ 5           │
│ 00:00:00 UTC  ┆           ┆         ┆                     ┆              ┆         ┆             │
│ 2022-01-01    ┆ bnbusdt   ┆ 5       ┆ 3.057535158711974   ┆ 1            ┆ 12      ┆ 5           │
│ 00:00:00 UTC  ┆           ┆         ┆                     ┆              ┆         ┆             │
│ 2022-01-01    ┆ btcusdt   ┆ 5       ┆ 3.2878432051601174  ┆ 1            ┆ 13      ┆ 5           │
│ 00:00:00 UTC  ┆           ┆         ┆                     ┆              ┆         ┆             │
│ 2022-01-01    ┆ crvusdt   ┆ 5       ┆ 16.406683928750976  ┆ 1            ┆ 15      ┆ 5           │
│ 00:00:00 UTC  ┆           ┆         ┆                     ┆              ┆         ┆             │
│ 2022-01-01    ┆ dogeusdt  ┆ 5       ┆ 1.7028710327738033  ┆ 1            ┆ 17      ┆ 5           │
│ 00:00:00 UTC  ┆           ┆         ┆                     ┆              ┆         ┆             │
│ 2022-01-01    ┆ dotusdt   ┆ 5       ┆ 7.267603627952611   ┆ 1            ┆ 18      ┆ 5           │
│ 00:00:00 UTC  ┆           ┆         ┆                     ┆              ┆         ┆             │
│ 2022-01-01    ┆ dydxusdt  ┆ 5       ┆ 4.514530233716851   ┆ 1            ┆ 19      ┆ 5           │
│ 00:00:00 UTC  ┆           ┆         ┆                     ┆              ┆         ┆             │
│ 2022-01-01    ┆ enjusdt   ┆ 5       ┆ 4.273509656879154   ┆ 1            ┆ 21      ┆ 5           │
│ 00:00:00 UTC  ┆           ┆         ┆                     ┆              ┆         ┆             │
│ 2022-01-01    ┆ ethusdt   ┆ 5       ┆ 2.3372160685554877  ┆ 1            ┆ 23      ┆ 5           │
│ 00:00:00 UTC  ┆           ┆         ┆                     ┆              ┆         ┆             │
│ 2022-01-01    ┆ filusdt   ┆ 5       ┆ 4.7897176088043745  ┆ 1            ┆ 24      ┆ 5           │
│ 00:00:00 UTC  ┆           ┆         ┆                     ┆              ┆         ┆             │
│ 2022-01-01    ┆ galausdt  ┆ 5       ┆ 2.4742044420107923  ┆ 1            ┆ 25      ┆ 5           │
│ 00:00:00 UTC  ┆           ┆         ┆                     ┆              ┆         ┆             │
│ 2022-01-01    ┆ linkusdt  ┆ 5       ┆ 6.339695952270143   ┆ 1            ┆ 31      ┆ 5           │
│ 00:00:00 UTC  ┆           ┆         ┆                     ┆              ┆         ┆             │
│ 2022-01-01    ┆ ltcusdt   ┆ 5       ┆ 3.063674428791916   ┆ 1            ┆ 32      ┆ 5           │
│ 00:00:00 UTC  ┆           ┆         ┆                     ┆              ┆         ┆             │
│ 2022-01-01    ┆ nearusdt  ┆ 5       ┆ 3.8674760244817965  ┆ 1            ┆ 33      ┆ 5           │
│ 00:00:00 UTC  ┆           ┆         ┆                     ┆              ┆         ┆             │
│ 2022-01-01    ┆ solusdt   ┆ 5       ┆ 5.238405464133995   ┆ 1            ┆ 39      ┆ 5           │
│ 00:00:00 UTC  ┆           ┆         ┆                     ┆              ┆         ┆             │
│ 2022-01-01    ┆ uniusdt   ┆ 5       ┆ 2.849065384621862   ┆ 1            ┆ 43      ┆ 5           │
│ 00:00:00 UTC  ┆           ┆         ┆                     ┆              ┆         ┆             │
│ 2022-01-01    ┆ xrpusdt   ┆ 5       ┆ 2.5937980391229107  ┆ 1            ┆ 46      ┆ 5           │
│ 00:00:00 UTC  ┆           ┆         ┆                     ┆              ┆         ┆             │
│ 2022-01-01    ┆ zecusdt   ┆ 5       ┆ 2.5597269624573378  ┆ 1            ┆ 47      ┆ 5           │
│ 00:00:00 UTC  ┆           ┆         ┆                     ┆              ┆         ┆             │
│ 2022-01-02    ┆ aaveusdt  ┆ 6       ┆ -0.3940770360074190 ┆ 0            ┆ 1       ┆ 6           │
│ 00:00:00 UTC  ┆           ┆         ┆ 6                   ┆              ┆         ┆             │
│ 2022-01-02    ┆ adausdt   ┆ 6       ┆ -0.1087594627560856 ┆ 0            ┆ 2       ┆ 6           │
│ 00:00:00 UTC  ┆           ┆         ┆ 3                   ┆              ┆         ┆             │
│ 2022-01-02    ┆ algousdt  ┆ 6       ┆ -3.9311291141658335 ┆ 0            ┆ 3       ┆ 6           │
│ 00:00:00 UTC  ┆           ┆         ┆                     ┆              ┆         ┆             │
│ 2022-01-02    ┆ aliceusdt ┆ 6       ┆ -2.244670376898661  ┆ 0            ┆ 4       ┆ 6           │
│ 00:00:00 UTC  ┆           ┆         ┆                     ┆              ┆         ┆             │
│ 2022-01-02    ┆ atomusdt  ┆ 6       ┆ -2.243012652385795  ┆ 0            ┆ 8       ┆ 6           │
│ 00:00:00 UTC  ┆           ┆         ┆                     ┆              ┆         ┆             │
│ 2022-01-02    ┆ avaxusdt  ┆ 6       ┆ -0.83300185321137   ┆ 0            ┆ 9       ┆ 6           │
│ 00:00:00 UTC  ┆           ┆         ┆                     ┆              ┆         ┆             │
│ 2022-01-02    ┆ bchusdt   ┆ 6       ┆ 0.7199868605161669  ┆ 1            ┆ 11      ┆ 6           │
│ 00:00:00 UTC  ┆           ┆         ┆                     ┆              ┆         ┆             │
│ 2022-01-02    ┆ bnbusdt   ┆ 6       ┆ 0.5971610263625592  ┆ 1            ┆ 12      ┆ 6           │
│ 00:00:00 UTC  ┆           ┆         ┆                     ┆              ┆         ┆             │
│ 2022-01-02    ┆ btcusdt   ┆ 6       ┆ -0.8686176510650783 ┆ 0            ┆ 13      ┆ 6           │
│ 00:00:00 UTC  ┆           ┆         ┆                     ┆              ┆         ┆             │
│ 2022-01-02    ┆ crvusdt   ┆ 6       ┆ -2.4862739947677244 ┆ 0            ┆ 15      ┆ 6           │
│ 00:00:00 UTC  ┆           ┆         ┆                     ┆              ┆         ┆             │
│ 2022-01-02    ┆ dogeusdt  ┆ 6       ┆ 0.6928437860134704  ┆ 1            ┆ 17      ┆ 6           │
│ 00:00:00 UTC  ┆           ┆         ┆                     ┆              ┆         ┆             │
│ 2022-01-02    ┆ dotusdt   ┆ 6       ┆ 3.9740905115748215  ┆ 1            ┆ 18      ┆ 6           │
│ 00:00:00 UTC  ┆           ┆         ┆                     ┆              ┆         ┆             │
│ 2022-01-02    ┆ dydxusdt  ┆ 6       ┆ 2.9585799484383837  ┆ 1            ┆ 19      ┆ 6           │
│ 00:00:00 UTC  ┆           ┆         ┆                     ┆              ┆         ┆             │
│ 2022-01-02    ┆ enjusdt   ┆ 6       ┆ 6.408343157884263   ┆ 1            ┆ 21      ┆ 6           │
│ 00:00:00 UTC  ┆           ┆         ┆                     ┆              ┆         ┆             │
│ 2022-01-02    ┆ ethusdt   ┆ 6       ┆ 1.6687051723898574  ┆ 1            ┆ 23      ┆ 6           │
│ 00:00:00 UTC  ┆           ┆         ┆                     ┆              ┆         ┆             │
│ 2022-01-02    ┆ filusdt   ┆ 6       ┆ -0.3623218067035116 ┆ 0            ┆ 24      ┆ 6           │
│ 00:00:00 UTC  ┆           ┆         ┆                     ┆              ┆         ┆             │
│ 2022-01-02    ┆ galausdt  ┆ 6       ┆ -1.04807628206936   ┆ 0            ┆ 25      ┆ 6           │
│ 00:00:00 UTC  ┆           ┆         ┆                     ┆              ┆         ┆             │
│ 2022-01-02    ┆ linkusdt  ┆ 6       ┆ 5.335198427129154   ┆ 1            ┆ 31      ┆ 6           │
│ 00:00:00 UTC  ┆           ┆         ┆                     ┆              ┆         ┆             │
│ 2022-01-02    ┆ ltcusdt   ┆ 6       ┆ 0.3052162660648333  ┆ 1            ┆ 32      ┆ 6           │
│ 00:00:00 UTC  ┆           ┆         ┆                     ┆              ┆         ┆             │
│ 2022-01-02    ┆ nearusdt  ┆ 6       ┆ -5.120597630885423  ┆ 0            ┆ 33      ┆ 6           │
│ 00:00:00 UTC  ┆           ┆         ┆                     ┆              ┆         ┆             │
│ 2022-01-02    ┆ solusdt   ┆ 6       ┆ -1.4581008996377443 ┆ 0            ┆ 39      ┆ 6           │
│ 00:00:00 UTC  ┆           ┆         ┆                     ┆              ┆         ┆             │
│ 2022-01-02    ┆ uniusdt   ┆ 6       ┆ 5.460167504333891   ┆ 1            ┆ 43      ┆ 6           │
│ 00:00:00 UTC  ┆           ┆         ┆                     ┆              ┆         ┆             │
│ 2022-01-02    ┆ xrpusdt   ┆ 6       ┆ 0.9642579585941153  ┆ 1            ┆ 46      ┆ 6           │
│ 00:00:00 UTC  ┆           ┆         ┆                     ┆              ┆         ┆             │
│ 2022-01-02    ┆ zecusdt   ┆ 6       ┆ 1.7304533134879367  ┆ 1            ┆ 47      ┆ 6           │
│ 00:00:00 UTC  ┆           ┆         ┆                     ┆              ┆         ┆             │
│ 2022-01-03    ┆ aaveusdt  ┆ 0       ┆ 0.7158982442273308  ┆ 1            ┆ 1       ┆ 0           │
│ 00:00:00 UTC  ┆           ┆         ┆                     ┆              ┆         ┆             │
│ 2022-01-03    ┆ adausdt   ┆ 0       ┆ -4.217172558413808  ┆ 0            ┆ 2       ┆ 0           │
│ 00:00:00 UTC  ┆           ┆         ┆                     ┆              ┆         ┆             │
└───────────────┴───────────┴─────────┴─────────────────────┴──────────────┴─────────┴─────────────┘
2026-06-17 00:26:59 INFO crypto_research.ml_cpcv: [ml] X: shape=(32407, 2) columns=['pair_id', 'weekday_enc'] dtypes={'pair_id': 'category', 'weekday_enc': 'category'}
2026-06-17 00:26:59 INFO crypto_research.ml_cpcv: [ml] X head (3 rows):
  pair_id weekday_enc
0       1           5
1       2           5
2       3           5
2026-06-17 00:26:59 INFO crypto_research.ml_cpcv: [ml] y (direction_up): shape=(32407,) dtype=int8 distribution={0: 16106, 1: 16301}
2026-06-17 00:26:59 INFO crypto_research.ml_cpcv: [ml] y head (3 values): [1, 1, 1]
2026-06-17 00:26:59 INFO crypto_research.ml_cpcv: [ml] CV: CombinatorialPurgedCV n_splits=7 n_test_groups=2 embargo_days=1 n_folds=C(7,2)=21 n_days=822
2026-06-17 00:26:59 INFO crypto_research.ml_cpcv: [ml] CV time range: 2022-01-01 00:00:00+00:00 .. 2024-04-01 00:00:00+00:00 (prediction_times=evaluation_times, purge=None)
2026-06-17 00:27:00 INFO crypto_research.ml_cpcv: [ml] CV day splits:
  fold1: train_days=585 test_days=236
  fold2: train_days=584 test_days=236
  fold3: train_days=585 test_days=235
  fold4: train_days=585 test_days=235
  fold5: train_days=585 test_days=235
  fold6: train_days=586 test_days=235
  fold7: train_days=585 test_days=236
  fold8: train_days=585 test_days=235
  fold9: train_days=585 test_days=235
  fold10: train_days=585 test_days=235
  fold11: train_days=586 test_days=235
  fold12: train_days=586 test_days=235
  fold13: train_days=585 test_days=235
  fold14: train_days=585 test_days=235
  fold15: train_days=586 test_days=235
  fold16: train_days=587 test_days=234
  fold17: train_days=586 test_days=234
  fold18: train_days=587 test_days=234
  fold19: train_days=587 test_days=234
  fold20: train_days=587 test_days=234
  fold21: train_days=588 test_days=234
2026-06-17 00:27:00 INFO crypto_research.ml_cpcv: [ml] fold 1/21 → model.fit: X_train=(26071, 2) y_train=(26071,) days=('2022-08-26 00:00:00+00:00', '2024-04-01 00:00:00+00:00') dist={0: 12830, 1: 13241}
2026-06-17 00:27:00 INFO crypto_research.ml_cpcv: [ml] fold 1/21 → model.predict: X_test=(6308, 2) y_test=(6308,) days=('2022-01-01 00:00:00+00:00', '2022-08-24 00:00:00+00:00') dist={0: 3272, 1: 3036}
2026-06-17 00:27:00 INFO crypto_research.ml_cpcv: [ml] fold 1 X_train head:
     pair_id weekday_enc
6336       1           4
6337       2           4
6338       3           4
2026-06-17 00:27:00 INFO crypto_research.ml_cpcv: [ml] fold 1 y_train head: [0, 0, 0]
2026-06-17 00:27:00 INFO crypto_research.ml_cpcv: [ml] fold 1 X_test head:
  pair_id weekday_enc
0       1           5
1       2           5
2       3           5
2026-06-17 00:27:00 INFO crypto_research.ml_cpcv: [ml] fold 1 y_test head: [1, 1, 1]
2026-06-17 00:27:00 INFO crypto_research.ml_cpcv: [ml] fold 1/21 train=26071 test=6308 acc=0.5017 auc=0.4983
2026-06-17 00:27:00 INFO crypto_research.ml_cpcv: [ml] fold 2/21 → model.fit: X_train=(25942, 2) y_train=(25942,) days=('2022-04-30 00:00:00+00:00', '2024-04-01 00:00:00+00:00') dist={0: 12736, 1: 13206}
2026-06-17 00:27:00 INFO crypto_research.ml_cpcv: [ml] fold 2/21 → model.predict: X_test=(6409, 2) y_test=(6409,) days=('2022-01-01 00:00:00+00:00', '2022-12-20 00:00:00+00:00') dist={0: 3319, 1: 3090}
2026-06-17 00:27:00 INFO crypto_research.ml_cpcv: [ml] fold 2/21 train=25942 test=6409 acc=0.5026 auc=0.5093
2026-06-17 00:27:00 INFO crypto_research.ml_cpcv: [ml] fold 3/21 → model.fit: X_train=(23756, 2) y_train=(23756,) days=('2022-04-30 00:00:00+00:00', '2024-04-01 00:00:00+00:00') dist={0: 11899, 1: 11857}
2026-06-17 00:27:00 INFO crypto_research.ml_cpcv: [ml] fold 3/21 → model.predict: X_test=(8575, 2) y_test=(8575,) days=('2022-01-01 00:00:00+00:00', '2023-04-16 00:00:00+00:00') dist={0: 4141, 1: 4434}
2026-06-17 00:27:00 INFO crypto_research.ml_cpcv: [ml] fold 3/21 train=23756 test=8575 acc=0.4975 auc=0.4993
2026-06-17 00:27:00 INFO crypto_research.ml_cpcv: [ml] fold 4/21 → model.fit: X_train=(23556, 2) y_train=(23556,) days=('2022-04-30 00:00:00+00:00', '2024-04-01 00:00:00+00:00') dist={0: 11482, 1: 12074}
2026-06-17 00:27:00 INFO crypto_research.ml_cpcv: [ml] fold 4/21 → model.predict: X_test=(8775, 2) y_test=(8775,) days=('2022-01-01 00:00:00+00:00', '2023-08-11 00:00:00+00:00') dist={0: 4583, 1: 4192}
2026-06-17 00:27:01 INFO crypto_research.ml_cpcv: [ml] fold 4/21 train=23556 test=8775 acc=0.4769 auc=0.4851
2026-06-17 00:27:01 INFO crypto_research.ml_cpcv: [ml] fold 5/21 → model.fit: X_train=(23556, 2) y_train=(23556,) days=('2022-04-30 00:00:00+00:00', '2024-04-01 00:00:00+00:00') dist={0: 11760, 1: 11796}
2026-06-17 00:27:01 INFO crypto_research.ml_cpcv: [ml] fold 5/21 → model.predict: X_test=(8775, 2) y_test=(8775,) days=('2022-01-01 00:00:00+00:00', '2023-12-06 00:00:00+00:00') dist={0: 4314, 1: 4461}
2026-06-17 00:27:01 INFO crypto_research.ml_cpcv: [ml] fold 5/21 train=23556 test=8775 acc=0.5144 auc=0.5170
2026-06-17 00:27:01 INFO crypto_research.ml_cpcv: [ml] fold 6/21 → model.fit: X_train=(23605, 2) y_train=(23605,) days=('2022-04-30 00:00:00+00:00', '2023-12-06 00:00:00+00:00') dist={0: 11798, 1: 11807}
2026-06-17 00:27:01 INFO crypto_research.ml_cpcv: [ml] fold 6/21 → model.predict: X_test=(8775, 2) y_test=(8775,) days=('2022-01-01 00:00:00+00:00', '2024-04-01 00:00:00+00:00') dist={0: 4282, 1: 4493}
2026-06-17 00:27:01 INFO crypto_research.ml_cpcv: [ml] fold 6/21 train=23605 test=8775 acc=0.4778 auc=0.4716
2026-06-17 00:27:01 INFO crypto_research.ml_cpcv: [ml] fold 7/21 → model.fit: X_train=(25745, 2) y_train=(25745,) days=('2022-01-01 00:00:00+00:00', '2024-04-01 00:00:00+00:00') dist={0: 12612, 1: 13133}
2026-06-17 00:27:01 INFO crypto_research.ml_cpcv: [ml] fold 7/21 → model.predict: X_test=(6633, 2) y_test=(6633,) days=('2022-04-29 00:00:00+00:00', '2022-12-20 00:00:00+00:00') dist={0: 3469, 1: 3164}
2026-06-17 00:27:01 INFO crypto_research.ml_cpcv: [ml] fold 7/21 train=25745 test=6633 acc=0.4906 auc=0.4920
2026-06-17 00:27:01 INFO crypto_research.ml_cpcv: [ml] fold 8/21 → model.fit: X_train=(23531, 2) y_train=(23531,) days=('2022-01-01 00:00:00+00:00', '2024-04-01 00:00:00+00:00') dist={0: 11771, 1: 11760}
2026-06-17 00:27:01 INFO crypto_research.ml_cpcv: [ml] fold 8/21 → model.predict: X_test=(8799, 2) y_test=(8799,) days=('2022-04-29 00:00:00+00:00', '2023-04-16 00:00:00+00:00') dist={0: 4291, 1: 4508}
2026-06-17 00:27:01 INFO crypto_research.ml_cpcv: [ml] fold 8/21 train=23531 test=8799 acc=0.4924 auc=0.4861
2026-06-17 00:27:01 INFO crypto_research.ml_cpcv: [ml] fold 9/21 → model.fit: X_train=(23331, 2) y_train=(23331,) days=('2022-01-01 00:00:00+00:00', '2024-04-01 00:00:00+00:00') dist={0: 11354, 1: 11977}
2026-06-17 00:27:01 INFO crypto_research.ml_cpcv: [ml] fold 9/21 → model.predict: X_test=(8999, 2) y_test=(8999,) days=('2022-04-29 00:00:00+00:00', '2023-08-11 00:00:00+00:00') dist={0: 4733, 1: 4266}
2026-06-17 00:27:01 INFO crypto_research.ml_cpcv: [ml] fold 9/21 train=23331 test=8999 acc=0.4807 auc=0.4937
2026-06-17 00:27:01 INFO crypto_research.ml_cpcv: [ml] fold 10/21 → model.fit: X_train=(23331, 2) y_train=(23331,) days=('2022-01-01 00:00:00+00:00', '2024-04-01 00:00:00+00:00') dist={0: 11632, 1: 11699}
2026-06-17 00:27:01 INFO crypto_research.ml_cpcv: [ml] fold 10/21 → model.predict: X_test=(8999, 2) y_test=(8999,) days=('2022-04-29 00:00:00+00:00', '2023-12-06 00:00:00+00:00') dist={0: 4464, 1: 4535}
2026-06-17 00:27:01 INFO crypto_research.ml_cpcv: [ml] fold 10/21 train=23331 test=8999 acc=0.5093 auc=0.5126
2026-06-17 00:27:02 INFO crypto_research.ml_cpcv: [ml] fold 11/21 → model.fit: X_train=(23380, 2) y_train=(23380,) days=('2022-01-01 00:00:00+00:00', '2023-12-06 00:00:00+00:00') dist={0: 11670, 1: 11710}
2026-06-17 00:27:02 INFO crypto_research.ml_cpcv: [ml] fold 11/21 → model.predict: X_test=(8999, 2) y_test=(8999,) days=('2022-04-29 00:00:00+00:00', '2024-04-01 00:00:00+00:00') dist={0: 4432, 1: 4567}
2026-06-17 00:27:02 INFO crypto_research.ml_cpcv: [ml] fold 11/21 train=23380 test=8999 acc=0.4664 auc=0.4591
2026-06-17 00:27:02 INFO crypto_research.ml_cpcv: [ml] fold 12/21 → model.fit: X_train=(23458, 2) y_train=(23458,) days=('2022-01-01 00:00:00+00:00', '2024-04-01 00:00:00+00:00') dist={0: 11728, 1: 11730}
2026-06-17 00:27:02 INFO crypto_research.ml_cpcv: [ml] fold 12/21 → model.predict: X_test=(8900, 2) y_test=(8900,) days=('2022-08-25 00:00:00+00:00', '2023-04-16 00:00:00+00:00') dist={0: 4338, 1: 4562}
2026-06-17 00:27:02 INFO crypto_research.ml_cpcv: [ml] fold 12/21 train=23458 test=8900 acc=0.5011 auc=0.4931
2026-06-17 00:27:02 INFO crypto_research.ml_cpcv: [ml] fold 13/21 → model.fit: X_train=(23229, 2) y_train=(23229,) days=('2022-01-01 00:00:00+00:00', '2024-04-01 00:00:00+00:00') dist={0: 11286, 1: 11943}
2026-06-17 00:27:02 INFO crypto_research.ml_cpcv: [ml] fold 13/21 → model.predict: X_test=(9100, 2) y_test=(9100,) days=('2022-08-25 00:00:00+00:00', '2023-08-11 00:00:00+00:00') dist={0: 4780, 1: 4320}
2026-06-17 00:27:02 INFO crypto_research.ml_cpcv: [ml] fold 13/21 train=23229 test=9100 acc=0.4890 auc=0.4941
2026-06-17 00:27:02 INFO crypto_research.ml_cpcv: [ml] fold 14/21 → model.fit: X_train=(23229, 2) y_train=(23229,) days=('2022-01-01 00:00:00+00:00', '2024-04-01 00:00:00+00:00') dist={0: 11564, 1: 11665}
2026-06-17 00:27:02 INFO crypto_research.ml_cpcv: [ml] fold 14/21 → model.predict: X_test=(9100, 2) y_test=(9100,) days=('2022-08-25 00:00:00+00:00', '2023-12-06 00:00:00+00:00') dist={0: 4511, 1: 4589}
2026-06-17 00:27:02 INFO crypto_research.ml_cpcv: [ml] fold 14/21 train=23229 test=9100 acc=0.5171 auc=0.5263
2026-06-17 00:27:02 INFO crypto_research.ml_cpcv: [ml] fold 15/21 → model.fit: X_train=(23278, 2) y_train=(23278,) days=('2022-01-01 00:00:00+00:00', '2023-12-06 00:00:00+00:00') dist={0: 11602, 1: 11676}
2026-06-17 00:27:02 INFO crypto_research.ml_cpcv: [ml] fold 15/21 → model.predict: X_test=(9100, 2) y_test=(9100,) days=('2022-08-25 00:00:00+00:00', '2024-04-01 00:00:00+00:00') dist={0: 4479, 1: 4621}
2026-06-17 00:27:02 INFO crypto_research.ml_cpcv: [ml] fold 15/21 train=23278 test=9100 acc=0.4663 auc=0.4602
2026-06-17 00:27:02 INFO crypto_research.ml_cpcv: [ml] fold 16/21 → model.fit: X_train=(21092, 2) y_train=(21092,) days=('2022-01-01 00:00:00+00:00', '2024-04-01 00:00:00+00:00') dist={0: 10489, 1: 10603}
2026-06-17 00:27:02 INFO crypto_research.ml_cpcv: [ml] fold 16/21 → model.predict: X_test=(11266, 2) y_test=(11266,) days=('2022-12-21 00:00:00+00:00', '2023-08-11 00:00:00+00:00') dist={0: 5602, 1: 5664}
2026-06-17 00:27:02 INFO crypto_research.ml_cpcv: [ml] fold 16/21 train=21092 test=11266 acc=0.4827 auc=0.4802
2026-06-17 00:27:03 INFO crypto_research.ml_cpcv: [ml] fold 17/21 → model.fit: X_train=(21043, 2) y_train=(21043,) days=('2022-01-01 00:00:00+00:00', '2024-04-01 00:00:00+00:00') dist={0: 10727, 1: 10316}
2026-06-17 00:27:03 INFO crypto_research.ml_cpcv: [ml] fold 17/21 → model.predict: X_test=(11266, 2) y_test=(11266,) days=('2022-12-21 00:00:00+00:00', '2023-12-06 00:00:00+00:00') dist={0: 5333, 1: 5933}
2026-06-17 00:27:03 INFO crypto_research.ml_cpcv: [ml] fold 17/21 train=21043 test=11266 acc=0.5047 auc=0.5098
2026-06-17 00:27:03 INFO crypto_research.ml_cpcv: [ml] fold 18/21 → model.fit: X_train=(21092, 2) y_train=(21092,) days=('2022-01-01 00:00:00+00:00', '2023-12-06 00:00:00+00:00') dist={0: 10765, 1: 10327}
2026-06-17 00:27:03 INFO crypto_research.ml_cpcv: [ml] fold 18/21 → model.predict: X_test=(11266, 2) y_test=(11266,) days=('2022-12-21 00:00:00+00:00', '2024-04-01 00:00:00+00:00') dist={0: 5301, 1: 5965}
2026-06-17 00:27:03 INFO crypto_research.ml_cpcv: [ml] fold 18/21 train=21092 test=11266 acc=0.4768 auc=0.4812
2026-06-17 00:27:03 INFO crypto_research.ml_cpcv: [ml] fold 19/21 → model.fit: X_train=(20892, 2) y_train=(20892,) days=('2022-01-01 00:00:00+00:00', '2024-04-01 00:00:00+00:00') dist={0: 10325, 1: 10567}
2026-06-17 00:27:03 INFO crypto_research.ml_cpcv: [ml] fold 19/21 → model.predict: X_test=(11466, 2) y_test=(11466,) days=('2023-04-17 00:00:00+00:00', '2023-12-06 00:00:00+00:00') dist={0: 5775, 1: 5691}
2026-06-17 00:27:03 INFO crypto_research.ml_cpcv: [ml] fold 19/21 train=20892 test=11466 acc=0.5031 auc=0.5036
2026-06-17 00:27:03 INFO crypto_research.ml_cpcv: [ml] fold 20/21 → model.fit: X_train=(20892, 2) y_train=(20892,) days=('2022-01-01 00:00:00+00:00', '2023-12-06 00:00:00+00:00') dist={0: 10348, 1: 10544}
2026-06-17 00:27:03 INFO crypto_research.ml_cpcv: [ml] fold 20/21 → model.predict: X_test=(11466, 2) y_test=(11466,) days=('2023-04-17 00:00:00+00:00', '2024-04-01 00:00:00+00:00') dist={0: 5743, 1: 5723}
2026-06-17 00:27:03 INFO crypto_research.ml_cpcv: [ml] fold 20/21 train=20892 test=11466 acc=0.5044 auc=0.5098
2026-06-17 00:27:03 INFO crypto_research.ml_cpcv: [ml] fold 21/21 → model.fit: X_train=(20941, 2) y_train=(20941,) days=('2022-01-01 00:00:00+00:00', '2023-08-11 00:00:00+00:00') dist={0: 10632, 1: 10309}
2026-06-17 00:27:03 INFO crypto_research.ml_cpcv: [ml] fold 21/21 → model.predict: X_test=(11466, 2) y_test=(11466,) days=('2023-08-12 00:00:00+00:00', '2024-04-01 00:00:00+00:00') dist={0: 5474, 1: 5992}
2026-06-17 00:27:03 INFO crypto_research.ml_cpcv: [ml] fold 21/21 train=20941 test=11466 acc=0.4771 auc=0.4745
2026-06-17 00:27:03 INFO crypto_research.ml_cpcv: [ml] CPCV mean: folds=21 acc=0.4920 logloss=0.7025 auc=0.4932
2026-06-17 00:27:03 INFO crypto_research.ml_cpcv: [ml] OOS paths: rows=32407 cols=[time_ns, y_prob, y_true] folds_merged=21
2026-06-17 00:27:03 INFO crypto_research.ml_cpcv: [ml] OOS calibration: brier=0.2539 ece=0.0508
2026-06-17 00:27:03 INFO crypto_research.ml_cpcv: [ml] OOS weekday Пн: n=4657 base_up=0.4909 pred_up=0.4310 acc=0.4728 logloss=0.7041 auc=0.4441
2026-06-17 00:27:03 INFO crypto_research.ml_cpcv: [ml] OOS weekday Вт: n=4609 base_up=0.5144 pred_up=0.6416 acc=0.4446 logloss=0.7072 auc=0.4120
2026-06-17 00:27:03 INFO crypto_research.ml_cpcv: [ml] OOS weekday Ср: n=4610 base_up=0.4948 pred_up=0.4035 acc=0.4666 logloss=0.7019 auc=0.4545
2026-06-17 00:27:03 INFO crypto_research.ml_cpcv: [ml] OOS weekday Чт: n=4610 base_up=0.4584 pred_up=0.1566 acc=0.5169 logloss=0.6979 auc=0.4724
2026-06-17 00:27:03 INFO crypto_research.ml_cpcv: [ml] OOS weekday Пт: n=4611 base_up=0.5591 pred_up=0.9534 acc=0.5454 logloss=0.6929 auc=0.4803
2026-06-17 00:27:03 INFO crypto_research.ml_cpcv: [ml] OOS weekday Сб: n=4655 base_up=0.5214 pred_up=0.6563 acc=0.5063 logloss=0.7006 auc=0.4957
2026-06-17 00:27:03 INFO crypto_research.ml_cpcv: [ml] OOS weekday Вс: n=4655 base_up=0.4823 pred_up=0.3154 acc=0.4872 logloss=0.7033 auc=0.4598
2026-06-17 00:27:05 INFO crypto_research.ml_oos_paths: [ml] OOS plot saved: /home_admin/crypto_bot/crypto_research/research_outputs/day_of_week/ml/plots/weekday_direction_49pairs_20220101_20240401_oos_prob.png (weekdays=7 calendar_days=822 rows=32407)
2026-06-17 00:27:06 INFO crypto_research.ml_oos_paths: [ml] OOS calibration plot saved: /home_admin/crypto_bot/crypto_research/research_outputs/day_of_week/ml/plots/weekday_direction_49pairs_20220101_20240401_oos_calibration.png (brier=0.2539 ece=0.0508 rows=32407)
2026-06-17 00:27:06 INFO crypto_research.ml_learning_curve: [ml] full train fit: rows=32407 n_estimators=300
2026-06-17 00:27:08 INFO crypto_research.ml_oos_paths: [ml] OOS plot saved: /home_admin/crypto_bot/crypto_research/research_outputs/day_of_week/ml/plots/weekday_direction_49pairs_20240401_20260531_oos_prob.png (weekdays=7 calendar_days=787 rows=38563)
2026-06-17 00:27:08 INFO crypto_research.ml_oos_paths: [ml] OOS calibration plot saved: /home_admin/crypto_bot/crypto_research/research_outputs/day_of_week/ml/plots/weekday_direction_49pairs_20240401_20260531_oos_calibration.png (brier=0.2500 ece=0.0288 rows=38563)
2026-06-17 00:27:10 INFO crypto_research.ml_oos_paths: [ml] Weekday×pair summary plot saved: /home_admin/crypto_bot/crypto_research/research_outputs/day_of_week/ml/plots/weekday_direction_49pairs_20240401_20260531_weekday_pair_summary.png (pairs=49 rows=38563)
2026-06-17 00:27:12 INFO crypto_research.ml_oos_paths: [ml] Weekday×pair summary plot saved: /home_admin/crypto_bot/crypto_research/research_outputs/day_of_week/ml/plots/weekday_direction_49pairs_20220101_20240401_weekday_pair_summary.png (pairs=49 rows=32407)
2026-06-17 00:27:13 INFO crypto_research.ml_oos_paths: [ml] ROC AUC comparison plot saved: /home_admin/crypto_bot/crypto_research/research_outputs/day_of_week/ml/plots/weekday_direction_49pairs_20220101_20260531_roc_auc.png
2026-06-17 00:27:16 INFO crypto_research.ml_research: [ml] train/test metrics saved: /home_admin/crypto_bot/crypto_research/research_outputs/day_of_week/ml/metrics/weekday_direction_49pairs_20220101_20260531_train_test.json
2026-06-21 14:25:46 INFO crypto_research.ml_research: [ml] log file: /home_admin/crypto_bot/crypto_research/research_outputs/day_of_week/ml/weekday_direction_20220101_20260531.log
2026-06-21 14:25:46 INFO crypto_research.ml_dataset: [ml] pair filter: first_candle <= 2023-01-01 → 49 pairs
2026-06-21 14:26:02 INFO crypto_research.load: [1] Загрузка данных: пар=49 строк=46567998 ~1243.5 MB
2026-06-21 14:26:02 INFO crypto_research.load:   1000luncusdt: rows=656821 2022-12-31 .. 2024-04-01
2026-06-21 14:26:02 INFO crypto_research.load:   aaveusdt: rows=1182241 2022-01-01 .. 2024-04-01
2026-06-21 14:26:02 INFO crypto_research.load:   adausdt: rows=1182241 2022-01-01 .. 2024-04-01
2026-06-21 14:26:02 INFO crypto_research.load:   algousdt: rows=1182241 2022-01-01 .. 2024-04-01
2026-06-21 14:26:02 INFO crypto_research.load:   aliceusdt: rows=1182241 2022-01-01 .. 2024-04-01
2026-06-21 14:26:02 INFO crypto_research.load:   apeusdt: rows=656821 2022-12-31 .. 2024-04-01
2026-06-21 14:26:02 INFO crypto_research.load:   api3usdt: rows=1098270 2022-02-28 .. 2024-04-01
2026-06-21 14:26:02 INFO crypto_research.load:   aptusdt: rows=763033 2022-10-19 .. 2024-04-01
2026-06-21 14:26:02 INFO crypto_research.load:   atomusdt: rows=1182241 2022-01-01 .. 2024-04-01
2026-06-21 14:26:02 INFO crypto_research.load:   avaxusdt: rows=1182241 2022-01-01 .. 2024-04-01
2026-06-21 14:26:02 INFO crypto_research.load:   axsusdt: rows=656821 2022-12-31 .. 2024-04-01
2026-06-21 14:26:02 INFO crypto_research.load:   bchusdt: rows=1182241 2022-01-01 .. 2024-04-01
2026-06-21 14:26:02 INFO crypto_research.load:   bnbusdt: rows=1182241 2022-01-01 .. 2024-04-01
2026-06-21 14:26:02 INFO crypto_research.load:   btcusdt: rows=1182241 2022-01-01 .. 2024-04-01
2026-06-21 14:26:02 INFO crypto_research.load:   chzusdt: rows=656821 2022-12-31 .. 2024-04-01
2026-06-21 14:26:02 INFO crypto_research.load:   crvusdt: rows=1182241 2022-01-01 .. 2024-04-01
2026-06-21 14:26:02 INFO crypto_research.load:   dashusdt: rows=656821 2022-12-31 .. 2024-04-01
2026-06-21 14:26:02 INFO crypto_research.load:   dogeusdt: rows=1182241 2022-01-01 .. 2024-04-01
2026-06-21 14:26:02 INFO crypto_research.load:   dotusdt: rows=1182241 2022-01-01 .. 2024-04-01
2026-06-21 14:26:02 INFO crypto_research.load:   dydxusdt: rows=1182241 2022-01-01 .. 2024-04-01
2026-06-21 14:26:02 INFO crypto_research.load:   egldusdt: rows=656821 2022-12-31 .. 2024-04-01
2026-06-21 14:26:02 INFO crypto_research.load:   enjusdt: rows=1182241 2022-01-01 .. 2024-04-01
2026-06-21 14:26:02 INFO crypto_research.load:   etcusdt: rows=656821 2022-12-31 .. 2024-04-01
2026-06-21 14:26:02 INFO crypto_research.load:   ethusdt: rows=1182241 2022-01-01 .. 2024-04-01
2026-06-21 14:26:02 INFO crypto_research.load:   filusdt: rows=1182241 2022-01-01 .. 2024-04-01
2026-06-21 14:26:02 INFO crypto_research.load:   galausdt: rows=1182241 2022-01-01 .. 2024-04-01
2026-06-21 14:26:02 INFO crypto_research.load:   gmtusdt: rows=656821 2022-12-31 .. 2024-04-01
2026-06-21 14:26:02 INFO crypto_research.load:   hbarusdt: rows=656821 2022-12-31 .. 2024-04-01
2026-06-21 14:26:02 INFO crypto_research.load:   icpusdt: rows=656821 2022-12-31 .. 2024-04-01
2026-06-21 14:26:02 INFO crypto_research.load:   injusdt: rows=656821 2022-12-31 .. 2024-04-01
2026-06-21 14:26:02 INFO crypto_research.load:   ldousdt: rows=656821 2022-12-31 .. 2024-04-01
2026-06-21 14:26:02 INFO crypto_research.load:   linkusdt: rows=1182241 2022-01-01 .. 2024-04-01
2026-06-21 14:26:02 INFO crypto_research.load:   ltcusdt: rows=1182241 2022-01-01 .. 2024-04-01
2026-06-21 14:26:02 INFO crypto_research.load:   nearusdt: rows=1182241 2022-01-01 .. 2024-04-01
2026-06-21 14:26:02 INFO crypto_research.load:   ontusdt: rows=957048 2022-06-06 .. 2024-04-01
2026-06-21 14:26:02 INFO crypto_research.load:   opusdt: rows=656821 2022-12-31 .. 2024-04-01
2026-06-21 14:26:02 INFO crypto_research.load:   paxgusdt: rows=1076619 2022-03-15 .. 2024-04-01
2026-06-21 14:26:02 INFO crypto_research.load:   sandusdt: rows=656821 2022-12-31 .. 2024-04-01
2026-06-21 14:26:02 INFO crypto_research.load:   shib1000usdt: rows=656821 2022-12-31 .. 2024-04-01
2026-06-21 14:26:02 INFO crypto_research.load:   solusdt: rows=1182241 2022-01-01 .. 2024-04-01
2026-06-21 14:26:02 INFO crypto_research.load:   storjusdt: rows=656821 2022-12-31 .. 2024-04-01
2026-06-21 14:26:02 INFO crypto_research.load:   stxusdt: rows=656821 2022-12-31 .. 2024-04-01
2026-06-21 14:26:02 INFO crypto_research.load:   trxusdt: rows=656821 2022-12-31 .. 2024-04-01
2026-06-21 14:26:02 INFO crypto_research.load:   uniusdt: rows=1182241 2022-01-01 .. 2024-04-01
2026-06-21 14:26:02 INFO crypto_research.load:   xlmusdt: rows=656821 2022-12-31 .. 2024-04-01
2026-06-21 14:26:02 INFO crypto_research.load:   xmrusdt: rows=1162824 2022-01-14 .. 2024-04-01
2026-06-21 14:26:02 INFO crypto_research.load:   xrpusdt: rows=1182241 2022-01-01 .. 2024-04-01
2026-06-21 14:26:02 INFO crypto_research.load:   zecusdt: rows=1182241 2022-01-01 .. 2024-04-01
2026-06-21 14:26:02 INFO crypto_research.load:   zenusdt: rows=656821 2022-12-31 .. 2024-04-01
2026-06-21 14:26:03 INFO crypto_research.ml_dataset: [ml] pooled daily: pairs=49 rows=32407 period=2022-01-01..2024-04-01
2026-06-21 14:26:03 INFO crypto_research.ml_dataset: [ml] pair filter: first_candle <= 2023-01-01 → 49 pairs
2026-06-21 14:26:55 INFO crypto_research.load: [1] Загрузка данных: пар=49 строк=55515524 ~1482.4 MB
2026-06-21 14:26:55 INFO crypto_research.load:   1000luncusdt: rows=1133280 2024-04-01 .. 2026-05-27
2026-06-21 14:26:55 INFO crypto_research.load:   aaveusdt: rows=1132756 2024-04-01 .. 2026-05-27
2026-06-21 14:26:55 INFO crypto_research.load:   adausdt: rows=1132756 2024-04-01 .. 2026-05-27
2026-06-21 14:26:55 INFO crypto_research.load:   algousdt: rows=1132756 2024-04-01 .. 2026-05-27
2026-06-21 14:26:55 INFO crypto_research.load:   aliceusdt: rows=1132756 2024-04-01 .. 2026-05-27
2026-06-21 14:26:55 INFO crypto_research.load:   apeusdt: rows=1133280 2024-04-01 .. 2026-05-27
2026-06-21 14:26:55 INFO crypto_research.load:   api3usdt: rows=1132756 2024-04-01 .. 2026-05-27
2026-06-21 14:26:55 INFO crypto_research.load:   aptusdt: rows=1132756 2024-04-01 .. 2026-05-27
2026-06-21 14:26:55 INFO crypto_research.load:   atomusdt: rows=1132756 2024-04-01 .. 2026-05-27
2026-06-21 14:26:55 INFO crypto_research.load:   avaxusdt: rows=1132756 2024-04-01 .. 2026-05-27
2026-06-21 14:26:55 INFO crypto_research.load:   axsusdt: rows=1133280 2024-04-01 .. 2026-05-27
2026-06-21 14:26:55 INFO crypto_research.load:   bchusdt: rows=1132756 2024-04-01 .. 2026-05-27
2026-06-21 14:26:55 INFO crypto_research.load:   bnbusdt: rows=1132756 2024-04-01 .. 2026-05-27
2026-06-21 14:26:55 INFO crypto_research.load:   btcusdt: rows=1132756 2024-04-01 .. 2026-05-27
2026-06-21 14:26:55 INFO crypto_research.load:   chzusdt: rows=1133280 2024-04-01 .. 2026-05-27
2026-06-21 14:26:55 INFO crypto_research.load:   crvusdt: rows=1132756 2024-04-01 .. 2026-05-27
2026-06-21 14:26:55 INFO crypto_research.load:   dashusdt: rows=1133280 2024-04-01 .. 2026-05-27
2026-06-21 14:26:55 INFO crypto_research.load:   dogeusdt: rows=1132756 2024-04-01 .. 2026-05-27
2026-06-21 14:26:55 INFO crypto_research.load:   dotusdt: rows=1132756 2024-04-01 .. 2026-05-27
2026-06-21 14:26:55 INFO crypto_research.load:   dydxusdt: rows=1132756 2024-04-01 .. 2026-05-27
2026-06-21 14:26:55 INFO crypto_research.load:   egldusdt: rows=1133280 2024-04-01 .. 2026-05-27
2026-06-21 14:26:55 INFO crypto_research.load:   enjusdt: rows=1132756 2024-04-01 .. 2026-05-27
2026-06-21 14:26:55 INFO crypto_research.load:   etcusdt: rows=1133280 2024-04-01 .. 2026-05-27
2026-06-21 14:26:55 INFO crypto_research.load:   ethusdt: rows=1132756 2024-04-01 .. 2026-05-27
2026-06-21 14:26:55 INFO crypto_research.load:   filusdt: rows=1132756 2024-04-01 .. 2026-05-27
2026-06-21 14:26:55 INFO crypto_research.load:   galausdt: rows=1132756 2024-04-01 .. 2026-05-27
2026-06-21 14:26:55 INFO crypto_research.load:   gmtusdt: rows=1133280 2024-04-01 .. 2026-05-27
2026-06-21 14:26:55 INFO crypto_research.load:   hbarusdt: rows=1133280 2024-04-01 .. 2026-05-27
2026-06-21 14:26:55 INFO crypto_research.load:   icpusdt: rows=1133280 2024-04-01 .. 2026-05-27
2026-06-21 14:26:55 INFO crypto_research.load:   injusdt: rows=1133280 2024-04-01 .. 2026-05-27
2026-06-21 14:26:55 INFO crypto_research.load:   ldousdt: rows=1133280 2024-04-01 .. 2026-05-27
2026-06-21 14:26:55 INFO crypto_research.load:   linkusdt: rows=1132756 2024-04-01 .. 2026-05-27
2026-06-21 14:26:55 INFO crypto_research.load:   ltcusdt: rows=1132756 2024-04-01 .. 2026-05-27
2026-06-21 14:26:55 INFO crypto_research.load:   nearusdt: rows=1132756 2024-04-01 .. 2026-05-27
2026-06-21 14:26:55 INFO crypto_research.load:   ontusdt: rows=1132756 2024-04-01 .. 2026-05-27
2026-06-21 14:26:55 INFO crypto_research.load:   opusdt: rows=1133280 2024-04-01 .. 2026-05-27
2026-06-21 14:26:55 INFO crypto_research.load:   paxgusdt: rows=1132756 2024-04-01 .. 2026-05-27
2026-06-21 14:26:55 INFO crypto_research.load:   sandusdt: rows=1133280 2024-04-01 .. 2026-05-27
2026-06-21 14:26:55 INFO crypto_research.load:   shib1000usdt: rows=1133280 2024-04-01 .. 2026-05-27
2026-06-21 14:26:55 INFO crypto_research.load:   solusdt: rows=1132756 2024-04-01 .. 2026-05-27
2026-06-21 14:26:55 INFO crypto_research.load:   storjusdt: rows=1133280 2024-04-01 .. 2026-05-27
2026-06-21 14:26:55 INFO crypto_research.load:   stxusdt: rows=1133280 2024-04-01 .. 2026-05-27
2026-06-21 14:26:55 INFO crypto_research.load:   trxusdt: rows=1133280 2024-04-01 .. 2026-05-27
2026-06-21 14:26:55 INFO crypto_research.load:   uniusdt: rows=1132756 2024-04-01 .. 2026-05-27
2026-06-21 14:26:55 INFO crypto_research.load:   xlmusdt: rows=1133280 2024-04-01 .. 2026-05-27
2026-06-21 14:26:55 INFO crypto_research.load:   xmrusdt: rows=1132756 2024-04-01 .. 2026-05-27
2026-06-21 14:26:55 INFO crypto_research.load:   xrpusdt: rows=1132756 2024-04-01 .. 2026-05-27
2026-06-21 14:26:55 INFO crypto_research.load:   zecusdt: rows=1132756 2024-04-01 .. 2026-05-27
2026-06-21 14:26:55 INFO crypto_research.load:   zenusdt: rows=1133280 2024-04-01 .. 2026-05-27
2026-06-21 14:26:56 INFO crypto_research.ml_dataset: [ml] pooled daily: pairs=49 rows=38563 period=2024-04-01..2026-05-31
2026-06-21 14:26:57 INFO crypto_research.ml_dataset: [ml] dataset studies=['day_of_week_ml'] features=['pair_id', 'weekday_enc'] rows=32407 pairs=49 up_rate=0.503
2026-06-21 14:26:57 INFO crypto_research.ml_dataset: [ml] dataset studies=['day_of_week_ml'] features=['pair_id', 'weekday_enc'] rows=38563 pairs=49 up_rate=0.478
2026-06-21 14:26:57 INFO crypto_research.ml_research: Dataset columns (7): ['day_utc', 'pair', 'weekday', 'return_pct', 'direction_up', 'pair_id', 'weekday_enc']
2026-06-21 14:26:57 INFO crypto_research.ml_research: Dataset head (50 rows):
shape: (50, 7)
┌─────────────────────────┬───────────┬─────────┬──────────────────────┬──────────────┬─────────┬─────────────┐
│ day_utc                 ┆ pair      ┆ weekday ┆ return_pct           ┆ direction_up ┆ pair_id ┆ weekday_enc │
│ ---                     ┆ ---       ┆ ---     ┆ ---                  ┆ ---          ┆ ---     ┆ ---         │
│ datetime[μs, UTC]       ┆ str       ┆ i64     ┆ f64                  ┆ i8           ┆ cat     ┆ cat         │
╞═════════════════════════╪═══════════╪═════════╪══════════════════════╪══════════════╪═════════╪═════════════╡
│ 2022-01-01 00:00:00 UTC ┆ aaveusdt  ┆ 5       ┆ 4.984243106054534    ┆ 1            ┆ 1       ┆ 5           │
│ 2022-01-01 00:00:00 UTC ┆ adausdt   ┆ 5       ┆ 5.467610434955732    ┆ 1            ┆ 2       ┆ 5           │
│ 2022-01-01 00:00:00 UTC ┆ algousdt  ┆ 5       ┆ 4.906678720130035    ┆ 1            ┆ 3       ┆ 5           │
│ 2022-01-01 00:00:00 UTC ┆ aliceusdt ┆ 5       ┆ 7.048459260231336    ┆ 1            ┆ 4       ┆ 5           │
│ 2022-01-01 00:00:00 UTC ┆ atomusdt  ┆ 5       ┆ 12.179684375310629   ┆ 1            ┆ 8       ┆ 5           │
│ 2022-01-01 00:00:00 UTC ┆ avaxusdt  ┆ 5       ┆ 4.298318986485412    ┆ 1            ┆ 9       ┆ 5           │
│ 2022-01-01 00:00:00 UTC ┆ bchusdt   ┆ 5       ┆ 3.288409206479117    ┆ 1            ┆ 11      ┆ 5           │
│ 2022-01-01 00:00:00 UTC ┆ bnbusdt   ┆ 5       ┆ 3.057535158711974    ┆ 1            ┆ 12      ┆ 5           │
│ 2022-01-01 00:00:00 UTC ┆ btcusdt   ┆ 5       ┆ 3.2878432051601174   ┆ 1            ┆ 13      ┆ 5           │
│ 2022-01-01 00:00:00 UTC ┆ crvusdt   ┆ 5       ┆ 16.406683928750976   ┆ 1            ┆ 15      ┆ 5           │
│ 2022-01-01 00:00:00 UTC ┆ dogeusdt  ┆ 5       ┆ 1.7028710327738033   ┆ 1            ┆ 17      ┆ 5           │
│ 2022-01-01 00:00:00 UTC ┆ dotusdt   ┆ 5       ┆ 7.267603627952611    ┆ 1            ┆ 18      ┆ 5           │
│ 2022-01-01 00:00:00 UTC ┆ dydxusdt  ┆ 5       ┆ 4.514530233716851    ┆ 1            ┆ 19      ┆ 5           │
│ 2022-01-01 00:00:00 UTC ┆ enjusdt   ┆ 5       ┆ 4.273509656879154    ┆ 1            ┆ 21      ┆ 5           │
│ 2022-01-01 00:00:00 UTC ┆ ethusdt   ┆ 5       ┆ 2.3372160685554877   ┆ 1            ┆ 23      ┆ 5           │
│ 2022-01-01 00:00:00 UTC ┆ filusdt   ┆ 5       ┆ 4.7897176088043745   ┆ 1            ┆ 24      ┆ 5           │
│ 2022-01-01 00:00:00 UTC ┆ galausdt  ┆ 5       ┆ 2.4742044420107923   ┆ 1            ┆ 25      ┆ 5           │
│ 2022-01-01 00:00:00 UTC ┆ linkusdt  ┆ 5       ┆ 6.339695952270143    ┆ 1            ┆ 31      ┆ 5           │
│ 2022-01-01 00:00:00 UTC ┆ ltcusdt   ┆ 5       ┆ 3.063674428791916    ┆ 1            ┆ 32      ┆ 5           │
│ 2022-01-01 00:00:00 UTC ┆ nearusdt  ┆ 5       ┆ 3.8674760244817965   ┆ 1            ┆ 33      ┆ 5           │
│ 2022-01-01 00:00:00 UTC ┆ solusdt   ┆ 5       ┆ 5.238405464133995    ┆ 1            ┆ 39      ┆ 5           │
│ 2022-01-01 00:00:00 UTC ┆ uniusdt   ┆ 5       ┆ 2.849065384621862    ┆ 1            ┆ 43      ┆ 5           │
│ 2022-01-01 00:00:00 UTC ┆ xrpusdt   ┆ 5       ┆ 2.5937980391229107   ┆ 1            ┆ 46      ┆ 5           │
│ 2022-01-01 00:00:00 UTC ┆ zecusdt   ┆ 5       ┆ 2.5597269624573378   ┆ 1            ┆ 47      ┆ 5           │
│ 2022-01-02 00:00:00 UTC ┆ aaveusdt  ┆ 6       ┆ -0.39407703600741906 ┆ 0            ┆ 1       ┆ 6           │
│ 2022-01-02 00:00:00 UTC ┆ adausdt   ┆ 6       ┆ -0.10875946275608563 ┆ 0            ┆ 2       ┆ 6           │
│ 2022-01-02 00:00:00 UTC ┆ algousdt  ┆ 6       ┆ -3.9311291141658335  ┆ 0            ┆ 3       ┆ 6           │
│ 2022-01-02 00:00:00 UTC ┆ aliceusdt ┆ 6       ┆ -2.244670376898661   ┆ 0            ┆ 4       ┆ 6           │
│ 2022-01-02 00:00:00 UTC ┆ atomusdt  ┆ 6       ┆ -2.243012652385795   ┆ 0            ┆ 8       ┆ 6           │
│ 2022-01-02 00:00:00 UTC ┆ avaxusdt  ┆ 6       ┆ -0.83300185321137    ┆ 0            ┆ 9       ┆ 6           │
│ 2022-01-02 00:00:00 UTC ┆ bchusdt   ┆ 6       ┆ 0.7199868605161669   ┆ 1            ┆ 11      ┆ 6           │
│ 2022-01-02 00:00:00 UTC ┆ bnbusdt   ┆ 6       ┆ 0.5971610263625592   ┆ 1            ┆ 12      ┆ 6           │
│ 2022-01-02 00:00:00 UTC ┆ btcusdt   ┆ 6       ┆ -0.8686176510650783  ┆ 0            ┆ 13      ┆ 6           │
│ 2022-01-02 00:00:00 UTC ┆ crvusdt   ┆ 6       ┆ -2.4862739947677244  ┆ 0            ┆ 15      ┆ 6           │
│ 2022-01-02 00:00:00 UTC ┆ dogeusdt  ┆ 6       ┆ 0.6928437860134704   ┆ 1            ┆ 17      ┆ 6           │
│ 2022-01-02 00:00:00 UTC ┆ dotusdt   ┆ 6       ┆ 3.9740905115748215   ┆ 1            ┆ 18      ┆ 6           │
│ 2022-01-02 00:00:00 UTC ┆ dydxusdt  ┆ 6       ┆ 2.9585799484383837   ┆ 1            ┆ 19      ┆ 6           │
│ 2022-01-02 00:00:00 UTC ┆ enjusdt   ┆ 6       ┆ 6.408343157884263    ┆ 1            ┆ 21      ┆ 6           │
│ 2022-01-02 00:00:00 UTC ┆ ethusdt   ┆ 6       ┆ 1.6687051723898574   ┆ 1            ┆ 23      ┆ 6           │
│ 2022-01-02 00:00:00 UTC ┆ filusdt   ┆ 6       ┆ -0.3623218067035116  ┆ 0            ┆ 24      ┆ 6           │
│ 2022-01-02 00:00:00 UTC ┆ galausdt  ┆ 6       ┆ -1.04807628206936    ┆ 0            ┆ 25      ┆ 6           │
│ 2022-01-02 00:00:00 UTC ┆ linkusdt  ┆ 6       ┆ 5.335198427129154    ┆ 1            ┆ 31      ┆ 6           │
│ 2022-01-02 00:00:00 UTC ┆ ltcusdt   ┆ 6       ┆ 0.3052162660648333   ┆ 1            ┆ 32      ┆ 6           │
│ 2022-01-02 00:00:00 UTC ┆ nearusdt  ┆ 6       ┆ -5.120597630885423   ┆ 0            ┆ 33      ┆ 6           │
│ 2022-01-02 00:00:00 UTC ┆ solusdt   ┆ 6       ┆ -1.4581008996377443  ┆ 0            ┆ 39      ┆ 6           │
│ 2022-01-02 00:00:00 UTC ┆ uniusdt   ┆ 6       ┆ 5.460167504333891    ┆ 1            ┆ 43      ┆ 6           │
│ 2022-01-02 00:00:00 UTC ┆ xrpusdt   ┆ 6       ┆ 0.9642579585941153   ┆ 1            ┆ 46      ┆ 6           │
│ 2022-01-02 00:00:00 UTC ┆ zecusdt   ┆ 6       ┆ 1.7304533134879367   ┆ 1            ┆ 47      ┆ 6           │
│ 2022-01-03 00:00:00 UTC ┆ aaveusdt  ┆ 0       ┆ 0.7158982442273308   ┆ 1            ┆ 1       ┆ 0           │
│ 2022-01-03 00:00:00 UTC ┆ adausdt   ┆ 0       ┆ -4.217172558413808   ┆ 0            ┆ 2       ┆ 0           │
└─────────────────────────┴───────────┴─────────┴──────────────────────┴──────────────┴─────────┴─────────────┘
2026-06-21 14:26:57 INFO crypto_research.ml_cpcv: [ml] X: shape=(32407, 2) columns=['pair_id', 'weekday_enc'] dtypes={'pair_id': 'category', 'weekday_enc': 'category'}
2026-06-21 14:26:57 INFO crypto_research.ml_cpcv: [ml] X head (3 rows):
  pair_id weekday_enc
0       1           5
1       2           5
2       3           5
2026-06-21 14:26:57 INFO crypto_research.ml_cpcv: [ml] y (direction_up): shape=(32407,) dtype=int8 distribution={0: 16106, 1: 16301}
2026-06-21 14:26:57 INFO crypto_research.ml_cpcv: [ml] y head (3 values): [1, 1, 1]
2026-06-21 14:26:57 INFO crypto_research.ml_cpcv: [ml] CV: CombinatorialPurgedCV n_splits=7 n_test_groups=2 embargo_days=1 n_folds=C(7,2)=21 n_days=822
2026-06-21 14:26:57 INFO crypto_research.ml_cpcv: [ml] CV time range: 2022-01-01 00:00:00+00:00 .. 2024-04-01 00:00:00+00:00 (prediction_times=evaluation_times, purge=None)
2026-06-21 14:26:57 INFO crypto_research.ml_cpcv: [ml] CV day splits:
  fold1: train_days=585 test_days=236
  fold2: train_days=584 test_days=236
  fold3: train_days=585 test_days=235
  fold4: train_days=585 test_days=235
  fold5: train_days=585 test_days=235
  fold6: train_days=586 test_days=235
  fold7: train_days=585 test_days=236
  fold8: train_days=585 test_days=235
  fold9: train_days=585 test_days=235
  fold10: train_days=585 test_days=235
  fold11: train_days=586 test_days=235
  fold12: train_days=586 test_days=235
  fold13: train_days=585 test_days=235
  fold14: train_days=585 test_days=235
  fold15: train_days=586 test_days=235
  fold16: train_days=587 test_days=234
  fold17: train_days=586 test_days=234
  fold18: train_days=587 test_days=234
  fold19: train_days=587 test_days=234
  fold20: train_days=587 test_days=234
  fold21: train_days=588 test_days=234
2026-06-21 14:26:57 INFO crypto_research.ml_cpcv: [ml] fold 1/21 → model.fit: X_train=(26071, 2) y_train=(26071,) days=('2022-08-26 00:00:00+00:00', '2024-04-01 00:00:00+00:00') dist={0: 12830, 1: 13241}
2026-06-21 14:26:57 INFO crypto_research.ml_cpcv: [ml] fold 1/21 → model.predict: X_test=(6308, 2) y_test=(6308,) days=('2022-01-01 00:00:00+00:00', '2022-08-24 00:00:00+00:00') dist={0: 3272, 1: 3036}
2026-06-21 14:26:57 INFO crypto_research.ml_cpcv: [ml] fold 1 X_train head:
     pair_id weekday_enc
6336       1           4
6337       2           4
6338       3           4
2026-06-21 14:26:57 INFO crypto_research.ml_cpcv: [ml] fold 1 y_train head: [0, 0, 0]
2026-06-21 14:26:57 INFO crypto_research.ml_cpcv: [ml] fold 1 X_test head:
  pair_id weekday_enc
0       1           5
1       2           5
2       3           5
2026-06-21 14:26:57 INFO crypto_research.ml_cpcv: [ml] fold 1 y_test head: [1, 1, 1]
2026-06-21 14:26:57 INFO crypto_research.ml_cpcv: [ml] fold 1/21 train=26071 test=6308 acc=0.5048 auc=0.5063
2026-06-21 14:26:57 INFO crypto_research.ml_cpcv: [ml] fold 2/21 → model.fit: X_train=(25942, 2) y_train=(25942,) days=('2022-04-30 00:00:00+00:00', '2024-04-01 00:00:00+00:00') dist={0: 12736, 1: 13206}
2026-06-21 14:26:57 INFO crypto_research.ml_cpcv: [ml] fold 2/21 → model.predict: X_test=(6409, 2) y_test=(6409,) days=('2022-01-01 00:00:00+00:00', '2022-12-20 00:00:00+00:00') dist={0: 3319, 1: 3090}
2026-06-21 14:26:57 INFO crypto_research.ml_cpcv: [ml] fold 2/21 train=25942 test=6409 acc=0.5122 auc=0.5156
2026-06-21 14:26:57 INFO crypto_research.ml_cpcv: [ml] fold 3/21 → model.fit: X_train=(23756, 2) y_train=(23756,) days=('2022-04-30 00:00:00+00:00', '2024-04-01 00:00:00+00:00') dist={0: 11899, 1: 11857}
2026-06-21 14:26:57 INFO crypto_research.ml_cpcv: [ml] fold 3/21 → model.predict: X_test=(8575, 2) y_test=(8575,) days=('2022-01-01 00:00:00+00:00', '2023-04-16 00:00:00+00:00') dist={0: 4141, 1: 4434}
2026-06-21 14:26:57 INFO crypto_research.ml_cpcv: [ml] fold 3/21 train=23756 test=8575 acc=0.4977 auc=0.5019
2026-06-21 14:26:57 INFO crypto_research.ml_cpcv: [ml] fold 4/21 → model.fit: X_train=(23556, 2) y_train=(23556,) days=('2022-04-30 00:00:00+00:00', '2024-04-01 00:00:00+00:00') dist={0: 11482, 1: 12074}
2026-06-21 14:26:57 INFO crypto_research.ml_cpcv: [ml] fold 4/21 → model.predict: X_test=(8775, 2) y_test=(8775,) days=('2022-01-01 00:00:00+00:00', '2023-08-11 00:00:00+00:00') dist={0: 4583, 1: 4192}
2026-06-21 14:26:57 INFO crypto_research.ml_cpcv: [ml] fold 4/21 train=23556 test=8775 acc=0.4604 auc=0.4815
2026-06-21 14:26:57 INFO crypto_research.ml_cpcv: [ml] fold 5/21 → model.fit: X_train=(23556, 2) y_train=(23556,) days=('2022-04-30 00:00:00+00:00', '2024-04-01 00:00:00+00:00') dist={0: 11760, 1: 11796}
2026-06-21 14:26:57 INFO crypto_research.ml_cpcv: [ml] fold 5/21 → model.predict: X_test=(8775, 2) y_test=(8775,) days=('2022-01-01 00:00:00+00:00', '2023-12-06 00:00:00+00:00') dist={0: 4314, 1: 4461}
2026-06-21 14:26:57 INFO crypto_research.ml_cpcv: [ml] fold 5/21 train=23556 test=8775 acc=0.5115 auc=0.5178
2026-06-21 14:26:57 INFO crypto_research.ml_cpcv: [ml] fold 6/21 → model.fit: X_train=(23605, 2) y_train=(23605,) days=('2022-04-30 00:00:00+00:00', '2023-12-06 00:00:00+00:00') dist={0: 11798, 1: 11807}
2026-06-21 14:26:57 INFO crypto_research.ml_cpcv: [ml] fold 6/21 → model.predict: X_test=(8775, 2) y_test=(8775,) days=('2022-01-01 00:00:00+00:00', '2024-04-01 00:00:00+00:00') dist={0: 4282, 1: 4493}
2026-06-21 14:26:58 INFO crypto_research.ml_cpcv: [ml] fold 6/21 train=23605 test=8775 acc=0.4779 auc=0.4652
2026-06-21 14:26:58 INFO crypto_research.ml_cpcv: [ml] fold 7/21 → model.fit: X_train=(25745, 2) y_train=(25745,) days=('2022-01-01 00:00:00+00:00', '2024-04-01 00:00:00+00:00') dist={0: 12612, 1: 13133}
2026-06-21 14:26:58 INFO crypto_research.ml_cpcv: [ml] fold 7/21 → model.predict: X_test=(6633, 2) y_test=(6633,) days=('2022-04-29 00:00:00+00:00', '2022-12-20 00:00:00+00:00') dist={0: 3469, 1: 3164}
2026-06-21 14:26:58 INFO crypto_research.ml_cpcv: [ml] fold 7/21 train=25745 test=6633 acc=0.4901 auc=0.4901
2026-06-21 14:26:58 INFO crypto_research.ml_cpcv: [ml] fold 8/21 → model.fit: X_train=(23531, 2) y_train=(23531,) days=('2022-01-01 00:00:00+00:00', '2024-04-01 00:00:00+00:00') dist={0: 11771, 1: 11760}
2026-06-21 14:26:58 INFO crypto_research.ml_cpcv: [ml] fold 8/21 → model.predict: X_test=(8799, 2) y_test=(8799,) days=('2022-04-29 00:00:00+00:00', '2023-04-16 00:00:00+00:00') dist={0: 4291, 1: 4508}
2026-06-21 14:26:58 INFO crypto_research.ml_cpcv: [ml] fold 8/21 train=23531 test=8799 acc=0.4879 auc=0.4822
2026-06-21 14:26:58 INFO crypto_research.ml_cpcv: [ml] fold 9/21 → model.fit: X_train=(23331, 2) y_train=(23331,) days=('2022-01-01 00:00:00+00:00', '2024-04-01 00:00:00+00:00') dist={0: 11354, 1: 11977}
2026-06-21 14:26:58 INFO crypto_research.ml_cpcv: [ml] fold 9/21 → model.predict: X_test=(8999, 2) y_test=(8999,) days=('2022-04-29 00:00:00+00:00', '2023-08-11 00:00:00+00:00') dist={0: 4733, 1: 4266}
2026-06-21 14:26:58 INFO crypto_research.ml_cpcv: [ml] fold 9/21 train=23331 test=8999 acc=0.4724 auc=0.4883
2026-06-21 14:26:58 INFO crypto_research.ml_cpcv: [ml] fold 10/21 → model.fit: X_train=(23331, 2) y_train=(23331,) days=('2022-01-01 00:00:00+00:00', '2024-04-01 00:00:00+00:00') dist={0: 11632, 1: 11699}
2026-06-21 14:26:58 INFO crypto_research.ml_cpcv: [ml] fold 10/21 → model.predict: X_test=(8999, 2) y_test=(8999,) days=('2022-04-29 00:00:00+00:00', '2023-12-06 00:00:00+00:00') dist={0: 4464, 1: 4535}
2026-06-21 14:26:58 INFO crypto_research.ml_cpcv: [ml] fold 10/21 train=23331 test=8999 acc=0.5068 auc=0.5095
2026-06-21 14:26:58 INFO crypto_research.ml_cpcv: [ml] fold 11/21 → model.fit: X_train=(23380, 2) y_train=(23380,) days=('2022-01-01 00:00:00+00:00', '2023-12-06 00:00:00+00:00') dist={0: 11670, 1: 11710}
2026-06-21 14:26:58 INFO crypto_research.ml_cpcv: [ml] fold 11/21 → model.predict: X_test=(8999, 2) y_test=(8999,) days=('2022-04-29 00:00:00+00:00', '2024-04-01 00:00:00+00:00') dist={0: 4432, 1: 4567}
2026-06-21 14:26:58 INFO crypto_research.ml_cpcv: [ml] fold 11/21 train=23380 test=8999 acc=0.4628 auc=0.4533
2026-06-21 14:26:58 INFO crypto_research.ml_cpcv: [ml] fold 12/21 → model.fit: X_train=(23458, 2) y_train=(23458,) days=('2022-01-01 00:00:00+00:00', '2024-04-01 00:00:00+00:00') dist={0: 11728, 1: 11730}
2026-06-21 14:26:58 INFO crypto_research.ml_cpcv: [ml] fold 12/21 → model.predict: X_test=(8900, 2) y_test=(8900,) days=('2022-08-25 00:00:00+00:00', '2023-04-16 00:00:00+00:00') dist={0: 4338, 1: 4562}
2026-06-21 14:26:58 INFO crypto_research.ml_cpcv: [ml] fold 12/21 train=23458 test=8900 acc=0.4935 auc=0.4967
2026-06-21 14:26:58 INFO crypto_research.ml_cpcv: [ml] fold 13/21 → model.fit: X_train=(23229, 2) y_train=(23229,) days=('2022-01-01 00:00:00+00:00', '2024-04-01 00:00:00+00:00') dist={0: 11286, 1: 11943}
2026-06-21 14:26:58 INFO crypto_research.ml_cpcv: [ml] fold 13/21 → model.predict: X_test=(9100, 2) y_test=(9100,) days=('2022-08-25 00:00:00+00:00', '2023-08-11 00:00:00+00:00') dist={0: 4780, 1: 4320}
2026-06-21 14:26:58 INFO crypto_research.ml_cpcv: [ml] fold 13/21 train=23229 test=9100 acc=0.4740 auc=0.4886
2026-06-21 14:26:58 INFO crypto_research.ml_cpcv: [ml] fold 14/21 → model.fit: X_train=(23229, 2) y_train=(23229,) days=('2022-01-01 00:00:00+00:00', '2024-04-01 00:00:00+00:00') dist={0: 11564, 1: 11665}
2026-06-21 14:26:58 INFO crypto_research.ml_cpcv: [ml] fold 14/21 → model.predict: X_test=(9100, 2) y_test=(9100,) days=('2022-08-25 00:00:00+00:00', '2023-12-06 00:00:00+00:00') dist={0: 4511, 1: 4589}
2026-06-21 14:26:58 INFO crypto_research.ml_cpcv: [ml] fold 14/21 train=23229 test=9100 acc=0.5187 auc=0.5279
2026-06-21 14:26:58 INFO crypto_research.ml_cpcv: [ml] fold 15/21 → model.fit: X_train=(23278, 2) y_train=(23278,) days=('2022-01-01 00:00:00+00:00', '2023-12-06 00:00:00+00:00') dist={0: 11602, 1: 11676}
2026-06-21 14:26:58 INFO crypto_research.ml_cpcv: [ml] fold 15/21 → model.predict: X_test=(9100, 2) y_test=(9100,) days=('2022-08-25 00:00:00+00:00', '2024-04-01 00:00:00+00:00') dist={0: 4479, 1: 4621}
2026-06-21 14:26:58 INFO crypto_research.ml_cpcv: [ml] fold 15/21 train=23278 test=9100 acc=0.4653 auc=0.4536
2026-06-21 14:26:58 INFO crypto_research.ml_cpcv: [ml] fold 16/21 → model.fit: X_train=(21092, 2) y_train=(21092,) days=('2022-01-01 00:00:00+00:00', '2024-04-01 00:00:00+00:00') dist={0: 10489, 1: 10603}
2026-06-21 14:26:58 INFO crypto_research.ml_cpcv: [ml] fold 16/21 → model.predict: X_test=(11266, 2) y_test=(11266,) days=('2022-12-21 00:00:00+00:00', '2023-08-11 00:00:00+00:00') dist={0: 5602, 1: 5664}
2026-06-21 14:26:58 INFO crypto_research.ml_cpcv: [ml] fold 16/21 train=21092 test=11266 acc=0.4774 auc=0.4766
2026-06-21 14:26:58 INFO crypto_research.ml_cpcv: [ml] fold 17/21 → model.fit: X_train=(21043, 2) y_train=(21043,) days=('2022-01-01 00:00:00+00:00', '2024-04-01 00:00:00+00:00') dist={0: 10727, 1: 10316}
2026-06-21 14:26:58 INFO crypto_research.ml_cpcv: [ml] fold 17/21 → model.predict: X_test=(11266, 2) y_test=(11266,) days=('2022-12-21 00:00:00+00:00', '2023-12-06 00:00:00+00:00') dist={0: 5333, 1: 5933}
2026-06-21 14:26:58 INFO crypto_research.ml_cpcv: [ml] fold 17/21 train=21043 test=11266 acc=0.5080 auc=0.5121
2026-06-21 14:26:58 INFO crypto_research.ml_cpcv: [ml] fold 18/21 → model.fit: X_train=(21092, 2) y_train=(21092,) days=('2022-01-01 00:00:00+00:00', '2023-12-06 00:00:00+00:00') dist={0: 10765, 1: 10327}
2026-06-21 14:26:58 INFO crypto_research.ml_cpcv: [ml] fold 18/21 → model.predict: X_test=(11266, 2) y_test=(11266,) days=('2022-12-21 00:00:00+00:00', '2024-04-01 00:00:00+00:00') dist={0: 5301, 1: 5965}
2026-06-21 14:26:58 INFO crypto_research.ml_cpcv: [ml] fold 18/21 train=21092 test=11266 acc=0.4705 auc=0.4773
2026-06-21 14:26:58 INFO crypto_research.ml_cpcv: [ml] fold 19/21 → model.fit: X_train=(20892, 2) y_train=(20892,) days=('2022-01-01 00:00:00+00:00', '2024-04-01 00:00:00+00:00') dist={0: 10325, 1: 10567}
2026-06-21 14:26:58 INFO crypto_research.ml_cpcv: [ml] fold 19/21 → model.predict: X_test=(11466, 2) y_test=(11466,) days=('2023-04-17 00:00:00+00:00', '2023-12-06 00:00:00+00:00') dist={0: 5775, 1: 5691}
2026-06-21 14:26:59 INFO crypto_research.ml_cpcv: [ml] fold 19/21 train=20892 test=11466 acc=0.5059 auc=0.5022
2026-06-21 14:26:59 INFO crypto_research.ml_cpcv: [ml] fold 20/21 → model.fit: X_train=(20892, 2) y_train=(20892,) days=('2022-01-01 00:00:00+00:00', '2023-12-06 00:00:00+00:00') dist={0: 10348, 1: 10544}
2026-06-21 14:26:59 INFO crypto_research.ml_cpcv: [ml] fold 20/21 → model.predict: X_test=(11466, 2) y_test=(11466,) days=('2023-04-17 00:00:00+00:00', '2024-04-01 00:00:00+00:00') dist={0: 5743, 1: 5723}
2026-06-21 14:26:59 INFO crypto_research.ml_cpcv: [ml] fold 20/21 train=20892 test=11466 acc=0.5095 auc=0.5117
2026-06-21 14:26:59 INFO crypto_research.ml_cpcv: [ml] fold 21/21 → model.fit: X_train=(20941, 2) y_train=(20941,) days=('2022-01-01 00:00:00+00:00', '2023-08-11 00:00:00+00:00') dist={0: 10632, 1: 10309}
2026-06-21 14:26:59 INFO crypto_research.ml_cpcv: [ml] fold 21/21 → model.predict: X_test=(11466, 2) y_test=(11466,) days=('2023-08-12 00:00:00+00:00', '2024-04-01 00:00:00+00:00') dist={0: 5474, 1: 5992}
2026-06-21 14:26:59 INFO crypto_research.ml_cpcv: [ml] fold 21/21 train=20941 test=11466 acc=0.4786 auc=0.4757
2026-06-21 14:26:59 INFO crypto_research.ml_cpcv: [ml] CPCV mean: folds=21 acc=0.4898 logloss=0.6994 auc=0.4921
2026-06-21 14:26:59 INFO crypto_research.ml_cpcv: [ml] OOS paths: rows=32407 cols=[time_ns, y_prob, y_true] folds_merged=21
2026-06-21 14:26:59 INFO crypto_research.ml_cpcv: [ml] OOS calibration: brier=0.2526 ece=0.0417
2026-06-21 14:26:59 INFO crypto_research.ml_cpcv: [ml] OOS weekday Пн: n=4657 base_up=0.4909 pred_up=0.3837 acc=0.4518 logloss=0.7014 auc=0.4234
2026-06-21 14:26:59 INFO crypto_research.ml_cpcv: [ml] OOS weekday Вт: n=4609 base_up=0.5144 pred_up=0.7190 acc=0.4391 logloss=0.7043 auc=0.3815
2026-06-21 14:26:59 INFO crypto_research.ml_cpcv: [ml] OOS weekday Ср: n=4610 base_up=0.4948 pred_up=0.3727 acc=0.4584 logloss=0.6999 auc=0.4384
2026-06-21 14:26:59 INFO crypto_research.ml_cpcv: [ml] OOS weekday Чт: n=4610 base_up=0.4584 pred_up=0.0681 acc=0.5260 logloss=0.6956 auc=0.4594
2026-06-21 14:26:59 INFO crypto_research.ml_cpcv: [ml] OOS weekday Пт: n=4611 base_up=0.5591 pred_up=0.9896 acc=0.5569 logloss=0.6907 auc=0.4710
2026-06-21 14:26:59 INFO crypto_research.ml_cpcv: [ml] OOS weekday Сб: n=4655 base_up=0.5214 pred_up=0.7295 acc=0.5031 logloss=0.6970 auc=0.4834
2026-06-21 14:26:59 INFO crypto_research.ml_cpcv: [ml] OOS weekday Вс: n=4655 base_up=0.4823 pred_up=0.2780 acc=0.4881 logloss=0.7003 auc=0.4462
2026-06-21 14:27:00 INFO crypto_research.ml_oos_paths: [ml] OOS plot saved: /home_admin/crypto_bot/crypto_research/research_outputs/day_of_week/ml/plots/weekday_direction_49pairs_20220101_20240401_oos_prob.png (weekdays=7 calendar_days=822 rows=32407)
2026-06-21 14:27:01 INFO crypto_research.ml_oos_paths: [ml] OOS calibration plot saved: /home_admin/crypto_bot/crypto_research/research_outputs/day_of_week/ml/plots/weekday_direction_49pairs_20220101_20240401_oos_calibration.png (brier=0.2526 ece=0.0417 rows=32407)
2026-06-21 14:27:01 INFO crypto_research.ml_learning_curve: [ml] early stopping (holdout): fit_rows=32407 eval_rows=38563 best_iteration=60 eval_logloss=0.6917
2026-06-21 14:27:01 INFO crypto_research.ml_learning_curve: [ml] learning curve saved: /home_admin/crypto_bot/crypto_research/research_outputs/day_of_week/ml/plots/weekday_direction_49pairs_20220101_20260531_learning_curve.png (best_iter=60)
2026-06-21 14:27:01 INFO crypto_research.ml_learning_curve: [ml] learning curve log saved: /home_admin/crypto_bot/crypto_research/research_outputs/day_of_week/ml/weekday_direction_49pairs_20220101_20260531_learning_curve.log (110 iterations)
2026-06-21 14:27:01 INFO crypto_research.ml_plot_registry: [ml] plot: oos_prob
2026-06-21 14:27:02 INFO crypto_research.ml_oos_paths: [ml] OOS plot saved: /home_admin/crypto_bot/crypto_research/research_outputs/day_of_week/ml/plots/weekday_direction_49pairs_20240401_20260531_oos_prob.png (weekdays=7 calendar_days=787 rows=38563)
2026-06-21 14:27:02 INFO crypto_research.ml_plot_registry: [ml] plot: oos_calibration
2026-06-21 14:27:03 INFO crypto_research.ml_oos_paths: [ml] OOS calibration plot saved: /home_admin/crypto_bot/crypto_research/research_outputs/day_of_week/ml/plots/weekday_direction_49pairs_20240401_20260531_oos_calibration.png (brier=0.2493 ece=0.0262 rows=38563)
2026-06-21 14:27:03 INFO crypto_research.ml_plot_registry: [ml] plot: weekday_pair_summary
2026-06-21 14:27:05 INFO crypto_research.ml_oos_paths: [ml] Weekday×pair summary plot saved: /home_admin/crypto_bot/crypto_research/research_outputs/day_of_week/ml/plots/weekday_direction_49pairs_20240401_20260531_weekday_pair_summary.png (pairs=49 rows=38563)
2026-06-21 14:27:06 INFO crypto_research.ml_oos_paths: [ml] Weekday×pair summary plot saved: /home_admin/crypto_bot/crypto_research/research_outputs/day_of_week/ml/plots/weekday_direction_49pairs_20220101_20240401_weekday_pair_summary.png (pairs=49 rows=32407)
2026-06-21 14:27:06 INFO crypto_research.ml_plot_registry: [ml] plot: roc_auc
2026-06-21 14:27:06 INFO crypto_research.ml_oos_paths: [ml] ROC AUC comparison plot saved: /home_admin/crypto_bot/crypto_research/research_outputs/day_of_week/ml/plots/weekday_direction_49pairs_20220101_20260531_roc_auc.png
2026-06-21 14:27:06 INFO crypto_research.ml_plot_registry: [ml] plot: learning_curve
2026-06-21 14:27:06 INFO crypto_research.ml_plot_registry: [ml] plot: correlation_matrix_heatmap
2026-06-21 14:27:06 INFO crypto_research.ml_feature_diagnostic_plots: [ml] feature corr pair_id vs weekday_enc: 0.0000
2026-06-21 14:27:06 INFO crypto_research.ml_feature_diagnostic_plots: [ml] correlation matrix heatmap saved: /home_admin/crypto_bot/crypto_research/research_outputs/day_of_week/ml/plots/weekday_direction_49pairs_20240401_20260531_correlation_matrix.png
2026-06-21 14:27:06 INFO crypto_research.ml_plot_registry: [ml] plot: shape_summary_plot
2026-06-21 14:27:06 INFO crypto_research.ml_shap_plots: [ml] SHAP subsample: 3000 / 38563 rows
2026-06-21 14:27:07 INFO crypto_research.ml_shap_plots: [ml] SHAP summary plot saved: /home_admin/crypto_bot/crypto_research/research_outputs/day_of_week/ml/plots/weekday_direction_49pairs_20240401_20260531_shape_summary.png
2026-06-21 14:27:07 INFO crypto_research.ml_plot_registry: [ml] plot: feature_prob_dependence
2026-06-21 14:27:07 INFO crypto_research.ml_feature_dependence_plot: [ml] feature P(up) dependence plot saved: /home_admin/crypto_bot/crypto_research/research_outputs/day_of_week/ml/plots/weekday_direction_49pairs_20240401_20260531_feature_prob_dependence.png (features=['weekday_enc'])
2026-06-21 14:27:07 INFO crypto_research.ml_plot_registry: [ml] plot: prob_return_dependence
2026-06-21 14:27:08 INFO crypto_research.ml_prob_return_dependence_plot: [ml] P(up) vs return plot saved: /home_admin/crypto_bot/crypto_research/research_outputs/day_of_week/ml/plots/weekday_direction_49pairs_20240401_20260531_prob_return_dependence.png (train=32407 test=38563 t_long=0.5362182888784225 t_short=None edge=0.40% smooth=gauss σ=4)
2026-06-21 14:27:08 INFO crypto_research.ml_plot_registry: [ml] plot: p_up_density_split
2026-06-21 14:27:08 INFO crypto_research.ml_p_up_density_split_plot: [ml] P(up) density split plot saved: /home_admin/crypto_bot/crypto_research/research_outputs/day_of_week/ml/plots/weekday_direction_49pairs_20220101_20240401_p_up_density_split.png (method=valley threshold=0.00390625 otsu=0.50390625 valley=0.00390625)
2026-06-21 14:27:11 INFO crypto_research.ml_research: [ml] train/test metrics saved: /home_admin/crypto_bot/crypto_research/research_outputs/day_of_week/ml/metrics/weekday_direction_49pairs_20220101_20260531_train_test.json
2026-06-21 14:27:11 INFO crypto_research.ml_research: [ml] metrics summary saved: /home_admin/crypto_bot/crypto_research/research_outputs/day_of_week/ml/metrics/weekday_direction_49pairs_20220101_20260531_metrics_summary.json
2026-06-21 14:34:29 INFO crypto_research.ml_research: [ml] log file: /home_admin/crypto_bot/crypto_research/research_outputs/day_of_week/ml/weekday_direction_20220101_20260531.log
2026-06-21 14:34:29 INFO crypto_research.ml_dataset: [ml] pair filter: first_candle <= 2023-01-01 → 49 pairs
2026-06-21 14:34:46 INFO crypto_research.load: [1] Загрузка данных: пар=49 строк=46567998 ~1243.5 MB
2026-06-21 14:34:46 INFO crypto_research.load:   1000luncusdt: rows=656821 2022-12-31 .. 2024-04-01
2026-06-21 14:34:46 INFO crypto_research.load:   aaveusdt: rows=1182241 2022-01-01 .. 2024-04-01
2026-06-21 14:34:46 INFO crypto_research.load:   adausdt: rows=1182241 2022-01-01 .. 2024-04-01
2026-06-21 14:34:46 INFO crypto_research.load:   algousdt: rows=1182241 2022-01-01 .. 2024-04-01
2026-06-21 14:34:46 INFO crypto_research.load:   aliceusdt: rows=1182241 2022-01-01 .. 2024-04-01
2026-06-21 14:34:46 INFO crypto_research.load:   apeusdt: rows=656821 2022-12-31 .. 2024-04-01
2026-06-21 14:34:46 INFO crypto_research.load:   api3usdt: rows=1098270 2022-02-28 .. 2024-04-01
2026-06-21 14:34:46 INFO crypto_research.load:   aptusdt: rows=763033 2022-10-19 .. 2024-04-01
2026-06-21 14:34:46 INFO crypto_research.load:   atomusdt: rows=1182241 2022-01-01 .. 2024-04-01
2026-06-21 14:34:46 INFO crypto_research.load:   avaxusdt: rows=1182241 2022-01-01 .. 2024-04-01
2026-06-21 14:34:46 INFO crypto_research.load:   axsusdt: rows=656821 2022-12-31 .. 2024-04-01
2026-06-21 14:34:46 INFO crypto_research.load:   bchusdt: rows=1182241 2022-01-01 .. 2024-04-01
2026-06-21 14:34:46 INFO crypto_research.load:   bnbusdt: rows=1182241 2022-01-01 .. 2024-04-01
2026-06-21 14:34:46 INFO crypto_research.load:   btcusdt: rows=1182241 2022-01-01 .. 2024-04-01
2026-06-21 14:34:46 INFO crypto_research.load:   chzusdt: rows=656821 2022-12-31 .. 2024-04-01
2026-06-21 14:34:46 INFO crypto_research.load:   crvusdt: rows=1182241 2022-01-01 .. 2024-04-01
2026-06-21 14:34:46 INFO crypto_research.load:   dashusdt: rows=656821 2022-12-31 .. 2024-04-01
2026-06-21 14:34:46 INFO crypto_research.load:   dogeusdt: rows=1182241 2022-01-01 .. 2024-04-01
2026-06-21 14:34:46 INFO crypto_research.load:   dotusdt: rows=1182241 2022-01-01 .. 2024-04-01
2026-06-21 14:34:46 INFO crypto_research.load:   dydxusdt: rows=1182241 2022-01-01 .. 2024-04-01
2026-06-21 14:34:46 INFO crypto_research.load:   egldusdt: rows=656821 2022-12-31 .. 2024-04-01
2026-06-21 14:34:46 INFO crypto_research.load:   enjusdt: rows=1182241 2022-01-01 .. 2024-04-01
2026-06-21 14:34:46 INFO crypto_research.load:   etcusdt: rows=656821 2022-12-31 .. 2024-04-01
2026-06-21 14:34:46 INFO crypto_research.load:   ethusdt: rows=1182241 2022-01-01 .. 2024-04-01
2026-06-21 14:34:46 INFO crypto_research.load:   filusdt: rows=1182241 2022-01-01 .. 2024-04-01
2026-06-21 14:34:46 INFO crypto_research.load:   galausdt: rows=1182241 2022-01-01 .. 2024-04-01
2026-06-21 14:34:46 INFO crypto_research.load:   gmtusdt: rows=656821 2022-12-31 .. 2024-04-01
2026-06-21 14:34:46 INFO crypto_research.load:   hbarusdt: rows=656821 2022-12-31 .. 2024-04-01
2026-06-21 14:34:46 INFO crypto_research.load:   icpusdt: rows=656821 2022-12-31 .. 2024-04-01
2026-06-21 14:34:46 INFO crypto_research.load:   injusdt: rows=656821 2022-12-31 .. 2024-04-01
2026-06-21 14:34:46 INFO crypto_research.load:   ldousdt: rows=656821 2022-12-31 .. 2024-04-01
2026-06-21 14:34:46 INFO crypto_research.load:   linkusdt: rows=1182241 2022-01-01 .. 2024-04-01
2026-06-21 14:34:46 INFO crypto_research.load:   ltcusdt: rows=1182241 2022-01-01 .. 2024-04-01
2026-06-21 14:34:46 INFO crypto_research.load:   nearusdt: rows=1182241 2022-01-01 .. 2024-04-01
2026-06-21 14:34:46 INFO crypto_research.load:   ontusdt: rows=957048 2022-06-06 .. 2024-04-01
2026-06-21 14:34:46 INFO crypto_research.load:   opusdt: rows=656821 2022-12-31 .. 2024-04-01
2026-06-21 14:34:46 INFO crypto_research.load:   paxgusdt: rows=1076619 2022-03-15 .. 2024-04-01
2026-06-21 14:34:46 INFO crypto_research.load:   sandusdt: rows=656821 2022-12-31 .. 2024-04-01
2026-06-21 14:34:46 INFO crypto_research.load:   shib1000usdt: rows=656821 2022-12-31 .. 2024-04-01
2026-06-21 14:34:46 INFO crypto_research.load:   solusdt: rows=1182241 2022-01-01 .. 2024-04-01
2026-06-21 14:34:46 INFO crypto_research.load:   storjusdt: rows=656821 2022-12-31 .. 2024-04-01
2026-06-21 14:34:46 INFO crypto_research.load:   stxusdt: rows=656821 2022-12-31 .. 2024-04-01
2026-06-21 14:34:46 INFO crypto_research.load:   trxusdt: rows=656821 2022-12-31 .. 2024-04-01
2026-06-21 14:34:46 INFO crypto_research.load:   uniusdt: rows=1182241 2022-01-01 .. 2024-04-01
2026-06-21 14:34:46 INFO crypto_research.load:   xlmusdt: rows=656821 2022-12-31 .. 2024-04-01
2026-06-21 14:34:46 INFO crypto_research.load:   xmrusdt: rows=1162824 2022-01-14 .. 2024-04-01
2026-06-21 14:34:46 INFO crypto_research.load:   xrpusdt: rows=1182241 2022-01-01 .. 2024-04-01
2026-06-21 14:34:46 INFO crypto_research.load:   zecusdt: rows=1182241 2022-01-01 .. 2024-04-01
2026-06-21 14:34:46 INFO crypto_research.load:   zenusdt: rows=656821 2022-12-31 .. 2024-04-01
2026-06-21 14:34:47 INFO crypto_research.ml_dataset: [ml] pooled daily: pairs=49 rows=32407 period=2022-01-01..2024-04-01
2026-06-21 14:34:47 INFO crypto_research.ml_dataset: [ml] pair filter: first_candle <= 2023-01-01 → 49 pairs
2026-06-21 14:35:04 INFO crypto_research.load: [1] Загрузка данных: пар=49 строк=55515524 ~1482.4 MB
2026-06-21 14:35:04 INFO crypto_research.load:   1000luncusdt: rows=1133280 2024-04-01 .. 2026-05-27
2026-06-21 14:35:04 INFO crypto_research.load:   aaveusdt: rows=1132756 2024-04-01 .. 2026-05-27
2026-06-21 14:35:04 INFO crypto_research.load:   adausdt: rows=1132756 2024-04-01 .. 2026-05-27
2026-06-21 14:35:04 INFO crypto_research.load:   algousdt: rows=1132756 2024-04-01 .. 2026-05-27
2026-06-21 14:35:04 INFO crypto_research.load:   aliceusdt: rows=1132756 2024-04-01 .. 2026-05-27
2026-06-21 14:35:04 INFO crypto_research.load:   apeusdt: rows=1133280 2024-04-01 .. 2026-05-27
2026-06-21 14:35:04 INFO crypto_research.load:   api3usdt: rows=1132756 2024-04-01 .. 2026-05-27
2026-06-21 14:35:04 INFO crypto_research.load:   aptusdt: rows=1132756 2024-04-01 .. 2026-05-27
2026-06-21 14:35:04 INFO crypto_research.load:   atomusdt: rows=1132756 2024-04-01 .. 2026-05-27
2026-06-21 14:35:04 INFO crypto_research.load:   avaxusdt: rows=1132756 2024-04-01 .. 2026-05-27
2026-06-21 14:35:04 INFO crypto_research.load:   axsusdt: rows=1133280 2024-04-01 .. 2026-05-27
2026-06-21 14:35:04 INFO crypto_research.load:   bchusdt: rows=1132756 2024-04-01 .. 2026-05-27
2026-06-21 14:35:04 INFO crypto_research.load:   bnbusdt: rows=1132756 2024-04-01 .. 2026-05-27
2026-06-21 14:35:04 INFO crypto_research.load:   btcusdt: rows=1132756 2024-04-01 .. 2026-05-27
2026-06-21 14:35:04 INFO crypto_research.load:   chzusdt: rows=1133280 2024-04-01 .. 2026-05-27
2026-06-21 14:35:04 INFO crypto_research.load:   crvusdt: rows=1132756 2024-04-01 .. 2026-05-27
2026-06-21 14:35:04 INFO crypto_research.load:   dashusdt: rows=1133280 2024-04-01 .. 2026-05-27
2026-06-21 14:35:04 INFO crypto_research.load:   dogeusdt: rows=1132756 2024-04-01 .. 2026-05-27
2026-06-21 14:35:04 INFO crypto_research.load:   dotusdt: rows=1132756 2024-04-01 .. 2026-05-27
2026-06-21 14:35:04 INFO crypto_research.load:   dydxusdt: rows=1132756 2024-04-01 .. 2026-05-27
2026-06-21 14:35:04 INFO crypto_research.load:   egldusdt: rows=1133280 2024-04-01 .. 2026-05-27
2026-06-21 14:35:04 INFO crypto_research.load:   enjusdt: rows=1132756 2024-04-01 .. 2026-05-27
2026-06-21 14:35:04 INFO crypto_research.load:   etcusdt: rows=1133280 2024-04-01 .. 2026-05-27
2026-06-21 14:35:04 INFO crypto_research.load:   ethusdt: rows=1132756 2024-04-01 .. 2026-05-27
2026-06-21 14:35:04 INFO crypto_research.load:   filusdt: rows=1132756 2024-04-01 .. 2026-05-27
2026-06-21 14:35:04 INFO crypto_research.load:   galausdt: rows=1132756 2024-04-01 .. 2026-05-27
2026-06-21 14:35:04 INFO crypto_research.load:   gmtusdt: rows=1133280 2024-04-01 .. 2026-05-27
2026-06-21 14:35:04 INFO crypto_research.load:   hbarusdt: rows=1133280 2024-04-01 .. 2026-05-27
2026-06-21 14:35:04 INFO crypto_research.load:   icpusdt: rows=1133280 2024-04-01 .. 2026-05-27
2026-06-21 14:35:04 INFO crypto_research.load:   injusdt: rows=1133280 2024-04-01 .. 2026-05-27
2026-06-21 14:35:04 INFO crypto_research.load:   ldousdt: rows=1133280 2024-04-01 .. 2026-05-27
2026-06-21 14:35:04 INFO crypto_research.load:   linkusdt: rows=1132756 2024-04-01 .. 2026-05-27
2026-06-21 14:35:04 INFO crypto_research.load:   ltcusdt: rows=1132756 2024-04-01 .. 2026-05-27
2026-06-21 14:35:04 INFO crypto_research.load:   nearusdt: rows=1132756 2024-04-01 .. 2026-05-27
2026-06-21 14:35:04 INFO crypto_research.load:   ontusdt: rows=1132756 2024-04-01 .. 2026-05-27
2026-06-21 14:35:04 INFO crypto_research.load:   opusdt: rows=1133280 2024-04-01 .. 2026-05-27
2026-06-21 14:35:04 INFO crypto_research.load:   paxgusdt: rows=1132756 2024-04-01 .. 2026-05-27
2026-06-21 14:35:04 INFO crypto_research.load:   sandusdt: rows=1133280 2024-04-01 .. 2026-05-27
2026-06-21 14:35:04 INFO crypto_research.load:   shib1000usdt: rows=1133280 2024-04-01 .. 2026-05-27
2026-06-21 14:35:04 INFO crypto_research.load:   solusdt: rows=1132756 2024-04-01 .. 2026-05-27
2026-06-21 14:35:04 INFO crypto_research.load:   storjusdt: rows=1133280 2024-04-01 .. 2026-05-27
2026-06-21 14:35:04 INFO crypto_research.load:   stxusdt: rows=1133280 2024-04-01 .. 2026-05-27
2026-06-21 14:35:04 INFO crypto_research.load:   trxusdt: rows=1133280 2024-04-01 .. 2026-05-27
2026-06-21 14:35:04 INFO crypto_research.load:   uniusdt: rows=1132756 2024-04-01 .. 2026-05-27
2026-06-21 14:35:04 INFO crypto_research.load:   xlmusdt: rows=1133280 2024-04-01 .. 2026-05-27
2026-06-21 14:35:04 INFO crypto_research.load:   xmrusdt: rows=1132756 2024-04-01 .. 2026-05-27
2026-06-21 14:35:04 INFO crypto_research.load:   xrpusdt: rows=1132756 2024-04-01 .. 2026-05-27
2026-06-21 14:35:04 INFO crypto_research.load:   zecusdt: rows=1132756 2024-04-01 .. 2026-05-27
2026-06-21 14:35:04 INFO crypto_research.load:   zenusdt: rows=1133280 2024-04-01 .. 2026-05-27
2026-06-21 14:35:06 INFO crypto_research.ml_dataset: [ml] pooled daily: pairs=49 rows=38563 period=2024-04-01..2026-05-31
2026-06-21 14:35:06 INFO crypto_research.ml_dataset: [ml] dataset studies=['day_of_week_ml'] features=['pair_id', 'weekday_enc'] rows=32407 pairs=49 up_rate=0.503
2026-06-21 14:35:06 INFO crypto_research.ml_dataset: [ml] dataset studies=['day_of_week_ml'] features=['pair_id', 'weekday_enc'] rows=38563 pairs=49 up_rate=0.478
2026-06-21 14:35:06 INFO crypto_research.ml_research: Dataset columns (7): ['day_utc', 'pair', 'weekday', 'return_pct', 'direction_up', 'pair_id', 'weekday_enc']
2026-06-21 14:35:06 INFO crypto_research.ml_research: Dataset head (50 rows):
shape: (50, 7)
┌─────────────────────────┬───────────┬─────────┬──────────────────────┬──────────────┬─────────┬─────────────┐
│ day_utc                 ┆ pair      ┆ weekday ┆ return_pct           ┆ direction_up ┆ pair_id ┆ weekday_enc │
│ ---                     ┆ ---       ┆ ---     ┆ ---                  ┆ ---          ┆ ---     ┆ ---         │
│ datetime[μs, UTC]       ┆ str       ┆ i64     ┆ f64                  ┆ i8           ┆ cat     ┆ cat         │
╞═════════════════════════╪═══════════╪═════════╪══════════════════════╪══════════════╪═════════╪═════════════╡
│ 2022-01-01 00:00:00 UTC ┆ aaveusdt  ┆ 5       ┆ 4.984243106054534    ┆ 1            ┆ 1       ┆ 5           │
│ 2022-01-01 00:00:00 UTC ┆ adausdt   ┆ 5       ┆ 5.467610434955732    ┆ 1            ┆ 2       ┆ 5           │
│ 2022-01-01 00:00:00 UTC ┆ algousdt  ┆ 5       ┆ 4.906678720130035    ┆ 1            ┆ 3       ┆ 5           │
│ 2022-01-01 00:00:00 UTC ┆ aliceusdt ┆ 5       ┆ 7.048459260231336    ┆ 1            ┆ 4       ┆ 5           │
│ 2022-01-01 00:00:00 UTC ┆ atomusdt  ┆ 5       ┆ 12.179684375310629   ┆ 1            ┆ 8       ┆ 5           │
│ 2022-01-01 00:00:00 UTC ┆ avaxusdt  ┆ 5       ┆ 4.298318986485412    ┆ 1            ┆ 9       ┆ 5           │
│ 2022-01-01 00:00:00 UTC ┆ bchusdt   ┆ 5       ┆ 3.288409206479117    ┆ 1            ┆ 11      ┆ 5           │
│ 2022-01-01 00:00:00 UTC ┆ bnbusdt   ┆ 5       ┆ 3.057535158711974    ┆ 1            ┆ 12      ┆ 5           │
│ 2022-01-01 00:00:00 UTC ┆ btcusdt   ┆ 5       ┆ 3.2878432051601174   ┆ 1            ┆ 13      ┆ 5           │
│ 2022-01-01 00:00:00 UTC ┆ crvusdt   ┆ 5       ┆ 16.406683928750976   ┆ 1            ┆ 15      ┆ 5           │
│ 2022-01-01 00:00:00 UTC ┆ dogeusdt  ┆ 5       ┆ 1.7028710327738033   ┆ 1            ┆ 17      ┆ 5           │
│ 2022-01-01 00:00:00 UTC ┆ dotusdt   ┆ 5       ┆ 7.267603627952611    ┆ 1            ┆ 18      ┆ 5           │
│ 2022-01-01 00:00:00 UTC ┆ dydxusdt  ┆ 5       ┆ 4.514530233716851    ┆ 1            ┆ 19      ┆ 5           │
│ 2022-01-01 00:00:00 UTC ┆ enjusdt   ┆ 5       ┆ 4.273509656879154    ┆ 1            ┆ 21      ┆ 5           │
│ 2022-01-01 00:00:00 UTC ┆ ethusdt   ┆ 5       ┆ 2.3372160685554877   ┆ 1            ┆ 23      ┆ 5           │
│ 2022-01-01 00:00:00 UTC ┆ filusdt   ┆ 5       ┆ 4.7897176088043745   ┆ 1            ┆ 24      ┆ 5           │
│ 2022-01-01 00:00:00 UTC ┆ galausdt  ┆ 5       ┆ 2.4742044420107923   ┆ 1            ┆ 25      ┆ 5           │
│ 2022-01-01 00:00:00 UTC ┆ linkusdt  ┆ 5       ┆ 6.339695952270143    ┆ 1            ┆ 31      ┆ 5           │
│ 2022-01-01 00:00:00 UTC ┆ ltcusdt   ┆ 5       ┆ 3.063674428791916    ┆ 1            ┆ 32      ┆ 5           │
│ 2022-01-01 00:00:00 UTC ┆ nearusdt  ┆ 5       ┆ 3.8674760244817965   ┆ 1            ┆ 33      ┆ 5           │
│ 2022-01-01 00:00:00 UTC ┆ solusdt   ┆ 5       ┆ 5.238405464133995    ┆ 1            ┆ 39      ┆ 5           │
│ 2022-01-01 00:00:00 UTC ┆ uniusdt   ┆ 5       ┆ 2.849065384621862    ┆ 1            ┆ 43      ┆ 5           │
│ 2022-01-01 00:00:00 UTC ┆ xrpusdt   ┆ 5       ┆ 2.5937980391229107   ┆ 1            ┆ 46      ┆ 5           │
│ 2022-01-01 00:00:00 UTC ┆ zecusdt   ┆ 5       ┆ 2.5597269624573378   ┆ 1            ┆ 47      ┆ 5           │
│ 2022-01-02 00:00:00 UTC ┆ aaveusdt  ┆ 6       ┆ -0.39407703600741906 ┆ 0            ┆ 1       ┆ 6           │
│ 2022-01-02 00:00:00 UTC ┆ adausdt   ┆ 6       ┆ -0.10875946275608563 ┆ 0            ┆ 2       ┆ 6           │
│ 2022-01-02 00:00:00 UTC ┆ algousdt  ┆ 6       ┆ -3.9311291141658335  ┆ 0            ┆ 3       ┆ 6           │
│ 2022-01-02 00:00:00 UTC ┆ aliceusdt ┆ 6       ┆ -2.244670376898661   ┆ 0            ┆ 4       ┆ 6           │
│ 2022-01-02 00:00:00 UTC ┆ atomusdt  ┆ 6       ┆ -2.243012652385795   ┆ 0            ┆ 8       ┆ 6           │
│ 2022-01-02 00:00:00 UTC ┆ avaxusdt  ┆ 6       ┆ -0.83300185321137    ┆ 0            ┆ 9       ┆ 6           │
│ 2022-01-02 00:00:00 UTC ┆ bchusdt   ┆ 6       ┆ 0.7199868605161669   ┆ 1            ┆ 11      ┆ 6           │
│ 2022-01-02 00:00:00 UTC ┆ bnbusdt   ┆ 6       ┆ 0.5971610263625592   ┆ 1            ┆ 12      ┆ 6           │
│ 2022-01-02 00:00:00 UTC ┆ btcusdt   ┆ 6       ┆ -0.8686176510650783  ┆ 0            ┆ 13      ┆ 6           │
│ 2022-01-02 00:00:00 UTC ┆ crvusdt   ┆ 6       ┆ -2.4862739947677244  ┆ 0            ┆ 15      ┆ 6           │
│ 2022-01-02 00:00:00 UTC ┆ dogeusdt  ┆ 6       ┆ 0.6928437860134704   ┆ 1            ┆ 17      ┆ 6           │
│ 2022-01-02 00:00:00 UTC ┆ dotusdt   ┆ 6       ┆ 3.9740905115748215   ┆ 1            ┆ 18      ┆ 6           │
│ 2022-01-02 00:00:00 UTC ┆ dydxusdt  ┆ 6       ┆ 2.9585799484383837   ┆ 1            ┆ 19      ┆ 6           │
│ 2022-01-02 00:00:00 UTC ┆ enjusdt   ┆ 6       ┆ 6.408343157884263    ┆ 1            ┆ 21      ┆ 6           │
│ 2022-01-02 00:00:00 UTC ┆ ethusdt   ┆ 6       ┆ 1.6687051723898574   ┆ 1            ┆ 23      ┆ 6           │
│ 2022-01-02 00:00:00 UTC ┆ filusdt   ┆ 6       ┆ -0.3623218067035116  ┆ 0            ┆ 24      ┆ 6           │
│ 2022-01-02 00:00:00 UTC ┆ galausdt  ┆ 6       ┆ -1.04807628206936    ┆ 0            ┆ 25      ┆ 6           │
│ 2022-01-02 00:00:00 UTC ┆ linkusdt  ┆ 6       ┆ 5.335198427129154    ┆ 1            ┆ 31      ┆ 6           │
│ 2022-01-02 00:00:00 UTC ┆ ltcusdt   ┆ 6       ┆ 0.3052162660648333   ┆ 1            ┆ 32      ┆ 6           │
│ 2022-01-02 00:00:00 UTC ┆ nearusdt  ┆ 6       ┆ -5.120597630885423   ┆ 0            ┆ 33      ┆ 6           │
│ 2022-01-02 00:00:00 UTC ┆ solusdt   ┆ 6       ┆ -1.4581008996377443  ┆ 0            ┆ 39      ┆ 6           │
│ 2022-01-02 00:00:00 UTC ┆ uniusdt   ┆ 6       ┆ 5.460167504333891    ┆ 1            ┆ 43      ┆ 6           │
│ 2022-01-02 00:00:00 UTC ┆ xrpusdt   ┆ 6       ┆ 0.9642579585941153   ┆ 1            ┆ 46      ┆ 6           │
│ 2022-01-02 00:00:00 UTC ┆ zecusdt   ┆ 6       ┆ 1.7304533134879367   ┆ 1            ┆ 47      ┆ 6           │
│ 2022-01-03 00:00:00 UTC ┆ aaveusdt  ┆ 0       ┆ 0.7158982442273308   ┆ 1            ┆ 1       ┆ 0           │
│ 2022-01-03 00:00:00 UTC ┆ adausdt   ┆ 0       ┆ -4.217172558413808   ┆ 0            ┆ 2       ┆ 0           │
└─────────────────────────┴───────────┴─────────┴──────────────────────┴──────────────┴─────────┴─────────────┘
2026-06-21 14:35:06 INFO crypto_research.ml_cpcv: [ml] X: shape=(32407, 2) columns=['pair_id', 'weekday_enc'] dtypes={'pair_id': 'category', 'weekday_enc': 'category'}
2026-06-21 14:35:06 INFO crypto_research.ml_cpcv: [ml] X head (3 rows):
  pair_id weekday_enc
0       1           5
1       2           5
2       3           5
2026-06-21 14:35:06 INFO crypto_research.ml_cpcv: [ml] y (direction_up): shape=(32407,) dtype=int8 distribution={0: 16106, 1: 16301}
2026-06-21 14:35:06 INFO crypto_research.ml_cpcv: [ml] y head (3 values): [1, 1, 1]
2026-06-21 14:35:06 INFO crypto_research.ml_cpcv: [ml] CV: CombinatorialPurgedCV n_splits=7 n_test_groups=2 embargo_days=1 n_folds=C(7,2)=21 n_days=822
2026-06-21 14:35:06 INFO crypto_research.ml_cpcv: [ml] CV time range: 2022-01-01 00:00:00+00:00 .. 2024-04-01 00:00:00+00:00 (prediction_times=evaluation_times, purge=None)
2026-06-21 14:35:06 INFO crypto_research.ml_cpcv: [ml] CV day splits:
  fold1: train_days=585 test_days=236
  fold2: train_days=584 test_days=236
  fold3: train_days=585 test_days=235
  fold4: train_days=585 test_days=235
  fold5: train_days=585 test_days=235
  fold6: train_days=586 test_days=235
  fold7: train_days=585 test_days=236
  fold8: train_days=585 test_days=235
  fold9: train_days=585 test_days=235
  fold10: train_days=585 test_days=235
  fold11: train_days=586 test_days=235
  fold12: train_days=586 test_days=235
  fold13: train_days=585 test_days=235
  fold14: train_days=585 test_days=235
  fold15: train_days=586 test_days=235
  fold16: train_days=587 test_days=234
  fold17: train_days=586 test_days=234
  fold18: train_days=587 test_days=234
  fold19: train_days=587 test_days=234
  fold20: train_days=587 test_days=234
  fold21: train_days=588 test_days=234
2026-06-21 14:35:07 INFO crypto_research.ml_cpcv: [ml] fold 1/21 → model.fit: X_train=(26071, 2) y_train=(26071,) days=('2022-08-26 00:00:00+00:00', '2024-04-01 00:00:00+00:00') dist={0: 12830, 1: 13241}
2026-06-21 14:35:07 INFO crypto_research.ml_cpcv: [ml] fold 1/21 → model.predict: X_test=(6308, 2) y_test=(6308,) days=('2022-01-01 00:00:00+00:00', '2022-08-24 00:00:00+00:00') dist={0: 3272, 1: 3036}
2026-06-21 14:35:07 INFO crypto_research.ml_cpcv: [ml] fold 1 X_train head:
     pair_id weekday_enc
6336       1           4
6337       2           4
6338       3           4
2026-06-21 14:35:07 INFO crypto_research.ml_cpcv: [ml] fold 1 y_train head: [0, 0, 0]
2026-06-21 14:35:07 INFO crypto_research.ml_cpcv: [ml] fold 1 X_test head:
  pair_id weekday_enc
0       1           5
1       2           5
2       3           5
2026-06-21 14:35:07 INFO crypto_research.ml_cpcv: [ml] fold 1 y_test head: [1, 1, 1]
2026-06-21 14:35:07 INFO crypto_research.ml_cpcv: [ml] fold 1/21 train=26071 test=6308 acc=0.5048 auc=0.5063
2026-06-21 14:35:07 INFO crypto_research.ml_cpcv: [ml] fold 2/21 → model.fit: X_train=(25942, 2) y_train=(25942,) days=('2022-04-30 00:00:00+00:00', '2024-04-01 00:00:00+00:00') dist={0: 12736, 1: 13206}
2026-06-21 14:35:07 INFO crypto_research.ml_cpcv: [ml] fold 2/21 → model.predict: X_test=(6409, 2) y_test=(6409,) days=('2022-01-01 00:00:00+00:00', '2022-12-20 00:00:00+00:00') dist={0: 3319, 1: 3090}
2026-06-21 14:35:07 INFO crypto_research.ml_cpcv: [ml] fold 2/21 train=25942 test=6409 acc=0.5122 auc=0.5156
2026-06-21 14:35:07 INFO crypto_research.ml_cpcv: [ml] fold 3/21 → model.fit: X_train=(23756, 2) y_train=(23756,) days=('2022-04-30 00:00:00+00:00', '2024-04-01 00:00:00+00:00') dist={0: 11899, 1: 11857}
2026-06-21 14:35:07 INFO crypto_research.ml_cpcv: [ml] fold 3/21 → model.predict: X_test=(8575, 2) y_test=(8575,) days=('2022-01-01 00:00:00+00:00', '2023-04-16 00:00:00+00:00') dist={0: 4141, 1: 4434}
2026-06-21 14:35:07 INFO crypto_research.ml_cpcv: [ml] fold 3/21 train=23756 test=8575 acc=0.4977 auc=0.5019
2026-06-21 14:35:07 INFO crypto_research.ml_cpcv: [ml] fold 4/21 → model.fit: X_train=(23556, 2) y_train=(23556,) days=('2022-04-30 00:00:00+00:00', '2024-04-01 00:00:00+00:00') dist={0: 11482, 1: 12074}
2026-06-21 14:35:07 INFO crypto_research.ml_cpcv: [ml] fold 4/21 → model.predict: X_test=(8775, 2) y_test=(8775,) days=('2022-01-01 00:00:00+00:00', '2023-08-11 00:00:00+00:00') dist={0: 4583, 1: 4192}
2026-06-21 14:35:07 INFO crypto_research.ml_cpcv: [ml] fold 4/21 train=23556 test=8775 acc=0.4604 auc=0.4815
2026-06-21 14:35:07 INFO crypto_research.ml_cpcv: [ml] fold 5/21 → model.fit: X_train=(23556, 2) y_train=(23556,) days=('2022-04-30 00:00:00+00:00', '2024-04-01 00:00:00+00:00') dist={0: 11760, 1: 11796}
2026-06-21 14:35:07 INFO crypto_research.ml_cpcv: [ml] fold 5/21 → model.predict: X_test=(8775, 2) y_test=(8775,) days=('2022-01-01 00:00:00+00:00', '2023-12-06 00:00:00+00:00') dist={0: 4314, 1: 4461}
2026-06-21 14:35:07 INFO crypto_research.ml_cpcv: [ml] fold 5/21 train=23556 test=8775 acc=0.5115 auc=0.5178
2026-06-21 14:35:07 INFO crypto_research.ml_cpcv: [ml] fold 6/21 → model.fit: X_train=(23605, 2) y_train=(23605,) days=('2022-04-30 00:00:00+00:00', '2023-12-06 00:00:00+00:00') dist={0: 11798, 1: 11807}
2026-06-21 14:35:07 INFO crypto_research.ml_cpcv: [ml] fold 6/21 → model.predict: X_test=(8775, 2) y_test=(8775,) days=('2022-01-01 00:00:00+00:00', '2024-04-01 00:00:00+00:00') dist={0: 4282, 1: 4493}
2026-06-21 14:35:07 INFO crypto_research.ml_cpcv: [ml] fold 6/21 train=23605 test=8775 acc=0.4779 auc=0.4652
2026-06-21 14:35:07 INFO crypto_research.ml_cpcv: [ml] fold 7/21 → model.fit: X_train=(25745, 2) y_train=(25745,) days=('2022-01-01 00:00:00+00:00', '2024-04-01 00:00:00+00:00') dist={0: 12612, 1: 13133}
2026-06-21 14:35:07 INFO crypto_research.ml_cpcv: [ml] fold 7/21 → model.predict: X_test=(6633, 2) y_test=(6633,) days=('2022-04-29 00:00:00+00:00', '2022-12-20 00:00:00+00:00') dist={0: 3469, 1: 3164}
2026-06-21 14:35:07 INFO crypto_research.ml_cpcv: [ml] fold 7/21 train=25745 test=6633 acc=0.4901 auc=0.4901
2026-06-21 14:35:07 INFO crypto_research.ml_cpcv: [ml] fold 8/21 → model.fit: X_train=(23531, 2) y_train=(23531,) days=('2022-01-01 00:00:00+00:00', '2024-04-01 00:00:00+00:00') dist={0: 11771, 1: 11760}
2026-06-21 14:35:07 INFO crypto_research.ml_cpcv: [ml] fold 8/21 → model.predict: X_test=(8799, 2) y_test=(8799,) days=('2022-04-29 00:00:00+00:00', '2023-04-16 00:00:00+00:00') dist={0: 4291, 1: 4508}
2026-06-21 14:35:07 INFO crypto_research.ml_cpcv: [ml] fold 8/21 train=23531 test=8799 acc=0.4879 auc=0.4822
2026-06-21 14:35:07 INFO crypto_research.ml_cpcv: [ml] fold 9/21 → model.fit: X_train=(23331, 2) y_train=(23331,) days=('2022-01-01 00:00:00+00:00', '2024-04-01 00:00:00+00:00') dist={0: 11354, 1: 11977}
2026-06-21 14:35:07 INFO crypto_research.ml_cpcv: [ml] fold 9/21 → model.predict: X_test=(8999, 2) y_test=(8999,) days=('2022-04-29 00:00:00+00:00', '2023-08-11 00:00:00+00:00') dist={0: 4733, 1: 4266}
2026-06-21 14:35:07 INFO crypto_research.ml_cpcv: [ml] fold 9/21 train=23331 test=8999 acc=0.4724 auc=0.4883
2026-06-21 14:35:07 INFO crypto_research.ml_cpcv: [ml] fold 10/21 → model.fit: X_train=(23331, 2) y_train=(23331,) days=('2022-01-01 00:00:00+00:00', '2024-04-01 00:00:00+00:00') dist={0: 11632, 1: 11699}
2026-06-21 14:35:07 INFO crypto_research.ml_cpcv: [ml] fold 10/21 → model.predict: X_test=(8999, 2) y_test=(8999,) days=('2022-04-29 00:00:00+00:00', '2023-12-06 00:00:00+00:00') dist={0: 4464, 1: 4535}
2026-06-21 14:35:07 INFO crypto_research.ml_cpcv: [ml] fold 10/21 train=23331 test=8999 acc=0.5068 auc=0.5095
2026-06-21 14:35:07 INFO crypto_research.ml_cpcv: [ml] fold 11/21 → model.fit: X_train=(23380, 2) y_train=(23380,) days=('2022-01-01 00:00:00+00:00', '2023-12-06 00:00:00+00:00') dist={0: 11670, 1: 11710}
2026-06-21 14:35:07 INFO crypto_research.ml_cpcv: [ml] fold 11/21 → model.predict: X_test=(8999, 2) y_test=(8999,) days=('2022-04-29 00:00:00+00:00', '2024-04-01 00:00:00+00:00') dist={0: 4432, 1: 4567}
2026-06-21 14:35:08 INFO crypto_research.ml_cpcv: [ml] fold 11/21 train=23380 test=8999 acc=0.4628 auc=0.4533
2026-06-21 14:35:08 INFO crypto_research.ml_cpcv: [ml] fold 12/21 → model.fit: X_train=(23458, 2) y_train=(23458,) days=('2022-01-01 00:00:00+00:00', '2024-04-01 00:00:00+00:00') dist={0: 11728, 1: 11730}
2026-06-21 14:35:08 INFO crypto_research.ml_cpcv: [ml] fold 12/21 → model.predict: X_test=(8900, 2) y_test=(8900,) days=('2022-08-25 00:00:00+00:00', '2023-04-16 00:00:00+00:00') dist={0: 4338, 1: 4562}
2026-06-21 14:35:08 INFO crypto_research.ml_cpcv: [ml] fold 12/21 train=23458 test=8900 acc=0.4935 auc=0.4967
2026-06-21 14:35:08 INFO crypto_research.ml_cpcv: [ml] fold 13/21 → model.fit: X_train=(23229, 2) y_train=(23229,) days=('2022-01-01 00:00:00+00:00', '2024-04-01 00:00:00+00:00') dist={0: 11286, 1: 11943}
2026-06-21 14:35:08 INFO crypto_research.ml_cpcv: [ml] fold 13/21 → model.predict: X_test=(9100, 2) y_test=(9100,) days=('2022-08-25 00:00:00+00:00', '2023-08-11 00:00:00+00:00') dist={0: 4780, 1: 4320}
2026-06-21 14:35:08 INFO crypto_research.ml_cpcv: [ml] fold 13/21 train=23229 test=9100 acc=0.4740 auc=0.4886
2026-06-21 14:35:08 INFO crypto_research.ml_cpcv: [ml] fold 14/21 → model.fit: X_train=(23229, 2) y_train=(23229,) days=('2022-01-01 00:00:00+00:00', '2024-04-01 00:00:00+00:00') dist={0: 11564, 1: 11665}
2026-06-21 14:35:08 INFO crypto_research.ml_cpcv: [ml] fold 14/21 → model.predict: X_test=(9100, 2) y_test=(9100,) days=('2022-08-25 00:00:00+00:00', '2023-12-06 00:00:00+00:00') dist={0: 4511, 1: 4589}
2026-06-21 14:35:08 INFO crypto_research.ml_cpcv: [ml] fold 14/21 train=23229 test=9100 acc=0.5187 auc=0.5279
2026-06-21 14:35:08 INFO crypto_research.ml_cpcv: [ml] fold 15/21 → model.fit: X_train=(23278, 2) y_train=(23278,) days=('2022-01-01 00:00:00+00:00', '2023-12-06 00:00:00+00:00') dist={0: 11602, 1: 11676}
2026-06-21 14:35:08 INFO crypto_research.ml_cpcv: [ml] fold 15/21 → model.predict: X_test=(9100, 2) y_test=(9100,) days=('2022-08-25 00:00:00+00:00', '2024-04-01 00:00:00+00:00') dist={0: 4479, 1: 4621}
2026-06-21 14:35:08 INFO crypto_research.ml_cpcv: [ml] fold 15/21 train=23278 test=9100 acc=0.4653 auc=0.4536
2026-06-21 14:35:08 INFO crypto_research.ml_cpcv: [ml] fold 16/21 → model.fit: X_train=(21092, 2) y_train=(21092,) days=('2022-01-01 00:00:00+00:00', '2024-04-01 00:00:00+00:00') dist={0: 10489, 1: 10603}
2026-06-21 14:35:08 INFO crypto_research.ml_cpcv: [ml] fold 16/21 → model.predict: X_test=(11266, 2) y_test=(11266,) days=('2022-12-21 00:00:00+00:00', '2023-08-11 00:00:00+00:00') dist={0: 5602, 1: 5664}
2026-06-21 14:35:08 INFO crypto_research.ml_cpcv: [ml] fold 16/21 train=21092 test=11266 acc=0.4774 auc=0.4766
2026-06-21 14:35:08 INFO crypto_research.ml_cpcv: [ml] fold 17/21 → model.fit: X_train=(21043, 2) y_train=(21043,) days=('2022-01-01 00:00:00+00:00', '2024-04-01 00:00:00+00:00') dist={0: 10727, 1: 10316}
2026-06-21 14:35:08 INFO crypto_research.ml_cpcv: [ml] fold 17/21 → model.predict: X_test=(11266, 2) y_test=(11266,) days=('2022-12-21 00:00:00+00:00', '2023-12-06 00:00:00+00:00') dist={0: 5333, 1: 5933}
2026-06-21 14:35:08 INFO crypto_research.ml_cpcv: [ml] fold 17/21 train=21043 test=11266 acc=0.5080 auc=0.5121
2026-06-21 14:35:08 INFO crypto_research.ml_cpcv: [ml] fold 18/21 → model.fit: X_train=(21092, 2) y_train=(21092,) days=('2022-01-01 00:00:00+00:00', '2023-12-06 00:00:00+00:00') dist={0: 10765, 1: 10327}
2026-06-21 14:35:08 INFO crypto_research.ml_cpcv: [ml] fold 18/21 → model.predict: X_test=(11266, 2) y_test=(11266,) days=('2022-12-21 00:00:00+00:00', '2024-04-01 00:00:00+00:00') dist={0: 5301, 1: 5965}
2026-06-21 14:35:08 INFO crypto_research.ml_cpcv: [ml] fold 18/21 train=21092 test=11266 acc=0.4705 auc=0.4773
2026-06-21 14:35:08 INFO crypto_research.ml_cpcv: [ml] fold 19/21 → model.fit: X_train=(20892, 2) y_train=(20892,) days=('2022-01-01 00:00:00+00:00', '2024-04-01 00:00:00+00:00') dist={0: 10325, 1: 10567}
2026-06-21 14:35:08 INFO crypto_research.ml_cpcv: [ml] fold 19/21 → model.predict: X_test=(11466, 2) y_test=(11466,) days=('2023-04-17 00:00:00+00:00', '2023-12-06 00:00:00+00:00') dist={0: 5775, 1: 5691}
2026-06-21 14:35:08 INFO crypto_research.ml_cpcv: [ml] fold 19/21 train=20892 test=11466 acc=0.5059 auc=0.5022
2026-06-21 14:35:08 INFO crypto_research.ml_cpcv: [ml] fold 20/21 → model.fit: X_train=(20892, 2) y_train=(20892,) days=('2022-01-01 00:00:00+00:00', '2023-12-06 00:00:00+00:00') dist={0: 10348, 1: 10544}
2026-06-21 14:35:08 INFO crypto_research.ml_cpcv: [ml] fold 20/21 → model.predict: X_test=(11466, 2) y_test=(11466,) days=('2023-04-17 00:00:00+00:00', '2024-04-01 00:00:00+00:00') dist={0: 5743, 1: 5723}
2026-06-21 14:35:08 INFO crypto_research.ml_cpcv: [ml] fold 20/21 train=20892 test=11466 acc=0.5095 auc=0.5117
2026-06-21 14:35:08 INFO crypto_research.ml_cpcv: [ml] fold 21/21 → model.fit: X_train=(20941, 2) y_train=(20941,) days=('2022-01-01 00:00:00+00:00', '2023-08-11 00:00:00+00:00') dist={0: 10632, 1: 10309}
2026-06-21 14:35:08 INFO crypto_research.ml_cpcv: [ml] fold 21/21 → model.predict: X_test=(11466, 2) y_test=(11466,) days=('2023-08-12 00:00:00+00:00', '2024-04-01 00:00:00+00:00') dist={0: 5474, 1: 5992}
2026-06-21 14:35:08 INFO crypto_research.ml_cpcv: [ml] fold 21/21 train=20941 test=11466 acc=0.4786 auc=0.4757
2026-06-21 14:35:08 INFO crypto_research.ml_cpcv: [ml] CPCV mean: folds=21 acc=0.4898 logloss=0.6994 auc=0.4921
2026-06-21 14:35:08 INFO crypto_research.ml_cpcv: [ml] OOS paths: rows=32407 cols=[time_ns, y_prob, y_true] folds_merged=21
2026-06-21 14:35:08 INFO crypto_research.ml_cpcv: [ml] OOS calibration: brier=0.2526 ece=0.0417
2026-06-21 14:35:08 INFO crypto_research.ml_cpcv: [ml] OOS weekday Пн: n=4657 base_up=0.4909 pred_up=0.3837 acc=0.4518 logloss=0.7014 auc=0.4234
2026-06-21 14:35:08 INFO crypto_research.ml_cpcv: [ml] OOS weekday Вт: n=4609 base_up=0.5144 pred_up=0.7190 acc=0.4391 logloss=0.7043 auc=0.3815
2026-06-21 14:35:08 INFO crypto_research.ml_cpcv: [ml] OOS weekday Ср: n=4610 base_up=0.4948 pred_up=0.3727 acc=0.4584 logloss=0.6999 auc=0.4384
2026-06-21 14:35:08 INFO crypto_research.ml_cpcv: [ml] OOS weekday Чт: n=4610 base_up=0.4584 pred_up=0.0681 acc=0.5260 logloss=0.6956 auc=0.4594
2026-06-21 14:35:08 INFO crypto_research.ml_cpcv: [ml] OOS weekday Пт: n=4611 base_up=0.5591 pred_up=0.9896 acc=0.5569 logloss=0.6907 auc=0.4710
2026-06-21 14:35:08 INFO crypto_research.ml_cpcv: [ml] OOS weekday Сб: n=4655 base_up=0.5214 pred_up=0.7295 acc=0.5031 logloss=0.6970 auc=0.4834
2026-06-21 14:35:08 INFO crypto_research.ml_cpcv: [ml] OOS weekday Вс: n=4655 base_up=0.4823 pred_up=0.2780 acc=0.4881 logloss=0.7003 auc=0.4462
2026-06-21 14:35:10 INFO crypto_research.ml_oos_paths: [ml] OOS plot saved: /home_admin/crypto_bot/crypto_research/research_outputs/day_of_week/ml/plots/weekday_direction_49pairs_20220101_20240401_oos_prob.png (weekdays=7 calendar_days=822 rows=32407)
2026-06-21 14:35:11 INFO crypto_research.ml_oos_paths: [ml] OOS calibration plot saved: /home_admin/crypto_bot/crypto_research/research_outputs/day_of_week/ml/plots/weekday_direction_49pairs_20220101_20240401_oos_calibration.png (brier=0.2526 ece=0.0417 rows=32407)
2026-06-21 14:35:11 INFO crypto_research.ml_learning_curve: [ml] early stopping (holdout): fit_rows=32407 eval_rows=38563 best_iteration=60 eval_logloss=0.6917
2026-06-21 14:35:11 INFO crypto_research.ml_learning_curve: [ml] learning curve saved: /home_admin/crypto_bot/crypto_research/research_outputs/day_of_week/ml/plots/weekday_direction_49pairs_20220101_20260531_learning_curve.png (best_iter=60)
2026-06-21 14:35:11 INFO crypto_research.ml_learning_curve: [ml] learning curve log saved: /home_admin/crypto_bot/crypto_research/research_outputs/day_of_week/ml/weekday_direction_49pairs_20220101_20260531_learning_curve.log (110 iterations)
2026-06-21 14:35:11 INFO crypto_research.ml_plot_registry: [ml] plot: oos_prob
2026-06-21 14:35:12 INFO crypto_research.ml_oos_paths: [ml] OOS plot saved: /home_admin/crypto_bot/crypto_research/research_outputs/day_of_week/ml/plots/weekday_direction_49pairs_20240401_20260531_oos_prob.png (weekdays=7 calendar_days=787 rows=38563)
2026-06-21 14:35:12 INFO crypto_research.ml_plot_registry: [ml] plot: oos_calibration
2026-06-21 14:35:13 INFO crypto_research.ml_oos_paths: [ml] OOS calibration plot saved: /home_admin/crypto_bot/crypto_research/research_outputs/day_of_week/ml/plots/weekday_direction_49pairs_20240401_20260531_oos_calibration.png (brier=0.2493 ece=0.0262 rows=38563)
2026-06-21 14:35:13 INFO crypto_research.ml_plot_registry: [ml] plot: weekday_pair_summary
2026-06-21 14:35:14 INFO crypto_research.ml_oos_paths: [ml] Weekday×pair summary plot saved: /home_admin/crypto_bot/crypto_research/research_outputs/day_of_week/ml/plots/weekday_direction_49pairs_20240401_20260531_weekday_pair_summary.png (pairs=49 rows=38563)
2026-06-21 14:35:15 INFO crypto_research.ml_oos_paths: [ml] Weekday×pair summary plot saved: /home_admin/crypto_bot/crypto_research/research_outputs/day_of_week/ml/plots/weekday_direction_49pairs_20220101_20240401_weekday_pair_summary.png (pairs=49 rows=32407)
2026-06-21 14:35:16 INFO crypto_research.ml_plot_registry: [ml] plot: roc_auc
2026-06-21 14:35:16 INFO crypto_research.ml_oos_paths: [ml] ROC AUC comparison plot saved: /home_admin/crypto_bot/crypto_research/research_outputs/day_of_week/ml/plots/weekday_direction_49pairs_20220101_20260531_roc_auc.png
2026-06-21 14:35:16 INFO crypto_research.ml_plot_registry: [ml] plot: learning_curve
2026-06-21 14:35:16 INFO crypto_research.ml_plot_registry: [ml] plot: correlation_matrix_heatmap
2026-06-21 14:35:16 INFO crypto_research.ml_feature_diagnostic_plots: [ml] feature corr pair_id vs weekday_enc: 0.0000
2026-06-21 14:35:16 INFO crypto_research.ml_feature_diagnostic_plots: [ml] correlation matrix heatmap saved: /home_admin/crypto_bot/crypto_research/research_outputs/day_of_week/ml/plots/weekday_direction_49pairs_20240401_20260531_correlation_matrix.png
2026-06-21 14:35:16 INFO crypto_research.ml_plot_registry: [ml] plot: shape_summary_plot
2026-06-21 14:35:16 INFO crypto_research.ml_shap_plots: [ml] SHAP subsample: 3000 / 38563 rows
2026-06-21 14:35:16 INFO crypto_research.ml_shap_plots: [ml] SHAP summary plot saved: /home_admin/crypto_bot/crypto_research/research_outputs/day_of_week/ml/plots/weekday_direction_49pairs_20240401_20260531_shape_summary.png
2026-06-21 14:35:16 INFO crypto_research.ml_plot_registry: [ml] plot: feature_prob_dependence
2026-06-21 14:35:17 INFO crypto_research.ml_feature_dependence_plot: [ml] feature P(up) dependence plot saved: /home_admin/crypto_bot/crypto_research/research_outputs/day_of_week/ml/plots/weekday_direction_49pairs_20240401_20260531_feature_prob_dependence.png (features=['weekday_enc'])
2026-06-21 14:35:17 INFO crypto_research.ml_plot_registry: [ml] plot: prob_return_dependence
2026-06-21 14:35:17 INFO crypto_research.ml_prob_return_dependence_plot: [ml] P(up) vs return plot saved: /home_admin/crypto_bot/crypto_research/research_outputs/day_of_week/ml/plots/weekday_direction_49pairs_20240401_20260531_prob_return_dependence.png (train=32407 test=38563 t_long=0.5362182888784225 t_short=None edge=0.40% smooth=gauss σ=4)
2026-06-21 14:35:17 INFO crypto_research.ml_plot_registry: [ml] plot: p_up_density_split
2026-06-21 14:35:18 INFO crypto_research.ml_p_up_density_split_plot: [ml] P(up) density split plot saved: /home_admin/crypto_bot/crypto_research/research_outputs/day_of_week/ml/plots/weekday_direction_49pairs_20220101_20240401_p_up_density_split.png (method=default_0_5 threshold=0.5 otsu=0.50390625 valley=None)
2026-06-21 14:35:21 INFO crypto_research.ml_research: [ml] train/test metrics saved: /home_admin/crypto_bot/crypto_research/research_outputs/day_of_week/ml/metrics/weekday_direction_49pairs_20220101_20260531_train_test.json
2026-06-21 14:35:21 INFO crypto_research.ml_research: [ml] metrics summary saved: /home_admin/crypto_bot/crypto_research/research_outputs/day_of_week/ml/metrics/weekday_direction_49pairs_20220101_20260531_metrics_summary.json
2026-06-21 14:36:39 INFO crypto_research.ml_research: [ml] log file: /home_admin/crypto_bot/crypto_research/research_outputs/day_of_week/ml/weekday_direction_20220101_20260531.log
2026-06-21 14:36:39 INFO crypto_research.ml_dataset: [ml] pair filter: first_candle <= 2023-01-01 → 49 pairs
2026-06-21 14:36:53 INFO crypto_research.load: [1] Загрузка данных: пар=49 строк=46567998 ~1243.5 MB
2026-06-21 14:36:53 INFO crypto_research.load:   1000luncusdt: rows=656821 2022-12-31 .. 2024-04-01
2026-06-21 14:36:53 INFO crypto_research.load:   aaveusdt: rows=1182241 2022-01-01 .. 2024-04-01
2026-06-21 14:36:53 INFO crypto_research.load:   adausdt: rows=1182241 2022-01-01 .. 2024-04-01
2026-06-21 14:36:53 INFO crypto_research.load:   algousdt: rows=1182241 2022-01-01 .. 2024-04-01
2026-06-21 14:36:53 INFO crypto_research.load:   aliceusdt: rows=1182241 2022-01-01 .. 2024-04-01
2026-06-21 14:36:53 INFO crypto_research.load:   apeusdt: rows=656821 2022-12-31 .. 2024-04-01
2026-06-21 14:36:53 INFO crypto_research.load:   api3usdt: rows=1098270 2022-02-28 .. 2024-04-01
2026-06-21 14:36:53 INFO crypto_research.load:   aptusdt: rows=763033 2022-10-19 .. 2024-04-01
2026-06-21 14:36:53 INFO crypto_research.load:   atomusdt: rows=1182241 2022-01-01 .. 2024-04-01
2026-06-21 14:36:53 INFO crypto_research.load:   avaxusdt: rows=1182241 2022-01-01 .. 2024-04-01
2026-06-21 14:36:53 INFO crypto_research.load:   axsusdt: rows=656821 2022-12-31 .. 2024-04-01
2026-06-21 14:36:53 INFO crypto_research.load:   bchusdt: rows=1182241 2022-01-01 .. 2024-04-01
2026-06-21 14:36:53 INFO crypto_research.load:   bnbusdt: rows=1182241 2022-01-01 .. 2024-04-01
2026-06-21 14:36:53 INFO crypto_research.load:   btcusdt: rows=1182241 2022-01-01 .. 2024-04-01
2026-06-21 14:36:53 INFO crypto_research.load:   chzusdt: rows=656821 2022-12-31 .. 2024-04-01
2026-06-21 14:36:53 INFO crypto_research.load:   crvusdt: rows=1182241 2022-01-01 .. 2024-04-01
2026-06-21 14:36:53 INFO crypto_research.load:   dashusdt: rows=656821 2022-12-31 .. 2024-04-01
2026-06-21 14:36:53 INFO crypto_research.load:   dogeusdt: rows=1182241 2022-01-01 .. 2024-04-01
2026-06-21 14:36:53 INFO crypto_research.load:   dotusdt: rows=1182241 2022-01-01 .. 2024-04-01
2026-06-21 14:36:53 INFO crypto_research.load:   dydxusdt: rows=1182241 2022-01-01 .. 2024-04-01
2026-06-21 14:36:53 INFO crypto_research.load:   egldusdt: rows=656821 2022-12-31 .. 2024-04-01
2026-06-21 14:36:53 INFO crypto_research.load:   enjusdt: rows=1182241 2022-01-01 .. 2024-04-01
2026-06-21 14:36:53 INFO crypto_research.load:   etcusdt: rows=656821 2022-12-31 .. 2024-04-01
2026-06-21 14:36:53 INFO crypto_research.load:   ethusdt: rows=1182241 2022-01-01 .. 2024-04-01
2026-06-21 14:36:53 INFO crypto_research.load:   filusdt: rows=1182241 2022-01-01 .. 2024-04-01
2026-06-21 14:36:53 INFO crypto_research.load:   galausdt: rows=1182241 2022-01-01 .. 2024-04-01
2026-06-21 14:36:53 INFO crypto_research.load:   gmtusdt: rows=656821 2022-12-31 .. 2024-04-01
2026-06-21 14:36:53 INFO crypto_research.load:   hbarusdt: rows=656821 2022-12-31 .. 2024-04-01
2026-06-21 14:36:53 INFO crypto_research.load:   icpusdt: rows=656821 2022-12-31 .. 2024-04-01
2026-06-21 14:36:53 INFO crypto_research.load:   injusdt: rows=656821 2022-12-31 .. 2024-04-01
2026-06-21 14:36:53 INFO crypto_research.load:   ldousdt: rows=656821 2022-12-31 .. 2024-04-01
2026-06-21 14:36:53 INFO crypto_research.load:   linkusdt: rows=1182241 2022-01-01 .. 2024-04-01
2026-06-21 14:36:53 INFO crypto_research.load:   ltcusdt: rows=1182241 2022-01-01 .. 2024-04-01
2026-06-21 14:36:53 INFO crypto_research.load:   nearusdt: rows=1182241 2022-01-01 .. 2024-04-01
2026-06-21 14:36:53 INFO crypto_research.load:   ontusdt: rows=957048 2022-06-06 .. 2024-04-01
2026-06-21 14:36:53 INFO crypto_research.load:   opusdt: rows=656821 2022-12-31 .. 2024-04-01
2026-06-21 14:36:53 INFO crypto_research.load:   paxgusdt: rows=1076619 2022-03-15 .. 2024-04-01
2026-06-21 14:36:53 INFO crypto_research.load:   sandusdt: rows=656821 2022-12-31 .. 2024-04-01
2026-06-21 14:36:53 INFO crypto_research.load:   shib1000usdt: rows=656821 2022-12-31 .. 2024-04-01
2026-06-21 14:36:53 INFO crypto_research.load:   solusdt: rows=1182241 2022-01-01 .. 2024-04-01
2026-06-21 14:36:53 INFO crypto_research.load:   storjusdt: rows=656821 2022-12-31 .. 2024-04-01
2026-06-21 14:36:53 INFO crypto_research.load:   stxusdt: rows=656821 2022-12-31 .. 2024-04-01
2026-06-21 14:36:53 INFO crypto_research.load:   trxusdt: rows=656821 2022-12-31 .. 2024-04-01
2026-06-21 14:36:53 INFO crypto_research.load:   uniusdt: rows=1182241 2022-01-01 .. 2024-04-01
2026-06-21 14:36:53 INFO crypto_research.load:   xlmusdt: rows=656821 2022-12-31 .. 2024-04-01
2026-06-21 14:36:53 INFO crypto_research.load:   xmrusdt: rows=1162824 2022-01-14 .. 2024-04-01
2026-06-21 14:36:53 INFO crypto_research.load:   xrpusdt: rows=1182241 2022-01-01 .. 2024-04-01
2026-06-21 14:36:53 INFO crypto_research.load:   zecusdt: rows=1182241 2022-01-01 .. 2024-04-01
2026-06-21 14:36:53 INFO crypto_research.load:   zenusdt: rows=656821 2022-12-31 .. 2024-04-01
2026-06-21 14:36:55 INFO crypto_research.ml_dataset: [ml] pooled daily: pairs=49 rows=32407 period=2022-01-01..2024-04-01
2026-06-21 14:36:55 INFO crypto_research.ml_dataset: [ml] pair filter: first_candle <= 2023-01-01 → 49 pairs
2026-06-21 14:37:14 INFO crypto_research.load: [1] Загрузка данных: пар=49 строк=55515524 ~1482.4 MB
2026-06-21 14:37:14 INFO crypto_research.load:   1000luncusdt: rows=1133280 2024-04-01 .. 2026-05-27
2026-06-21 14:37:14 INFO crypto_research.load:   aaveusdt: rows=1132756 2024-04-01 .. 2026-05-27
2026-06-21 14:37:14 INFO crypto_research.load:   adausdt: rows=1132756 2024-04-01 .. 2026-05-27
2026-06-21 14:37:14 INFO crypto_research.load:   algousdt: rows=1132756 2024-04-01 .. 2026-05-27
2026-06-21 14:37:14 INFO crypto_research.load:   aliceusdt: rows=1132756 2024-04-01 .. 2026-05-27
2026-06-21 14:37:14 INFO crypto_research.load:   apeusdt: rows=1133280 2024-04-01 .. 2026-05-27
2026-06-21 14:37:14 INFO crypto_research.load:   api3usdt: rows=1132756 2024-04-01 .. 2026-05-27
2026-06-21 14:37:14 INFO crypto_research.load:   aptusdt: rows=1132756 2024-04-01 .. 2026-05-27
2026-06-21 14:37:14 INFO crypto_research.load:   atomusdt: rows=1132756 2024-04-01 .. 2026-05-27
2026-06-21 14:37:14 INFO crypto_research.load:   avaxusdt: rows=1132756 2024-04-01 .. 2026-05-27
2026-06-21 14:37:14 INFO crypto_research.load:   axsusdt: rows=1133280 2024-04-01 .. 2026-05-27
2026-06-21 14:37:14 INFO crypto_research.load:   bchusdt: rows=1132756 2024-04-01 .. 2026-05-27
2026-06-21 14:37:14 INFO crypto_research.load:   bnbusdt: rows=1132756 2024-04-01 .. 2026-05-27
2026-06-21 14:37:14 INFO crypto_research.load:   btcusdt: rows=1132756 2024-04-01 .. 2026-05-27
2026-06-21 14:37:14 INFO crypto_research.load:   chzusdt: rows=1133280 2024-04-01 .. 2026-05-27
2026-06-21 14:37:14 INFO crypto_research.load:   crvusdt: rows=1132756 2024-04-01 .. 2026-05-27
2026-06-21 14:37:14 INFO crypto_research.load:   dashusdt: rows=1133280 2024-04-01 .. 2026-05-27
2026-06-21 14:37:14 INFO crypto_research.load:   dogeusdt: rows=1132756 2024-04-01 .. 2026-05-27
2026-06-21 14:37:14 INFO crypto_research.load:   dotusdt: rows=1132756 2024-04-01 .. 2026-05-27
2026-06-21 14:37:14 INFO crypto_research.load:   dydxusdt: rows=1132756 2024-04-01 .. 2026-05-27
2026-06-21 14:37:14 INFO crypto_research.load:   egldusdt: rows=1133280 2024-04-01 .. 2026-05-27
2026-06-21 14:37:14 INFO crypto_research.load:   enjusdt: rows=1132756 2024-04-01 .. 2026-05-27
2026-06-21 14:37:14 INFO crypto_research.load:   etcusdt: rows=1133280 2024-04-01 .. 2026-05-27
2026-06-21 14:37:14 INFO crypto_research.load:   ethusdt: rows=1132756 2024-04-01 .. 2026-05-27
2026-06-21 14:37:14 INFO crypto_research.load:   filusdt: rows=1132756 2024-04-01 .. 2026-05-27
2026-06-21 14:37:14 INFO crypto_research.load:   galausdt: rows=1132756 2024-04-01 .. 2026-05-27
2026-06-21 14:37:14 INFO crypto_research.load:   gmtusdt: rows=1133280 2024-04-01 .. 2026-05-27
2026-06-21 14:37:14 INFO crypto_research.load:   hbarusdt: rows=1133280 2024-04-01 .. 2026-05-27
2026-06-21 14:37:14 INFO crypto_research.load:   icpusdt: rows=1133280 2024-04-01 .. 2026-05-27
2026-06-21 14:37:14 INFO crypto_research.load:   injusdt: rows=1133280 2024-04-01 .. 2026-05-27
2026-06-21 14:37:14 INFO crypto_research.load:   ldousdt: rows=1133280 2024-04-01 .. 2026-05-27
2026-06-21 14:37:14 INFO crypto_research.load:   linkusdt: rows=1132756 2024-04-01 .. 2026-05-27
2026-06-21 14:37:14 INFO crypto_research.load:   ltcusdt: rows=1132756 2024-04-01 .. 2026-05-27
2026-06-21 14:37:14 INFO crypto_research.load:   nearusdt: rows=1132756 2024-04-01 .. 2026-05-27
2026-06-21 14:37:14 INFO crypto_research.load:   ontusdt: rows=1132756 2024-04-01 .. 2026-05-27
2026-06-21 14:37:14 INFO crypto_research.load:   opusdt: rows=1133280 2024-04-01 .. 2026-05-27
2026-06-21 14:37:14 INFO crypto_research.load:   paxgusdt: rows=1132756 2024-04-01 .. 2026-05-27
2026-06-21 14:37:14 INFO crypto_research.load:   sandusdt: rows=1133280 2024-04-01 .. 2026-05-27
2026-06-21 14:37:14 INFO crypto_research.load:   shib1000usdt: rows=1133280 2024-04-01 .. 2026-05-27
2026-06-21 14:37:14 INFO crypto_research.load:   solusdt: rows=1132756 2024-04-01 .. 2026-05-27
2026-06-21 14:37:14 INFO crypto_research.load:   storjusdt: rows=1133280 2024-04-01 .. 2026-05-27
2026-06-21 14:37:14 INFO crypto_research.load:   stxusdt: rows=1133280 2024-04-01 .. 2026-05-27
2026-06-21 14:37:14 INFO crypto_research.load:   trxusdt: rows=1133280 2024-04-01 .. 2026-05-27
2026-06-21 14:37:14 INFO crypto_research.load:   uniusdt: rows=1132756 2024-04-01 .. 2026-05-27
2026-06-21 14:37:14 INFO crypto_research.load:   xlmusdt: rows=1133280 2024-04-01 .. 2026-05-27
2026-06-21 14:37:14 INFO crypto_research.load:   xmrusdt: rows=1132756 2024-04-01 .. 2026-05-27
2026-06-21 14:37:14 INFO crypto_research.load:   xrpusdt: rows=1132756 2024-04-01 .. 2026-05-27
2026-06-21 14:37:14 INFO crypto_research.load:   zecusdt: rows=1132756 2024-04-01 .. 2026-05-27
2026-06-21 14:37:14 INFO crypto_research.load:   zenusdt: rows=1133280 2024-04-01 .. 2026-05-27
2026-06-21 14:37:16 INFO crypto_research.ml_dataset: [ml] pooled daily: pairs=49 rows=38563 period=2024-04-01..2026-05-31
2026-06-21 14:37:16 INFO crypto_research.ml_dataset: [ml] dataset studies=['day_of_week_ml'] features=['pair_id', 'weekday_enc'] rows=32407 pairs=49 up_rate=0.503
2026-06-21 14:37:16 INFO crypto_research.ml_dataset: [ml] dataset studies=['day_of_week_ml'] features=['pair_id', 'weekday_enc'] rows=38563 pairs=49 up_rate=0.478
2026-06-21 14:37:16 INFO crypto_research.ml_research: Dataset columns (7): ['day_utc', 'pair', 'weekday', 'return_pct', 'direction_up', 'pair_id', 'weekday_enc']
2026-06-21 14:37:16 INFO crypto_research.ml_research: Dataset head (50 rows):
shape: (50, 7)
┌─────────────────────────┬───────────┬─────────┬──────────────────────┬──────────────┬─────────┬─────────────┐
│ day_utc                 ┆ pair      ┆ weekday ┆ return_pct           ┆ direction_up ┆ pair_id ┆ weekday_enc │
│ ---                     ┆ ---       ┆ ---     ┆ ---                  ┆ ---          ┆ ---     ┆ ---         │
│ datetime[μs, UTC]       ┆ str       ┆ i64     ┆ f64                  ┆ i8           ┆ cat     ┆ cat         │
╞═════════════════════════╪═══════════╪═════════╪══════════════════════╪══════════════╪═════════╪═════════════╡
│ 2022-01-01 00:00:00 UTC ┆ aaveusdt  ┆ 5       ┆ 4.984243106054534    ┆ 1            ┆ 1       ┆ 5           │
│ 2022-01-01 00:00:00 UTC ┆ adausdt   ┆ 5       ┆ 5.467610434955732    ┆ 1            ┆ 2       ┆ 5           │
│ 2022-01-01 00:00:00 UTC ┆ algousdt  ┆ 5       ┆ 4.906678720130035    ┆ 1            ┆ 3       ┆ 5           │
│ 2022-01-01 00:00:00 UTC ┆ aliceusdt ┆ 5       ┆ 7.048459260231336    ┆ 1            ┆ 4       ┆ 5           │
│ 2022-01-01 00:00:00 UTC ┆ atomusdt  ┆ 5       ┆ 12.179684375310629   ┆ 1            ┆ 8       ┆ 5           │
│ 2022-01-01 00:00:00 UTC ┆ avaxusdt  ┆ 5       ┆ 4.298318986485412    ┆ 1            ┆ 9       ┆ 5           │
│ 2022-01-01 00:00:00 UTC ┆ bchusdt   ┆ 5       ┆ 3.288409206479117    ┆ 1            ┆ 11      ┆ 5           │
│ 2022-01-01 00:00:00 UTC ┆ bnbusdt   ┆ 5       ┆ 3.057535158711974    ┆ 1            ┆ 12      ┆ 5           │
│ 2022-01-01 00:00:00 UTC ┆ btcusdt   ┆ 5       ┆ 3.2878432051601174   ┆ 1            ┆ 13      ┆ 5           │
│ 2022-01-01 00:00:00 UTC ┆ crvusdt   ┆ 5       ┆ 16.406683928750976   ┆ 1            ┆ 15      ┆ 5           │
│ 2022-01-01 00:00:00 UTC ┆ dogeusdt  ┆ 5       ┆ 1.7028710327738033   ┆ 1            ┆ 17      ┆ 5           │
│ 2022-01-01 00:00:00 UTC ┆ dotusdt   ┆ 5       ┆ 7.267603627952611    ┆ 1            ┆ 18      ┆ 5           │
│ 2022-01-01 00:00:00 UTC ┆ dydxusdt  ┆ 5       ┆ 4.514530233716851    ┆ 1            ┆ 19      ┆ 5           │
│ 2022-01-01 00:00:00 UTC ┆ enjusdt   ┆ 5       ┆ 4.273509656879154    ┆ 1            ┆ 21      ┆ 5           │
│ 2022-01-01 00:00:00 UTC ┆ ethusdt   ┆ 5       ┆ 2.3372160685554877   ┆ 1            ┆ 23      ┆ 5           │
│ 2022-01-01 00:00:00 UTC ┆ filusdt   ┆ 5       ┆ 4.7897176088043745   ┆ 1            ┆ 24      ┆ 5           │
│ 2022-01-01 00:00:00 UTC ┆ galausdt  ┆ 5       ┆ 2.4742044420107923   ┆ 1            ┆ 25      ┆ 5           │
│ 2022-01-01 00:00:00 UTC ┆ linkusdt  ┆ 5       ┆ 6.339695952270143    ┆ 1            ┆ 31      ┆ 5           │
│ 2022-01-01 00:00:00 UTC ┆ ltcusdt   ┆ 5       ┆ 3.063674428791916    ┆ 1            ┆ 32      ┆ 5           │
│ 2022-01-01 00:00:00 UTC ┆ nearusdt  ┆ 5       ┆ 3.8674760244817965   ┆ 1            ┆ 33      ┆ 5           │
│ 2022-01-01 00:00:00 UTC ┆ solusdt   ┆ 5       ┆ 5.238405464133995    ┆ 1            ┆ 39      ┆ 5           │
│ 2022-01-01 00:00:00 UTC ┆ uniusdt   ┆ 5       ┆ 2.849065384621862    ┆ 1            ┆ 43      ┆ 5           │
│ 2022-01-01 00:00:00 UTC ┆ xrpusdt   ┆ 5       ┆ 2.5937980391229107   ┆ 1            ┆ 46      ┆ 5           │
│ 2022-01-01 00:00:00 UTC ┆ zecusdt   ┆ 5       ┆ 2.5597269624573378   ┆ 1            ┆ 47      ┆ 5           │
│ 2022-01-02 00:00:00 UTC ┆ aaveusdt  ┆ 6       ┆ -0.39407703600741906 ┆ 0            ┆ 1       ┆ 6           │
│ 2022-01-02 00:00:00 UTC ┆ adausdt   ┆ 6       ┆ -0.10875946275608563 ┆ 0            ┆ 2       ┆ 6           │
│ 2022-01-02 00:00:00 UTC ┆ algousdt  ┆ 6       ┆ -3.9311291141658335  ┆ 0            ┆ 3       ┆ 6           │
│ 2022-01-02 00:00:00 UTC ┆ aliceusdt ┆ 6       ┆ -2.244670376898661   ┆ 0            ┆ 4       ┆ 6           │
│ 2022-01-02 00:00:00 UTC ┆ atomusdt  ┆ 6       ┆ -2.243012652385795   ┆ 0            ┆ 8       ┆ 6           │
│ 2022-01-02 00:00:00 UTC ┆ avaxusdt  ┆ 6       ┆ -0.83300185321137    ┆ 0            ┆ 9       ┆ 6           │
│ 2022-01-02 00:00:00 UTC ┆ bchusdt   ┆ 6       ┆ 0.7199868605161669   ┆ 1            ┆ 11      ┆ 6           │
│ 2022-01-02 00:00:00 UTC ┆ bnbusdt   ┆ 6       ┆ 0.5971610263625592   ┆ 1            ┆ 12      ┆ 6           │
│ 2022-01-02 00:00:00 UTC ┆ btcusdt   ┆ 6       ┆ -0.8686176510650783  ┆ 0            ┆ 13      ┆ 6           │
│ 2022-01-02 00:00:00 UTC ┆ crvusdt   ┆ 6       ┆ -2.4862739947677244  ┆ 0            ┆ 15      ┆ 6           │
│ 2022-01-02 00:00:00 UTC ┆ dogeusdt  ┆ 6       ┆ 0.6928437860134704   ┆ 1            ┆ 17      ┆ 6           │
│ 2022-01-02 00:00:00 UTC ┆ dotusdt   ┆ 6       ┆ 3.9740905115748215   ┆ 1            ┆ 18      ┆ 6           │
│ 2022-01-02 00:00:00 UTC ┆ dydxusdt  ┆ 6       ┆ 2.9585799484383837   ┆ 1            ┆ 19      ┆ 6           │
│ 2022-01-02 00:00:00 UTC ┆ enjusdt   ┆ 6       ┆ 6.408343157884263    ┆ 1            ┆ 21      ┆ 6           │
│ 2022-01-02 00:00:00 UTC ┆ ethusdt   ┆ 6       ┆ 1.6687051723898574   ┆ 1            ┆ 23      ┆ 6           │
│ 2022-01-02 00:00:00 UTC ┆ filusdt   ┆ 6       ┆ -0.3623218067035116  ┆ 0            ┆ 24      ┆ 6           │
│ 2022-01-02 00:00:00 UTC ┆ galausdt  ┆ 6       ┆ -1.04807628206936    ┆ 0            ┆ 25      ┆ 6           │
│ 2022-01-02 00:00:00 UTC ┆ linkusdt  ┆ 6       ┆ 5.335198427129154    ┆ 1            ┆ 31      ┆ 6           │
│ 2022-01-02 00:00:00 UTC ┆ ltcusdt   ┆ 6       ┆ 0.3052162660648333   ┆ 1            ┆ 32      ┆ 6           │
│ 2022-01-02 00:00:00 UTC ┆ nearusdt  ┆ 6       ┆ -5.120597630885423   ┆ 0            ┆ 33      ┆ 6           │
│ 2022-01-02 00:00:00 UTC ┆ solusdt   ┆ 6       ┆ -1.4581008996377443  ┆ 0            ┆ 39      ┆ 6           │
│ 2022-01-02 00:00:00 UTC ┆ uniusdt   ┆ 6       ┆ 5.460167504333891    ┆ 1            ┆ 43      ┆ 6           │
│ 2022-01-02 00:00:00 UTC ┆ xrpusdt   ┆ 6       ┆ 0.9642579585941153   ┆ 1            ┆ 46      ┆ 6           │
│ 2022-01-02 00:00:00 UTC ┆ zecusdt   ┆ 6       ┆ 1.7304533134879367   ┆ 1            ┆ 47      ┆ 6           │
│ 2022-01-03 00:00:00 UTC ┆ aaveusdt  ┆ 0       ┆ 0.7158982442273308   ┆ 1            ┆ 1       ┆ 0           │
│ 2022-01-03 00:00:00 UTC ┆ adausdt   ┆ 0       ┆ -4.217172558413808   ┆ 0            ┆ 2       ┆ 0           │
└─────────────────────────┴───────────┴─────────┴──────────────────────┴──────────────┴─────────┴─────────────┘
2026-06-21 14:37:16 INFO crypto_research.ml_cpcv: [ml] X: shape=(32407, 2) columns=['pair_id', 'weekday_enc'] dtypes={'pair_id': 'category', 'weekday_enc': 'category'}
2026-06-21 14:37:16 INFO crypto_research.ml_cpcv: [ml] X head (3 rows):
  pair_id weekday_enc
0       1           5
1       2           5
2       3           5
2026-06-21 14:37:16 INFO crypto_research.ml_cpcv: [ml] y (direction_up): shape=(32407,) dtype=int8 distribution={0: 16106, 1: 16301}
2026-06-21 14:37:16 INFO crypto_research.ml_cpcv: [ml] y head (3 values): [1, 1, 1]
2026-06-21 14:37:16 INFO crypto_research.ml_cpcv: [ml] CV: CombinatorialPurgedCV n_splits=7 n_test_groups=2 embargo_days=1 n_folds=C(7,2)=21 n_days=822
2026-06-21 14:37:16 INFO crypto_research.ml_cpcv: [ml] CV time range: 2022-01-01 00:00:00+00:00 .. 2024-04-01 00:00:00+00:00 (prediction_times=evaluation_times, purge=None)
2026-06-21 14:37:16 INFO crypto_research.ml_cpcv: [ml] CV day splits:
  fold1: train_days=585 test_days=236
  fold2: train_days=584 test_days=236
  fold3: train_days=585 test_days=235
  fold4: train_days=585 test_days=235
  fold5: train_days=585 test_days=235
  fold6: train_days=586 test_days=235
  fold7: train_days=585 test_days=236
  fold8: train_days=585 test_days=235
  fold9: train_days=585 test_days=235
  fold10: train_days=585 test_days=235
  fold11: train_days=586 test_days=235
  fold12: train_days=586 test_days=235
  fold13: train_days=585 test_days=235
  fold14: train_days=585 test_days=235
  fold15: train_days=586 test_days=235
  fold16: train_days=587 test_days=234
  fold17: train_days=586 test_days=234
  fold18: train_days=587 test_days=234
  fold19: train_days=587 test_days=234
  fold20: train_days=587 test_days=234
  fold21: train_days=588 test_days=234
2026-06-21 14:37:16 INFO crypto_research.ml_cpcv: [ml] fold 1/21 → model.fit: X_train=(26071, 2) y_train=(26071,) days=('2022-08-26 00:00:00+00:00', '2024-04-01 00:00:00+00:00') dist={0: 12830, 1: 13241}
2026-06-21 14:37:16 INFO crypto_research.ml_cpcv: [ml] fold 1/21 → model.predict: X_test=(6308, 2) y_test=(6308,) days=('2022-01-01 00:00:00+00:00', '2022-08-24 00:00:00+00:00') dist={0: 3272, 1: 3036}
2026-06-21 14:37:16 INFO crypto_research.ml_cpcv: [ml] fold 1 X_train head:
     pair_id weekday_enc
6336       1           4
6337       2           4
6338       3           4
2026-06-21 14:37:16 INFO crypto_research.ml_cpcv: [ml] fold 1 y_train head: [0, 0, 0]
2026-06-21 14:37:16 INFO crypto_research.ml_cpcv: [ml] fold 1 X_test head:
  pair_id weekday_enc
0       1           5
1       2           5
2       3           5
2026-06-21 14:37:16 INFO crypto_research.ml_cpcv: [ml] fold 1 y_test head: [1, 1, 1]
2026-06-21 14:37:16 INFO crypto_research.ml_cpcv: [ml] fold 1/21 train=26071 test=6308 acc=0.5048 auc=0.5063
2026-06-21 14:37:16 INFO crypto_research.ml_cpcv: [ml] fold 2/21 → model.fit: X_train=(25942, 2) y_train=(25942,) days=('2022-04-30 00:00:00+00:00', '2024-04-01 00:00:00+00:00') dist={0: 12736, 1: 13206}
2026-06-21 14:37:16 INFO crypto_research.ml_cpcv: [ml] fold 2/21 → model.predict: X_test=(6409, 2) y_test=(6409,) days=('2022-01-01 00:00:00+00:00', '2022-12-20 00:00:00+00:00') dist={0: 3319, 1: 3090}
2026-06-21 14:37:17 INFO crypto_research.ml_cpcv: [ml] fold 2/21 train=25942 test=6409 acc=0.5122 auc=0.5156
2026-06-21 14:37:17 INFO crypto_research.ml_cpcv: [ml] fold 3/21 → model.fit: X_train=(23756, 2) y_train=(23756,) days=('2022-04-30 00:00:00+00:00', '2024-04-01 00:00:00+00:00') dist={0: 11899, 1: 11857}
2026-06-21 14:37:17 INFO crypto_research.ml_cpcv: [ml] fold 3/21 → model.predict: X_test=(8575, 2) y_test=(8575,) days=('2022-01-01 00:00:00+00:00', '2023-04-16 00:00:00+00:00') dist={0: 4141, 1: 4434}
2026-06-21 14:37:17 INFO crypto_research.ml_cpcv: [ml] fold 3/21 train=23756 test=8575 acc=0.4977 auc=0.5019
2026-06-21 14:37:17 INFO crypto_research.ml_cpcv: [ml] fold 4/21 → model.fit: X_train=(23556, 2) y_train=(23556,) days=('2022-04-30 00:00:00+00:00', '2024-04-01 00:00:00+00:00') dist={0: 11482, 1: 12074}
2026-06-21 14:37:17 INFO crypto_research.ml_cpcv: [ml] fold 4/21 → model.predict: X_test=(8775, 2) y_test=(8775,) days=('2022-01-01 00:00:00+00:00', '2023-08-11 00:00:00+00:00') dist={0: 4583, 1: 4192}
2026-06-21 14:37:17 INFO crypto_research.ml_cpcv: [ml] fold 4/21 train=23556 test=8775 acc=0.4604 auc=0.4815
2026-06-21 14:37:17 INFO crypto_research.ml_cpcv: [ml] fold 5/21 → model.fit: X_train=(23556, 2) y_train=(23556,) days=('2022-04-30 00:00:00+00:00', '2024-04-01 00:00:00+00:00') dist={0: 11760, 1: 11796}
2026-06-21 14:37:17 INFO crypto_research.ml_cpcv: [ml] fold 5/21 → model.predict: X_test=(8775, 2) y_test=(8775,) days=('2022-01-01 00:00:00+00:00', '2023-12-06 00:00:00+00:00') dist={0: 4314, 1: 4461}
2026-06-21 14:37:17 INFO crypto_research.ml_cpcv: [ml] fold 5/21 train=23556 test=8775 acc=0.5115 auc=0.5178
2026-06-21 14:37:17 INFO crypto_research.ml_cpcv: [ml] fold 6/21 → model.fit: X_train=(23605, 2) y_train=(23605,) days=('2022-04-30 00:00:00+00:00', '2023-12-06 00:00:00+00:00') dist={0: 11798, 1: 11807}
2026-06-21 14:37:17 INFO crypto_research.ml_cpcv: [ml] fold 6/21 → model.predict: X_test=(8775, 2) y_test=(8775,) days=('2022-01-01 00:00:00+00:00', '2024-04-01 00:00:00+00:00') dist={0: 4282, 1: 4493}
2026-06-21 14:37:17 INFO crypto_research.ml_cpcv: [ml] fold 6/21 train=23605 test=8775 acc=0.4779 auc=0.4652
2026-06-21 14:37:17 INFO crypto_research.ml_cpcv: [ml] fold 7/21 → model.fit: X_train=(25745, 2) y_train=(25745,) days=('2022-01-01 00:00:00+00:00', '2024-04-01 00:00:00+00:00') dist={0: 12612, 1: 13133}
2026-06-21 14:37:17 INFO crypto_research.ml_cpcv: [ml] fold 7/21 → model.predict: X_test=(6633, 2) y_test=(6633,) days=('2022-04-29 00:00:00+00:00', '2022-12-20 00:00:00+00:00') dist={0: 3469, 1: 3164}
2026-06-21 14:37:17 INFO crypto_research.ml_cpcv: [ml] fold 7/21 train=25745 test=6633 acc=0.4901 auc=0.4901
2026-06-21 14:37:17 INFO crypto_research.ml_cpcv: [ml] fold 8/21 → model.fit: X_train=(23531, 2) y_train=(23531,) days=('2022-01-01 00:00:00+00:00', '2024-04-01 00:00:00+00:00') dist={0: 11771, 1: 11760}
2026-06-21 14:37:17 INFO crypto_research.ml_cpcv: [ml] fold 8/21 → model.predict: X_test=(8799, 2) y_test=(8799,) days=('2022-04-29 00:00:00+00:00', '2023-04-16 00:00:00+00:00') dist={0: 4291, 1: 4508}
2026-06-21 14:37:17 INFO crypto_research.ml_cpcv: [ml] fold 8/21 train=23531 test=8799 acc=0.4879 auc=0.4822
2026-06-21 14:37:17 INFO crypto_research.ml_cpcv: [ml] fold 9/21 → model.fit: X_train=(23331, 2) y_train=(23331,) days=('2022-01-01 00:00:00+00:00', '2024-04-01 00:00:00+00:00') dist={0: 11354, 1: 11977}
2026-06-21 14:37:17 INFO crypto_research.ml_cpcv: [ml] fold 9/21 → model.predict: X_test=(8999, 2) y_test=(8999,) days=('2022-04-29 00:00:00+00:00', '2023-08-11 00:00:00+00:00') dist={0: 4733, 1: 4266}
2026-06-21 14:37:17 INFO crypto_research.ml_cpcv: [ml] fold 9/21 train=23331 test=8999 acc=0.4724 auc=0.4883
2026-06-21 14:37:17 INFO crypto_research.ml_cpcv: [ml] fold 10/21 → model.fit: X_train=(23331, 2) y_train=(23331,) days=('2022-01-01 00:00:00+00:00', '2024-04-01 00:00:00+00:00') dist={0: 11632, 1: 11699}
2026-06-21 14:37:17 INFO crypto_research.ml_cpcv: [ml] fold 10/21 → model.predict: X_test=(8999, 2) y_test=(8999,) days=('2022-04-29 00:00:00+00:00', '2023-12-06 00:00:00+00:00') dist={0: 4464, 1: 4535}
2026-06-21 14:37:17 INFO crypto_research.ml_cpcv: [ml] fold 10/21 train=23331 test=8999 acc=0.5068 auc=0.5095
2026-06-21 14:37:17 INFO crypto_research.ml_cpcv: [ml] fold 11/21 → model.fit: X_train=(23380, 2) y_train=(23380,) days=('2022-01-01 00:00:00+00:00', '2023-12-06 00:00:00+00:00') dist={0: 11670, 1: 11710}
2026-06-21 14:37:17 INFO crypto_research.ml_cpcv: [ml] fold 11/21 → model.predict: X_test=(8999, 2) y_test=(8999,) days=('2022-04-29 00:00:00+00:00', '2024-04-01 00:00:00+00:00') dist={0: 4432, 1: 4567}
2026-06-21 14:37:17 INFO crypto_research.ml_cpcv: [ml] fold 11/21 train=23380 test=8999 acc=0.4628 auc=0.4533
2026-06-21 14:37:17 INFO crypto_research.ml_cpcv: [ml] fold 12/21 → model.fit: X_train=(23458, 2) y_train=(23458,) days=('2022-01-01 00:00:00+00:00', '2024-04-01 00:00:00+00:00') dist={0: 11728, 1: 11730}
2026-06-21 14:37:17 INFO crypto_research.ml_cpcv: [ml] fold 12/21 → model.predict: X_test=(8900, 2) y_test=(8900,) days=('2022-08-25 00:00:00+00:00', '2023-04-16 00:00:00+00:00') dist={0: 4338, 1: 4562}
2026-06-21 14:37:17 INFO crypto_research.ml_cpcv: [ml] fold 12/21 train=23458 test=8900 acc=0.4935 auc=0.4967
2026-06-21 14:37:17 INFO crypto_research.ml_cpcv: [ml] fold 13/21 → model.fit: X_train=(23229, 2) y_train=(23229,) days=('2022-01-01 00:00:00+00:00', '2024-04-01 00:00:00+00:00') dist={0: 11286, 1: 11943}
2026-06-21 14:37:17 INFO crypto_research.ml_cpcv: [ml] fold 13/21 → model.predict: X_test=(9100, 2) y_test=(9100,) days=('2022-08-25 00:00:00+00:00', '2023-08-11 00:00:00+00:00') dist={0: 4780, 1: 4320}
2026-06-21 14:37:17 INFO crypto_research.ml_cpcv: [ml] fold 13/21 train=23229 test=9100 acc=0.4740 auc=0.4886
2026-06-21 14:37:17 INFO crypto_research.ml_cpcv: [ml] fold 14/21 → model.fit: X_train=(23229, 2) y_train=(23229,) days=('2022-01-01 00:00:00+00:00', '2024-04-01 00:00:00+00:00') dist={0: 11564, 1: 11665}
2026-06-21 14:37:17 INFO crypto_research.ml_cpcv: [ml] fold 14/21 → model.predict: X_test=(9100, 2) y_test=(9100,) days=('2022-08-25 00:00:00+00:00', '2023-12-06 00:00:00+00:00') dist={0: 4511, 1: 4589}
2026-06-21 14:37:17 INFO crypto_research.ml_cpcv: [ml] fold 14/21 train=23229 test=9100 acc=0.5187 auc=0.5279
2026-06-21 14:37:17 INFO crypto_research.ml_cpcv: [ml] fold 15/21 → model.fit: X_train=(23278, 2) y_train=(23278,) days=('2022-01-01 00:00:00+00:00', '2023-12-06 00:00:00+00:00') dist={0: 11602, 1: 11676}
2026-06-21 14:37:17 INFO crypto_research.ml_cpcv: [ml] fold 15/21 → model.predict: X_test=(9100, 2) y_test=(9100,) days=('2022-08-25 00:00:00+00:00', '2024-04-01 00:00:00+00:00') dist={0: 4479, 1: 4621}
2026-06-21 14:37:18 INFO crypto_research.ml_cpcv: [ml] fold 15/21 train=23278 test=9100 acc=0.4653 auc=0.4536
2026-06-21 14:37:18 INFO crypto_research.ml_cpcv: [ml] fold 16/21 → model.fit: X_train=(21092, 2) y_train=(21092,) days=('2022-01-01 00:00:00+00:00', '2024-04-01 00:00:00+00:00') dist={0: 10489, 1: 10603}
2026-06-21 14:37:18 INFO crypto_research.ml_cpcv: [ml] fold 16/21 → model.predict: X_test=(11266, 2) y_test=(11266,) days=('2022-12-21 00:00:00+00:00', '2023-08-11 00:00:00+00:00') dist={0: 5602, 1: 5664}
2026-06-21 14:37:18 INFO crypto_research.ml_cpcv: [ml] fold 16/21 train=21092 test=11266 acc=0.4774 auc=0.4766
2026-06-21 14:37:18 INFO crypto_research.ml_cpcv: [ml] fold 17/21 → model.fit: X_train=(21043, 2) y_train=(21043,) days=('2022-01-01 00:00:00+00:00', '2024-04-01 00:00:00+00:00') dist={0: 10727, 1: 10316}
2026-06-21 14:37:18 INFO crypto_research.ml_cpcv: [ml] fold 17/21 → model.predict: X_test=(11266, 2) y_test=(11266,) days=('2022-12-21 00:00:00+00:00', '2023-12-06 00:00:00+00:00') dist={0: 5333, 1: 5933}
2026-06-21 14:37:18 INFO crypto_research.ml_cpcv: [ml] fold 17/21 train=21043 test=11266 acc=0.5080 auc=0.5121
2026-06-21 14:37:18 INFO crypto_research.ml_cpcv: [ml] fold 18/21 → model.fit: X_train=(21092, 2) y_train=(21092,) days=('2022-01-01 00:00:00+00:00', '2023-12-06 00:00:00+00:00') dist={0: 10765, 1: 10327}
2026-06-21 14:37:18 INFO crypto_research.ml_cpcv: [ml] fold 18/21 → model.predict: X_test=(11266, 2) y_test=(11266,) days=('2022-12-21 00:00:00+00:00', '2024-04-01 00:00:00+00:00') dist={0: 5301, 1: 5965}
2026-06-21 14:37:18 INFO crypto_research.ml_cpcv: [ml] fold 18/21 train=21092 test=11266 acc=0.4705 auc=0.4773
2026-06-21 14:37:18 INFO crypto_research.ml_cpcv: [ml] fold 19/21 → model.fit: X_train=(20892, 2) y_train=(20892,) days=('2022-01-01 00:00:00+00:00', '2024-04-01 00:00:00+00:00') dist={0: 10325, 1: 10567}
2026-06-21 14:37:18 INFO crypto_research.ml_cpcv: [ml] fold 19/21 → model.predict: X_test=(11466, 2) y_test=(11466,) days=('2023-04-17 00:00:00+00:00', '2023-12-06 00:00:00+00:00') dist={0: 5775, 1: 5691}
2026-06-21 14:37:18 INFO crypto_research.ml_cpcv: [ml] fold 19/21 train=20892 test=11466 acc=0.5059 auc=0.5022
2026-06-21 14:37:18 INFO crypto_research.ml_cpcv: [ml] fold 20/21 → model.fit: X_train=(20892, 2) y_train=(20892,) days=('2022-01-01 00:00:00+00:00', '2023-12-06 00:00:00+00:00') dist={0: 10348, 1: 10544}
2026-06-21 14:37:18 INFO crypto_research.ml_cpcv: [ml] fold 20/21 → model.predict: X_test=(11466, 2) y_test=(11466,) days=('2023-04-17 00:00:00+00:00', '2024-04-01 00:00:00+00:00') dist={0: 5743, 1: 5723}
2026-06-21 14:37:18 INFO crypto_research.ml_cpcv: [ml] fold 20/21 train=20892 test=11466 acc=0.5095 auc=0.5117
2026-06-21 14:37:18 INFO crypto_research.ml_cpcv: [ml] fold 21/21 → model.fit: X_train=(20941, 2) y_train=(20941,) days=('2022-01-01 00:00:00+00:00', '2023-08-11 00:00:00+00:00') dist={0: 10632, 1: 10309}
2026-06-21 14:37:18 INFO crypto_research.ml_cpcv: [ml] fold 21/21 → model.predict: X_test=(11466, 2) y_test=(11466,) days=('2023-08-12 00:00:00+00:00', '2024-04-01 00:00:00+00:00') dist={0: 5474, 1: 5992}
2026-06-21 14:37:18 INFO crypto_research.ml_cpcv: [ml] fold 21/21 train=20941 test=11466 acc=0.4786 auc=0.4757
2026-06-21 14:37:18 INFO crypto_research.ml_cpcv: [ml] CPCV mean: folds=21 acc=0.4898 logloss=0.6994 auc=0.4921
2026-06-21 14:37:18 INFO crypto_research.ml_cpcv: [ml] OOS paths: rows=32407 cols=[time_ns, y_prob, y_true] folds_merged=21
2026-06-21 14:37:18 INFO crypto_research.ml_cpcv: [ml] OOS calibration: brier=0.2526 ece=0.0417
2026-06-21 14:37:18 INFO crypto_research.ml_cpcv: [ml] OOS weekday Пн: n=4657 base_up=0.4909 pred_up=0.3837 acc=0.4518 logloss=0.7014 auc=0.4234
2026-06-21 14:37:18 INFO crypto_research.ml_cpcv: [ml] OOS weekday Вт: n=4609 base_up=0.5144 pred_up=0.7190 acc=0.4391 logloss=0.7043 auc=0.3815
2026-06-21 14:37:18 INFO crypto_research.ml_cpcv: [ml] OOS weekday Ср: n=4610 base_up=0.4948 pred_up=0.3727 acc=0.4584 logloss=0.6999 auc=0.4384
2026-06-21 14:37:18 INFO crypto_research.ml_cpcv: [ml] OOS weekday Чт: n=4610 base_up=0.4584 pred_up=0.0681 acc=0.5260 logloss=0.6956 auc=0.4594
2026-06-21 14:37:18 INFO crypto_research.ml_cpcv: [ml] OOS weekday Пт: n=4611 base_up=0.5591 pred_up=0.9896 acc=0.5569 logloss=0.6907 auc=0.4710
2026-06-21 14:37:18 INFO crypto_research.ml_cpcv: [ml] OOS weekday Сб: n=4655 base_up=0.5214 pred_up=0.7295 acc=0.5031 logloss=0.6970 auc=0.4834
2026-06-21 14:37:18 INFO crypto_research.ml_cpcv: [ml] OOS weekday Вс: n=4655 base_up=0.4823 pred_up=0.2780 acc=0.4881 logloss=0.7003 auc=0.4462
2026-06-21 14:37:19 INFO crypto_research.ml_oos_paths: [ml] OOS plot saved: /home_admin/crypto_bot/crypto_research/research_outputs/day_of_week/ml/plots/weekday_direction_49pairs_20220101_20240401_oos_prob.png (weekdays=7 calendar_days=822 rows=32407)
2026-06-21 14:37:20 INFO crypto_research.ml_oos_paths: [ml] OOS calibration plot saved: /home_admin/crypto_bot/crypto_research/research_outputs/day_of_week/ml/plots/weekday_direction_49pairs_20220101_20240401_oos_calibration.png (brier=0.2526 ece=0.0417 rows=32407)
2026-06-21 14:37:21 INFO crypto_research.ml_learning_curve: [ml] early stopping (holdout): fit_rows=32407 eval_rows=38563 best_iteration=60 eval_logloss=0.6917
2026-06-21 14:37:21 INFO crypto_research.ml_learning_curve: [ml] learning curve saved: /home_admin/crypto_bot/crypto_research/research_outputs/day_of_week/ml/plots/weekday_direction_49pairs_20220101_20260531_learning_curve.png (best_iter=60)
2026-06-21 14:37:21 INFO crypto_research.ml_learning_curve: [ml] learning curve log saved: /home_admin/crypto_bot/crypto_research/research_outputs/day_of_week/ml/weekday_direction_49pairs_20220101_20260531_learning_curve.log (110 iterations)
2026-06-21 14:37:21 INFO crypto_research.ml_plot_registry: [ml] plot: oos_prob
2026-06-21 14:37:22 INFO crypto_research.ml_oos_paths: [ml] OOS plot saved: /home_admin/crypto_bot/crypto_research/research_outputs/day_of_week/ml/plots/weekday_direction_49pairs_20240401_20260531_oos_prob.png (weekdays=7 calendar_days=787 rows=38563)
2026-06-21 14:37:22 INFO crypto_research.ml_plot_registry: [ml] plot: oos_calibration
2026-06-21 14:37:23 INFO crypto_research.ml_oos_paths: [ml] OOS calibration plot saved: /home_admin/crypto_bot/crypto_research/research_outputs/day_of_week/ml/plots/weekday_direction_49pairs_20240401_20260531_oos_calibration.png (brier=0.2493 ece=0.0262 rows=38563)
2026-06-21 14:37:23 INFO crypto_research.ml_plot_registry: [ml] plot: weekday_pair_summary
2026-06-21 14:37:24 INFO crypto_research.ml_oos_paths: [ml] Weekday×pair summary plot saved: /home_admin/crypto_bot/crypto_research/research_outputs/day_of_week/ml/plots/weekday_direction_49pairs_20240401_20260531_weekday_pair_summary.png (pairs=49 rows=38563)
2026-06-21 14:37:26 INFO crypto_research.ml_oos_paths: [ml] Weekday×pair summary plot saved: /home_admin/crypto_bot/crypto_research/research_outputs/day_of_week/ml/plots/weekday_direction_49pairs_20220101_20240401_weekday_pair_summary.png (pairs=49 rows=32407)
2026-06-21 14:37:26 INFO crypto_research.ml_plot_registry: [ml] plot: roc_auc
2026-06-21 14:37:26 INFO crypto_research.ml_oos_paths: [ml] ROC AUC comparison plot saved: /home_admin/crypto_bot/crypto_research/research_outputs/day_of_week/ml/plots/weekday_direction_49pairs_20220101_20260531_roc_auc.png
2026-06-21 14:37:26 INFO crypto_research.ml_plot_registry: [ml] plot: learning_curve
2026-06-21 14:37:26 INFO crypto_research.ml_plot_registry: [ml] plot: correlation_matrix_heatmap
2026-06-21 14:37:26 INFO crypto_research.ml_feature_diagnostic_plots: [ml] feature corr pair_id vs weekday_enc: 0.0000
2026-06-21 14:37:26 INFO crypto_research.ml_feature_diagnostic_plots: [ml] correlation matrix heatmap saved: /home_admin/crypto_bot/crypto_research/research_outputs/day_of_week/ml/plots/weekday_direction_49pairs_20240401_20260531_correlation_matrix.png
2026-06-21 14:37:26 INFO crypto_research.ml_plot_registry: [ml] plot: shape_summary_plot
2026-06-21 14:37:26 INFO crypto_research.ml_shap_plots: [ml] SHAP subsample: 3000 / 38563 rows
2026-06-21 14:37:27 INFO crypto_research.ml_shap_plots: [ml] SHAP summary plot saved: /home_admin/crypto_bot/crypto_research/research_outputs/day_of_week/ml/plots/weekday_direction_49pairs_20240401_20260531_shape_summary.png
2026-06-21 14:37:27 INFO crypto_research.ml_plot_registry: [ml] plot: feature_prob_dependence
2026-06-21 14:37:27 INFO crypto_research.ml_feature_dependence_plot: [ml] feature P(up) dependence plot saved: /home_admin/crypto_bot/crypto_research/research_outputs/day_of_week/ml/plots/weekday_direction_49pairs_20240401_20260531_feature_prob_dependence.png (features=['weekday_enc'])
2026-06-21 14:37:27 INFO crypto_research.ml_plot_registry: [ml] plot: prob_return_dependence
2026-06-21 14:37:27 INFO crypto_research.ml_prob_return_dependence_plot: [ml] P(up) vs return plot saved: /home_admin/crypto_bot/crypto_research/research_outputs/day_of_week/ml/plots/weekday_direction_49pairs_20240401_20260531_prob_return_dependence.png (train=32407 test=38563 t_long=0.529869910366935 t_short=None edge=0.30% smooth=gauss σ=4)
2026-06-21 14:37:27 INFO crypto_research.ml_plot_registry: [ml] plot: p_up_density_split
2026-06-21 14:37:28 INFO crypto_research.ml_p_up_density_split_plot: [ml] P(up) density split plot saved: /home_admin/crypto_bot/crypto_research/research_outputs/day_of_week/ml/plots/weekday_direction_49pairs_20220101_20240401_p_up_density_split.png (method=default_0_5 threshold=0.5 otsu=0.50390625 valley=None)
2026-06-21 14:37:32 INFO crypto_research.ml_research: [ml] train/test metrics saved: /home_admin/crypto_bot/crypto_research/research_outputs/day_of_week/ml/metrics/weekday_direction_49pairs_20220101_20260531_train_test.json
2026-06-21 14:37:32 INFO crypto_research.ml_research: [ml] metrics summary saved: /home_admin/crypto_bot/crypto_research/research_outputs/day_of_week/ml/metrics/weekday_direction_49pairs_20220101_20260531_metrics_summary.json
2026-06-21 14:39:05 INFO crypto_research.ml_research: [ml] log file: /home_admin/crypto_bot/crypto_research/research_outputs/day_of_week/ml/weekday_direction_20220101_20260531.log
2026-06-21 14:39:05 INFO crypto_research.ml_dataset: [ml] pair filter: first_candle <= 2023-01-01 → 49 pairs
2026-06-21 14:39:22 INFO crypto_research.load: [1] Загрузка данных: пар=49 строк=46567998 ~1243.5 MB
2026-06-21 14:39:22 INFO crypto_research.load:   1000luncusdt: rows=656821 2022-12-31 .. 2024-04-01
2026-06-21 14:39:22 INFO crypto_research.load:   aaveusdt: rows=1182241 2022-01-01 .. 2024-04-01
2026-06-21 14:39:22 INFO crypto_research.load:   adausdt: rows=1182241 2022-01-01 .. 2024-04-01
2026-06-21 14:39:22 INFO crypto_research.load:   algousdt: rows=1182241 2022-01-01 .. 2024-04-01
2026-06-21 14:39:22 INFO crypto_research.load:   aliceusdt: rows=1182241 2022-01-01 .. 2024-04-01
2026-06-21 14:39:22 INFO crypto_research.load:   apeusdt: rows=656821 2022-12-31 .. 2024-04-01
2026-06-21 14:39:22 INFO crypto_research.load:   api3usdt: rows=1098270 2022-02-28 .. 2024-04-01
2026-06-21 14:39:22 INFO crypto_research.load:   aptusdt: rows=763033 2022-10-19 .. 2024-04-01
2026-06-21 14:39:22 INFO crypto_research.load:   atomusdt: rows=1182241 2022-01-01 .. 2024-04-01
2026-06-21 14:39:22 INFO crypto_research.load:   avaxusdt: rows=1182241 2022-01-01 .. 2024-04-01
2026-06-21 14:39:22 INFO crypto_research.load:   axsusdt: rows=656821 2022-12-31 .. 2024-04-01
2026-06-21 14:39:22 INFO crypto_research.load:   bchusdt: rows=1182241 2022-01-01 .. 2024-04-01
2026-06-21 14:39:22 INFO crypto_research.load:   bnbusdt: rows=1182241 2022-01-01 .. 2024-04-01
2026-06-21 14:39:22 INFO crypto_research.load:   btcusdt: rows=1182241 2022-01-01 .. 2024-04-01
2026-06-21 14:39:22 INFO crypto_research.load:   chzusdt: rows=656821 2022-12-31 .. 2024-04-01
2026-06-21 14:39:22 INFO crypto_research.load:   crvusdt: rows=1182241 2022-01-01 .. 2024-04-01
2026-06-21 14:39:22 INFO crypto_research.load:   dashusdt: rows=656821 2022-12-31 .. 2024-04-01
2026-06-21 14:39:22 INFO crypto_research.load:   dogeusdt: rows=1182241 2022-01-01 .. 2024-04-01
2026-06-21 14:39:22 INFO crypto_research.load:   dotusdt: rows=1182241 2022-01-01 .. 2024-04-01
2026-06-21 14:39:22 INFO crypto_research.load:   dydxusdt: rows=1182241 2022-01-01 .. 2024-04-01
2026-06-21 14:39:22 INFO crypto_research.load:   egldusdt: rows=656821 2022-12-31 .. 2024-04-01
2026-06-21 14:39:22 INFO crypto_research.load:   enjusdt: rows=1182241 2022-01-01 .. 2024-04-01
2026-06-21 14:39:22 INFO crypto_research.load:   etcusdt: rows=656821 2022-12-31 .. 2024-04-01
2026-06-21 14:39:22 INFO crypto_research.load:   ethusdt: rows=1182241 2022-01-01 .. 2024-04-01
2026-06-21 14:39:22 INFO crypto_research.load:   filusdt: rows=1182241 2022-01-01 .. 2024-04-01
2026-06-21 14:39:22 INFO crypto_research.load:   galausdt: rows=1182241 2022-01-01 .. 2024-04-01
2026-06-21 14:39:22 INFO crypto_research.load:   gmtusdt: rows=656821 2022-12-31 .. 2024-04-01
2026-06-21 14:39:22 INFO crypto_research.load:   hbarusdt: rows=656821 2022-12-31 .. 2024-04-01
2026-06-21 14:39:22 INFO crypto_research.load:   icpusdt: rows=656821 2022-12-31 .. 2024-04-01
2026-06-21 14:39:22 INFO crypto_research.load:   injusdt: rows=656821 2022-12-31 .. 2024-04-01
2026-06-21 14:39:22 INFO crypto_research.load:   ldousdt: rows=656821 2022-12-31 .. 2024-04-01
2026-06-21 14:39:22 INFO crypto_research.load:   linkusdt: rows=1182241 2022-01-01 .. 2024-04-01
2026-06-21 14:39:22 INFO crypto_research.load:   ltcusdt: rows=1182241 2022-01-01 .. 2024-04-01
2026-06-21 14:39:22 INFO crypto_research.load:   nearusdt: rows=1182241 2022-01-01 .. 2024-04-01
2026-06-21 14:39:22 INFO crypto_research.load:   ontusdt: rows=957048 2022-06-06 .. 2024-04-01
2026-06-21 14:39:22 INFO crypto_research.load:   opusdt: rows=656821 2022-12-31 .. 2024-04-01
2026-06-21 14:39:22 INFO crypto_research.load:   paxgusdt: rows=1076619 2022-03-15 .. 2024-04-01
2026-06-21 14:39:22 INFO crypto_research.load:   sandusdt: rows=656821 2022-12-31 .. 2024-04-01
2026-06-21 14:39:22 INFO crypto_research.load:   shib1000usdt: rows=656821 2022-12-31 .. 2024-04-01
2026-06-21 14:39:22 INFO crypto_research.load:   solusdt: rows=1182241 2022-01-01 .. 2024-04-01
2026-06-21 14:39:22 INFO crypto_research.load:   storjusdt: rows=656821 2022-12-31 .. 2024-04-01
2026-06-21 14:39:22 INFO crypto_research.load:   stxusdt: rows=656821 2022-12-31 .. 2024-04-01
2026-06-21 14:39:22 INFO crypto_research.load:   trxusdt: rows=656821 2022-12-31 .. 2024-04-01
2026-06-21 14:39:22 INFO crypto_research.load:   uniusdt: rows=1182241 2022-01-01 .. 2024-04-01
2026-06-21 14:39:22 INFO crypto_research.load:   xlmusdt: rows=656821 2022-12-31 .. 2024-04-01
2026-06-21 14:39:22 INFO crypto_research.load:   xmrusdt: rows=1162824 2022-01-14 .. 2024-04-01
2026-06-21 14:39:22 INFO crypto_research.load:   xrpusdt: rows=1182241 2022-01-01 .. 2024-04-01
2026-06-21 14:39:22 INFO crypto_research.load:   zecusdt: rows=1182241 2022-01-01 .. 2024-04-01
2026-06-21 14:39:22 INFO crypto_research.load:   zenusdt: rows=656821 2022-12-31 .. 2024-04-01
2026-06-21 14:39:24 INFO crypto_research.ml_dataset: [ml] pooled daily: pairs=49 rows=32407 period=2022-01-01..2024-04-01
2026-06-21 14:39:24 INFO crypto_research.ml_dataset: [ml] pair filter: first_candle <= 2023-01-01 → 49 pairs
2026-06-21 14:39:53 INFO crypto_research.load: [1] Загрузка данных: пар=49 строк=55515524 ~1482.4 MB
2026-06-21 14:39:53 INFO crypto_research.load:   1000luncusdt: rows=1133280 2024-04-01 .. 2026-05-27
2026-06-21 14:39:53 INFO crypto_research.load:   aaveusdt: rows=1132756 2024-04-01 .. 2026-05-27
2026-06-21 14:39:53 INFO crypto_research.load:   adausdt: rows=1132756 2024-04-01 .. 2026-05-27
2026-06-21 14:39:53 INFO crypto_research.load:   algousdt: rows=1132756 2024-04-01 .. 2026-05-27
2026-06-21 14:39:53 INFO crypto_research.load:   aliceusdt: rows=1132756 2024-04-01 .. 2026-05-27
2026-06-21 14:39:53 INFO crypto_research.load:   apeusdt: rows=1133280 2024-04-01 .. 2026-05-27
2026-06-21 14:39:53 INFO crypto_research.load:   api3usdt: rows=1132756 2024-04-01 .. 2026-05-27
2026-06-21 14:39:53 INFO crypto_research.load:   aptusdt: rows=1132756 2024-04-01 .. 2026-05-27
2026-06-21 14:39:53 INFO crypto_research.load:   atomusdt: rows=1132756 2024-04-01 .. 2026-05-27
2026-06-21 14:39:53 INFO crypto_research.load:   avaxusdt: rows=1132756 2024-04-01 .. 2026-05-27
2026-06-21 14:39:53 INFO crypto_research.load:   axsusdt: rows=1133280 2024-04-01 .. 2026-05-27
2026-06-21 14:39:53 INFO crypto_research.load:   bchusdt: rows=1132756 2024-04-01 .. 2026-05-27
2026-06-21 14:39:53 INFO crypto_research.load:   bnbusdt: rows=1132756 2024-04-01 .. 2026-05-27
2026-06-21 14:39:53 INFO crypto_research.load:   btcusdt: rows=1132756 2024-04-01 .. 2026-05-27
2026-06-21 14:39:53 INFO crypto_research.load:   chzusdt: rows=1133280 2024-04-01 .. 2026-05-27
2026-06-21 14:39:53 INFO crypto_research.load:   crvusdt: rows=1132756 2024-04-01 .. 2026-05-27
2026-06-21 14:39:53 INFO crypto_research.load:   dashusdt: rows=1133280 2024-04-01 .. 2026-05-27
2026-06-21 14:39:53 INFO crypto_research.load:   dogeusdt: rows=1132756 2024-04-01 .. 2026-05-27
2026-06-21 14:39:53 INFO crypto_research.load:   dotusdt: rows=1132756 2024-04-01 .. 2026-05-27
2026-06-21 14:39:53 INFO crypto_research.load:   dydxusdt: rows=1132756 2024-04-01 .. 2026-05-27
2026-06-21 14:39:53 INFO crypto_research.load:   egldusdt: rows=1133280 2024-04-01 .. 2026-05-27
2026-06-21 14:39:53 INFO crypto_research.load:   enjusdt: rows=1132756 2024-04-01 .. 2026-05-27
2026-06-21 14:39:53 INFO crypto_research.load:   etcusdt: rows=1133280 2024-04-01 .. 2026-05-27
2026-06-21 14:39:53 INFO crypto_research.load:   ethusdt: rows=1132756 2024-04-01 .. 2026-05-27
2026-06-21 14:39:53 INFO crypto_research.load:   filusdt: rows=1132756 2024-04-01 .. 2026-05-27
2026-06-21 14:39:53 INFO crypto_research.load:   galausdt: rows=1132756 2024-04-01 .. 2026-05-27
2026-06-21 14:39:53 INFO crypto_research.load:   gmtusdt: rows=1133280 2024-04-01 .. 2026-05-27
2026-06-21 14:39:53 INFO crypto_research.load:   hbarusdt: rows=1133280 2024-04-01 .. 2026-05-27
2026-06-21 14:39:53 INFO crypto_research.load:   icpusdt: rows=1133280 2024-04-01 .. 2026-05-27
2026-06-21 14:39:53 INFO crypto_research.load:   injusdt: rows=1133280 2024-04-01 .. 2026-05-27
2026-06-21 14:39:53 INFO crypto_research.load:   ldousdt: rows=1133280 2024-04-01 .. 2026-05-27
2026-06-21 14:39:53 INFO crypto_research.load:   linkusdt: rows=1132756 2024-04-01 .. 2026-05-27
2026-06-21 14:39:53 INFO crypto_research.load:   ltcusdt: rows=1132756 2024-04-01 .. 2026-05-27
2026-06-21 14:39:53 INFO crypto_research.load:   nearusdt: rows=1132756 2024-04-01 .. 2026-05-27
2026-06-21 14:39:53 INFO crypto_research.load:   ontusdt: rows=1132756 2024-04-01 .. 2026-05-27
2026-06-21 14:39:53 INFO crypto_research.load:   opusdt: rows=1133280 2024-04-01 .. 2026-05-27
2026-06-21 14:39:53 INFO crypto_research.load:   paxgusdt: rows=1132756 2024-04-01 .. 2026-05-27
2026-06-21 14:39:53 INFO crypto_research.load:   sandusdt: rows=1133280 2024-04-01 .. 2026-05-27
2026-06-21 14:39:53 INFO crypto_research.load:   shib1000usdt: rows=1133280 2024-04-01 .. 2026-05-27
2026-06-21 14:39:53 INFO crypto_research.load:   solusdt: rows=1132756 2024-04-01 .. 2026-05-27
2026-06-21 14:39:53 INFO crypto_research.load:   storjusdt: rows=1133280 2024-04-01 .. 2026-05-27
2026-06-21 14:39:53 INFO crypto_research.load:   stxusdt: rows=1133280 2024-04-01 .. 2026-05-27
2026-06-21 14:39:53 INFO crypto_research.load:   trxusdt: rows=1133280 2024-04-01 .. 2026-05-27
2026-06-21 14:39:53 INFO crypto_research.load:   uniusdt: rows=1132756 2024-04-01 .. 2026-05-27
2026-06-21 14:39:53 INFO crypto_research.load:   xlmusdt: rows=1133280 2024-04-01 .. 2026-05-27
2026-06-21 14:39:53 INFO crypto_research.load:   xmrusdt: rows=1132756 2024-04-01 .. 2026-05-27
2026-06-21 14:39:53 INFO crypto_research.load:   xrpusdt: rows=1132756 2024-04-01 .. 2026-05-27
2026-06-21 14:39:53 INFO crypto_research.load:   zecusdt: rows=1132756 2024-04-01 .. 2026-05-27
2026-06-21 14:39:53 INFO crypto_research.load:   zenusdt: rows=1133280 2024-04-01 .. 2026-05-27
2026-06-21 14:39:55 INFO crypto_research.ml_dataset: [ml] pooled daily: pairs=49 rows=38563 period=2024-04-01..2026-05-31
2026-06-21 14:39:55 INFO crypto_research.ml_dataset: [ml] dataset studies=['day_of_week_ml'] features=['pair_id', 'weekday_enc'] rows=32407 pairs=49 up_rate=0.503
2026-06-21 14:39:55 INFO crypto_research.ml_dataset: [ml] dataset studies=['day_of_week_ml'] features=['pair_id', 'weekday_enc'] rows=38563 pairs=49 up_rate=0.478
2026-06-21 14:39:55 INFO crypto_research.ml_research: Dataset columns (7): ['day_utc', 'pair', 'weekday', 'return_pct', 'direction_up', 'pair_id', 'weekday_enc']
2026-06-21 14:39:55 INFO crypto_research.ml_research: Dataset head (50 rows):
shape: (50, 7)
┌─────────────────────────┬───────────┬─────────┬──────────────────────┬──────────────┬─────────┬─────────────┐
│ day_utc                 ┆ pair      ┆ weekday ┆ return_pct           ┆ direction_up ┆ pair_id ┆ weekday_enc │
│ ---                     ┆ ---       ┆ ---     ┆ ---                  ┆ ---          ┆ ---     ┆ ---         │
│ datetime[μs, UTC]       ┆ str       ┆ i64     ┆ f64                  ┆ i8           ┆ cat     ┆ cat         │
╞═════════════════════════╪═══════════╪═════════╪══════════════════════╪══════════════╪═════════╪═════════════╡
│ 2022-01-01 00:00:00 UTC ┆ aaveusdt  ┆ 5       ┆ 4.984243106054534    ┆ 1            ┆ 1       ┆ 5           │
│ 2022-01-01 00:00:00 UTC ┆ adausdt   ┆ 5       ┆ 5.467610434955732    ┆ 1            ┆ 2       ┆ 5           │
│ 2022-01-01 00:00:00 UTC ┆ algousdt  ┆ 5       ┆ 4.906678720130035    ┆ 1            ┆ 3       ┆ 5           │
│ 2022-01-01 00:00:00 UTC ┆ aliceusdt ┆ 5       ┆ 7.048459260231336    ┆ 1            ┆ 4       ┆ 5           │
│ 2022-01-01 00:00:00 UTC ┆ atomusdt  ┆ 5       ┆ 12.179684375310629   ┆ 1            ┆ 8       ┆ 5           │
│ 2022-01-01 00:00:00 UTC ┆ avaxusdt  ┆ 5       ┆ 4.298318986485412    ┆ 1            ┆ 9       ┆ 5           │
│ 2022-01-01 00:00:00 UTC ┆ bchusdt   ┆ 5       ┆ 3.288409206479117    ┆ 1            ┆ 11      ┆ 5           │
│ 2022-01-01 00:00:00 UTC ┆ bnbusdt   ┆ 5       ┆ 3.057535158711974    ┆ 1            ┆ 12      ┆ 5           │
│ 2022-01-01 00:00:00 UTC ┆ btcusdt   ┆ 5       ┆ 3.2878432051601174   ┆ 1            ┆ 13      ┆ 5           │
│ 2022-01-01 00:00:00 UTC ┆ crvusdt   ┆ 5       ┆ 16.406683928750976   ┆ 1            ┆ 15      ┆ 5           │
│ 2022-01-01 00:00:00 UTC ┆ dogeusdt  ┆ 5       ┆ 1.7028710327738033   ┆ 1            ┆ 17      ┆ 5           │
│ 2022-01-01 00:00:00 UTC ┆ dotusdt   ┆ 5       ┆ 7.267603627952611    ┆ 1            ┆ 18      ┆ 5           │
│ 2022-01-01 00:00:00 UTC ┆ dydxusdt  ┆ 5       ┆ 4.514530233716851    ┆ 1            ┆ 19      ┆ 5           │
│ 2022-01-01 00:00:00 UTC ┆ enjusdt   ┆ 5       ┆ 4.273509656879154    ┆ 1            ┆ 21      ┆ 5           │
│ 2022-01-01 00:00:00 UTC ┆ ethusdt   ┆ 5       ┆ 2.3372160685554877   ┆ 1            ┆ 23      ┆ 5           │
│ 2022-01-01 00:00:00 UTC ┆ filusdt   ┆ 5       ┆ 4.7897176088043745   ┆ 1            ┆ 24      ┆ 5           │
│ 2022-01-01 00:00:00 UTC ┆ galausdt  ┆ 5       ┆ 2.4742044420107923   ┆ 1            ┆ 25      ┆ 5           │
│ 2022-01-01 00:00:00 UTC ┆ linkusdt  ┆ 5       ┆ 6.339695952270143    ┆ 1            ┆ 31      ┆ 5           │
│ 2022-01-01 00:00:00 UTC ┆ ltcusdt   ┆ 5       ┆ 3.063674428791916    ┆ 1            ┆ 32      ┆ 5           │
│ 2022-01-01 00:00:00 UTC ┆ nearusdt  ┆ 5       ┆ 3.8674760244817965   ┆ 1            ┆ 33      ┆ 5           │
│ 2022-01-01 00:00:00 UTC ┆ solusdt   ┆ 5       ┆ 5.238405464133995    ┆ 1            ┆ 39      ┆ 5           │
│ 2022-01-01 00:00:00 UTC ┆ uniusdt   ┆ 5       ┆ 2.849065384621862    ┆ 1            ┆ 43      ┆ 5           │
│ 2022-01-01 00:00:00 UTC ┆ xrpusdt   ┆ 5       ┆ 2.5937980391229107   ┆ 1            ┆ 46      ┆ 5           │
│ 2022-01-01 00:00:00 UTC ┆ zecusdt   ┆ 5       ┆ 2.5597269624573378   ┆ 1            ┆ 47      ┆ 5           │
│ 2022-01-02 00:00:00 UTC ┆ aaveusdt  ┆ 6       ┆ -0.39407703600741906 ┆ 0            ┆ 1       ┆ 6           │
│ 2022-01-02 00:00:00 UTC ┆ adausdt   ┆ 6       ┆ -0.10875946275608563 ┆ 0            ┆ 2       ┆ 6           │
│ 2022-01-02 00:00:00 UTC ┆ algousdt  ┆ 6       ┆ -3.9311291141658335  ┆ 0            ┆ 3       ┆ 6           │
│ 2022-01-02 00:00:00 UTC ┆ aliceusdt ┆ 6       ┆ -2.244670376898661   ┆ 0            ┆ 4       ┆ 6           │
│ 2022-01-02 00:00:00 UTC ┆ atomusdt  ┆ 6       ┆ -2.243012652385795   ┆ 0            ┆ 8       ┆ 6           │
│ 2022-01-02 00:00:00 UTC ┆ avaxusdt  ┆ 6       ┆ -0.83300185321137    ┆ 0            ┆ 9       ┆ 6           │
│ 2022-01-02 00:00:00 UTC ┆ bchusdt   ┆ 6       ┆ 0.7199868605161669   ┆ 1            ┆ 11      ┆ 6           │
│ 2022-01-02 00:00:00 UTC ┆ bnbusdt   ┆ 6       ┆ 0.5971610263625592   ┆ 1            ┆ 12      ┆ 6           │
│ 2022-01-02 00:00:00 UTC ┆ btcusdt   ┆ 6       ┆ -0.8686176510650783  ┆ 0            ┆ 13      ┆ 6           │
│ 2022-01-02 00:00:00 UTC ┆ crvusdt   ┆ 6       ┆ -2.4862739947677244  ┆ 0            ┆ 15      ┆ 6           │
│ 2022-01-02 00:00:00 UTC ┆ dogeusdt  ┆ 6       ┆ 0.6928437860134704   ┆ 1            ┆ 17      ┆ 6           │
│ 2022-01-02 00:00:00 UTC ┆ dotusdt   ┆ 6       ┆ 3.9740905115748215   ┆ 1            ┆ 18      ┆ 6           │
│ 2022-01-02 00:00:00 UTC ┆ dydxusdt  ┆ 6       ┆ 2.9585799484383837   ┆ 1            ┆ 19      ┆ 6           │
│ 2022-01-02 00:00:00 UTC ┆ enjusdt   ┆ 6       ┆ 6.408343157884263    ┆ 1            ┆ 21      ┆ 6           │
│ 2022-01-02 00:00:00 UTC ┆ ethusdt   ┆ 6       ┆ 1.6687051723898574   ┆ 1            ┆ 23      ┆ 6           │
│ 2022-01-02 00:00:00 UTC ┆ filusdt   ┆ 6       ┆ -0.3623218067035116  ┆ 0            ┆ 24      ┆ 6           │
│ 2022-01-02 00:00:00 UTC ┆ galausdt  ┆ 6       ┆ -1.04807628206936    ┆ 0            ┆ 25      ┆ 6           │
│ 2022-01-02 00:00:00 UTC ┆ linkusdt  ┆ 6       ┆ 5.335198427129154    ┆ 1            ┆ 31      ┆ 6           │
│ 2022-01-02 00:00:00 UTC ┆ ltcusdt   ┆ 6       ┆ 0.3052162660648333   ┆ 1            ┆ 32      ┆ 6           │
│ 2022-01-02 00:00:00 UTC ┆ nearusdt  ┆ 6       ┆ -5.120597630885423   ┆ 0            ┆ 33      ┆ 6           │
│ 2022-01-02 00:00:00 UTC ┆ solusdt   ┆ 6       ┆ -1.4581008996377443  ┆ 0            ┆ 39      ┆ 6           │
│ 2022-01-02 00:00:00 UTC ┆ uniusdt   ┆ 6       ┆ 5.460167504333891    ┆ 1            ┆ 43      ┆ 6           │
│ 2022-01-02 00:00:00 UTC ┆ xrpusdt   ┆ 6       ┆ 0.9642579585941153   ┆ 1            ┆ 46      ┆ 6           │
│ 2022-01-02 00:00:00 UTC ┆ zecusdt   ┆ 6       ┆ 1.7304533134879367   ┆ 1            ┆ 47      ┆ 6           │
│ 2022-01-03 00:00:00 UTC ┆ aaveusdt  ┆ 0       ┆ 0.7158982442273308   ┆ 1            ┆ 1       ┆ 0           │
│ 2022-01-03 00:00:00 UTC ┆ adausdt   ┆ 0       ┆ -4.217172558413808   ┆ 0            ┆ 2       ┆ 0           │
└─────────────────────────┴───────────┴─────────┴──────────────────────┴──────────────┴─────────┴─────────────┘
2026-06-21 14:39:55 INFO crypto_research.ml_cpcv: [ml] X: shape=(32407, 2) columns=['pair_id', 'weekday_enc'] dtypes={'pair_id': 'category', 'weekday_enc': 'category'}
2026-06-21 14:39:55 INFO crypto_research.ml_cpcv: [ml] X head (3 rows):
  pair_id weekday_enc
0       1           5
1       2           5
2       3           5
2026-06-21 14:39:55 INFO crypto_research.ml_cpcv: [ml] y (direction_up): shape=(32407,) dtype=int8 distribution={0: 16106, 1: 16301}
2026-06-21 14:39:55 INFO crypto_research.ml_cpcv: [ml] y head (3 values): [1, 1, 1]
2026-06-21 14:39:55 INFO crypto_research.ml_cpcv: [ml] CV: CombinatorialPurgedCV n_splits=7 n_test_groups=2 embargo_days=1 n_folds=C(7,2)=21 n_days=822
2026-06-21 14:39:55 INFO crypto_research.ml_cpcv: [ml] CV time range: 2022-01-01 00:00:00+00:00 .. 2024-04-01 00:00:00+00:00 (prediction_times=evaluation_times, purge=None)
2026-06-21 14:39:55 INFO crypto_research.ml_cpcv: [ml] CV day splits:
  fold1: train_days=585 test_days=236
  fold2: train_days=584 test_days=236
  fold3: train_days=585 test_days=235
  fold4: train_days=585 test_days=235
  fold5: train_days=585 test_days=235
  fold6: train_days=586 test_days=235
  fold7: train_days=585 test_days=236
  fold8: train_days=585 test_days=235
  fold9: train_days=585 test_days=235
  fold10: train_days=585 test_days=235
  fold11: train_days=586 test_days=235
  fold12: train_days=586 test_days=235
  fold13: train_days=585 test_days=235
  fold14: train_days=585 test_days=235
  fold15: train_days=586 test_days=235
  fold16: train_days=587 test_days=234
  fold17: train_days=586 test_days=234
  fold18: train_days=587 test_days=234
  fold19: train_days=587 test_days=234
  fold20: train_days=587 test_days=234
  fold21: train_days=588 test_days=234
2026-06-21 14:39:55 INFO crypto_research.ml_cpcv: [ml] fold 1/21 → model.fit: X_train=(26071, 2) y_train=(26071,) days=('2022-08-26 00:00:00+00:00', '2024-04-01 00:00:00+00:00') dist={0: 12830, 1: 13241}
2026-06-21 14:39:55 INFO crypto_research.ml_cpcv: [ml] fold 1/21 → model.predict: X_test=(6308, 2) y_test=(6308,) days=('2022-01-01 00:00:00+00:00', '2022-08-24 00:00:00+00:00') dist={0: 3272, 1: 3036}
2026-06-21 14:39:55 INFO crypto_research.ml_cpcv: [ml] fold 1 X_train head:
     pair_id weekday_enc
6336       1           4
6337       2           4
6338       3           4
2026-06-21 14:39:55 INFO crypto_research.ml_cpcv: [ml] fold 1 y_train head: [0, 0, 0]
2026-06-21 14:39:55 INFO crypto_research.ml_cpcv: [ml] fold 1 X_test head:
  pair_id weekday_enc
0       1           5
1       2           5
2       3           5
2026-06-21 14:39:55 INFO crypto_research.ml_cpcv: [ml] fold 1 y_test head: [1, 1, 1]
2026-06-21 14:39:55 INFO crypto_research.ml_cpcv: [ml] fold 1/21 train=26071 test=6308 acc=0.5048 auc=0.5063
2026-06-21 14:39:55 INFO crypto_research.ml_cpcv: [ml] fold 2/21 → model.fit: X_train=(25942, 2) y_train=(25942,) days=('2022-04-30 00:00:00+00:00', '2024-04-01 00:00:00+00:00') dist={0: 12736, 1: 13206}
2026-06-21 14:39:55 INFO crypto_research.ml_cpcv: [ml] fold 2/21 → model.predict: X_test=(6409, 2) y_test=(6409,) days=('2022-01-01 00:00:00+00:00', '2022-12-20 00:00:00+00:00') dist={0: 3319, 1: 3090}
2026-06-21 14:39:55 INFO crypto_research.ml_cpcv: [ml] fold 2/21 train=25942 test=6409 acc=0.5122 auc=0.5156
2026-06-21 14:39:55 INFO crypto_research.ml_cpcv: [ml] fold 3/21 → model.fit: X_train=(23756, 2) y_train=(23756,) days=('2022-04-30 00:00:00+00:00', '2024-04-01 00:00:00+00:00') dist={0: 11899, 1: 11857}
2026-06-21 14:39:55 INFO crypto_research.ml_cpcv: [ml] fold 3/21 → model.predict: X_test=(8575, 2) y_test=(8575,) days=('2022-01-01 00:00:00+00:00', '2023-04-16 00:00:00+00:00') dist={0: 4141, 1: 4434}
2026-06-21 14:39:56 INFO crypto_research.ml_cpcv: [ml] fold 3/21 train=23756 test=8575 acc=0.4977 auc=0.5019
2026-06-21 14:39:56 INFO crypto_research.ml_cpcv: [ml] fold 4/21 → model.fit: X_train=(23556, 2) y_train=(23556,) days=('2022-04-30 00:00:00+00:00', '2024-04-01 00:00:00+00:00') dist={0: 11482, 1: 12074}
2026-06-21 14:39:56 INFO crypto_research.ml_cpcv: [ml] fold 4/21 → model.predict: X_test=(8775, 2) y_test=(8775,) days=('2022-01-01 00:00:00+00:00', '2023-08-11 00:00:00+00:00') dist={0: 4583, 1: 4192}
2026-06-21 14:39:56 INFO crypto_research.ml_cpcv: [ml] fold 4/21 train=23556 test=8775 acc=0.4604 auc=0.4815
2026-06-21 14:39:56 INFO crypto_research.ml_cpcv: [ml] fold 5/21 → model.fit: X_train=(23556, 2) y_train=(23556,) days=('2022-04-30 00:00:00+00:00', '2024-04-01 00:00:00+00:00') dist={0: 11760, 1: 11796}
2026-06-21 14:39:56 INFO crypto_research.ml_cpcv: [ml] fold 5/21 → model.predict: X_test=(8775, 2) y_test=(8775,) days=('2022-01-01 00:00:00+00:00', '2023-12-06 00:00:00+00:00') dist={0: 4314, 1: 4461}
2026-06-21 14:39:56 INFO crypto_research.ml_cpcv: [ml] fold 5/21 train=23556 test=8775 acc=0.5115 auc=0.5178
2026-06-21 14:39:56 INFO crypto_research.ml_cpcv: [ml] fold 6/21 → model.fit: X_train=(23605, 2) y_train=(23605,) days=('2022-04-30 00:00:00+00:00', '2023-12-06 00:00:00+00:00') dist={0: 11798, 1: 11807}
2026-06-21 14:39:56 INFO crypto_research.ml_cpcv: [ml] fold 6/21 → model.predict: X_test=(8775, 2) y_test=(8775,) days=('2022-01-01 00:00:00+00:00', '2024-04-01 00:00:00+00:00') dist={0: 4282, 1: 4493}
2026-06-21 14:39:56 INFO crypto_research.ml_cpcv: [ml] fold 6/21 train=23605 test=8775 acc=0.4779 auc=0.4652
2026-06-21 14:39:56 INFO crypto_research.ml_cpcv: [ml] fold 7/21 → model.fit: X_train=(25745, 2) y_train=(25745,) days=('2022-01-01 00:00:00+00:00', '2024-04-01 00:00:00+00:00') dist={0: 12612, 1: 13133}
2026-06-21 14:39:56 INFO crypto_research.ml_cpcv: [ml] fold 7/21 → model.predict: X_test=(6633, 2) y_test=(6633,) days=('2022-04-29 00:00:00+00:00', '2022-12-20 00:00:00+00:00') dist={0: 3469, 1: 3164}
2026-06-21 14:39:56 INFO crypto_research.ml_cpcv: [ml] fold 7/21 train=25745 test=6633 acc=0.4901 auc=0.4901
2026-06-21 14:39:56 INFO crypto_research.ml_cpcv: [ml] fold 8/21 → model.fit: X_train=(23531, 2) y_train=(23531,) days=('2022-01-01 00:00:00+00:00', '2024-04-01 00:00:00+00:00') dist={0: 11771, 1: 11760}
2026-06-21 14:39:56 INFO crypto_research.ml_cpcv: [ml] fold 8/21 → model.predict: X_test=(8799, 2) y_test=(8799,) days=('2022-04-29 00:00:00+00:00', '2023-04-16 00:00:00+00:00') dist={0: 4291, 1: 4508}
2026-06-21 14:39:56 INFO crypto_research.ml_cpcv: [ml] fold 8/21 train=23531 test=8799 acc=0.4879 auc=0.4822
2026-06-21 14:39:56 INFO crypto_research.ml_cpcv: [ml] fold 9/21 → model.fit: X_train=(23331, 2) y_train=(23331,) days=('2022-01-01 00:00:00+00:00', '2024-04-01 00:00:00+00:00') dist={0: 11354, 1: 11977}
2026-06-21 14:39:56 INFO crypto_research.ml_cpcv: [ml] fold 9/21 → model.predict: X_test=(8999, 2) y_test=(8999,) days=('2022-04-29 00:00:00+00:00', '2023-08-11 00:00:00+00:00') dist={0: 4733, 1: 4266}
2026-06-21 14:39:56 INFO crypto_research.ml_cpcv: [ml] fold 9/21 train=23331 test=8999 acc=0.4724 auc=0.4883
2026-06-21 14:39:56 INFO crypto_research.ml_cpcv: [ml] fold 10/21 → model.fit: X_train=(23331, 2) y_train=(23331,) days=('2022-01-01 00:00:00+00:00', '2024-04-01 00:00:00+00:00') dist={0: 11632, 1: 11699}
2026-06-21 14:39:56 INFO crypto_research.ml_cpcv: [ml] fold 10/21 → model.predict: X_test=(8999, 2) y_test=(8999,) days=('2022-04-29 00:00:00+00:00', '2023-12-06 00:00:00+00:00') dist={0: 4464, 1: 4535}
2026-06-21 14:39:56 INFO crypto_research.ml_cpcv: [ml] fold 10/21 train=23331 test=8999 acc=0.5068 auc=0.5095
2026-06-21 14:39:56 INFO crypto_research.ml_cpcv: [ml] fold 11/21 → model.fit: X_train=(23380, 2) y_train=(23380,) days=('2022-01-01 00:00:00+00:00', '2023-12-06 00:00:00+00:00') dist={0: 11670, 1: 11710}
2026-06-21 14:39:56 INFO crypto_research.ml_cpcv: [ml] fold 11/21 → model.predict: X_test=(8999, 2) y_test=(8999,) days=('2022-04-29 00:00:00+00:00', '2024-04-01 00:00:00+00:00') dist={0: 4432, 1: 4567}
2026-06-21 14:39:56 INFO crypto_research.ml_cpcv: [ml] fold 11/21 train=23380 test=8999 acc=0.4628 auc=0.4533
2026-06-21 14:39:56 INFO crypto_research.ml_cpcv: [ml] fold 12/21 → model.fit: X_train=(23458, 2) y_train=(23458,) days=('2022-01-01 00:00:00+00:00', '2024-04-01 00:00:00+00:00') dist={0: 11728, 1: 11730}
2026-06-21 14:39:56 INFO crypto_research.ml_cpcv: [ml] fold 12/21 → model.predict: X_test=(8900, 2) y_test=(8900,) days=('2022-08-25 00:00:00+00:00', '2023-04-16 00:00:00+00:00') dist={0: 4338, 1: 4562}
2026-06-21 14:39:56 INFO crypto_research.ml_cpcv: [ml] fold 12/21 train=23458 test=8900 acc=0.4935 auc=0.4967
2026-06-21 14:39:56 INFO crypto_research.ml_cpcv: [ml] fold 13/21 → model.fit: X_train=(23229, 2) y_train=(23229,) days=('2022-01-01 00:00:00+00:00', '2024-04-01 00:00:00+00:00') dist={0: 11286, 1: 11943}
2026-06-21 14:39:56 INFO crypto_research.ml_cpcv: [ml] fold 13/21 → model.predict: X_test=(9100, 2) y_test=(9100,) days=('2022-08-25 00:00:00+00:00', '2023-08-11 00:00:00+00:00') dist={0: 4780, 1: 4320}
2026-06-21 14:39:56 INFO crypto_research.ml_cpcv: [ml] fold 13/21 train=23229 test=9100 acc=0.4740 auc=0.4886
2026-06-21 14:39:56 INFO crypto_research.ml_cpcv: [ml] fold 14/21 → model.fit: X_train=(23229, 2) y_train=(23229,) days=('2022-01-01 00:00:00+00:00', '2024-04-01 00:00:00+00:00') dist={0: 11564, 1: 11665}
2026-06-21 14:39:56 INFO crypto_research.ml_cpcv: [ml] fold 14/21 → model.predict: X_test=(9100, 2) y_test=(9100,) days=('2022-08-25 00:00:00+00:00', '2023-12-06 00:00:00+00:00') dist={0: 4511, 1: 4589}
2026-06-21 14:39:56 INFO crypto_research.ml_cpcv: [ml] fold 14/21 train=23229 test=9100 acc=0.5187 auc=0.5279
2026-06-21 14:39:56 INFO crypto_research.ml_cpcv: [ml] fold 15/21 → model.fit: X_train=(23278, 2) y_train=(23278,) days=('2022-01-01 00:00:00+00:00', '2023-12-06 00:00:00+00:00') dist={0: 11602, 1: 11676}
2026-06-21 14:39:56 INFO crypto_research.ml_cpcv: [ml] fold 15/21 → model.predict: X_test=(9100, 2) y_test=(9100,) days=('2022-08-25 00:00:00+00:00', '2024-04-01 00:00:00+00:00') dist={0: 4479, 1: 4621}
2026-06-21 14:39:56 INFO crypto_research.ml_cpcv: [ml] fold 15/21 train=23278 test=9100 acc=0.4653 auc=0.4536
2026-06-21 14:39:56 INFO crypto_research.ml_cpcv: [ml] fold 16/21 → model.fit: X_train=(21092, 2) y_train=(21092,) days=('2022-01-01 00:00:00+00:00', '2024-04-01 00:00:00+00:00') dist={0: 10489, 1: 10603}
2026-06-21 14:39:56 INFO crypto_research.ml_cpcv: [ml] fold 16/21 → model.predict: X_test=(11266, 2) y_test=(11266,) days=('2022-12-21 00:00:00+00:00', '2023-08-11 00:00:00+00:00') dist={0: 5602, 1: 5664}
2026-06-21 14:39:57 INFO crypto_research.ml_cpcv: [ml] fold 16/21 train=21092 test=11266 acc=0.4774 auc=0.4766
2026-06-21 14:39:57 INFO crypto_research.ml_cpcv: [ml] fold 17/21 → model.fit: X_train=(21043, 2) y_train=(21043,) days=('2022-01-01 00:00:00+00:00', '2024-04-01 00:00:00+00:00') dist={0: 10727, 1: 10316}
2026-06-21 14:39:57 INFO crypto_research.ml_cpcv: [ml] fold 17/21 → model.predict: X_test=(11266, 2) y_test=(11266,) days=('2022-12-21 00:00:00+00:00', '2023-12-06 00:00:00+00:00') dist={0: 5333, 1: 5933}
2026-06-21 14:39:57 INFO crypto_research.ml_cpcv: [ml] fold 17/21 train=21043 test=11266 acc=0.5080 auc=0.5121
2026-06-21 14:39:57 INFO crypto_research.ml_cpcv: [ml] fold 18/21 → model.fit: X_train=(21092, 2) y_train=(21092,) days=('2022-01-01 00:00:00+00:00', '2023-12-06 00:00:00+00:00') dist={0: 10765, 1: 10327}
2026-06-21 14:39:57 INFO crypto_research.ml_cpcv: [ml] fold 18/21 → model.predict: X_test=(11266, 2) y_test=(11266,) days=('2022-12-21 00:00:00+00:00', '2024-04-01 00:00:00+00:00') dist={0: 5301, 1: 5965}
2026-06-21 14:39:57 INFO crypto_research.ml_cpcv: [ml] fold 18/21 train=21092 test=11266 acc=0.4705 auc=0.4773
2026-06-21 14:39:57 INFO crypto_research.ml_cpcv: [ml] fold 19/21 → model.fit: X_train=(20892, 2) y_train=(20892,) days=('2022-01-01 00:00:00+00:00', '2024-04-01 00:00:00+00:00') dist={0: 10325, 1: 10567}
2026-06-21 14:39:57 INFO crypto_research.ml_cpcv: [ml] fold 19/21 → model.predict: X_test=(11466, 2) y_test=(11466,) days=('2023-04-17 00:00:00+00:00', '2023-12-06 00:00:00+00:00') dist={0: 5775, 1: 5691}
2026-06-21 14:39:57 INFO crypto_research.ml_cpcv: [ml] fold 19/21 train=20892 test=11466 acc=0.5059 auc=0.5022
2026-06-21 14:39:57 INFO crypto_research.ml_cpcv: [ml] fold 20/21 → model.fit: X_train=(20892, 2) y_train=(20892,) days=('2022-01-01 00:00:00+00:00', '2023-12-06 00:00:00+00:00') dist={0: 10348, 1: 10544}
2026-06-21 14:39:57 INFO crypto_research.ml_cpcv: [ml] fold 20/21 → model.predict: X_test=(11466, 2) y_test=(11466,) days=('2023-04-17 00:00:00+00:00', '2024-04-01 00:00:00+00:00') dist={0: 5743, 1: 5723}
2026-06-21 14:39:57 INFO crypto_research.ml_cpcv: [ml] fold 20/21 train=20892 test=11466 acc=0.5095 auc=0.5117
2026-06-21 14:39:57 INFO crypto_research.ml_cpcv: [ml] fold 21/21 → model.fit: X_train=(20941, 2) y_train=(20941,) days=('2022-01-01 00:00:00+00:00', '2023-08-11 00:00:00+00:00') dist={0: 10632, 1: 10309}
2026-06-21 14:39:57 INFO crypto_research.ml_cpcv: [ml] fold 21/21 → model.predict: X_test=(11466, 2) y_test=(11466,) days=('2023-08-12 00:00:00+00:00', '2024-04-01 00:00:00+00:00') dist={0: 5474, 1: 5992}
2026-06-21 14:39:57 INFO crypto_research.ml_cpcv: [ml] fold 21/21 train=20941 test=11466 acc=0.4786 auc=0.4757
2026-06-21 14:39:57 INFO crypto_research.ml_cpcv: [ml] CPCV mean: folds=21 acc=0.4898 logloss=0.6994 auc=0.4921
2026-06-21 14:39:57 INFO crypto_research.ml_cpcv: [ml] OOS paths: rows=32407 cols=[time_ns, y_prob, y_true] folds_merged=21
2026-06-21 14:39:57 INFO crypto_research.ml_cpcv: [ml] OOS calibration: brier=0.2526 ece=0.0417
2026-06-21 14:39:57 INFO crypto_research.ml_cpcv: [ml] OOS weekday Пн: n=4657 base_up=0.4909 pred_up=0.3837 acc=0.4518 logloss=0.7014 auc=0.4234
2026-06-21 14:39:57 INFO crypto_research.ml_cpcv: [ml] OOS weekday Вт: n=4609 base_up=0.5144 pred_up=0.7190 acc=0.4391 logloss=0.7043 auc=0.3815
2026-06-21 14:39:57 INFO crypto_research.ml_cpcv: [ml] OOS weekday Ср: n=4610 base_up=0.4948 pred_up=0.3727 acc=0.4584 logloss=0.6999 auc=0.4384
2026-06-21 14:39:57 INFO crypto_research.ml_cpcv: [ml] OOS weekday Чт: n=4610 base_up=0.4584 pred_up=0.0681 acc=0.5260 logloss=0.6956 auc=0.4594
2026-06-21 14:39:57 INFO crypto_research.ml_cpcv: [ml] OOS weekday Пт: n=4611 base_up=0.5591 pred_up=0.9896 acc=0.5569 logloss=0.6907 auc=0.4710
2026-06-21 14:39:57 INFO crypto_research.ml_cpcv: [ml] OOS weekday Сб: n=4655 base_up=0.5214 pred_up=0.7295 acc=0.5031 logloss=0.6970 auc=0.4834
2026-06-21 14:39:57 INFO crypto_research.ml_cpcv: [ml] OOS weekday Вс: n=4655 base_up=0.4823 pred_up=0.2780 acc=0.4881 logloss=0.7003 auc=0.4462
2026-06-21 14:39:58 INFO crypto_research.ml_oos_paths: [ml] OOS plot saved: /home_admin/crypto_bot/crypto_research/research_outputs/day_of_week/ml/plots/weekday_direction_49pairs_20220101_20240401_oos_prob.png (weekdays=7 calendar_days=822 rows=32407)
2026-06-21 14:39:59 INFO crypto_research.ml_oos_paths: [ml] OOS calibration plot saved: /home_admin/crypto_bot/crypto_research/research_outputs/day_of_week/ml/plots/weekday_direction_49pairs_20220101_20240401_oos_calibration.png (brier=0.2526 ece=0.0417 rows=32407)
2026-06-21 14:39:59 INFO crypto_research.ml_learning_curve: [ml] early stopping (holdout): fit_rows=32407 eval_rows=38563 best_iteration=60 eval_logloss=0.6917
2026-06-21 14:40:00 INFO crypto_research.ml_learning_curve: [ml] learning curve saved: /home_admin/crypto_bot/crypto_research/research_outputs/day_of_week/ml/plots/weekday_direction_49pairs_20220101_20260531_learning_curve.png (best_iter=60)
2026-06-21 14:40:00 INFO crypto_research.ml_learning_curve: [ml] learning curve log saved: /home_admin/crypto_bot/crypto_research/research_outputs/day_of_week/ml/weekday_direction_49pairs_20220101_20260531_learning_curve.log (110 iterations)
2026-06-21 14:40:00 INFO crypto_research.ml_plot_registry: [ml] plot: oos_prob
2026-06-21 14:40:01 INFO crypto_research.ml_oos_paths: [ml] OOS plot saved: /home_admin/crypto_bot/crypto_research/research_outputs/day_of_week/ml/plots/weekday_direction_49pairs_20240401_20260531_oos_prob.png (weekdays=7 calendar_days=787 rows=38563)
2026-06-21 14:40:01 INFO crypto_research.ml_plot_registry: [ml] plot: oos_calibration
2026-06-21 14:40:01 INFO crypto_research.ml_oos_paths: [ml] OOS calibration plot saved: /home_admin/crypto_bot/crypto_research/research_outputs/day_of_week/ml/plots/weekday_direction_49pairs_20240401_20260531_oos_calibration.png (brier=0.2493 ece=0.0262 rows=38563)
2026-06-21 14:40:01 INFO crypto_research.ml_plot_registry: [ml] plot: weekday_pair_summary
2026-06-21 14:40:03 INFO crypto_research.ml_oos_paths: [ml] Weekday×pair summary plot saved: /home_admin/crypto_bot/crypto_research/research_outputs/day_of_week/ml/plots/weekday_direction_49pairs_20240401_20260531_weekday_pair_summary.png (pairs=49 rows=38563)
2026-06-21 14:40:05 INFO crypto_research.ml_oos_paths: [ml] Weekday×pair summary plot saved: /home_admin/crypto_bot/crypto_research/research_outputs/day_of_week/ml/plots/weekday_direction_49pairs_20220101_20240401_weekday_pair_summary.png (pairs=49 rows=32407)
2026-06-21 14:40:05 INFO crypto_research.ml_plot_registry: [ml] plot: roc_auc
2026-06-21 14:40:05 INFO crypto_research.ml_oos_paths: [ml] ROC AUC comparison plot saved: /home_admin/crypto_bot/crypto_research/research_outputs/day_of_week/ml/plots/weekday_direction_49pairs_20220101_20260531_roc_auc.png
2026-06-21 14:40:05 INFO crypto_research.ml_plot_registry: [ml] plot: learning_curve
2026-06-21 14:40:05 INFO crypto_research.ml_plot_registry: [ml] plot: correlation_matrix_heatmap
2026-06-21 14:40:05 INFO crypto_research.ml_feature_diagnostic_plots: [ml] feature corr pair_id vs weekday_enc: 0.0000
2026-06-21 14:40:05 INFO crypto_research.ml_feature_diagnostic_plots: [ml] correlation matrix heatmap saved: /home_admin/crypto_bot/crypto_research/research_outputs/day_of_week/ml/plots/weekday_direction_49pairs_20240401_20260531_correlation_matrix.png
2026-06-21 14:40:05 INFO crypto_research.ml_plot_registry: [ml] plot: shape_summary_plot
2026-06-21 14:40:05 INFO crypto_research.ml_shap_plots: [ml] SHAP subsample: 3000 / 38563 rows
2026-06-21 14:40:06 INFO crypto_research.ml_shap_plots: [ml] SHAP summary plot saved: /home_admin/crypto_bot/crypto_research/research_outputs/day_of_week/ml/plots/weekday_direction_49pairs_20240401_20260531_shape_summary.png
2026-06-21 14:40:06 INFO crypto_research.ml_plot_registry: [ml] plot: feature_prob_dependence
2026-06-21 14:40:06 INFO crypto_research.ml_feature_dependence_plot: [ml] feature P(up) dependence plot saved: /home_admin/crypto_bot/crypto_research/research_outputs/day_of_week/ml/plots/weekday_direction_49pairs_20240401_20260531_feature_prob_dependence.png (features=['weekday_enc'])
2026-06-21 14:40:06 INFO crypto_research.ml_plot_registry: [ml] plot: prob_return_dependence
2026-06-21 14:40:06 INFO crypto_research.ml_prob_return_dependence_plot: [ml] P(up) vs return plot saved: /home_admin/crypto_bot/crypto_research/research_outputs/day_of_week/ml/plots/weekday_direction_49pairs_20240401_20260531_prob_return_dependence.png (train=32407 test=38563 t_long=0.5266957211111912 t_short=0.4600377467405725 edge=0.25% smooth=gauss σ=4)
2026-06-21 14:40:06 INFO crypto_research.ml_plot_registry: [ml] plot: p_up_density_split
2026-06-21 14:40:07 INFO crypto_research.ml_p_up_density_split_plot: [ml] P(up) density split plot saved: /home_admin/crypto_bot/crypto_research/research_outputs/day_of_week/ml/plots/weekday_direction_49pairs_20220101_20240401_p_up_density_split.png (method=default_0_5 threshold=0.5 otsu=0.50390625 valley=None)
2026-06-21 14:40:11 INFO crypto_research.ml_research: [ml] train/test metrics saved: /home_admin/crypto_bot/crypto_research/research_outputs/day_of_week/ml/metrics/weekday_direction_49pairs_20220101_20260531_train_test.json
2026-06-21 14:40:11 INFO crypto_research.ml_research: [ml] metrics summary saved: /home_admin/crypto_bot/crypto_research/research_outputs/day_of_week/ml/metrics/weekday_direction_49pairs_20220101_20260531_metrics_summary.json
2026-06-22 14:38:00 INFO crypto_research.ml_research: [ml] log file: /home_admin/crypto_bot/crypto_research/research_outputs/day_of_week/ml/weekday_direction_20220101_20260531.log
2026-06-22 14:38:00 INFO crypto_research.ml_dataset: [ml] pair filter: first_candle <= 2023-01-01 → 49 pairs
2026-06-22 14:38:18 INFO crypto_research.load: [1] Загрузка данных: пар=49 строк=46567998 ~1243.5 MB
2026-06-22 14:38:18 INFO crypto_research.load:   1000luncusdt: rows=656821 2022-12-31 .. 2024-04-01
2026-06-22 14:38:18 INFO crypto_research.load:   aaveusdt: rows=1182241 2022-01-01 .. 2024-04-01
2026-06-22 14:38:18 INFO crypto_research.load:   adausdt: rows=1182241 2022-01-01 .. 2024-04-01
2026-06-22 14:38:18 INFO crypto_research.load:   algousdt: rows=1182241 2022-01-01 .. 2024-04-01
2026-06-22 14:38:18 INFO crypto_research.load:   aliceusdt: rows=1182241 2022-01-01 .. 2024-04-01
2026-06-22 14:38:18 INFO crypto_research.load:   apeusdt: rows=656821 2022-12-31 .. 2024-04-01
2026-06-22 14:38:18 INFO crypto_research.load:   api3usdt: rows=1098270 2022-02-28 .. 2024-04-01
2026-06-22 14:38:18 INFO crypto_research.load:   aptusdt: rows=763033 2022-10-19 .. 2024-04-01
2026-06-22 14:38:18 INFO crypto_research.load:   atomusdt: rows=1182241 2022-01-01 .. 2024-04-01
2026-06-22 14:38:18 INFO crypto_research.load:   avaxusdt: rows=1182241 2022-01-01 .. 2024-04-01
2026-06-22 14:38:18 INFO crypto_research.load:   axsusdt: rows=656821 2022-12-31 .. 2024-04-01
2026-06-22 14:38:18 INFO crypto_research.load:   bchusdt: rows=1182241 2022-01-01 .. 2024-04-01
2026-06-22 14:38:18 INFO crypto_research.load:   bnbusdt: rows=1182241 2022-01-01 .. 2024-04-01
2026-06-22 14:38:18 INFO crypto_research.load:   btcusdt: rows=1182241 2022-01-01 .. 2024-04-01
2026-06-22 14:38:18 INFO crypto_research.load:   chzusdt: rows=656821 2022-12-31 .. 2024-04-01
2026-06-22 14:38:18 INFO crypto_research.load:   crvusdt: rows=1182241 2022-01-01 .. 2024-04-01
2026-06-22 14:38:18 INFO crypto_research.load:   dashusdt: rows=656821 2022-12-31 .. 2024-04-01
2026-06-22 14:38:18 INFO crypto_research.load:   dogeusdt: rows=1182241 2022-01-01 .. 2024-04-01
2026-06-22 14:38:18 INFO crypto_research.load:   dotusdt: rows=1182241 2022-01-01 .. 2024-04-01
2026-06-22 14:38:18 INFO crypto_research.load:   dydxusdt: rows=1182241 2022-01-01 .. 2024-04-01
2026-06-22 14:38:18 INFO crypto_research.load:   egldusdt: rows=656821 2022-12-31 .. 2024-04-01
2026-06-22 14:38:18 INFO crypto_research.load:   enjusdt: rows=1182241 2022-01-01 .. 2024-04-01
2026-06-22 14:38:18 INFO crypto_research.load:   etcusdt: rows=656821 2022-12-31 .. 2024-04-01
2026-06-22 14:38:18 INFO crypto_research.load:   ethusdt: rows=1182241 2022-01-01 .. 2024-04-01
2026-06-22 14:38:18 INFO crypto_research.load:   filusdt: rows=1182241 2022-01-01 .. 2024-04-01
2026-06-22 14:38:18 INFO crypto_research.load:   galausdt: rows=1182241 2022-01-01 .. 2024-04-01
2026-06-22 14:38:18 INFO crypto_research.load:   gmtusdt: rows=656821 2022-12-31 .. 2024-04-01
2026-06-22 14:38:18 INFO crypto_research.load:   hbarusdt: rows=656821 2022-12-31 .. 2024-04-01
2026-06-22 14:38:18 INFO crypto_research.load:   icpusdt: rows=656821 2022-12-31 .. 2024-04-01
2026-06-22 14:38:18 INFO crypto_research.load:   injusdt: rows=656821 2022-12-31 .. 2024-04-01
2026-06-22 14:38:18 INFO crypto_research.load:   ldousdt: rows=656821 2022-12-31 .. 2024-04-01
2026-06-22 14:38:18 INFO crypto_research.load:   linkusdt: rows=1182241 2022-01-01 .. 2024-04-01
2026-06-22 14:38:18 INFO crypto_research.load:   ltcusdt: rows=1182241 2022-01-01 .. 2024-04-01
2026-06-22 14:38:18 INFO crypto_research.load:   nearusdt: rows=1182241 2022-01-01 .. 2024-04-01
2026-06-22 14:38:18 INFO crypto_research.load:   ontusdt: rows=957048 2022-06-06 .. 2024-04-01
2026-06-22 14:38:18 INFO crypto_research.load:   opusdt: rows=656821 2022-12-31 .. 2024-04-01
2026-06-22 14:38:18 INFO crypto_research.load:   paxgusdt: rows=1076619 2022-03-15 .. 2024-04-01
2026-06-22 14:38:18 INFO crypto_research.load:   sandusdt: rows=656821 2022-12-31 .. 2024-04-01
2026-06-22 14:38:18 INFO crypto_research.load:   shib1000usdt: rows=656821 2022-12-31 .. 2024-04-01
2026-06-22 14:38:18 INFO crypto_research.load:   solusdt: rows=1182241 2022-01-01 .. 2024-04-01
2026-06-22 14:38:18 INFO crypto_research.load:   storjusdt: rows=656821 2022-12-31 .. 2024-04-01
2026-06-22 14:38:18 INFO crypto_research.load:   stxusdt: rows=656821 2022-12-31 .. 2024-04-01
2026-06-22 14:38:18 INFO crypto_research.load:   trxusdt: rows=656821 2022-12-31 .. 2024-04-01
2026-06-22 14:38:18 INFO crypto_research.load:   uniusdt: rows=1182241 2022-01-01 .. 2024-04-01
2026-06-22 14:38:18 INFO crypto_research.load:   xlmusdt: rows=656821 2022-12-31 .. 2024-04-01
2026-06-22 14:38:18 INFO crypto_research.load:   xmrusdt: rows=1162824 2022-01-14 .. 2024-04-01
2026-06-22 14:38:18 INFO crypto_research.load:   xrpusdt: rows=1182241 2022-01-01 .. 2024-04-01
2026-06-22 14:38:18 INFO crypto_research.load:   zecusdt: rows=1182241 2022-01-01 .. 2024-04-01
2026-06-22 14:38:18 INFO crypto_research.load:   zenusdt: rows=656821 2022-12-31 .. 2024-04-01
2026-06-22 14:38:19 INFO crypto_research.ml_dataset: [ml] pooled daily: pairs=49 rows=32407 period=2022-01-01..2024-04-01
2026-06-22 14:38:19 INFO crypto_research.ml_dataset: [ml] pair filter: first_candle <= 2023-01-01 → 49 pairs
2026-06-22 14:38:51 INFO crypto_research.load: [1] Загрузка данных: пар=49 строк=55515524 ~1482.4 MB
2026-06-22 14:38:51 INFO crypto_research.load:   1000luncusdt: rows=1133280 2024-04-01 .. 2026-05-27
2026-06-22 14:38:51 INFO crypto_research.load:   aaveusdt: rows=1132756 2024-04-01 .. 2026-05-27
2026-06-22 14:38:51 INFO crypto_research.load:   adausdt: rows=1132756 2024-04-01 .. 2026-05-27
2026-06-22 14:38:51 INFO crypto_research.load:   algousdt: rows=1132756 2024-04-01 .. 2026-05-27
2026-06-22 14:38:51 INFO crypto_research.load:   aliceusdt: rows=1132756 2024-04-01 .. 2026-05-27
2026-06-22 14:38:51 INFO crypto_research.load:   apeusdt: rows=1133280 2024-04-01 .. 2026-05-27
2026-06-22 14:38:51 INFO crypto_research.load:   api3usdt: rows=1132756 2024-04-01 .. 2026-05-27
2026-06-22 14:38:51 INFO crypto_research.load:   aptusdt: rows=1132756 2024-04-01 .. 2026-05-27
2026-06-22 14:38:51 INFO crypto_research.load:   atomusdt: rows=1132756 2024-04-01 .. 2026-05-27
2026-06-22 14:38:51 INFO crypto_research.load:   avaxusdt: rows=1132756 2024-04-01 .. 2026-05-27
2026-06-22 14:38:51 INFO crypto_research.load:   axsusdt: rows=1133280 2024-04-01 .. 2026-05-27
2026-06-22 14:38:51 INFO crypto_research.load:   bchusdt: rows=1132756 2024-04-01 .. 2026-05-27
2026-06-22 14:38:51 INFO crypto_research.load:   bnbusdt: rows=1132756 2024-04-01 .. 2026-05-27
2026-06-22 14:38:51 INFO crypto_research.load:   btcusdt: rows=1132756 2024-04-01 .. 2026-05-27
2026-06-22 14:38:51 INFO crypto_research.load:   chzusdt: rows=1133280 2024-04-01 .. 2026-05-27
2026-06-22 14:38:51 INFO crypto_research.load:   crvusdt: rows=1132756 2024-04-01 .. 2026-05-27
2026-06-22 14:38:51 INFO crypto_research.load:   dashusdt: rows=1133280 2024-04-01 .. 2026-05-27
2026-06-22 14:38:51 INFO crypto_research.load:   dogeusdt: rows=1132756 2024-04-01 .. 2026-05-27
2026-06-22 14:38:51 INFO crypto_research.load:   dotusdt: rows=1132756 2024-04-01 .. 2026-05-27
2026-06-22 14:38:51 INFO crypto_research.load:   dydxusdt: rows=1132756 2024-04-01 .. 2026-05-27
2026-06-22 14:38:51 INFO crypto_research.load:   egldusdt: rows=1133280 2024-04-01 .. 2026-05-27
2026-06-22 14:38:51 INFO crypto_research.load:   enjusdt: rows=1132756 2024-04-01 .. 2026-05-27
2026-06-22 14:38:51 INFO crypto_research.load:   etcusdt: rows=1133280 2024-04-01 .. 2026-05-27
2026-06-22 14:38:51 INFO crypto_research.load:   ethusdt: rows=1132756 2024-04-01 .. 2026-05-27
2026-06-22 14:38:51 INFO crypto_research.load:   filusdt: rows=1132756 2024-04-01 .. 2026-05-27
2026-06-22 14:38:51 INFO crypto_research.load:   galausdt: rows=1132756 2024-04-01 .. 2026-05-27
2026-06-22 14:38:51 INFO crypto_research.load:   gmtusdt: rows=1133280 2024-04-01 .. 2026-05-27
2026-06-22 14:38:51 INFO crypto_research.load:   hbarusdt: rows=1133280 2024-04-01 .. 2026-05-27
2026-06-22 14:38:51 INFO crypto_research.load:   icpusdt: rows=1133280 2024-04-01 .. 2026-05-27
2026-06-22 14:38:51 INFO crypto_research.load:   injusdt: rows=1133280 2024-04-01 .. 2026-05-27
2026-06-22 14:38:51 INFO crypto_research.load:   ldousdt: rows=1133280 2024-04-01 .. 2026-05-27
2026-06-22 14:38:51 INFO crypto_research.load:   linkusdt: rows=1132756 2024-04-01 .. 2026-05-27
2026-06-22 14:38:51 INFO crypto_research.load:   ltcusdt: rows=1132756 2024-04-01 .. 2026-05-27
2026-06-22 14:38:51 INFO crypto_research.load:   nearusdt: rows=1132756 2024-04-01 .. 2026-05-27
2026-06-22 14:38:51 INFO crypto_research.load:   ontusdt: rows=1132756 2024-04-01 .. 2026-05-27
2026-06-22 14:38:51 INFO crypto_research.load:   opusdt: rows=1133280 2024-04-01 .. 2026-05-27
2026-06-22 14:38:51 INFO crypto_research.load:   paxgusdt: rows=1132756 2024-04-01 .. 2026-05-27
2026-06-22 14:38:51 INFO crypto_research.load:   sandusdt: rows=1133280 2024-04-01 .. 2026-05-27
2026-06-22 14:38:51 INFO crypto_research.load:   shib1000usdt: rows=1133280 2024-04-01 .. 2026-05-27
2026-06-22 14:38:51 INFO crypto_research.load:   solusdt: rows=1132756 2024-04-01 .. 2026-05-27
2026-06-22 14:38:51 INFO crypto_research.load:   storjusdt: rows=1133280 2024-04-01 .. 2026-05-27
2026-06-22 14:38:51 INFO crypto_research.load:   stxusdt: rows=1133280 2024-04-01 .. 2026-05-27
2026-06-22 14:38:51 INFO crypto_research.load:   trxusdt: rows=1133280 2024-04-01 .. 2026-05-27
2026-06-22 14:38:51 INFO crypto_research.load:   uniusdt: rows=1132756 2024-04-01 .. 2026-05-27
2026-06-22 14:38:51 INFO crypto_research.load:   xlmusdt: rows=1133280 2024-04-01 .. 2026-05-27
2026-06-22 14:38:51 INFO crypto_research.load:   xmrusdt: rows=1132756 2024-04-01 .. 2026-05-27
2026-06-22 14:38:51 INFO crypto_research.load:   xrpusdt: rows=1132756 2024-04-01 .. 2026-05-27
2026-06-22 14:38:51 INFO crypto_research.load:   zecusdt: rows=1132756 2024-04-01 .. 2026-05-27
2026-06-22 14:38:51 INFO crypto_research.load:   zenusdt: rows=1133280 2024-04-01 .. 2026-05-27
2026-06-22 14:38:52 INFO crypto_research.ml_dataset: [ml] pooled daily: pairs=49 rows=38563 period=2024-04-01..2026-05-31
2026-06-22 14:38:53 INFO crypto_research.ml_ema_dev_norm: [ml] ema_dev_pair_norm bounds: pairs=49
2026-06-22 14:38:53 INFO crypto_research.ml_numeric_features: [ml] bounds ema_dev_pair_norm: pairs=49
2026-06-22 14:38:53 INFO crypto_research.ml_numeric_features: [ml] bounds rsi_pair_norm: pairs=49
2026-06-22 14:38:56 INFO crypto_research.ml_dataset: [ml] ema_dev_pair_norm: min=-4.914 max=8.584 mean=-0.015
2026-06-22 14:38:57 INFO crypto_research.ml_dataset: [ml] rsi_pair_norm: min=-2.053 max=2.062 mean=-0.084
2026-06-22 14:38:57 INFO crypto_research.ml_dataset: [ml] vol_log_rel_pair: min=-3.028 max=3.086 mean=-0.192
2026-06-22 14:38:57 INFO crypto_research.ml_dataset: [ml] dataset studies=['day_of_week_ml', 'ema_spreads_ml', 'rsi_spreads_ml', 'volume_spreads_ml'] features=['pair_id', 'weekday_enc', 'ema_dev_pair_norm', 'rsi_pair_norm', 'vol_log_rel_pair'] rows=29957 pairs=49 up_rate=0.501
2026-06-22 14:38:57 INFO crypto_research.ml_dataset: [ml] ema_dev_pair_norm: min=-4.918 max=15.840 mean=-0.076
2026-06-22 14:38:57 INFO crypto_research.ml_dataset: [ml] rsi_pair_norm: min=-1.864 max=2.022 mean=-0.155
2026-06-22 14:38:57 INFO crypto_research.ml_dataset: [ml] vol_log_rel_pair: min=-3.068 max=3.133 mean=-0.200
2026-06-22 14:38:57 INFO crypto_research.ml_dataset: [ml] dataset studies=['day_of_week_ml', 'ema_spreads_ml', 'rsi_spreads_ml', 'volume_spreads_ml'] features=['pair_id', 'weekday_enc', 'ema_dev_pair_norm', 'rsi_pair_norm', 'vol_log_rel_pair'] rows=36113 pairs=49 up_rate=0.480
2026-06-22 14:38:57 INFO crypto_research.ml_research: Dataset columns (10): ['day_utc', 'pair', 'weekday', 'return_pct', 'direction_up', 'ema_dev_pair_norm', 'rsi_pair_norm', 'vol_log_rel_pair', 'pair_id', 'weekday_enc']
2026-06-22 14:38:57 INFO crypto_research.ml_research: Dataset head (50 rows):
shape: (50, 10)
┌────────────────┬───────────┬─────────┬────────────────┬──────────────┬────────────────┬────────────────┬───────────────┬─────────┬─────────────┐
│ day_utc        ┆ pair      ┆ weekday ┆ return_pct     ┆ direction_up ┆ ema_dev_pair_n ┆ rsi_pair_norm  ┆ vol_log_rel_p ┆ pair_id ┆ weekday_enc │
│ ---            ┆ ---       ┆ ---     ┆ ---            ┆ ---          ┆ orm            ┆ ---            ┆ air           ┆ ---     ┆ ---         │
│ datetime[μs,   ┆ str       ┆ i64     ┆ f64            ┆ i8           ┆ ---            ┆ f64            ┆ ---           ┆ cat     ┆ cat         │
│ UTC]           ┆           ┆         ┆                ┆              ┆ f64            ┆                ┆ f64           ┆         ┆             │
╞════════════════╪═══════════╪═════════╪════════════════╪══════════════╪════════════════╪════════════════╪═══════════════╪═════════╪═════════════╡
│ 2022-02-20     ┆ aaveusdt  ┆ 6       ┆ -6.09172401332 ┆ 0            ┆ -0.69439539085 ┆ -0.70257833497 ┆ -0.9691265301 ┆ 1       ┆ 6           │
│ 00:00:00 UTC   ┆           ┆         ┆ 2457           ┆              ┆ 99673          ┆ 18373          ┆ 772404        ┆         ┆             │
│ 2022-02-20     ┆ adausdt   ┆ 6       ┆ -6.54487343526 ┆ 0            ┆ -0.58142931488 ┆ -0.61430967258 ┆ -0.4903590878 ┆ 2       ┆ 6           │
│ 00:00:00 UTC   ┆           ┆         ┆ 5928           ┆              ┆ 70262          ┆ 88517          ┆ 109275        ┆         ┆             │
│ 2022-02-20     ┆ algousdt  ┆ 6       ┆ -6.22568021190 ┆ 0            ┆ -0.28100259360 ┆ -0.48014551307 ┆ -0.5037084490 ┆ 3       ┆ 6           │
│ 00:00:00 UTC   ┆           ┆         ┆ 7596           ┆              ┆ 54408          ┆ 28183          ┆ 386646        ┆         ┆             │
│ 2022-02-20     ┆ aliceusdt ┆ 6       ┆ -8.24675023083 ┆ 0            ┆ -0.35553055640 ┆ -0.21055194192 ┆ -0.4464171654 ┆ 4       ┆ 6           │
│ 00:00:00 UTC   ┆           ┆         ┆ 254            ┆              ┆ 53559          ┆ 761728         ┆ 8778954       ┆         ┆             │
│ 2022-02-20     ┆ atomusdt  ┆ 6       ┆ -2.28764518810 ┆ 0            ┆ -0.39550756896 ┆ -0.49935292370 ┆ -1.3108870164 ┆ 8       ┆ 6           │
│ 00:00:00 UTC   ┆           ┆         ┆ 25512          ┆              ┆ 479855         ┆ 34223          ┆ 05792         ┆         ┆             │
│ 2022-02-20     ┆ avaxusdt  ┆ 6       ┆ -9.10693783754 ┆ 0            ┆ -0.07142463900 ┆ 0.016754233586 ┆ 0.01636163268 ┆ 9       ┆ 6           │
│ 00:00:00 UTC   ┆           ┆         ┆ 543            ┆              ┆ 294121         ┆ 291578         ┆ 8558805       ┆         ┆             │
│ 2022-02-20     ┆ bchusdt   ┆ 6       ┆ -3.01475120734 ┆ 0            ┆ -0.40406486991 ┆ -0.33308391117 ┆ -0.9032005750 ┆ 11      ┆ 6           │
│ 00:00:00 UTC   ┆           ┆         ┆ 3168           ┆              ┆ 94264          ┆ 26417          ┆ 278558        ┆         ┆             │
│ 2022-02-20     ┆ bnbusdt   ┆ 6       ┆ -4.79589143048 ┆ 0            ┆ -0.30343814715 ┆ -0.31336274778 ┆ -0.7237964442 ┆ 12      ┆ 6           │
│ 00:00:00 UTC   ┆           ┆         ┆ 3431           ┆              ┆ 445            ┆ 271145         ┆ 962829        ┆         ┆             │
│ 2022-02-20     ┆ btcusdt   ┆ 6       ┆ -4.26567492012 ┆ 0            ┆ -0.64076246572 ┆ -0.50823524370 ┆ -0.5173283295 ┆ 13      ┆ 6           │
│ 00:00:00 UTC   ┆           ┆         ┆ 7795           ┆              ┆ 13268          ┆ 88417          ┆ 058831        ┆         ┆             │
│ 2022-02-20     ┆ crvusdt   ┆ 6       ┆ -8.94454358410 ┆ 0            ┆ -0.42441085303 ┆ -0.48761626239 ┆ -1.1047497151 ┆ 15      ┆ 6           │
│ 00:00:00 UTC   ┆           ┆         ┆ 9296           ┆              ┆ 63327          ┆ 11656          ┆ 136672        ┆         ┆             │
│ 2022-02-20     ┆ dogeusdt  ┆ 6       ┆ -3.12278207744 ┆ 0            ┆ -0.28325023090 ┆ -0.37579744051 ┆ -0.3022483140 ┆ 17      ┆ 6           │
│ 00:00:00 UTC   ┆           ┆         ┆ 60615          ┆              ┆ 5535           ┆ 67819          ┆ 4301983       ┆         ┆             │
│ 2022-02-20     ┆ dotusdt   ┆ 6       ┆ -5.16273901262 ┆ 0            ┆ -0.66265432282 ┆ -0.66828854070 ┆ -0.7943738287 ┆ 18      ┆ 6           │
│ 00:00:00 UTC   ┆           ┆         ┆ 2753           ┆              ┆ 92952          ┆ 65584          ┆ 771855        ┆         ┆             │
│ 2022-02-20     ┆ dydxusdt  ┆ 6       ┆ -9.66719713226 ┆ 0            ┆ -0.63470973838 ┆ -0.60546226680 ┆ -1.2257072617 ┆ 19      ┆ 6           │
│ 00:00:00 UTC   ┆           ┆         ┆ 6542           ┆              ┆ 37632          ┆ 37717          ┆ 92047         ┆         ┆             │
│ 2022-02-20     ┆ enjusdt   ┆ 6       ┆ -7.79885742870 ┆ 0            ┆ -0.65870700531 ┆ -0.52537916864 ┆ -0.2846239637 ┆ 21      ┆ 6           │
│ 00:00:00 UTC   ┆           ┆         ┆ 9185           ┆              ┆ 63545          ┆ 7375           ┆ 690814        ┆         ┆             │
│ 2022-02-20     ┆ ethusdt   ┆ 6       ┆ -5.12819991379 ┆ 0            ┆ -0.65767118997 ┆ -0.56717494477 ┆ -0.2710277470 ┆ 23      ┆ 6           │
│ 00:00:00 UTC   ┆           ┆         ┆ 2151           ┆              ┆ 83877          ┆ 01278          ┆ 214243        ┆         ┆             │
│ 2022-02-20     ┆ filusdt   ┆ 6       ┆ -5.04080288481 ┆ 0            ┆ -0.25376483818 ┆ -0.26207400138 ┆ -0.4143694889 ┆ 24      ┆ 6           │
│ 00:00:00 UTC   ┆           ┆         ┆ 2166           ┆              ┆ 67465          ┆ 439085         ┆ 286417        ┆         ┆             │
│ 2022-02-20     ┆ galausdt  ┆ 6       ┆ -11.1265074661 ┆ 0            ┆ -0.57920909564 ┆ -0.10365831822 ┆ -0.0662038416 ┆ 25      ┆ 6           │
│ 00:00:00 UTC   ┆           ┆         ┆ 44046          ┆              ┆ 35871          ┆ 807281         ┆ 9866722       ┆         ┆             │
│ 2022-02-20     ┆ linkusdt  ┆ 6       ┆ -5.94340204341 ┆ 0            ┆ -0.43303955323 ┆ -0.48244843963 ┆ -0.7389872244 ┆ 31      ┆ 6           │
│ 00:00:00 UTC   ┆           ┆         ┆ 9263           ┆              ┆ 16552          ┆ 6854           ┆ 301562        ┆         ┆             │
│ 2022-02-20     ┆ ltcusdt   ┆ 6       ┆ -4.37266907591 ┆ 0            ┆ -0.61570830374 ┆ -0.48327516612 ┆ -0.7476993674 ┆ 32      ┆ 6           │
│ 00:00:00 UTC   ┆           ┆         ┆ 4426           ┆              ┆ 68053          ┆ 375765         ┆ 368428        ┆         ┆             │
│ 2022-02-20     ┆ nearusdt  ┆ 6       ┆ -7.56896923775 ┆ 0            ┆ -0.54300386810 ┆ -0.59995061967 ┆ -0.8821597115 ┆ 33      ┆ 6           │
│ 00:00:00 UTC   ┆           ┆         ┆ 9612           ┆              ┆ 11953          ┆ 94147          ┆ 251046        ┆         ┆             │
│ 2022-02-20     ┆ solusdt   ┆ 6       ┆ -0.59181423559 ┆ 0            ┆ -0.47556460717 ┆ -0.63810783508 ┆ -0.2952860965 ┆ 39      ┆ 6           │
│ 00:00:00 UTC   ┆           ┆         ┆ 94085          ┆              ┆ 3609           ┆ 32072          ┆ 085865        ┆         ┆             │
│ 2022-02-20     ┆ uniusdt   ┆ 6       ┆ -6.83224035560 ┆ 0            ┆ -0.59762107631 ┆ -0.60121855904 ┆ -0.2615085333 ┆ 43      ┆ 6           │
│ 00:00:00 UTC   ┆           ┆         ┆ 4663           ┆              ┆ 85437          ┆ 41173          ┆ 1612917       ┆         ┆             │
│ 2022-02-20     ┆ xrpusdt   ┆ 6       ┆ -5.42975537350 ┆ 0            ┆ 0.369457838815 ┆ 0.320099084715 ┆ 0.78719682305 ┆ 46      ┆ 6           │
│ 00:00:00 UTC   ┆           ┆         ┆ 6845           ┆              ┆ 12484          ┆ 9664           ┆ 48426         ┆         ┆             │
│ 2022-02-20     ┆ zecusdt   ┆ 6       ┆ -4.05887197528 ┆ 0            ┆ -0.34040173789 ┆ -0.20670611631 ┆ -0.2090198484 ┆ 47      ┆ 6           │
│ 00:00:00 UTC   ┆           ┆         ┆ 7023           ┆              ┆ 08638          ┆ 808145         ┆ 0183646       ┆         ┆             │
│ 2022-02-21     ┆ aaveusdt  ┆ 0       ┆ -6.34110578845 ┆ 0            ┆ -0.99769756113 ┆ -0.91151737534 ┆ -0.5880856093 ┆ 1       ┆ 0           │
│ 00:00:00 UTC   ┆           ┆         ┆ 29             ┆              ┆ 40699          ┆ 91481          ┆ 779426        ┆         ┆             │
│ 2022-02-21     ┆ adausdt   ┆ 0       ┆ -7.99140796799 ┆ 0            ┆ -1.07307070954 ┆ -0.87097984465 ┆ 0.05156882880 ┆ 2       ┆ 0           │
│ 00:00:00 UTC   ┆           ┆         ┆ 5058           ┆              ┆ 3148           ┆ 90324          ┆ 9439436       ┆         ┆             │
│ 2022-02-21     ┆ algousdt  ┆ 0       ┆ -7.11321886132 ┆ 0            ┆ -0.68227256629 ┆ -0.77539088289 ┆ -0.3454340003 ┆ 3       ┆ 0           │
│ 00:00:00 UTC   ┆           ┆         ┆ 5893           ┆              ┆ 82868          ┆ 41694          ┆ 4553073       ┆         ┆             │
│ 2022-02-21     ┆ aliceusdt ┆ 0       ┆ -8.91719899983 ┆ 0            ┆ -0.83634016487 ┆ -0.48669566882 ┆ 0.13816837253 ┆ 4       ┆ 0           │
│ 00:00:00 UTC   ┆           ┆         ┆ 66             ┆              ┆ 04818          ┆ 245274         ┆ 77314         ┆         ┆             │
│ 2022-02-21     ┆ atomusdt  ┆ 0       ┆ -8.71234093715 ┆ 0            ┆ -0.50084133183 ┆ -0.61182404105 ┆ -0.5832505541 ┆ 8       ┆ 0           │
│ 00:00:00 UTC   ┆           ┆         ┆ 4933           ┆              ┆ 5234           ┆ 81             ┆ 168451        ┆         ┆             │
│ 2022-02-21     ┆ avaxusdt  ┆ 0       ┆ -9.45666869261 ┆ 0            ┆ -0.75249901389 ┆ -0.34734305326 ┆ 0.09275225642 ┆ 9       ┆ 0           │
│ 00:00:00 UTC   ┆           ┆         ┆ 7924           ┆              ┆ 99502          ┆ 740567         ┆ 942468        ┆         ┆             │
│ 2022-02-21     ┆ bchusdt   ┆ 0       ┆ -6.46494318371 ┆ 0            ┆ -0.63419365571 ┆ -0.52809712395 ┆ -0.5433901633 ┆ 11      ┆ 0           │
│ 00:00:00 UTC   ┆           ┆         ┆ 6127           ┆              ┆ 14668          ┆ 46113          ┆ 663202        ┆         ┆             │
│ 2022-02-21     ┆ bnbusdt   ┆ 0       ┆ -6.28699047223 ┆ 0            ┆ -0.87321313407 ┆ -0.63810363286 ┆ -0.1883746076 ┆ 12      ┆ 0           │
│ 00:00:00 UTC   ┆           ┆         ┆ 7754           ┆              ┆ 577            ┆ 7742           ┆ 2008687       ┆         ┆             │
│ 2022-02-21     ┆ btcusdt   ┆ 0       ┆ -3.52887498370 ┆ 0            ┆ -1.10548048701 ┆ -0.76973906032 ┆ 0.23774747497 ┆ 13      ┆ 0           │
│ 00:00:00 UTC   ┆           ┆         ┆ 48625          ┆              ┆ 07424          ┆ 0304           ┆ 95184         ┆         ┆             │
│ 2022-02-21     ┆ crvusdt   ┆ 0       ┆ -8.21218484718 ┆ 0            ┆ -0.86943139350 ┆ -0.76032827130 ┆ -0.3676452085 ┆ 15      ┆ 0           │
│ 00:00:00 UTC   ┆           ┆         ┆ 3531           ┆              ┆ 7531           ┆ 38515          ┆ 312452        ┆         ┆             │
│ 2022-02-21     ┆ dogeusdt  ┆ 0       ┆ -6.22710242828 ┆ 0            ┆ -0.52048012422 ┆ -0.58609889813 ┆ -0.6725450204 ┆ 17      ┆ 0           │
│ 00:00:00 UTC   ┆           ┆         ┆ 8845           ┆              ┆ 46009          ┆ 01155          ┆ 110338        ┆         ┆             │
│ 2022-02-21     ┆ dotusdt   ┆ 0       ┆ -4.34910484966 ┆ 0            ┆ -1.02436551205 ┆ -0.88752962771 ┆ -0.1792758534 ┆ 18      ┆ 0           │
│ 00:00:00 UTC   ┆           ┆         ┆ 5373           ┆              ┆ 29362          ┆ 9537           ┆ 6985855       ┆         ┆             │
│ 2022-02-21     ┆ dydxusdt  ┆ 0       ┆ -6.84210314975 ┆ 0            ┆ -1.11360095060 ┆ -0.93823370146 ┆ -0.4240863724 ┆ 19      ┆ 0           │
│ 00:00:00 UTC   ┆           ┆         ┆ 2137           ┆              ┆ 02766          ┆ 97739          ┆ 064114        ┆         ┆             │
│ 2022-02-21     ┆ enjusdt   ┆ 0       ┆ -9.53625251003 ┆ 0            ┆ -1.07421191046 ┆ -0.75826309663 ┆ -0.0853665670 ┆ 21      ┆ 0           │
│ 00:00:00 UTC   ┆           ┆         ┆ 2929           ┆              ┆ 1732           ┆ 71591          ┆ 128287        ┆         ┆             │
│ 2022-02-21     ┆ ethusdt   ┆ 0       ┆ -1.98694636157 ┆ 0            ┆ -1.03154675146 ┆ -0.79631641298 ┆ 0.26849942096 ┆ 23      ┆ 0           │
│ 00:00:00 UTC   ┆           ┆         ┆ 22893          ┆              ┆ 16152          ┆ 14466          ┆ 85171         ┆         ┆             │
│ 2022-02-21     ┆ filusdt   ┆ 0       ┆ -6.06673772134 ┆ 0            ┆ -0.56300102459 ┆ -0.47916788335 ┆ -0.4116504798 ┆ 24      ┆ 0           │
│ 00:00:00 UTC   ┆           ┆         ┆ 7174           ┆              ┆ 6511           ┆ 817495         ┆ 2422875       ┆         ┆             │
│ 2022-02-21     ┆ galausdt  ┆ 0       ┆ -10.3609503673 ┆ 0            ┆ -1.19649761284 ┆ -0.36269487695 ┆ 0.37650106643 ┆ 25      ┆ 0           │
│ 00:00:00 UTC   ┆           ┆         ┆ 43982          ┆              ┆ 25169          ┆ 689007         ┆ 665016        ┆         ┆             │
│ 2022-02-21     ┆ linkusdt  ┆ 0       ┆ -7.55945251994 ┆ 0            ┆ -0.85319829631 ┆ -0.72307401670 ┆ -0.4102986021 ┆ 31      ┆ 0           │
│ 00:00:00 UTC   ┆           ┆         ┆ 6048           ┆              ┆ 56404          ┆ 24996          ┆ 1258784       ┆         ┆             │
│ 2022-02-21     ┆ ltcusdt   ┆ 0       ┆ -7.17131983272 ┆ 0            ┆ -0.90842684978 ┆ -0.70380158036 ┆ -0.4067311483 ┆ 32      ┆ 0           │
│ 00:00:00 UTC   ┆           ┆         ┆ 2559           ┆              ┆ 50944          ┆ 34539          ┆ 777204        ┆         ┆             │
│ 2022-02-21     ┆ nearusdt  ┆ 0       ┆ -7.97327615740 ┆ 0            ┆ -0.89552612281 ┆ -0.80998158879 ┆ -0.6534040591 ┆ 33      ┆ 0           │
│ 00:00:00 UTC   ┆           ┆         ┆ 2602           ┆              ┆ 31198          ┆ 77764          ┆ 427108        ┆         ┆             │
│ 2022-02-21     ┆ solusdt   ┆ 0       ┆ -8.56071796802 ┆ 0            ┆ -0.42235013296 ┆ -0.65834120115 ┆ 0.54789878174 ┆ 39      ┆ 0           │
│ 00:00:00 UTC   ┆           ┆         ┆ 4926           ┆              ┆ 919927         ┆ 22276          ┆ 12858         ┆         ┆             │
│ 2022-02-21     ┆ uniusdt   ┆ 0       ┆ -8.89625746369 ┆ 0            ┆ -1.02875436898 ┆ -0.84963195404 ┆ 0.29961528952 ┆ 43      ┆ 0           │
│ 00:00:00 UTC   ┆           ┆         ┆ 3809           ┆              ┆ 13423          ┆ 12872          ┆ 549105        ┆         ┆             │
│ 2022-02-21     ┆ xrpusdt   ┆ 0       ┆ -9.71935557309 ┆ 0            ┆ -0.35739926804 ┆ -0.02851863220 ┆ 0.64610001320 ┆ 46      ┆ 0           │
│ 00:00:00 UTC   ┆           ┆         ┆ 9673           ┆              ┆ 76147          ┆ 8670347        ┆ 71163         ┆         ┆             │
│ 2022-02-21     ┆ zecusdt   ┆ 0       ┆ -6.69456473578 ┆ 0            ┆ -0.57053134038 ┆ -0.42343998104 ┆ -0.1696441137 ┆ 47      ┆ 0           │
│ 00:00:00 UTC   ┆           ┆         ┆ 3186           ┆              ┆ 80451          ┆ 76791          ┆ 4433275       ┆         ┆             │
│ 2022-02-22     ┆ aaveusdt  ┆ 1       ┆ 4.591434938898 ┆ 1            ┆ -1.25712572125 ┆ -1.08234887355 ┆ 0.07216173659 ┆ 1       ┆ 1           │
│ 00:00:00 UTC   ┆           ┆         ┆ 346            ┆              ┆ 3436           ┆ 46536          ┆ 12745         ┆         ┆             │
│ 2022-02-22     ┆ adausdt   ┆ 1       ┆ 3.583939811415 ┆ 1            ┆ -1.59227404902 ┆ -1.08243197188 ┆ 0.61747229154 ┆ 2       ┆ 1           │
│ 00:00:00 UTC   ┆           ┆         ┆ 2434           ┆              ┆ 01395          ┆ 23134          ┆ 59159         ┆         ┆             │
└────────────────┴───────────┴─────────┴────────────────┴──────────────┴────────────────┴────────────────┴───────────────┴─────────┴─────────────┘
2026-06-22 14:38:57 INFO crypto_research.ml_cpcv: [ml] X: shape=(29957, 5) columns=['pair_id', 'weekday_enc', 'ema_dev_pair_norm', 'rsi_pair_norm', 'vol_log_rel_pair'] dtypes={'pair_id': 'category', 'weekday_enc': 'category', 'ema_dev_pair_norm': 'float64', 'rsi_pair_norm': 'float64', 'vol_log_rel_pair': 'float64'}
2026-06-22 14:38:57 INFO crypto_research.ml_cpcv: [ml] X head (3 rows):
  pair_id weekday_enc  ema_dev_pair_norm  rsi_pair_norm  vol_log_rel_pair
0       1           6          -0.694395      -0.702578         -0.969127
1       2           6          -0.581429      -0.614310         -0.490359
2       3           6          -0.281003      -0.480146         -0.503708
2026-06-22 14:38:57 INFO crypto_research.ml_cpcv: [ml] y (direction_up): shape=(29957,) dtype=int8 distribution={0: 14942, 1: 15015}
2026-06-22 14:38:57 INFO crypto_research.ml_cpcv: [ml] y head (3 values): [0, 0, 0]
2026-06-22 14:38:57 INFO crypto_research.ml_cpcv: [ml] CV: CombinatorialPurgedCV n_splits=7 n_test_groups=2 embargo_days=1 n_folds=C(7,2)=21 n_days=772
2026-06-22 14:38:57 INFO crypto_research.ml_cpcv: [ml] CV time range: 2022-02-20 00:00:00+00:00 .. 2024-04-01 00:00:00+00:00 (prediction_times=evaluation_times, purge=None)
2026-06-22 14:38:57 INFO crypto_research.ml_cpcv: [ml] CV day splits:
  fold1: train_days=549 test_days=222
  fold2: train_days=549 test_days=221
  fold3: train_days=549 test_days=221
  fold4: train_days=549 test_days=221
  fold5: train_days=549 test_days=221
  fold6: train_days=550 test_days=221
  fold7: train_days=550 test_days=221
  fold8: train_days=549 test_days=221
  fold9: train_days=549 test_days=221
  fold10: train_days=549 test_days=221
  fold11: train_days=550 test_days=221
  fold12: train_days=551 test_days=220
  fold13: train_days=550 test_days=220
  fold14: train_days=550 test_days=220
  fold15: train_days=551 test_days=220
  fold16: train_days=551 test_days=220
  fold17: train_days=550 test_days=220
  fold18: train_days=551 test_days=220
  fold19: train_days=551 test_days=220
  fold20: train_days=551 test_days=220
  fold21: train_days=552 test_days=220
2026-06-22 14:38:57 INFO crypto_research.ml_cpcv: [ml] fold 1/21 → model.fit: X_train=(24013, 5) y_train=(24013,) days=('2022-10-01 00:00:00+00:00', '2024-04-01 00:00:00+00:00') dist={0: 11903, 1: 12110}
2026-06-22 14:38:57 INFO crypto_research.ml_cpcv: [ml] fold 1/21 → model.predict: X_test=(5916, 5) y_test=(5916,) days=('2022-02-20 00:00:00+00:00', '2022-09-29 00:00:00+00:00') dist={0: 3018, 1: 2898}
2026-06-22 14:38:57 INFO crypto_research.ml_cpcv: [ml] fold 1 X_train head:
     pair_id weekday_enc  ema_dev_pair_norm  rsi_pair_norm  vol_log_rel_pair
5944       1           5          -0.183580      -0.448514         -0.457102
5945       2           5          -0.244858      -0.542467         -0.165836
5946       3           5          -0.062716       0.151757          0.520864
2026-06-22 14:38:57 INFO crypto_research.ml_cpcv: [ml] fold 1 y_train head: [0, 0, 1]
2026-06-22 14:38:57 INFO crypto_research.ml_cpcv: [ml] fold 1 X_test head:
  pair_id weekday_enc  ema_dev_pair_norm  rsi_pair_norm  vol_log_rel_pair
0       1           6          -0.694395      -0.702578         -0.969127
1       2           6          -0.581429      -0.614310         -0.490359
2       3           6          -0.281003      -0.480146         -0.503708
2026-06-22 14:38:57 INFO crypto_research.ml_cpcv: [ml] fold 1 y_test head: [0, 0, 0]
2026-06-22 14:38:57 INFO crypto_research.ml_cpcv: [ml] fold 1/21 train=24013 test=5916 acc=0.5199 auc=0.5437
2026-06-22 14:38:57 INFO crypto_research.ml_cpcv: [ml] fold 2/21 → model.fit: X_train=(23927, 5) y_train=(23927,) days=('2022-06-12 00:00:00+00:00', '2024-04-01 00:00:00+00:00') dist={0: 11857, 1: 12070}
2026-06-22 14:38:57 INFO crypto_research.ml_cpcv: [ml] fold 2/21 → model.predict: X_test=(5974, 5) y_test=(5974,) days=('2022-02-20 00:00:00+00:00', '2023-01-17 00:00:00+00:00') dist={0: 3032, 1: 2942}
2026-06-22 14:38:57 INFO crypto_research.ml_cpcv: [ml] fold 2/21 train=23927 test=5974 acc=0.5157 auc=0.5337
2026-06-22 14:38:57 INFO crypto_research.ml_cpcv: [ml] fold 3/21 → model.fit: X_train=(22278, 5) y_train=(22278,) days=('2022-06-12 00:00:00+00:00', '2024-04-01 00:00:00+00:00') dist={0: 10918, 1: 11360}
2026-06-22 14:38:57 INFO crypto_research.ml_cpcv: [ml] fold 3/21 → model.predict: X_test=(7603, 5) y_test=(7603,) days=('2022-02-20 00:00:00+00:00', '2023-05-07 00:00:00+00:00') dist={0: 3951, 1: 3652}
2026-06-22 14:38:58 INFO crypto_research.ml_cpcv: [ml] fold 3/21 train=22278 test=7603 acc=0.5206 auc=0.5317
2026-06-22 14:38:58 INFO crypto_research.ml_cpcv: [ml] fold 4/21 → model.fit: X_train=(21638, 5) y_train=(21638,) days=('2022-06-12 00:00:00+00:00', '2024-04-01 00:00:00+00:00') dist={0: 10588, 1: 11050}
2026-06-22 14:38:58 INFO crypto_research.ml_cpcv: [ml] fold 4/21 → model.predict: X_test=(8243, 5) y_test=(8243,) days=('2022-02-20 00:00:00+00:00', '2023-08-25 00:00:00+00:00') dist={0: 4293, 1: 3950}
2026-06-22 14:38:58 INFO crypto_research.ml_cpcv: [ml] fold 4/21 train=21638 test=8243 acc=0.5321 auc=0.5597
2026-06-22 14:38:58 INFO crypto_research.ml_cpcv: [ml] fold 5/21 → model.fit: X_train=(21638, 5) y_train=(21638,) days=('2022-06-12 00:00:00+00:00', '2024-04-01 00:00:00+00:00') dist={0: 10980, 1: 10658}
2026-06-22 14:38:58 INFO crypto_research.ml_cpcv: [ml] fold 5/21 → model.predict: X_test=(8243, 5) y_test=(8243,) days=('2022-02-20 00:00:00+00:00', '2023-12-13 00:00:00+00:00') dist={0: 3925, 1: 4318}
2026-06-22 14:38:58 INFO crypto_research.ml_cpcv: [ml] fold 5/21 train=21638 test=8243 acc=0.5356 auc=0.5534
2026-06-22 14:38:58 INFO crypto_research.ml_cpcv: [ml] fold 6/21 → model.fit: X_train=(21687, 5) y_train=(21687,) days=('2022-06-12 00:00:00+00:00', '2023-12-13 00:00:00+00:00') dist={0: 10843, 1: 10844}
2026-06-22 14:38:58 INFO crypto_research.ml_cpcv: [ml] fold 6/21 → model.predict: X_test=(8243, 5) y_test=(8243,) days=('2022-02-20 00:00:00+00:00', '2024-04-01 00:00:00+00:00') dist={0: 4073, 1: 4170}
2026-06-22 14:38:58 INFO crypto_research.ml_cpcv: [ml] fold 6/21 train=21687 test=8243 acc=0.5053 auc=0.5092
2026-06-22 14:38:58 INFO crypto_research.ml_cpcv: [ml] fold 7/21 → model.fit: X_train=(23744, 5) y_train=(23744,) days=('2022-02-20 00:00:00+00:00', '2024-04-01 00:00:00+00:00') dist={0: 11805, 1: 11939}
2026-06-22 14:38:58 INFO crypto_research.ml_cpcv: [ml] fold 7/21 → model.predict: X_test=(6184, 5) y_test=(6184,) days=('2022-06-11 00:00:00+00:00', '2023-01-17 00:00:00+00:00') dist={0: 3110, 1: 3074}
2026-06-22 14:38:58 INFO crypto_research.ml_cpcv: [ml] fold 7/21 train=23744 test=6184 acc=0.5060 auc=0.5194
2026-06-22 14:38:58 INFO crypto_research.ml_cpcv: [ml] fold 8/21 → model.fit: X_train=(22067, 5) y_train=(22067,) days=('2022-02-20 00:00:00+00:00', '2024-04-01 00:00:00+00:00') dist={0: 10845, 1: 11222}
2026-06-22 14:38:58 INFO crypto_research.ml_cpcv: [ml] fold 8/21 → model.predict: X_test=(7813, 5) y_test=(7813,) days=('2022-06-11 00:00:00+00:00', '2023-05-07 00:00:00+00:00') dist={0: 4029, 1: 3784}
2026-06-22 14:38:58 INFO crypto_research.ml_cpcv: [ml] fold 8/21 train=22067 test=7813 acc=0.5115 auc=0.5277
2026-06-22 14:38:58 INFO crypto_research.ml_cpcv: [ml] fold 9/21 → model.fit: X_train=(21427, 5) y_train=(21427,) days=('2022-02-20 00:00:00+00:00', '2024-04-01 00:00:00+00:00') dist={0: 10515, 1: 10912}
2026-06-22 14:38:58 INFO crypto_research.ml_cpcv: [ml] fold 9/21 → model.predict: X_test=(8453, 5) y_test=(8453,) days=('2022-06-11 00:00:00+00:00', '2023-08-25 00:00:00+00:00') dist={0: 4371, 1: 4082}
2026-06-22 14:38:58 INFO crypto_research.ml_cpcv: [ml] fold 9/21 train=21427 test=8453 acc=0.5235 auc=0.5563
2026-06-22 14:38:58 INFO crypto_research.ml_cpcv: [ml] fold 10/21 → model.fit: X_train=(21427, 5) y_train=(21427,) days=('2022-02-20 00:00:00+00:00', '2024-04-01 00:00:00+00:00') dist={0: 10907, 1: 10520}
2026-06-22 14:38:58 INFO crypto_research.ml_cpcv: [ml] fold 10/21 → model.predict: X_test=(8453, 5) y_test=(8453,) days=('2022-06-11 00:00:00+00:00', '2023-12-13 00:00:00+00:00') dist={0: 4003, 1: 4450}
2026-06-22 14:38:58 INFO crypto_research.ml_cpcv: [ml] fold 10/21 train=21427 test=8453 acc=0.5050 auc=0.5350
2026-06-22 14:38:58 INFO crypto_research.ml_cpcv: [ml] fold 11/21 → model.fit: X_train=(21476, 5) y_train=(21476,) days=('2022-02-20 00:00:00+00:00', '2023-12-13 00:00:00+00:00') dist={0: 10770, 1: 10706}
2026-06-22 14:38:58 INFO crypto_research.ml_cpcv: [ml] fold 11/21 → model.predict: X_test=(8453, 5) y_test=(8453,) days=('2022-06-11 00:00:00+00:00', '2024-04-01 00:00:00+00:00') dist={0: 4151, 1: 4302}
2026-06-22 14:38:58 INFO crypto_research.ml_cpcv: [ml] fold 11/21 train=21476 test=8453 acc=0.4544 auc=0.4486
2026-06-22 14:38:58 INFO crypto_research.ml_cpcv: [ml] fold 12/21 → model.fit: X_train=(22037, 5) y_train=(22037,) days=('2022-02-20 00:00:00+00:00', '2024-04-01 00:00:00+00:00') dist={0: 10852, 1: 11185}
2026-06-22 14:38:58 INFO crypto_research.ml_cpcv: [ml] fold 12/21 → model.predict: X_test=(7871, 5) y_test=(7871,) days=('2022-09-30 00:00:00+00:00', '2023-05-07 00:00:00+00:00') dist={0: 4043, 1: 3828}
2026-06-22 14:38:58 INFO crypto_research.ml_cpcv: [ml] fold 12/21 train=22037 test=7871 acc=0.4895 auc=0.4930
2026-06-22 14:38:58 INFO crypto_research.ml_cpcv: [ml] fold 13/21 → model.fit: X_train=(21368, 5) y_train=(21368,) days=('2022-02-20 00:00:00+00:00', '2024-04-01 00:00:00+00:00') dist={0: 10495, 1: 10873}
2026-06-22 14:38:58 INFO crypto_research.ml_cpcv: [ml] fold 13/21 → model.predict: X_test=(8511, 5) y_test=(8511,) days=('2022-09-30 00:00:00+00:00', '2023-08-25 00:00:00+00:00') dist={0: 4385, 1: 4126}
2026-06-22 14:38:58 INFO crypto_research.ml_cpcv: [ml] fold 13/21 train=21368 test=8511 acc=0.5057 auc=0.5201
2026-06-22 14:38:58 INFO crypto_research.ml_cpcv: [ml] fold 14/21 → model.fit: X_train=(21368, 5) y_train=(21368,) days=('2022-02-20 00:00:00+00:00', '2024-04-01 00:00:00+00:00') dist={0: 10887, 1: 10481}
2026-06-22 14:38:58 INFO crypto_research.ml_cpcv: [ml] fold 14/21 → model.predict: X_test=(8511, 5) y_test=(8511,) days=('2022-09-30 00:00:00+00:00', '2023-12-13 00:00:00+00:00') dist={0: 4017, 1: 4494}
2026-06-22 14:38:58 INFO crypto_research.ml_cpcv: [ml] fold 14/21 train=21368 test=8511 acc=0.5213 auc=0.5401
2026-06-22 14:38:58 INFO crypto_research.ml_cpcv: [ml] fold 15/21 → model.fit: X_train=(21417, 5) y_train=(21417,) days=('2022-02-20 00:00:00+00:00', '2023-12-13 00:00:00+00:00') dist={0: 10750, 1: 10667}
2026-06-22 14:38:58 INFO crypto_research.ml_cpcv: [ml] fold 15/21 → model.predict: X_test=(8511, 5) y_test=(8511,) days=('2022-09-30 00:00:00+00:00', '2024-04-01 00:00:00+00:00') dist={0: 4165, 1: 4346}
2026-06-22 14:38:59 INFO crypto_research.ml_cpcv: [ml] fold 15/21 train=21417 test=8511 acc=0.4982 auc=0.5058
2026-06-22 14:38:59 INFO crypto_research.ml_cpcv: [ml] fold 16/21 → model.fit: X_train=(19768, 5) y_train=(19768,) days=('2022-02-20 00:00:00+00:00', '2024-04-01 00:00:00+00:00') dist={0: 9603, 1: 10165}
2026-06-22 14:38:59 INFO crypto_research.ml_cpcv: [ml] fold 16/21 → model.predict: X_test=(10140, 5) y_test=(10140,) days=('2023-01-18 00:00:00+00:00', '2023-08-25 00:00:00+00:00') dist={0: 5304, 1: 4836}
2026-06-22 14:38:59 INFO crypto_research.ml_cpcv: [ml] fold 16/21 train=19768 test=10140 acc=0.4875 auc=0.5093
2026-06-22 14:38:59 INFO crypto_research.ml_cpcv: [ml] fold 17/21 → model.fit: X_train=(19719, 5) y_train=(19719,) days=('2022-02-20 00:00:00+00:00', '2024-04-01 00:00:00+00:00') dist={0: 9948, 1: 9771}
2026-06-22 14:38:59 INFO crypto_research.ml_cpcv: [ml] fold 17/21 → model.predict: X_test=(10140, 5) y_test=(10140,) days=('2023-01-18 00:00:00+00:00', '2023-12-13 00:00:00+00:00') dist={0: 4936, 1: 5204}
2026-06-22 14:38:59 INFO crypto_research.ml_cpcv: [ml] fold 17/21 train=19719 test=10140 acc=0.5207 auc=0.5328
2026-06-22 14:38:59 INFO crypto_research.ml_cpcv: [ml] fold 18/21 → model.fit: X_train=(19768, 5) y_train=(19768,) days=('2022-02-20 00:00:00+00:00', '2023-12-13 00:00:00+00:00') dist={0: 9811, 1: 9957}
2026-06-22 14:38:59 INFO crypto_research.ml_cpcv: [ml] fold 18/21 → model.predict: X_test=(10140, 5) y_test=(10140,) days=('2023-01-18 00:00:00+00:00', '2024-04-01 00:00:00+00:00') dist={0: 5084, 1: 5056}
2026-06-22 14:38:59 INFO crypto_research.ml_cpcv: [ml] fold 18/21 train=19768 test=10140 acc=0.5076 auc=0.5163
2026-06-22 14:38:59 INFO crypto_research.ml_cpcv: [ml] fold 19/21 → model.fit: X_train=(19128, 5) y_train=(19128,) days=('2022-02-20 00:00:00+00:00', '2024-04-01 00:00:00+00:00') dist={0: 9653, 1: 9475}
2026-06-22 14:38:59 INFO crypto_research.ml_cpcv: [ml] fold 19/21 → model.predict: X_test=(10780, 5) y_test=(10780,) days=('2023-05-08 00:00:00+00:00', '2023-12-13 00:00:00+00:00') dist={0: 5278, 1: 5502}
2026-06-22 14:38:59 INFO crypto_research.ml_cpcv: [ml] fold 19/21 train=19128 test=10780 acc=0.5070 auc=0.5235
2026-06-22 14:38:59 INFO crypto_research.ml_cpcv: [ml] fold 20/21 → model.fit: X_train=(19128, 5) y_train=(19128,) days=('2022-02-20 00:00:00+00:00', '2023-12-13 00:00:00+00:00') dist={0: 9481, 1: 9647}
2026-06-22 14:38:59 INFO crypto_research.ml_cpcv: [ml] fold 20/21 → model.predict: X_test=(10780, 5) y_test=(10780,) days=('2023-05-08 00:00:00+00:00', '2024-04-01 00:00:00+00:00') dist={0: 5426, 1: 5354}
2026-06-22 14:38:59 INFO crypto_research.ml_cpcv: [ml] fold 20/21 train=19128 test=10780 acc=0.5320 auc=0.5417
2026-06-22 14:38:59 INFO crypto_research.ml_cpcv: [ml] fold 21/21 → model.fit: X_train=(19177, 5) y_train=(19177,) days=('2022-02-20 00:00:00+00:00', '2023-08-25 00:00:00+00:00') dist={0: 9884, 1: 9293}
2026-06-22 14:38:59 INFO crypto_research.ml_cpcv: [ml] fold 21/21 → model.predict: X_test=(10780, 5) y_test=(10780,) days=('2023-08-26 00:00:00+00:00', '2024-04-01 00:00:00+00:00') dist={0: 5058, 1: 5722}
2026-06-22 14:38:59 INFO crypto_research.ml_cpcv: [ml] fold 21/21 train=19177 test=10780 acc=0.4906 auc=0.5141
2026-06-22 14:38:59 INFO crypto_research.ml_cpcv: [ml] CPCV mean: folds=21 acc=0.5090 logloss=0.6954 auc=0.5245
2026-06-22 14:38:59 INFO crypto_research.ml_cpcv: [ml] OOS paths: rows=29957 cols=[time_ns, y_prob, y_true] folds_merged=21
2026-06-22 14:38:59 INFO crypto_research.ml_cpcv: [ml] OOS calibration: brier=0.2506 ece=0.0260
2026-06-22 14:38:59 INFO crypto_research.ml_cpcv: [ml] OOS weekday Пн: n=4312 base_up=0.4944 pred_up=0.5176 acc=0.4661 logloss=0.7053 auc=0.4351
2026-06-22 14:38:59 INFO crypto_research.ml_cpcv: [ml] OOS weekday Вт: n=4265 base_up=0.5090 pred_up=0.4978 acc=0.5161 logloss=0.6862 auc=0.5518
2026-06-22 14:38:59 INFO crypto_research.ml_cpcv: [ml] OOS weekday Ср: n=4266 base_up=0.4944 pred_up=0.4519 acc=0.5103 logloss=0.6962 auc=0.5070
2026-06-22 14:38:59 INFO crypto_research.ml_cpcv: [ml] OOS weekday Чт: n=4267 base_up=0.4661 pred_up=0.2416 acc=0.5238 logloss=0.6959 auc=0.4967
2026-06-22 14:38:59 INFO crypto_research.ml_cpcv: [ml] OOS weekday Пт: n=4267 base_up=0.5526 pred_up=0.8868 acc=0.5247 logloss=0.6907 auc=0.4837
2026-06-22 14:38:59 INFO crypto_research.ml_cpcv: [ml] OOS weekday Сб: n=4268 base_up=0.5197 pred_up=0.7219 acc=0.4960 logloss=0.6973 auc=0.4758
2026-06-22 14:38:59 INFO crypto_research.ml_cpcv: [ml] OOS weekday Вс: n=4312 base_up=0.4726 pred_up=0.1955 acc=0.5438 logloss=0.6884 auc=0.5388
2026-06-22 14:39:00 INFO crypto_research.ml_oos_paths: [ml] OOS plot saved: /home_admin/crypto_bot/crypto_research/research_outputs/day_of_week/ml/plots/weekday_direction_49pairs_20220101_20240401_oos_prob.png (weekdays=7 calendar_days=772 rows=29957)
2026-06-22 14:39:01 INFO crypto_research.ml_oos_paths: [ml] OOS calibration plot saved: /home_admin/crypto_bot/crypto_research/research_outputs/day_of_week/ml/plots/weekday_direction_49pairs_20220101_20240401_oos_calibration.png (brier=0.2506 ece=0.0260 rows=29957)
2026-06-22 14:39:02 INFO crypto_research.ml_learning_curve: [ml] early stopping (holdout): fit_rows=29957 eval_rows=36113 best_iteration=43 eval_logloss=0.6905
2026-06-22 14:39:02 INFO crypto_research.ml_learning_curve: [ml] learning curve saved: /home_admin/crypto_bot/crypto_research/research_outputs/day_of_week/ml/plots/weekday_direction_49pairs_20220101_20260531_learning_curve.png (best_iter=43)
2026-06-22 14:39:02 INFO crypto_research.ml_learning_curve: [ml] learning curve log saved: /home_admin/crypto_bot/crypto_research/research_outputs/day_of_week/ml/weekday_direction_49pairs_20220101_20260531_learning_curve.log (93 iterations)
2026-06-22 14:39:02 INFO crypto_research.ml_plot_registry: [ml] plot: oos_prob
2026-06-22 14:39:03 INFO crypto_research.ml_oos_paths: [ml] OOS plot saved: /home_admin/crypto_bot/crypto_research/research_outputs/day_of_week/ml/plots/weekday_direction_49pairs_20240401_20260531_oos_prob.png (weekdays=7 calendar_days=737 rows=36113)
2026-06-22 14:39:03 INFO crypto_research.ml_plot_registry: [ml] plot: oos_calibration
2026-06-22 14:39:04 INFO crypto_research.ml_oos_paths: [ml] OOS calibration plot saved: /home_admin/crypto_bot/crypto_research/research_outputs/day_of_week/ml/plots/weekday_direction_49pairs_20240401_20260531_oos_calibration.png (brier=0.2487 ece=0.0233 rows=36113)
2026-06-22 14:39:04 INFO crypto_research.ml_plot_registry: [ml] plot: weekday_pair_summary
2026-06-22 14:39:06 INFO crypto_research.ml_oos_paths: [ml] Weekday×pair summary plot saved: /home_admin/crypto_bot/crypto_research/research_outputs/day_of_week/ml/plots/weekday_direction_49pairs_20240401_20260531_weekday_pair_summary.png (pairs=49 rows=36113)
2026-06-22 14:39:07 INFO crypto_research.ml_oos_paths: [ml] Weekday×pair summary plot saved: /home_admin/crypto_bot/crypto_research/research_outputs/day_of_week/ml/plots/weekday_direction_49pairs_20220101_20240401_weekday_pair_summary.png (pairs=49 rows=29957)
2026-06-22 14:39:07 INFO crypto_research.ml_plot_registry: [ml] plot: roc_auc
2026-06-22 14:39:07 INFO crypto_research.ml_oos_paths: [ml] ROC AUC comparison plot saved: /home_admin/crypto_bot/crypto_research/research_outputs/day_of_week/ml/plots/weekday_direction_49pairs_20220101_20260531_roc_auc.png
2026-06-22 14:39:07 INFO crypto_research.ml_plot_registry: [ml] plot: learning_curve
2026-06-22 14:39:07 INFO crypto_research.ml_plot_registry: [ml] plot: correlation_matrix_heatmap
2026-06-22 14:39:08 INFO crypto_research.ml_feature_diagnostic_plots: [ml] feature corr pair_id vs weekday_enc: 0.0000
2026-06-22 14:39:08 INFO crypto_research.ml_feature_diagnostic_plots: [ml] feature corr pair_id vs ema_dev_pair_norm: 0.0144
2026-06-22 14:39:08 INFO crypto_research.ml_feature_diagnostic_plots: [ml] feature corr pair_id vs rsi_pair_norm: 0.0041
2026-06-22 14:39:08 INFO crypto_research.ml_feature_diagnostic_plots: [ml] feature corr pair_id vs vol_log_rel_pair: -0.0077
2026-06-22 14:39:08 INFO crypto_research.ml_feature_diagnostic_plots: [ml] feature corr weekday_enc vs ema_dev_pair_norm: 0.0188
2026-06-22 14:39:08 INFO crypto_research.ml_feature_diagnostic_plots: [ml] feature corr weekday_enc vs rsi_pair_norm: 0.0162
2026-06-22 14:39:08 INFO crypto_research.ml_feature_diagnostic_plots: [ml] feature corr weekday_enc vs vol_log_rel_pair: -0.0732
2026-06-22 14:39:08 INFO crypto_research.ml_feature_diagnostic_plots: [ml] feature corr ema_dev_pair_norm vs rsi_pair_norm: 0.8525
2026-06-22 14:39:08 INFO crypto_research.ml_feature_diagnostic_plots: [ml] feature corr ema_dev_pair_norm vs vol_log_rel_pair: 0.2183
2026-06-22 14:39:08 INFO crypto_research.ml_feature_diagnostic_plots: [ml] feature corr rsi_pair_norm vs vol_log_rel_pair: 0.2278
2026-06-22 14:39:08 INFO crypto_research.ml_feature_diagnostic_plots: [ml] correlation matrix heatmap saved: /home_admin/crypto_bot/crypto_research/research_outputs/day_of_week/ml/plots/weekday_direction_49pairs_20240401_20260531_correlation_matrix.png
2026-06-22 14:39:08 INFO crypto_research.ml_plot_registry: [ml] plot: shape_summary_plot
2026-06-22 14:39:08 INFO crypto_research.ml_shap_plots: [ml] SHAP subsample: 3000 / 36113 rows
2026-06-22 14:39:08 INFO crypto_research.ml_shap_plots: [ml] SHAP summary plot saved: /home_admin/crypto_bot/crypto_research/research_outputs/day_of_week/ml/plots/weekday_direction_49pairs_20240401_20260531_shape_summary.png
2026-06-22 14:39:08 INFO crypto_research.ml_plot_registry: [ml] plot: feature_prob_dependence
2026-06-22 14:39:09 INFO crypto_research.ml_feature_dependence_plot: [ml] feature P(up) dependence plot saved: /home_admin/crypto_bot/crypto_research/research_outputs/day_of_week/ml/plots/weekday_direction_49pairs_20240401_20260531_feature_prob_dependence.png (features=['weekday_enc', 'ema_dev_pair_norm', 'rsi_pair_norm', 'vol_log_rel_pair'])
2026-06-22 14:39:09 INFO crypto_research.ml_plot_registry: [ml] plot: prob_return_dependence
2026-06-22 14:39:10 INFO crypto_research.ml_prob_return_dependence_plot: [ml] P(up) vs return plot saved: /home_admin/crypto_bot/crypto_research/research_outputs/day_of_week/ml/plots/weekday_direction_49pairs_20240401_20260531_prob_return_dependence.png (train=29957 test=36113 t_long=0.5164777490700287 t_short=0.4732182722499969 edge=0.25% smooth=gauss σ=4)
2026-06-22 14:39:10 INFO crypto_research.ml_plot_registry: [ml] plot: p_up_density_split
2026-06-22 14:39:10 INFO crypto_research.ml_p_up_density_split_plot: [ml] P(up) density split plot saved: /home_admin/crypto_bot/crypto_research/research_outputs/day_of_week/ml/plots/weekday_direction_49pairs_20220101_20240401_p_up_density_split.png (method=default_0_5 threshold=0.5 otsu=0.50390625 valley=None)
2026-06-22 14:39:14 INFO crypto_research.ml_research: [ml] train/test metrics saved: /home_admin/crypto_bot/crypto_research/research_outputs/day_of_week/ml/metrics/weekday_direction_49pairs_20220101_20260531_train_test.json
2026-06-22 14:39:14 INFO crypto_research.ml_research: [ml] metrics summary saved: /home_admin/crypto_bot/crypto_research/research_outputs/day_of_week/ml/metrics/weekday_direction_49pairs_20220101_20260531_metrics_summary.json
2026-06-22 14:58:51 INFO crypto_research.ml_research: [ml] log file: /home_admin/crypto_bot/crypto_research/research_outputs/day_of_week/ml/weekday_direction_20220101_20260531.log
2026-06-22 14:58:51 INFO crypto_research.ml_dataset: [ml] pair filter: first_candle <= 2023-01-01 → 49 pairs
2026-06-22 14:59:06 INFO crypto_research.load: [1] Загрузка данных: пар=49 строк=46567998 ~1243.5 MB
2026-06-22 14:59:06 INFO crypto_research.load:   1000luncusdt: rows=656821 2022-12-31 .. 2024-04-01
2026-06-22 14:59:06 INFO crypto_research.load:   aaveusdt: rows=1182241 2022-01-01 .. 2024-04-01
2026-06-22 14:59:06 INFO crypto_research.load:   adausdt: rows=1182241 2022-01-01 .. 2024-04-01
2026-06-22 14:59:06 INFO crypto_research.load:   algousdt: rows=1182241 2022-01-01 .. 2024-04-01
2026-06-22 14:59:06 INFO crypto_research.load:   aliceusdt: rows=1182241 2022-01-01 .. 2024-04-01
2026-06-22 14:59:06 INFO crypto_research.load:   apeusdt: rows=656821 2022-12-31 .. 2024-04-01
2026-06-22 14:59:06 INFO crypto_research.load:   api3usdt: rows=1098270 2022-02-28 .. 2024-04-01
2026-06-22 14:59:06 INFO crypto_research.load:   aptusdt: rows=763033 2022-10-19 .. 2024-04-01
2026-06-22 14:59:06 INFO crypto_research.load:   atomusdt: rows=1182241 2022-01-01 .. 2024-04-01
2026-06-22 14:59:07 INFO crypto_research.load:   avaxusdt: rows=1182241 2022-01-01 .. 2024-04-01
2026-06-22 14:59:07 INFO crypto_research.load:   axsusdt: rows=656821 2022-12-31 .. 2024-04-01
2026-06-22 14:59:07 INFO crypto_research.load:   bchusdt: rows=1182241 2022-01-01 .. 2024-04-01
2026-06-22 14:59:07 INFO crypto_research.load:   bnbusdt: rows=1182241 2022-01-01 .. 2024-04-01
2026-06-22 14:59:07 INFO crypto_research.load:   btcusdt: rows=1182241 2022-01-01 .. 2024-04-01
2026-06-22 14:59:07 INFO crypto_research.load:   chzusdt: rows=656821 2022-12-31 .. 2024-04-01
2026-06-22 14:59:07 INFO crypto_research.load:   crvusdt: rows=1182241 2022-01-01 .. 2024-04-01
2026-06-22 14:59:07 INFO crypto_research.load:   dashusdt: rows=656821 2022-12-31 .. 2024-04-01
2026-06-22 14:59:07 INFO crypto_research.load:   dogeusdt: rows=1182241 2022-01-01 .. 2024-04-01
2026-06-22 14:59:07 INFO crypto_research.load:   dotusdt: rows=1182241 2022-01-01 .. 2024-04-01
2026-06-22 14:59:07 INFO crypto_research.load:   dydxusdt: rows=1182241 2022-01-01 .. 2024-04-01
2026-06-22 14:59:07 INFO crypto_research.load:   egldusdt: rows=656821 2022-12-31 .. 2024-04-01
2026-06-22 14:59:07 INFO crypto_research.load:   enjusdt: rows=1182241 2022-01-01 .. 2024-04-01
2026-06-22 14:59:07 INFO crypto_research.load:   etcusdt: rows=656821 2022-12-31 .. 2024-04-01
2026-06-22 14:59:07 INFO crypto_research.load:   ethusdt: rows=1182241 2022-01-01 .. 2024-04-01
2026-06-22 14:59:07 INFO crypto_research.load:   filusdt: rows=1182241 2022-01-01 .. 2024-04-01
2026-06-22 14:59:07 INFO crypto_research.load:   galausdt: rows=1182241 2022-01-01 .. 2024-04-01
2026-06-22 14:59:07 INFO crypto_research.load:   gmtusdt: rows=656821 2022-12-31 .. 2024-04-01
2026-06-22 14:59:07 INFO crypto_research.load:   hbarusdt: rows=656821 2022-12-31 .. 2024-04-01
2026-06-22 14:59:07 INFO crypto_research.load:   icpusdt: rows=656821 2022-12-31 .. 2024-04-01
2026-06-22 14:59:07 INFO crypto_research.load:   injusdt: rows=656821 2022-12-31 .. 2024-04-01
2026-06-22 14:59:07 INFO crypto_research.load:   ldousdt: rows=656821 2022-12-31 .. 2024-04-01
2026-06-22 14:59:07 INFO crypto_research.load:   linkusdt: rows=1182241 2022-01-01 .. 2024-04-01
2026-06-22 14:59:07 INFO crypto_research.load:   ltcusdt: rows=1182241 2022-01-01 .. 2024-04-01
2026-06-22 14:59:07 INFO crypto_research.load:   nearusdt: rows=1182241 2022-01-01 .. 2024-04-01
2026-06-22 14:59:07 INFO crypto_research.load:   ontusdt: rows=957048 2022-06-06 .. 2024-04-01
2026-06-22 14:59:07 INFO crypto_research.load:   opusdt: rows=656821 2022-12-31 .. 2024-04-01
2026-06-22 14:59:07 INFO crypto_research.load:   paxgusdt: rows=1076619 2022-03-15 .. 2024-04-01
2026-06-22 14:59:07 INFO crypto_research.load:   sandusdt: rows=656821 2022-12-31 .. 2024-04-01
2026-06-22 14:59:07 INFO crypto_research.load:   shib1000usdt: rows=656821 2022-12-31 .. 2024-04-01
2026-06-22 14:59:07 INFO crypto_research.load:   solusdt: rows=1182241 2022-01-01 .. 2024-04-01
2026-06-22 14:59:07 INFO crypto_research.load:   storjusdt: rows=656821 2022-12-31 .. 2024-04-01
2026-06-22 14:59:07 INFO crypto_research.load:   stxusdt: rows=656821 2022-12-31 .. 2024-04-01
2026-06-22 14:59:07 INFO crypto_research.load:   trxusdt: rows=656821 2022-12-31 .. 2024-04-01
2026-06-22 14:59:07 INFO crypto_research.load:   uniusdt: rows=1182241 2022-01-01 .. 2024-04-01
2026-06-22 14:59:07 INFO crypto_research.load:   xlmusdt: rows=656821 2022-12-31 .. 2024-04-01
2026-06-22 14:59:07 INFO crypto_research.load:   xmrusdt: rows=1162824 2022-01-14 .. 2024-04-01
2026-06-22 14:59:07 INFO crypto_research.load:   xrpusdt: rows=1182241 2022-01-01 .. 2024-04-01
2026-06-22 14:59:07 INFO crypto_research.load:   zecusdt: rows=1182241 2022-01-01 .. 2024-04-01
2026-06-22 14:59:07 INFO crypto_research.load:   zenusdt: rows=656821 2022-12-31 .. 2024-04-01
2026-06-22 14:59:08 INFO crypto_research.ml_dataset: [ml] pooled daily: pairs=49 rows=32407 period=2022-01-01..2024-04-01
2026-06-22 14:59:08 INFO crypto_research.ml_dataset: [ml] pair filter: first_candle <= 2023-01-01 → 49 pairs
2026-06-22 14:59:23 INFO crypto_research.load: [1] Загрузка данных: пар=49 строк=55515524 ~1482.4 MB
2026-06-22 14:59:23 INFO crypto_research.load:   1000luncusdt: rows=1133280 2024-04-01 .. 2026-05-27
2026-06-22 14:59:23 INFO crypto_research.load:   aaveusdt: rows=1132756 2024-04-01 .. 2026-05-27
2026-06-22 14:59:23 INFO crypto_research.load:   adausdt: rows=1132756 2024-04-01 .. 2026-05-27
2026-06-22 14:59:23 INFO crypto_research.load:   algousdt: rows=1132756 2024-04-01 .. 2026-05-27
2026-06-22 14:59:23 INFO crypto_research.load:   aliceusdt: rows=1132756 2024-04-01 .. 2026-05-27
2026-06-22 14:59:23 INFO crypto_research.load:   apeusdt: rows=1133280 2024-04-01 .. 2026-05-27
2026-06-22 14:59:23 INFO crypto_research.load:   api3usdt: rows=1132756 2024-04-01 .. 2026-05-27
2026-06-22 14:59:23 INFO crypto_research.load:   aptusdt: rows=1132756 2024-04-01 .. 2026-05-27
2026-06-22 14:59:23 INFO crypto_research.load:   atomusdt: rows=1132756 2024-04-01 .. 2026-05-27
2026-06-22 14:59:23 INFO crypto_research.load:   avaxusdt: rows=1132756 2024-04-01 .. 2026-05-27
2026-06-22 14:59:23 INFO crypto_research.load:   axsusdt: rows=1133280 2024-04-01 .. 2026-05-27
2026-06-22 14:59:23 INFO crypto_research.load:   bchusdt: rows=1132756 2024-04-01 .. 2026-05-27
2026-06-22 14:59:23 INFO crypto_research.load:   bnbusdt: rows=1132756 2024-04-01 .. 2026-05-27
2026-06-22 14:59:23 INFO crypto_research.load:   btcusdt: rows=1132756 2024-04-01 .. 2026-05-27
2026-06-22 14:59:23 INFO crypto_research.load:   chzusdt: rows=1133280 2024-04-01 .. 2026-05-27
2026-06-22 14:59:23 INFO crypto_research.load:   crvusdt: rows=1132756 2024-04-01 .. 2026-05-27
2026-06-22 14:59:23 INFO crypto_research.load:   dashusdt: rows=1133280 2024-04-01 .. 2026-05-27
2026-06-22 14:59:23 INFO crypto_research.load:   dogeusdt: rows=1132756 2024-04-01 .. 2026-05-27
2026-06-22 14:59:23 INFO crypto_research.load:   dotusdt: rows=1132756 2024-04-01 .. 2026-05-27
2026-06-22 14:59:23 INFO crypto_research.load:   dydxusdt: rows=1132756 2024-04-01 .. 2026-05-27
2026-06-22 14:59:23 INFO crypto_research.load:   egldusdt: rows=1133280 2024-04-01 .. 2026-05-27
2026-06-22 14:59:23 INFO crypto_research.load:   enjusdt: rows=1132756 2024-04-01 .. 2026-05-27
2026-06-22 14:59:23 INFO crypto_research.load:   etcusdt: rows=1133280 2024-04-01 .. 2026-05-27
2026-06-22 14:59:23 INFO crypto_research.load:   ethusdt: rows=1132756 2024-04-01 .. 2026-05-27
2026-06-22 14:59:23 INFO crypto_research.load:   filusdt: rows=1132756 2024-04-01 .. 2026-05-27
2026-06-22 14:59:23 INFO crypto_research.load:   galausdt: rows=1132756 2024-04-01 .. 2026-05-27
2026-06-22 14:59:23 INFO crypto_research.load:   gmtusdt: rows=1133280 2024-04-01 .. 2026-05-27
2026-06-22 14:59:23 INFO crypto_research.load:   hbarusdt: rows=1133280 2024-04-01 .. 2026-05-27
2026-06-22 14:59:23 INFO crypto_research.load:   icpusdt: rows=1133280 2024-04-01 .. 2026-05-27
2026-06-22 14:59:23 INFO crypto_research.load:   injusdt: rows=1133280 2024-04-01 .. 2026-05-27
2026-06-22 14:59:23 INFO crypto_research.load:   ldousdt: rows=1133280 2024-04-01 .. 2026-05-27
2026-06-22 14:59:23 INFO crypto_research.load:   linkusdt: rows=1132756 2024-04-01 .. 2026-05-27
2026-06-22 14:59:23 INFO crypto_research.load:   ltcusdt: rows=1132756 2024-04-01 .. 2026-05-27
2026-06-22 14:59:23 INFO crypto_research.load:   nearusdt: rows=1132756 2024-04-01 .. 2026-05-27
2026-06-22 14:59:23 INFO crypto_research.load:   ontusdt: rows=1132756 2024-04-01 .. 2026-05-27
2026-06-22 14:59:23 INFO crypto_research.load:   opusdt: rows=1133280 2024-04-01 .. 2026-05-27
2026-06-22 14:59:23 INFO crypto_research.load:   paxgusdt: rows=1132756 2024-04-01 .. 2026-05-27
2026-06-22 14:59:23 INFO crypto_research.load:   sandusdt: rows=1133280 2024-04-01 .. 2026-05-27
2026-06-22 14:59:23 INFO crypto_research.load:   shib1000usdt: rows=1133280 2024-04-01 .. 2026-05-27
2026-06-22 14:59:23 INFO crypto_research.load:   solusdt: rows=1132756 2024-04-01 .. 2026-05-27
2026-06-22 14:59:23 INFO crypto_research.load:   storjusdt: rows=1133280 2024-04-01 .. 2026-05-27
2026-06-22 14:59:23 INFO crypto_research.load:   stxusdt: rows=1133280 2024-04-01 .. 2026-05-27
2026-06-22 14:59:23 INFO crypto_research.load:   trxusdt: rows=1133280 2024-04-01 .. 2026-05-27
2026-06-22 14:59:23 INFO crypto_research.load:   uniusdt: rows=1132756 2024-04-01 .. 2026-05-27
2026-06-22 14:59:23 INFO crypto_research.load:   xlmusdt: rows=1133280 2024-04-01 .. 2026-05-27
2026-06-22 14:59:23 INFO crypto_research.load:   xmrusdt: rows=1132756 2024-04-01 .. 2026-05-27
2026-06-22 14:59:23 INFO crypto_research.load:   xrpusdt: rows=1132756 2024-04-01 .. 2026-05-27
2026-06-22 14:59:23 INFO crypto_research.load:   zecusdt: rows=1132756 2024-04-01 .. 2026-05-27
2026-06-22 14:59:23 INFO crypto_research.load:   zenusdt: rows=1133280 2024-04-01 .. 2026-05-27
2026-06-22 14:59:25 INFO crypto_research.ml_dataset: [ml] pooled daily: pairs=49 rows=38563 period=2024-04-01..2026-05-31
2026-06-22 14:59:25 INFO crypto_research.ml_dataset: [ml] dataset studies=['day_of_week_ml'] features=['pair_id', 'weekday_enc'] rows=32407 pairs=49 up_rate=0.503
2026-06-22 14:59:25 INFO crypto_research.ml_dataset: [ml] dataset studies=['day_of_week_ml'] features=['pair_id', 'weekday_enc'] rows=38563 pairs=49 up_rate=0.478
2026-06-22 14:59:25 INFO crypto_research.ml_research: Dataset columns (7): ['day_utc', 'pair', 'weekday', 'return_pct', 'direction_up', 'pair_id', 'weekday_enc']
2026-06-22 14:59:25 INFO crypto_research.ml_research: Dataset head (50 rows):
shape: (50, 7)
┌─────────────────────────┬───────────┬─────────┬──────────────────────┬──────────────┬─────────┬─────────────┐
│ day_utc                 ┆ pair      ┆ weekday ┆ return_pct           ┆ direction_up ┆ pair_id ┆ weekday_enc │
│ ---                     ┆ ---       ┆ ---     ┆ ---                  ┆ ---          ┆ ---     ┆ ---         │
│ datetime[μs, UTC]       ┆ str       ┆ i64     ┆ f64                  ┆ i8           ┆ cat     ┆ cat         │
╞═════════════════════════╪═══════════╪═════════╪══════════════════════╪══════════════╪═════════╪═════════════╡
│ 2022-01-01 00:00:00 UTC ┆ aaveusdt  ┆ 5       ┆ 4.984243106054534    ┆ 1            ┆ 1       ┆ 5           │
│ 2022-01-01 00:00:00 UTC ┆ adausdt   ┆ 5       ┆ 5.467610434955732    ┆ 1            ┆ 2       ┆ 5           │
│ 2022-01-01 00:00:00 UTC ┆ algousdt  ┆ 5       ┆ 4.906678720130035    ┆ 1            ┆ 3       ┆ 5           │
│ 2022-01-01 00:00:00 UTC ┆ aliceusdt ┆ 5       ┆ 7.048459260231336    ┆ 1            ┆ 4       ┆ 5           │
│ 2022-01-01 00:00:00 UTC ┆ atomusdt  ┆ 5       ┆ 12.179684375310629   ┆ 1            ┆ 8       ┆ 5           │
│ 2022-01-01 00:00:00 UTC ┆ avaxusdt  ┆ 5       ┆ 4.298318986485412    ┆ 1            ┆ 9       ┆ 5           │
│ 2022-01-01 00:00:00 UTC ┆ bchusdt   ┆ 5       ┆ 3.288409206479117    ┆ 1            ┆ 11      ┆ 5           │
│ 2022-01-01 00:00:00 UTC ┆ bnbusdt   ┆ 5       ┆ 3.057535158711974    ┆ 1            ┆ 12      ┆ 5           │
│ 2022-01-01 00:00:00 UTC ┆ btcusdt   ┆ 5       ┆ 3.2878432051601174   ┆ 1            ┆ 13      ┆ 5           │
│ 2022-01-01 00:00:00 UTC ┆ crvusdt   ┆ 5       ┆ 16.406683928750976   ┆ 1            ┆ 15      ┆ 5           │
│ 2022-01-01 00:00:00 UTC ┆ dogeusdt  ┆ 5       ┆ 1.7028710327738033   ┆ 1            ┆ 17      ┆ 5           │
│ 2022-01-01 00:00:00 UTC ┆ dotusdt   ┆ 5       ┆ 7.267603627952611    ┆ 1            ┆ 18      ┆ 5           │
│ 2022-01-01 00:00:00 UTC ┆ dydxusdt  ┆ 5       ┆ 4.514530233716851    ┆ 1            ┆ 19      ┆ 5           │
│ 2022-01-01 00:00:00 UTC ┆ enjusdt   ┆ 5       ┆ 4.273509656879154    ┆ 1            ┆ 21      ┆ 5           │
│ 2022-01-01 00:00:00 UTC ┆ ethusdt   ┆ 5       ┆ 2.3372160685554877   ┆ 1            ┆ 23      ┆ 5           │
│ 2022-01-01 00:00:00 UTC ┆ filusdt   ┆ 5       ┆ 4.7897176088043745   ┆ 1            ┆ 24      ┆ 5           │
│ 2022-01-01 00:00:00 UTC ┆ galausdt  ┆ 5       ┆ 2.4742044420107923   ┆ 1            ┆ 25      ┆ 5           │
│ 2022-01-01 00:00:00 UTC ┆ linkusdt  ┆ 5       ┆ 6.339695952270143    ┆ 1            ┆ 31      ┆ 5           │
│ 2022-01-01 00:00:00 UTC ┆ ltcusdt   ┆ 5       ┆ 3.063674428791916    ┆ 1            ┆ 32      ┆ 5           │
│ 2022-01-01 00:00:00 UTC ┆ nearusdt  ┆ 5       ┆ 3.8674760244817965   ┆ 1            ┆ 33      ┆ 5           │
│ 2022-01-01 00:00:00 UTC ┆ solusdt   ┆ 5       ┆ 5.238405464133995    ┆ 1            ┆ 39      ┆ 5           │
│ 2022-01-01 00:00:00 UTC ┆ uniusdt   ┆ 5       ┆ 2.849065384621862    ┆ 1            ┆ 43      ┆ 5           │
│ 2022-01-01 00:00:00 UTC ┆ xrpusdt   ┆ 5       ┆ 2.5937980391229107   ┆ 1            ┆ 46      ┆ 5           │
│ 2022-01-01 00:00:00 UTC ┆ zecusdt   ┆ 5       ┆ 2.5597269624573378   ┆ 1            ┆ 47      ┆ 5           │
│ 2022-01-02 00:00:00 UTC ┆ aaveusdt  ┆ 6       ┆ -0.39407703600741906 ┆ 0            ┆ 1       ┆ 6           │
│ 2022-01-02 00:00:00 UTC ┆ adausdt   ┆ 6       ┆ -0.10875946275608563 ┆ 0            ┆ 2       ┆ 6           │
│ 2022-01-02 00:00:00 UTC ┆ algousdt  ┆ 6       ┆ -3.9311291141658335  ┆ 0            ┆ 3       ┆ 6           │
│ 2022-01-02 00:00:00 UTC ┆ aliceusdt ┆ 6       ┆ -2.244670376898661   ┆ 0            ┆ 4       ┆ 6           │
│ 2022-01-02 00:00:00 UTC ┆ atomusdt  ┆ 6       ┆ -2.243012652385795   ┆ 0            ┆ 8       ┆ 6           │
│ 2022-01-02 00:00:00 UTC ┆ avaxusdt  ┆ 6       ┆ -0.83300185321137    ┆ 0            ┆ 9       ┆ 6           │
│ 2022-01-02 00:00:00 UTC ┆ bchusdt   ┆ 6       ┆ 0.7199868605161669   ┆ 1            ┆ 11      ┆ 6           │
│ 2022-01-02 00:00:00 UTC ┆ bnbusdt   ┆ 6       ┆ 0.5971610263625592   ┆ 1            ┆ 12      ┆ 6           │
│ 2022-01-02 00:00:00 UTC ┆ btcusdt   ┆ 6       ┆ -0.8686176510650783  ┆ 0            ┆ 13      ┆ 6           │
│ 2022-01-02 00:00:00 UTC ┆ crvusdt   ┆ 6       ┆ -2.4862739947677244  ┆ 0            ┆ 15      ┆ 6           │
│ 2022-01-02 00:00:00 UTC ┆ dogeusdt  ┆ 6       ┆ 0.6928437860134704   ┆ 1            ┆ 17      ┆ 6           │
│ 2022-01-02 00:00:00 UTC ┆ dotusdt   ┆ 6       ┆ 3.9740905115748215   ┆ 1            ┆ 18      ┆ 6           │
│ 2022-01-02 00:00:00 UTC ┆ dydxusdt  ┆ 6       ┆ 2.9585799484383837   ┆ 1            ┆ 19      ┆ 6           │
│ 2022-01-02 00:00:00 UTC ┆ enjusdt   ┆ 6       ┆ 6.408343157884263    ┆ 1            ┆ 21      ┆ 6           │
│ 2022-01-02 00:00:00 UTC ┆ ethusdt   ┆ 6       ┆ 1.6687051723898574   ┆ 1            ┆ 23      ┆ 6           │
│ 2022-01-02 00:00:00 UTC ┆ filusdt   ┆ 6       ┆ -0.3623218067035116  ┆ 0            ┆ 24      ┆ 6           │
│ 2022-01-02 00:00:00 UTC ┆ galausdt  ┆ 6       ┆ -1.04807628206936    ┆ 0            ┆ 25      ┆ 6           │
│ 2022-01-02 00:00:00 UTC ┆ linkusdt  ┆ 6       ┆ 5.335198427129154    ┆ 1            ┆ 31      ┆ 6           │
│ 2022-01-02 00:00:00 UTC ┆ ltcusdt   ┆ 6       ┆ 0.3052162660648333   ┆ 1            ┆ 32      ┆ 6           │
│ 2022-01-02 00:00:00 UTC ┆ nearusdt  ┆ 6       ┆ -5.120597630885423   ┆ 0            ┆ 33      ┆ 6           │
│ 2022-01-02 00:00:00 UTC ┆ solusdt   ┆ 6       ┆ -1.4581008996377443  ┆ 0            ┆ 39      ┆ 6           │
│ 2022-01-02 00:00:00 UTC ┆ uniusdt   ┆ 6       ┆ 5.460167504333891    ┆ 1            ┆ 43      ┆ 6           │
│ 2022-01-02 00:00:00 UTC ┆ xrpusdt   ┆ 6       ┆ 0.9642579585941153   ┆ 1            ┆ 46      ┆ 6           │
│ 2022-01-02 00:00:00 UTC ┆ zecusdt   ┆ 6       ┆ 1.7304533134879367   ┆ 1            ┆ 47      ┆ 6           │
│ 2022-01-03 00:00:00 UTC ┆ aaveusdt  ┆ 0       ┆ 0.7158982442273308   ┆ 1            ┆ 1       ┆ 0           │
│ 2022-01-03 00:00:00 UTC ┆ adausdt   ┆ 0       ┆ -4.217172558413808   ┆ 0            ┆ 2       ┆ 0           │
└─────────────────────────┴───────────┴─────────┴──────────────────────┴──────────────┴─────────┴─────────────┘
2026-06-22 14:59:25 INFO crypto_research.ml_cpcv: [ml] X: shape=(32407, 2) columns=['pair_id', 'weekday_enc'] dtypes={'pair_id': 'category', 'weekday_enc': 'category'}
2026-06-22 14:59:25 INFO crypto_research.ml_cpcv: [ml] X head (3 rows):
  pair_id weekday_enc
0       1           5
1       2           5
2       3           5
2026-06-22 14:59:25 INFO crypto_research.ml_cpcv: [ml] y (direction_up): shape=(32407,) dtype=int8 distribution={0: 16106, 1: 16301}
2026-06-22 14:59:25 INFO crypto_research.ml_cpcv: [ml] y head (3 values): [1, 1, 1]
2026-06-22 14:59:25 INFO crypto_research.ml_cpcv: [ml] CV: CombinatorialPurgedCV n_splits=7 n_test_groups=2 embargo_days=1 n_folds=C(7,2)=21 n_days=822
2026-06-22 14:59:25 INFO crypto_research.ml_cpcv: [ml] CV time range: 2022-01-01 00:00:00+00:00 .. 2024-04-01 00:00:00+00:00 (prediction_times=evaluation_times, purge=None)
2026-06-22 14:59:25 INFO crypto_research.ml_cpcv: [ml] CV day splits:
  fold1: train_days=585 test_days=236
  fold2: train_days=584 test_days=236
  fold3: train_days=585 test_days=235
  fold4: train_days=585 test_days=235
  fold5: train_days=585 test_days=235
  fold6: train_days=586 test_days=235
  fold7: train_days=585 test_days=236
  fold8: train_days=585 test_days=235
  fold9: train_days=585 test_days=235
  fold10: train_days=585 test_days=235
  fold11: train_days=586 test_days=235
  fold12: train_days=586 test_days=235
  fold13: train_days=585 test_days=235
  fold14: train_days=585 test_days=235
  fold15: train_days=586 test_days=235
  fold16: train_days=587 test_days=234
  fold17: train_days=586 test_days=234
  fold18: train_days=587 test_days=234
  fold19: train_days=587 test_days=234
  fold20: train_days=587 test_days=234
  fold21: train_days=588 test_days=234
2026-06-22 14:59:25 INFO crypto_research.ml_cpcv: [ml] fold 1/21 → model.fit: X_train=(26071, 2) y_train=(26071,) days=('2022-08-26 00:00:00+00:00', '2024-04-01 00:00:00+00:00') dist={0: 12830, 1: 13241}
2026-06-22 14:59:25 INFO crypto_research.ml_cpcv: [ml] fold 1/21 → model.predict: X_test=(6308, 2) y_test=(6308,) days=('2022-01-01 00:00:00+00:00', '2022-08-24 00:00:00+00:00') dist={0: 3272, 1: 3036}
2026-06-22 14:59:25 INFO crypto_research.ml_cpcv: [ml] fold 1 X_train head:
     pair_id weekday_enc
6336       1           4
6337       2           4
6338       3           4
2026-06-22 14:59:25 INFO crypto_research.ml_cpcv: [ml] fold 1 y_train head: [0, 0, 0]
2026-06-22 14:59:25 INFO crypto_research.ml_cpcv: [ml] fold 1 X_test head:
  pair_id weekday_enc
0       1           5
1       2           5
2       3           5
2026-06-22 14:59:25 INFO crypto_research.ml_cpcv: [ml] fold 1 y_test head: [1, 1, 1]
2026-06-22 14:59:25 INFO crypto_research.ml_cpcv: [ml] fold 1/21 train=26071 test=6308 acc=0.5048 auc=0.5063
2026-06-22 14:59:25 INFO crypto_research.ml_cpcv: [ml] fold 2/21 → model.fit: X_train=(25942, 2) y_train=(25942,) days=('2022-04-30 00:00:00+00:00', '2024-04-01 00:00:00+00:00') dist={0: 12736, 1: 13206}
2026-06-22 14:59:25 INFO crypto_research.ml_cpcv: [ml] fold 2/21 → model.predict: X_test=(6409, 2) y_test=(6409,) days=('2022-01-01 00:00:00+00:00', '2022-12-20 00:00:00+00:00') dist={0: 3319, 1: 3090}
2026-06-22 14:59:25 INFO crypto_research.ml_cpcv: [ml] fold 2/21 train=25942 test=6409 acc=0.5122 auc=0.5156
2026-06-22 14:59:25 INFO crypto_research.ml_cpcv: [ml] fold 3/21 → model.fit: X_train=(23756, 2) y_train=(23756,) days=('2022-04-30 00:00:00+00:00', '2024-04-01 00:00:00+00:00') dist={0: 11899, 1: 11857}
2026-06-22 14:59:25 INFO crypto_research.ml_cpcv: [ml] fold 3/21 → model.predict: X_test=(8575, 2) y_test=(8575,) days=('2022-01-01 00:00:00+00:00', '2023-04-16 00:00:00+00:00') dist={0: 4141, 1: 4434}
2026-06-22 14:59:25 INFO crypto_research.ml_cpcv: [ml] fold 3/21 train=23756 test=8575 acc=0.4977 auc=0.5019
2026-06-22 14:59:25 INFO crypto_research.ml_cpcv: [ml] fold 4/21 → model.fit: X_train=(23556, 2) y_train=(23556,) days=('2022-04-30 00:00:00+00:00', '2024-04-01 00:00:00+00:00') dist={0: 11482, 1: 12074}
2026-06-22 14:59:25 INFO crypto_research.ml_cpcv: [ml] fold 4/21 → model.predict: X_test=(8775, 2) y_test=(8775,) days=('2022-01-01 00:00:00+00:00', '2023-08-11 00:00:00+00:00') dist={0: 4583, 1: 4192}
2026-06-22 14:59:25 INFO crypto_research.ml_cpcv: [ml] fold 4/21 train=23556 test=8775 acc=0.4604 auc=0.4815
2026-06-22 14:59:25 INFO crypto_research.ml_cpcv: [ml] fold 5/21 → model.fit: X_train=(23556, 2) y_train=(23556,) days=('2022-04-30 00:00:00+00:00', '2024-04-01 00:00:00+00:00') dist={0: 11760, 1: 11796}
2026-06-22 14:59:25 INFO crypto_research.ml_cpcv: [ml] fold 5/21 → model.predict: X_test=(8775, 2) y_test=(8775,) days=('2022-01-01 00:00:00+00:00', '2023-12-06 00:00:00+00:00') dist={0: 4314, 1: 4461}
2026-06-22 14:59:25 INFO crypto_research.ml_cpcv: [ml] fold 5/21 train=23556 test=8775 acc=0.5115 auc=0.5178
2026-06-22 14:59:25 INFO crypto_research.ml_cpcv: [ml] fold 6/21 → model.fit: X_train=(23605, 2) y_train=(23605,) days=('2022-04-30 00:00:00+00:00', '2023-12-06 00:00:00+00:00') dist={0: 11798, 1: 11807}
2026-06-22 14:59:25 INFO crypto_research.ml_cpcv: [ml] fold 6/21 → model.predict: X_test=(8775, 2) y_test=(8775,) days=('2022-01-01 00:00:00+00:00', '2024-04-01 00:00:00+00:00') dist={0: 4282, 1: 4493}
2026-06-22 14:59:26 INFO crypto_research.ml_cpcv: [ml] fold 6/21 train=23605 test=8775 acc=0.4779 auc=0.4652
2026-06-22 14:59:26 INFO crypto_research.ml_cpcv: [ml] fold 7/21 → model.fit: X_train=(25745, 2) y_train=(25745,) days=('2022-01-01 00:00:00+00:00', '2024-04-01 00:00:00+00:00') dist={0: 12612, 1: 13133}
2026-06-22 14:59:26 INFO crypto_research.ml_cpcv: [ml] fold 7/21 → model.predict: X_test=(6633, 2) y_test=(6633,) days=('2022-04-29 00:00:00+00:00', '2022-12-20 00:00:00+00:00') dist={0: 3469, 1: 3164}
2026-06-22 14:59:26 INFO crypto_research.ml_cpcv: [ml] fold 7/21 train=25745 test=6633 acc=0.4901 auc=0.4901
2026-06-22 14:59:26 INFO crypto_research.ml_cpcv: [ml] fold 8/21 → model.fit: X_train=(23531, 2) y_train=(23531,) days=('2022-01-01 00:00:00+00:00', '2024-04-01 00:00:00+00:00') dist={0: 11771, 1: 11760}
2026-06-22 14:59:26 INFO crypto_research.ml_cpcv: [ml] fold 8/21 → model.predict: X_test=(8799, 2) y_test=(8799,) days=('2022-04-29 00:00:00+00:00', '2023-04-16 00:00:00+00:00') dist={0: 4291, 1: 4508}
2026-06-22 14:59:26 INFO crypto_research.ml_cpcv: [ml] fold 8/21 train=23531 test=8799 acc=0.4879 auc=0.4822
2026-06-22 14:59:26 INFO crypto_research.ml_cpcv: [ml] fold 9/21 → model.fit: X_train=(23331, 2) y_train=(23331,) days=('2022-01-01 00:00:00+00:00', '2024-04-01 00:00:00+00:00') dist={0: 11354, 1: 11977}
2026-06-22 14:59:26 INFO crypto_research.ml_cpcv: [ml] fold 9/21 → model.predict: X_test=(8999, 2) y_test=(8999,) days=('2022-04-29 00:00:00+00:00', '2023-08-11 00:00:00+00:00') dist={0: 4733, 1: 4266}
2026-06-22 14:59:26 INFO crypto_research.ml_cpcv: [ml] fold 9/21 train=23331 test=8999 acc=0.4724 auc=0.4883
2026-06-22 14:59:26 INFO crypto_research.ml_cpcv: [ml] fold 10/21 → model.fit: X_train=(23331, 2) y_train=(23331,) days=('2022-01-01 00:00:00+00:00', '2024-04-01 00:00:00+00:00') dist={0: 11632, 1: 11699}
2026-06-22 14:59:26 INFO crypto_research.ml_cpcv: [ml] fold 10/21 → model.predict: X_test=(8999, 2) y_test=(8999,) days=('2022-04-29 00:00:00+00:00', '2023-12-06 00:00:00+00:00') dist={0: 4464, 1: 4535}
2026-06-22 14:59:26 INFO crypto_research.ml_cpcv: [ml] fold 10/21 train=23331 test=8999 acc=0.5068 auc=0.5095
2026-06-22 14:59:26 INFO crypto_research.ml_cpcv: [ml] fold 11/21 → model.fit: X_train=(23380, 2) y_train=(23380,) days=('2022-01-01 00:00:00+00:00', '2023-12-06 00:00:00+00:00') dist={0: 11670, 1: 11710}
2026-06-22 14:59:26 INFO crypto_research.ml_cpcv: [ml] fold 11/21 → model.predict: X_test=(8999, 2) y_test=(8999,) days=('2022-04-29 00:00:00+00:00', '2024-04-01 00:00:00+00:00') dist={0: 4432, 1: 4567}
2026-06-22 14:59:26 INFO crypto_research.ml_cpcv: [ml] fold 11/21 train=23380 test=8999 acc=0.4628 auc=0.4533
2026-06-22 14:59:26 INFO crypto_research.ml_cpcv: [ml] fold 12/21 → model.fit: X_train=(23458, 2) y_train=(23458,) days=('2022-01-01 00:00:00+00:00', '2024-04-01 00:00:00+00:00') dist={0: 11728, 1: 11730}
2026-06-22 14:59:26 INFO crypto_research.ml_cpcv: [ml] fold 12/21 → model.predict: X_test=(8900, 2) y_test=(8900,) days=('2022-08-25 00:00:00+00:00', '2023-04-16 00:00:00+00:00') dist={0: 4338, 1: 4562}
2026-06-22 14:59:26 INFO crypto_research.ml_cpcv: [ml] fold 12/21 train=23458 test=8900 acc=0.4935 auc=0.4967
2026-06-22 14:59:26 INFO crypto_research.ml_cpcv: [ml] fold 13/21 → model.fit: X_train=(23229, 2) y_train=(23229,) days=('2022-01-01 00:00:00+00:00', '2024-04-01 00:00:00+00:00') dist={0: 11286, 1: 11943}
2026-06-22 14:59:26 INFO crypto_research.ml_cpcv: [ml] fold 13/21 → model.predict: X_test=(9100, 2) y_test=(9100,) days=('2022-08-25 00:00:00+00:00', '2023-08-11 00:00:00+00:00') dist={0: 4780, 1: 4320}
2026-06-22 14:59:26 INFO crypto_research.ml_cpcv: [ml] fold 13/21 train=23229 test=9100 acc=0.4740 auc=0.4886
2026-06-22 14:59:26 INFO crypto_research.ml_cpcv: [ml] fold 14/21 → model.fit: X_train=(23229, 2) y_train=(23229,) days=('2022-01-01 00:00:00+00:00', '2024-04-01 00:00:00+00:00') dist={0: 11564, 1: 11665}
2026-06-22 14:59:26 INFO crypto_research.ml_cpcv: [ml] fold 14/21 → model.predict: X_test=(9100, 2) y_test=(9100,) days=('2022-08-25 00:00:00+00:00', '2023-12-06 00:00:00+00:00') dist={0: 4511, 1: 4589}
2026-06-22 14:59:26 INFO crypto_research.ml_cpcv: [ml] fold 14/21 train=23229 test=9100 acc=0.5187 auc=0.5279
2026-06-22 14:59:26 INFO crypto_research.ml_cpcv: [ml] fold 15/21 → model.fit: X_train=(23278, 2) y_train=(23278,) days=('2022-01-01 00:00:00+00:00', '2023-12-06 00:00:00+00:00') dist={0: 11602, 1: 11676}
2026-06-22 14:59:26 INFO crypto_research.ml_cpcv: [ml] fold 15/21 → model.predict: X_test=(9100, 2) y_test=(9100,) days=('2022-08-25 00:00:00+00:00', '2024-04-01 00:00:00+00:00') dist={0: 4479, 1: 4621}
2026-06-22 14:59:26 INFO crypto_research.ml_cpcv: [ml] fold 15/21 train=23278 test=9100 acc=0.4653 auc=0.4536
2026-06-22 14:59:26 INFO crypto_research.ml_cpcv: [ml] fold 16/21 → model.fit: X_train=(21092, 2) y_train=(21092,) days=('2022-01-01 00:00:00+00:00', '2024-04-01 00:00:00+00:00') dist={0: 10489, 1: 10603}
2026-06-22 14:59:26 INFO crypto_research.ml_cpcv: [ml] fold 16/21 → model.predict: X_test=(11266, 2) y_test=(11266,) days=('2022-12-21 00:00:00+00:00', '2023-08-11 00:00:00+00:00') dist={0: 5602, 1: 5664}
2026-06-22 14:59:26 INFO crypto_research.ml_cpcv: [ml] fold 16/21 train=21092 test=11266 acc=0.4774 auc=0.4766
2026-06-22 14:59:26 INFO crypto_research.ml_cpcv: [ml] fold 17/21 → model.fit: X_train=(21043, 2) y_train=(21043,) days=('2022-01-01 00:00:00+00:00', '2024-04-01 00:00:00+00:00') dist={0: 10727, 1: 10316}
2026-06-22 14:59:26 INFO crypto_research.ml_cpcv: [ml] fold 17/21 → model.predict: X_test=(11266, 2) y_test=(11266,) days=('2022-12-21 00:00:00+00:00', '2023-12-06 00:00:00+00:00') dist={0: 5333, 1: 5933}
2026-06-22 14:59:26 INFO crypto_research.ml_cpcv: [ml] fold 17/21 train=21043 test=11266 acc=0.5080 auc=0.5121
2026-06-22 14:59:26 INFO crypto_research.ml_cpcv: [ml] fold 18/21 → model.fit: X_train=(21092, 2) y_train=(21092,) days=('2022-01-01 00:00:00+00:00', '2023-12-06 00:00:00+00:00') dist={0: 10765, 1: 10327}
2026-06-22 14:59:26 INFO crypto_research.ml_cpcv: [ml] fold 18/21 → model.predict: X_test=(11266, 2) y_test=(11266,) days=('2022-12-21 00:00:00+00:00', '2024-04-01 00:00:00+00:00') dist={0: 5301, 1: 5965}
2026-06-22 14:59:26 INFO crypto_research.ml_cpcv: [ml] fold 18/21 train=21092 test=11266 acc=0.4705 auc=0.4773
2026-06-22 14:59:26 INFO crypto_research.ml_cpcv: [ml] fold 19/21 → model.fit: X_train=(20892, 2) y_train=(20892,) days=('2022-01-01 00:00:00+00:00', '2024-04-01 00:00:00+00:00') dist={0: 10325, 1: 10567}
2026-06-22 14:59:26 INFO crypto_research.ml_cpcv: [ml] fold 19/21 → model.predict: X_test=(11466, 2) y_test=(11466,) days=('2023-04-17 00:00:00+00:00', '2023-12-06 00:00:00+00:00') dist={0: 5775, 1: 5691}
2026-06-22 14:59:27 INFO crypto_research.ml_cpcv: [ml] fold 19/21 train=20892 test=11466 acc=0.5059 auc=0.5022
2026-06-22 14:59:27 INFO crypto_research.ml_cpcv: [ml] fold 20/21 → model.fit: X_train=(20892, 2) y_train=(20892,) days=('2022-01-01 00:00:00+00:00', '2023-12-06 00:00:00+00:00') dist={0: 10348, 1: 10544}
2026-06-22 14:59:27 INFO crypto_research.ml_cpcv: [ml] fold 20/21 → model.predict: X_test=(11466, 2) y_test=(11466,) days=('2023-04-17 00:00:00+00:00', '2024-04-01 00:00:00+00:00') dist={0: 5743, 1: 5723}
2026-06-22 14:59:27 INFO crypto_research.ml_cpcv: [ml] fold 20/21 train=20892 test=11466 acc=0.5095 auc=0.5117
2026-06-22 14:59:27 INFO crypto_research.ml_cpcv: [ml] fold 21/21 → model.fit: X_train=(20941, 2) y_train=(20941,) days=('2022-01-01 00:00:00+00:00', '2023-08-11 00:00:00+00:00') dist={0: 10632, 1: 10309}
2026-06-22 14:59:27 INFO crypto_research.ml_cpcv: [ml] fold 21/21 → model.predict: X_test=(11466, 2) y_test=(11466,) days=('2023-08-12 00:00:00+00:00', '2024-04-01 00:00:00+00:00') dist={0: 5474, 1: 5992}
2026-06-22 14:59:27 INFO crypto_research.ml_cpcv: [ml] fold 21/21 train=20941 test=11466 acc=0.4786 auc=0.4757
2026-06-22 14:59:27 INFO crypto_research.ml_cpcv: [ml] CPCV mean: folds=21 acc=0.4898 logloss=0.6994 auc=0.4921
2026-06-22 14:59:27 INFO crypto_research.ml_cpcv: [ml] OOS paths: rows=32407 cols=[time_ns, y_prob, y_true] folds_merged=21
2026-06-22 14:59:27 INFO crypto_research.ml_cpcv: [ml] OOS calibration: brier=0.2526 ece=0.0417
2026-06-22 14:59:27 INFO crypto_research.ml_cpcv: [ml] OOS weekday Пн: n=4657 base_up=0.4909 pred_up=0.3837 acc=0.4518 logloss=0.7014 auc=0.4234
2026-06-22 14:59:27 INFO crypto_research.ml_cpcv: [ml] OOS weekday Вт: n=4609 base_up=0.5144 pred_up=0.7190 acc=0.4391 logloss=0.7043 auc=0.3815
2026-06-22 14:59:27 INFO crypto_research.ml_cpcv: [ml] OOS weekday Ср: n=4610 base_up=0.4948 pred_up=0.3727 acc=0.4584 logloss=0.6999 auc=0.4384
2026-06-22 14:59:27 INFO crypto_research.ml_cpcv: [ml] OOS weekday Чт: n=4610 base_up=0.4584 pred_up=0.0681 acc=0.5260 logloss=0.6956 auc=0.4594
2026-06-22 14:59:27 INFO crypto_research.ml_cpcv: [ml] OOS weekday Пт: n=4611 base_up=0.5591 pred_up=0.9896 acc=0.5569 logloss=0.6907 auc=0.4710
2026-06-22 14:59:27 INFO crypto_research.ml_cpcv: [ml] OOS weekday Сб: n=4655 base_up=0.5214 pred_up=0.7295 acc=0.5031 logloss=0.6970 auc=0.4834
2026-06-22 14:59:27 INFO crypto_research.ml_cpcv: [ml] OOS weekday Вс: n=4655 base_up=0.4823 pred_up=0.2780 acc=0.4881 logloss=0.7003 auc=0.4462
2026-06-22 14:59:28 INFO crypto_research.ml_oos_paths: [ml] OOS plot saved: /home_admin/crypto_bot/crypto_research/research_outputs/day_of_week/ml/plots/weekday_direction_49pairs_20220101_20240401_oos_prob.png (weekdays=7 calendar_days=822 rows=32407)
2026-06-22 14:59:29 INFO crypto_research.ml_oos_paths: [ml] OOS calibration plot saved: /home_admin/crypto_bot/crypto_research/research_outputs/day_of_week/ml/plots/weekday_direction_49pairs_20220101_20240401_oos_calibration.png (brier=0.2526 ece=0.0417 rows=32407)
2026-06-22 14:59:29 INFO crypto_research.ml_learning_curve: [ml] early stopping (holdout): fit_rows=32407 eval_rows=38563 best_iteration=60 eval_logloss=0.6917
2026-06-22 14:59:30 INFO crypto_research.ml_learning_curve: [ml] learning curve saved: /home_admin/crypto_bot/crypto_research/research_outputs/day_of_week/ml/plots/weekday_direction_49pairs_20220101_20260531_learning_curve.png (best_iter=60)
2026-06-22 14:59:30 INFO crypto_research.ml_learning_curve: [ml] learning curve log saved: /home_admin/crypto_bot/crypto_research/research_outputs/day_of_week/ml/weekday_direction_49pairs_20220101_20260531_learning_curve.log (110 iterations)
2026-06-22 14:59:30 INFO crypto_research.ml_plot_registry: [ml] plot: oos_prob
2026-06-22 14:59:31 INFO crypto_research.ml_oos_paths: [ml] OOS plot saved: /home_admin/crypto_bot/crypto_research/research_outputs/day_of_week/ml/plots/weekday_direction_49pairs_20240401_20260531_oos_prob.png (weekdays=7 calendar_days=787 rows=38563)
2026-06-22 14:59:31 INFO crypto_research.ml_plot_registry: [ml] plot: oos_calibration
2026-06-22 14:59:32 INFO crypto_research.ml_oos_paths: [ml] OOS calibration plot saved: /home_admin/crypto_bot/crypto_research/research_outputs/day_of_week/ml/plots/weekday_direction_49pairs_20240401_20260531_oos_calibration.png (brier=0.2493 ece=0.0262 rows=38563)
2026-06-22 14:59:32 INFO crypto_research.ml_plot_registry: [ml] plot: weekday_pair_summary
2026-06-22 14:59:33 INFO crypto_research.ml_oos_paths: [ml] Weekday×pair summary plot saved: /home_admin/crypto_bot/crypto_research/research_outputs/day_of_week/ml/plots/weekday_direction_49pairs_20240401_20260531_weekday_pair_summary.png (pairs=49 rows=38563)
2026-06-22 14:59:35 INFO crypto_research.ml_oos_paths: [ml] Weekday×pair summary plot saved: /home_admin/crypto_bot/crypto_research/research_outputs/day_of_week/ml/plots/weekday_direction_49pairs_20220101_20240401_weekday_pair_summary.png (pairs=49 rows=32407)
2026-06-22 14:59:35 INFO crypto_research.ml_plot_registry: [ml] plot: roc_auc
2026-06-22 14:59:35 INFO crypto_research.ml_oos_paths: [ml] ROC AUC comparison plot saved: /home_admin/crypto_bot/crypto_research/research_outputs/day_of_week/ml/plots/weekday_direction_49pairs_20220101_20260531_roc_auc.png
2026-06-22 14:59:35 INFO crypto_research.ml_plot_registry: [ml] plot: learning_curve
2026-06-22 14:59:35 INFO crypto_research.ml_plot_registry: [ml] plot: correlation_matrix_heatmap
2026-06-22 14:59:35 INFO crypto_research.ml_feature_diagnostic_plots: [ml] feature corr pair_id vs weekday_enc: 0.0000
2026-06-22 14:59:35 INFO crypto_research.ml_feature_diagnostic_plots: [ml] correlation matrix heatmap saved: /home_admin/crypto_bot/crypto_research/research_outputs/day_of_week/ml/plots/weekday_direction_49pairs_20240401_20260531_correlation_matrix.png
2026-06-22 14:59:35 INFO crypto_research.ml_plot_registry: [ml] plot: shape_summary_plot
2026-06-22 14:59:35 INFO crypto_research.ml_shap_plots: [ml] SHAP subsample: 3000 / 38563 rows
2026-06-22 14:59:35 INFO crypto_research.ml_shap_plots: [ml] SHAP summary plot saved: /home_admin/crypto_bot/crypto_research/research_outputs/day_of_week/ml/plots/weekday_direction_49pairs_20240401_20260531_shape_summary.png
2026-06-22 14:59:35 INFO crypto_research.ml_plot_registry: [ml] plot: feature_prob_dependence
2026-06-22 14:59:36 INFO crypto_research.ml_feature_dependence_plot: [ml] feature P(up) dependence plot saved: /home_admin/crypto_bot/crypto_research/research_outputs/day_of_week/ml/plots/weekday_direction_49pairs_20240401_20260531_feature_prob_dependence.png (features=['weekday_enc'])
2026-06-22 14:59:36 INFO crypto_research.ml_plot_registry: [ml] plot: prob_return_dependence
2026-06-22 14:59:36 INFO crypto_research.ml_prob_return_dependence_plot: [ml] P(up) vs return plot saved: /home_admin/crypto_bot/crypto_research/research_outputs/day_of_week/ml/plots/weekday_direction_49pairs_20240401_20260531_prob_return_dependence.png (train=32407 test=38563 t_long=0.5266957211111912 t_short=0.4600377467405725 edge=0.25% smooth=gauss σ=4)
2026-06-22 14:59:36 INFO crypto_research.ml_plot_registry: [ml] plot: p_up_density_split
2026-06-22 14:59:37 INFO crypto_research.ml_p_up_density_split_plot: [ml] P(up) density split plot saved: /home_admin/crypto_bot/crypto_research/research_outputs/day_of_week/ml/plots/weekday_direction_49pairs_20220101_20240401_p_up_density_split.png (method=default_0_5 threshold=0.5 otsu=0.50390625 valley=None)
2026-06-22 14:59:40 INFO crypto_research.ml_research: [ml] train/test metrics saved: /home_admin/crypto_bot/crypto_research/research_outputs/day_of_week/ml/metrics/weekday_direction_49pairs_20220101_20260531_train_test.json
2026-06-22 14:59:40 INFO crypto_research.ml_research: [ml] metrics summary saved: /home_admin/crypto_bot/crypto_research/research_outputs/day_of_week/ml/metrics/weekday_direction_49pairs_20220101_20260531_metrics_summary.json
