2026-06-15 16:36:45 INFO crypto_research.ml_research: [ml] log file: /home_admin/crypto_bot/crypto_research/research_outputs/day_of_week/ml/weekday_direction_20230101_20260531.log
2026-06-15 16:36:45 INFO crypto_research.ml_dataset: [ml] pair filter: first_candle <= 2023-01-01 → 49 pairs
2026-06-15 16:37:20 INFO crypto_research.load: [1] Загрузка данных: пар=49 строк=87777304 ~2343.9 MB
2026-06-15 16:37:20 INFO crypto_research.load:   1000luncusdt: rows=1794241 2023-01-01 .. 2026-05-31
2026-06-15 16:37:20 INFO crypto_research.load:   aaveusdt: rows=1789396 2023-01-01 .. 2026-05-27
2026-06-15 16:37:20 INFO crypto_research.load:   adausdt: rows=1789396 2023-01-01 .. 2026-05-27
2026-06-15 16:37:20 INFO crypto_research.load:   algousdt: rows=1789396 2023-01-01 .. 2026-05-27
2026-06-15 16:37:20 INFO crypto_research.load:   aliceusdt: rows=1789396 2023-01-01 .. 2026-05-27
2026-06-15 16:37:20 INFO crypto_research.load:   apeusdt: rows=1794241 2023-01-01 .. 2026-05-31
2026-06-15 16:37:20 INFO crypto_research.load:   api3usdt: rows=1789396 2023-01-01 .. 2026-05-27
2026-06-15 16:37:20 INFO crypto_research.load:   aptusdt: rows=1789396 2023-01-01 .. 2026-05-27
2026-06-15 16:37:20 INFO crypto_research.load:   atomusdt: rows=1789396 2023-01-01 .. 2026-05-27
2026-06-15 16:37:20 INFO crypto_research.load:   avaxusdt: rows=1789396 2023-01-01 .. 2026-05-27
2026-06-15 16:37:20 INFO crypto_research.load:   axsusdt: rows=1794241 2023-01-01 .. 2026-05-31
2026-06-15 16:37:20 INFO crypto_research.load:   bchusdt: rows=1789396 2023-01-01 .. 2026-05-27
2026-06-15 16:37:20 INFO crypto_research.load:   bnbusdt: rows=1789396 2023-01-01 .. 2026-05-27
2026-06-15 16:37:20 INFO crypto_research.load:   btcusdt: rows=1789396 2023-01-01 .. 2026-05-27
2026-06-15 16:37:20 INFO crypto_research.load:   chzusdt: rows=1794241 2023-01-01 .. 2026-05-31
2026-06-15 16:37:20 INFO crypto_research.load:   crvusdt: rows=1789396 2023-01-01 .. 2026-05-27
2026-06-15 16:37:20 INFO crypto_research.load:   dashusdt: rows=1794241 2023-01-01 .. 2026-05-31
2026-06-15 16:37:20 INFO crypto_research.load:   dogeusdt: rows=1789396 2023-01-01 .. 2026-05-27
2026-06-15 16:37:20 INFO crypto_research.load:   dotusdt: rows=1789396 2023-01-01 .. 2026-05-27
2026-06-15 16:37:20 INFO crypto_research.load:   dydxusdt: rows=1789396 2023-01-01 .. 2026-05-27
2026-06-15 16:37:20 INFO crypto_research.load:   egldusdt: rows=1794241 2023-01-01 .. 2026-05-31
2026-06-15 16:37:20 INFO crypto_research.load:   enjusdt: rows=1789396 2023-01-01 .. 2026-05-27
2026-06-15 16:37:20 INFO crypto_research.load:   etcusdt: rows=1794241 2023-01-01 .. 2026-05-31
2026-06-15 16:37:20 INFO crypto_research.load:   ethusdt: rows=1789396 2023-01-01 .. 2026-05-27
2026-06-15 16:37:20 INFO crypto_research.load:   filusdt: rows=1789396 2023-01-01 .. 2026-05-27
2026-06-15 16:37:20 INFO crypto_research.load:   galausdt: rows=1789396 2023-01-01 .. 2026-05-27
2026-06-15 16:37:20 INFO crypto_research.load:   gmtusdt: rows=1794241 2023-01-01 .. 2026-05-31
2026-06-15 16:37:20 INFO crypto_research.load:   hbarusdt: rows=1794241 2023-01-01 .. 2026-05-31
2026-06-15 16:37:20 INFO crypto_research.load:   icpusdt: rows=1794241 2023-01-01 .. 2026-05-31
2026-06-15 16:37:20 INFO crypto_research.load:   injusdt: rows=1794241 2023-01-01 .. 2026-05-31
2026-06-15 16:37:20 INFO crypto_research.load:   ldousdt: rows=1794241 2023-01-01 .. 2026-05-31
2026-06-15 16:37:20 INFO crypto_research.load:   linkusdt: rows=1789396 2023-01-01 .. 2026-05-27
2026-06-15 16:37:20 INFO crypto_research.load:   ltcusdt: rows=1789396 2023-01-01 .. 2026-05-27
2026-06-15 16:37:20 INFO crypto_research.load:   nearusdt: rows=1789396 2023-01-01 .. 2026-05-27
2026-06-15 16:37:20 INFO crypto_research.load:   ontusdt: rows=1789396 2023-01-01 .. 2026-05-27
2026-06-15 16:37:20 INFO crypto_research.load:   opusdt: rows=1794241 2023-01-01 .. 2026-05-31
2026-06-15 16:37:20 INFO crypto_research.load:   paxgusdt: rows=1789396 2023-01-01 .. 2026-05-27
2026-06-15 16:37:20 INFO crypto_research.load:   sandusdt: rows=1794241 2023-01-01 .. 2026-05-31
2026-06-15 16:37:20 INFO crypto_research.load:   shib1000usdt: rows=1794241 2023-01-01 .. 2026-05-31
2026-06-15 16:37:20 INFO crypto_research.load:   solusdt: rows=1789396 2023-01-01 .. 2026-05-27
2026-06-15 16:37:20 INFO crypto_research.load:   storjusdt: rows=1794241 2023-01-01 .. 2026-05-31
2026-06-15 16:37:20 INFO crypto_research.load:   stxusdt: rows=1794241 2023-01-01 .. 2026-05-31
2026-06-15 16:37:20 INFO crypto_research.load:   trxusdt: rows=1794241 2023-01-01 .. 2026-05-31
2026-06-15 16:37:20 INFO crypto_research.load:   uniusdt: rows=1789396 2023-01-01 .. 2026-05-27
2026-06-15 16:37:20 INFO crypto_research.load:   xlmusdt: rows=1794241 2023-01-01 .. 2026-05-31
2026-06-15 16:37:20 INFO crypto_research.load:   xmrusdt: rows=1789396 2023-01-01 .. 2026-05-27
2026-06-15 16:37:20 INFO crypto_research.load:   xrpusdt: rows=1789396 2023-01-01 .. 2026-05-27
2026-06-15 16:37:20 INFO crypto_research.load:   zecusdt: rows=1789396 2023-01-01 .. 2026-05-27
2026-06-15 16:37:20 INFO crypto_research.load:   zenusdt: rows=1794241 2023-01-01 .. 2026-05-31
2026-06-15 16:37:22 INFO crypto_research.ml_dataset: [ml] pooled daily: pairs=49 rows=60987 period=2023-01-01..2026-05-31
2026-06-15 16:37:23 INFO crypto_research.ml_research: Loaded 49 pairs with 60987 daily rows
2026-06-15 16:37:23 INFO crypto_research.ml_dataset: [ml] dataset: rows=60987 pairs=49 weekdays=7 up_rate=0.492
2026-06-15 16:37:23 INFO crypto_research.ml_research: Dataset columns (7): ['day_utc', 'pair', 'weekday', 'return_pct', 'direction_up', 'pair_id', 'weekday_enc']
2026-06-15 16:37:23 INFO crypto_research.ml_research: Dataset head (50 rows):
shape: (50, 7)
┌─────────────────────────┬──────────────┬─────────┬───────────────────────┬──────────────┬─────────┬─────────────┐
│ day_utc                 ┆ pair         ┆ weekday ┆ return_pct            ┆ direction_up ┆ pair_id ┆ weekday_enc │
│ ---                     ┆ ---          ┆ ---     ┆ ---                   ┆ ---          ┆ ---     ┆ ---         │
│ datetime[μs, UTC]       ┆ str          ┆ i64     ┆ f64                   ┆ i8           ┆ i32     ┆ cat         │
╞═════════════════════════╪══════════════╪═════════╪═══════════════════════╪══════════════╪═════════╪═════════════╡
│ 2023-01-01 00:00:00 UTC ┆ 1000luncusdt ┆ 6       ┆ 3.731849959008936     ┆ 1            ┆ 0       ┆ 6           │
│ 2023-01-01 00:00:00 UTC ┆ aaveusdt     ┆ 6       ┆ 0.4816955542387459    ┆ 1            ┆ 1       ┆ 6           │
│ 2023-01-01 00:00:00 UTC ┆ adausdt      ┆ 6       ┆ 1.6686995804628735    ┆ 1            ┆ 2       ┆ 6           │
│ 2023-01-01 00:00:00 UTC ┆ algousdt     ┆ 6       ┆ 3.19766779508305      ┆ 1            ┆ 3       ┆ 6           │
│ 2023-01-01 00:00:00 UTC ┆ aliceusdt    ┆ 6       ┆ 0.9523800873701953    ┆ 1            ┆ 4       ┆ 6           │
│ 2023-01-01 00:00:00 UTC ┆ apeusdt      ┆ 6       ┆ 6.360130741607824     ┆ 1            ┆ 5       ┆ 6           │
│ 2023-01-01 00:00:00 UTC ┆ api3usdt     ┆ 6       ┆ 0.19763770057523197   ┆ 1            ┆ 6       ┆ 6           │
│ 2023-01-01 00:00:00 UTC ┆ aptusdt      ┆ 6       ┆ 2.1770696411340085    ┆ 1            ┆ 7       ┆ 6           │
│ 2023-01-01 00:00:00 UTC ┆ atomusdt     ┆ 6       ┆ 1.1229897107215223    ┆ 1            ┆ 8       ┆ 6           │
│ 2023-01-01 00:00:00 UTC ┆ avaxusdt     ┆ 6       ┆ -0.36697213993499966  ┆ 0            ┆ 9       ┆ 6           │
│ 2023-01-01 00:00:00 UTC ┆ axsusdt      ┆ 6       ┆ 4.805301892051966     ┆ 1            ┆ 10      ┆ 6           │
│ 2023-01-01 00:00:00 UTC ┆ bchusdt      ┆ 6       ┆ -0.20618242086823454  ┆ 0            ┆ 11      ┆ 6           │
│ 2023-01-01 00:00:00 UTC ┆ bnbusdt      ┆ 6       ┆ -0.6910556700171494   ┆ 0            ┆ 12      ┆ 6           │
│ 2023-01-01 00:00:00 UTC ┆ btcusdt      ┆ 6       ┆ 0.4411009396054261    ┆ 1            ┆ 13      ┆ 6           │
│ 2023-01-01 00:00:00 UTC ┆ chzusdt      ┆ 6       ┆ 0.9485783451080779    ┆ 1            ┆ 14      ┆ 6           │
│ 2023-01-01 00:00:00 UTC ┆ crvusdt      ┆ 6       ┆ 0.1904851000869887    ┆ 1            ┆ 15      ┆ 6           │
│ 2023-01-01 00:00:00 UTC ┆ dashusdt     ┆ 6       ┆ 0.4767598553088536    ┆ 1            ┆ 16      ┆ 6           │
│ 2023-01-01 00:00:00 UTC ┆ dogeusdt     ┆ 6       ┆ 0                     ┆ 0            ┆ 17      ┆ 6           │
│ 2023-01-01 00:00:00 UTC ┆ dotusdt      ┆ 6       ┆ 1.3921100597705982    ┆ 1            ┆ 18      ┆ 6           │
│ 2023-01-01 00:00:00 UTC ┆ dydxusdt     ┆ 6       ┆ 2.7149294906731947    ┆ 1            ┆ 19      ┆ 6           │
│ 2023-01-01 00:00:00 UTC ┆ egldusdt     ┆ 6       ┆ 0.4573217358780311    ┆ 1            ┆ 20      ┆ 6           │
│ 2023-01-01 00:00:00 UTC ┆ enjusdt      ┆ 6       ┆ 1.458333216918009     ┆ 1            ┆ 21      ┆ 6           │
│ 2023-01-01 00:00:00 UTC ┆ etcusdt      ┆ 6       ┆ 0.5739805538025573    ┆ 1            ┆ 22      ┆ 6           │
│ 2023-01-01 00:00:00 UTC ┆ ethusdt      ┆ 6       ┆ 0.31750723619482535   ┆ 1            ┆ 23      ┆ 6           │
│ 2023-01-01 00:00:00 UTC ┆ filusdt      ┆ 6       ┆ 3.3222559783854946    ┆ 1            ┆ 24      ┆ 6           │
│ 2023-01-01 00:00:00 UTC ┆ galausdt     ┆ 6       ┆ 1.3822080673131298    ┆ 1            ┆ 25      ┆ 6           │
│ 2023-01-01 00:00:00 UTC ┆ gmtusdt      ┆ 6       ┆ 4.745322482018379     ┆ 1            ┆ 26      ┆ 6           │
│ 2023-01-01 00:00:00 UTC ┆ hbarusdt     ┆ 6       ┆ 4.246575845788901     ┆ 1            ┆ 27      ┆ 6           │
│ 2023-01-01 00:00:00 UTC ┆ icpusdt      ┆ 6       ┆ 2.0356275003996394    ┆ 1            ┆ 28      ┆ 6           │
│ 2023-01-01 00:00:00 UTC ┆ injusdt      ┆ 6       ┆ -0.1176017578112222   ┆ 0            ┆ 29      ┆ 6           │
│ 2023-01-01 00:00:00 UTC ┆ ldousdt      ┆ 6       ┆ 13.28781592182776     ┆ 1            ┆ 30      ┆ 6           │
│ 2023-01-01 00:00:00 UTC ┆ linkusdt     ┆ 6       ┆ 0.9510133452800736    ┆ 1            ┆ 31      ┆ 6           │
│ 2023-01-01 00:00:00 UTC ┆ ltcusdt      ┆ 6       ┆ 1.141231197106446     ┆ 1            ┆ 32      ┆ 6           │
│ 2023-01-01 00:00:00 UTC ┆ nearusdt     ┆ 6       ┆ 1.593623984263234     ┆ 1            ┆ 33      ┆ 6           │
│ 2023-01-01 00:00:00 UTC ┆ ontusdt      ┆ 6       ┆ 2.4032051223387305    ┆ 1            ┆ 34      ┆ 6           │
│ 2023-01-01 00:00:00 UTC ┆ opusdt       ┆ 6       ┆ 0.7092205038943654    ┆ 1            ┆ 35      ┆ 6           │
│ 2023-01-01 00:00:00 UTC ┆ paxgusdt     ┆ 6       ┆ 0.4405286343612335    ┆ 1            ┆ 36      ┆ 6           │
│ 2023-01-01 00:00:00 UTC ┆ sandusdt     ┆ 6       ┆ 1.4636710010635674    ┆ 1            ┆ 37      ┆ 6           │
│ 2023-01-01 00:00:00 UTC ┆ shib1000usdt ┆ 6       ┆ 0.6806953660017008    ┆ 1            ┆ 38      ┆ 6           │
│ 2023-01-01 00:00:00 UTC ┆ solusdt      ┆ 6       ┆ 0.1505207166960473    ┆ 1            ┆ 39      ┆ 6           │
│ 2023-01-01 00:00:00 UTC ┆ storjusdt    ┆ 6       ┆ 1.014197814274708     ┆ 1            ┆ 40      ┆ 6           │
│ 2023-01-01 00:00:00 UTC ┆ stxusdt      ┆ 6       ┆ 1.9138722890671183    ┆ 1            ┆ 41      ┆ 6           │
│ 2023-01-01 00:00:00 UTC ┆ trxusdt      ┆ 6       ┆ 0.5693297029599329    ┆ 1            ┆ 42      ┆ 6           │
│ 2023-01-01 00:00:00 UTC ┆ uniusdt      ┆ 6       ┆ 1.6263332283953067    ┆ 1            ┆ 43      ┆ 6           │
│ 2023-01-01 00:00:00 UTC ┆ xlmusdt      ┆ 6       ┆ 1.8987349730898848    ┆ 1            ┆ 44      ┆ 6           │
│ 2023-01-01 00:00:00 UTC ┆ xmrusdt      ┆ 6       ┆ 0.8831542654276778    ┆ 1            ┆ 45      ┆ 6           │
│ 2023-01-01 00:00:00 UTC ┆ xrpusdt      ┆ 6       ┆ -0.029494629955361572 ┆ 0            ┆ 46      ┆ 6           │
│ 2023-01-01 00:00:00 UTC ┆ zecusdt      ┆ 6       ┆ -0.4021386441011126   ┆ 0            ┆ 47      ┆ 6           │
│ 2023-01-01 00:00:00 UTC ┆ zenusdt      ┆ 6       ┆ 2.1739110153428576    ┆ 1            ┆ 48      ┆ 6           │
│ 2023-01-02 00:00:00 UTC ┆ 1000luncusdt ┆ 0       ┆ 6.195875326614408     ┆ 1            ┆ 0       ┆ 0           │
└─────────────────────────┴──────────────┴─────────┴───────────────────────┴──────────────┴─────────┴─────────────┘
2026-06-15 16:37:23 INFO crypto_research.ml_cpcv: [ml] X: shape=(60987, 1) columns=['weekday_enc'] dtypes={'weekday_enc': 'category'}
2026-06-15 16:37:23 INFO crypto_research.ml_cpcv: [ml] X head (3 rows):
  weekday_enc
0           6
1           6
2           6
2026-06-15 16:37:23 INFO crypto_research.ml_cpcv: [ml] y (direction_up): shape=(60987,) dtype=int8 distribution={0: 31003, 1: 29984}
2026-06-15 16:37:23 INFO crypto_research.ml_cpcv: [ml] y head (3 values): [1, 1, 1]
2026-06-15 16:37:23 INFO crypto_research.ml_cpcv: [ml] CV: CombinatorialPurgedCV n_splits=7 n_test_groups=2 embargo_days=1 n_folds=C(7,2)=21 n_days=1247
2026-06-15 16:37:23 INFO crypto_research.ml_cpcv: [ml] CV time range: 2023-01-01 00:00:00+00:00 .. 2026-05-31 00:00:00+00:00 (prediction_times=evaluation_times, purge=None)
2026-06-15 16:37:23 INFO crypto_research.ml_cpcv: [ml] CV day splits:
  fold1: train_days=889 test_days=357
  fold2: train_days=888 test_days=357
  fold3: train_days=888 test_days=357
  fold4: train_days=888 test_days=357
  fold5: train_days=888 test_days=357
  fold6: train_days=889 test_days=357
  fold7: train_days=890 test_days=356
  fold8: train_days=889 test_days=356
  fold9: train_days=889 test_days=356
  fold10: train_days=889 test_days=356
  fold11: train_days=890 test_days=356
  fold12: train_days=890 test_days=356
  fold13: train_days=889 test_days=356
  fold14: train_days=889 test_days=356
  fold15: train_days=890 test_days=356
  fold16: train_days=890 test_days=356
  fold17: train_days=889 test_days=356
  fold18: train_days=890 test_days=356
  fold19: train_days=890 test_days=356
  fold20: train_days=890 test_days=356
  fold21: train_days=891 test_days=356
2026-06-15 16:37:23 INFO crypto_research.ml_cpcv: [ml] fold 1/21 → model.fit: X_train=(43445, 1) y_train=(43445,) days=('2023-12-25 00:00:00+00:00', '2026-05-31 00:00:00+00:00') dist={0: 22484, 1: 20961}
2026-06-15 16:37:23 INFO crypto_research.ml_cpcv: [ml] fold 1/21 → model.predict: X_test=(17493, 1) y_test=(17493,) days=('2023-01-01 00:00:00+00:00', '2023-12-23 00:00:00+00:00') dist={0: 8488, 1: 9005}
2026-06-15 16:37:23 INFO crypto_research.ml_cpcv: [ml] fold 1 X_train head:
      weekday_enc
17542           0
17543           0
17544           0
2026-06-15 16:37:23 INFO crypto_research.ml_cpcv: [ml] fold 1 y_train head: [1, 1, 1]
2026-06-15 16:37:23 INFO crypto_research.ml_cpcv: [ml] fold 1 X_test head:
  weekday_enc
0           6
1           6
2           6
2026-06-15 16:37:23 INFO crypto_research.ml_cpcv: [ml] fold 1 y_test head: [1, 1, 1]
2026-06-15 16:37:23 INFO crypto_research.ml_cpcv: [ml] fold 1/21 train=43445 test=17493 acc=0.5113 auc=0.5104
2026-06-15 16:37:23 INFO crypto_research.ml_cpcv: [ml] fold 2/21 → model.fit: X_train=(43396, 1) y_train=(43396,) days=('2023-06-30 00:00:00+00:00', '2026-05-31 00:00:00+00:00') dist={0: 22204, 1: 21192}
2026-06-15 16:37:23 INFO crypto_research.ml_cpcv: [ml] fold 2/21 → model.predict: X_test=(17493, 1) y_test=(17493,) days=('2023-01-01 00:00:00+00:00', '2024-06-18 00:00:00+00:00') dist={0: 8784, 1: 8709}
2026-06-15 16:37:23 INFO crypto_research.ml_cpcv: [ml] fold 2/21 train=43396 test=17493 acc=0.5143 auc=0.5150
2026-06-15 16:37:23 INFO crypto_research.ml_cpcv: [ml] fold 3/21 → model.fit: X_train=(43396, 1) y_train=(43396,) days=('2023-06-30 00:00:00+00:00', '2026-05-31 00:00:00+00:00') dist={0: 22493, 1: 20903}
2026-06-15 16:37:23 INFO crypto_research.ml_cpcv: [ml] fold 3/21 → model.predict: X_test=(17493, 1) y_test=(17493,) days=('2023-01-01 00:00:00+00:00', '2024-12-13 00:00:00+00:00') dist={0: 8460, 1: 9033}
2026-06-15 16:37:24 INFO crypto_research.ml_cpcv: [ml] fold 3/21 train=43396 test=17493 acc=0.5032 auc=0.5110
2026-06-15 16:37:24 INFO crypto_research.ml_cpcv: [ml] fold 4/21 → model.fit: X_train=(43396, 1) y_train=(43396,) days=('2023-06-30 00:00:00+00:00', '2026-05-31 00:00:00+00:00') dist={0: 22266, 1: 21130}
2026-06-15 16:37:24 INFO crypto_research.ml_cpcv: [ml] fold 4/21 → model.predict: X_test=(17493, 1) y_test=(17493,) days=('2023-01-01 00:00:00+00:00', '2025-06-09 00:00:00+00:00') dist={0: 8728, 1: 8765}
2026-06-15 16:37:24 INFO crypto_research.ml_cpcv: [ml] fold 4/21 train=43396 test=17493 acc=0.5115 auc=0.5136
2026-06-15 16:37:24 INFO crypto_research.ml_cpcv: [ml] fold 5/21 → model.fit: X_train=(43396, 1) y_train=(43396,) days=('2023-06-30 00:00:00+00:00', '2026-05-31 00:00:00+00:00') dist={0: 22222, 1: 21174}
2026-06-15 16:37:24 INFO crypto_research.ml_cpcv: [ml] fold 5/21 → model.predict: X_test=(17493, 1) y_test=(17493,) days=('2023-01-01 00:00:00+00:00', '2025-12-04 00:00:00+00:00') dist={0: 8728, 1: 8765}
2026-06-15 16:37:24 INFO crypto_research.ml_cpcv: [ml] fold 5/21 train=43396 test=17493 acc=0.4828 auc=0.4771
2026-06-15 16:37:24 INFO crypto_research.ml_cpcv: [ml] fold 6/21 → model.fit: X_train=(43561, 1) y_train=(43561,) days=('2023-06-30 00:00:00+00:00', '2025-12-04 00:00:00+00:00') dist={0: 21977, 1: 21584}
2026-06-15 16:37:24 INFO crypto_research.ml_cpcv: [ml] fold 6/21 → model.predict: X_test=(17377, 1) y_test=(17377,) days=('2023-01-01 00:00:00+00:00', '2026-05-31 00:00:00+00:00') dist={0: 9020, 1: 8357}
2026-06-15 16:37:24 INFO crypto_research.ml_cpcv: [ml] fold 6/21 train=43561 test=17377 acc=0.5203 auc=0.5223
2026-06-15 16:37:24 INFO crypto_research.ml_cpcv: [ml] fold 7/21 → model.fit: X_train=(43494, 1) y_train=(43494,) days=('2023-01-01 00:00:00+00:00', '2026-05-31 00:00:00+00:00') dist={0: 22204, 1: 21290}
2026-06-15 16:37:24 INFO crypto_research.ml_cpcv: [ml] fold 7/21 → model.predict: X_test=(17444, 1) y_test=(17444,) days=('2023-06-29 00:00:00+00:00', '2024-06-18 00:00:00+00:00') dist={0: 8790, 1: 8654}
2026-06-15 16:37:24 INFO crypto_research.ml_cpcv: [ml] fold 7/21 train=43494 test=17444 acc=0.4848 auc=0.4948
2026-06-15 16:37:24 INFO crypto_research.ml_cpcv: [ml] fold 8/21 → model.fit: X_train=(43445, 1) y_train=(43445,) days=('2023-01-01 00:00:00+00:00', '2026-05-31 00:00:00+00:00') dist={0: 22462, 1: 20983}
2026-06-15 16:37:24 INFO crypto_research.ml_cpcv: [ml] fold 8/21 → model.predict: X_test=(17444, 1) y_test=(17444,) days=('2023-06-29 00:00:00+00:00', '2024-12-13 00:00:00+00:00') dist={0: 8466, 1: 8978}
2026-06-15 16:37:25 INFO crypto_research.ml_cpcv: [ml] fold 8/21 train=43445 test=17444 acc=0.5113 auc=0.5420
2026-06-15 16:37:25 INFO crypto_research.ml_cpcv: [ml] fold 9/21 → model.fit: X_train=(43445, 1) y_train=(43445,) days=('2023-01-01 00:00:00+00:00', '2026-05-31 00:00:00+00:00') dist={0: 22235, 1: 21210}
2026-06-15 16:37:25 INFO crypto_research.ml_cpcv: [ml] fold 9/21 → model.predict: X_test=(17444, 1) y_test=(17444,) days=('2023-06-29 00:00:00+00:00', '2025-06-09 00:00:00+00:00') dist={0: 8734, 1: 8710}
2026-06-15 16:37:25 INFO crypto_research.ml_cpcv: [ml] fold 9/21 train=43445 test=17444 acc=0.5406 auc=0.5569
2026-06-15 16:37:25 INFO crypto_research.ml_cpcv: [ml] fold 10/21 → model.fit: X_train=(43445, 1) y_train=(43445,) days=('2023-01-01 00:00:00+00:00', '2026-05-31 00:00:00+00:00') dist={0: 22191, 1: 21254}
2026-06-15 16:37:25 INFO crypto_research.ml_cpcv: [ml] fold 10/21 → model.predict: X_test=(17444, 1) y_test=(17444,) days=('2023-06-29 00:00:00+00:00', '2025-12-04 00:00:00+00:00') dist={0: 8734, 1: 8710}
2026-06-15 16:37:25 INFO crypto_research.ml_cpcv: [ml] fold 10/21 train=43445 test=17444 acc=0.4960 auc=0.5067
2026-06-15 16:37:25 INFO crypto_research.ml_cpcv: [ml] fold 11/21 → model.fit: X_train=(43610, 1) y_train=(43610,) days=('2023-01-01 00:00:00+00:00', '2025-12-04 00:00:00+00:00') dist={0: 21946, 1: 21664}
2026-06-15 16:37:25 INFO crypto_research.ml_cpcv: [ml] fold 11/21 → model.predict: X_test=(17328, 1) y_test=(17328,) days=('2023-06-29 00:00:00+00:00', '2026-05-31 00:00:00+00:00') dist={0: 9026, 1: 8302}
2026-06-15 16:37:25 INFO crypto_research.ml_cpcv: [ml] fold 11/21 train=43610 test=17328 acc=0.5575 auc=0.5662
2026-06-15 16:37:25 INFO crypto_research.ml_cpcv: [ml] fold 12/21 → model.fit: X_train=(43494, 1) y_train=(43494,) days=('2023-01-01 00:00:00+00:00', '2026-05-31 00:00:00+00:00') dist={0: 22197, 1: 21297}
2026-06-15 16:37:25 INFO crypto_research.ml_cpcv: [ml] fold 12/21 → model.predict: X_test=(17444, 1) y_test=(17444,) days=('2023-12-24 00:00:00+00:00', '2024-12-13 00:00:00+00:00') dist={0: 8762, 1: 8682}
2026-06-15 16:37:25 INFO crypto_research.ml_cpcv: [ml] fold 12/21 train=43494 test=17444 acc=0.4895 auc=0.4974
2026-06-15 16:37:25 INFO crypto_research.ml_cpcv: [ml] fold 13/21 → model.fit: X_train=(43445, 1) y_train=(43445,) days=('2023-01-01 00:00:00+00:00', '2026-05-31 00:00:00+00:00') dist={0: 21961, 1: 21484}
2026-06-15 16:37:25 INFO crypto_research.ml_cpcv: [ml] fold 13/21 → model.predict: X_test=(17444, 1) y_test=(17444,) days=('2023-12-24 00:00:00+00:00', '2025-06-09 00:00:00+00:00') dist={0: 9030, 1: 8414}
2026-06-15 16:37:26 INFO crypto_research.ml_cpcv: [ml] fold 13/21 train=43445 test=17444 acc=0.4853 auc=0.5114
2026-06-15 16:37:26 INFO crypto_research.ml_cpcv: [ml] fold 14/21 → model.fit: X_train=(43445, 1) y_train=(43445,) days=('2023-01-01 00:00:00+00:00', '2026-05-31 00:00:00+00:00') dist={0: 21917, 1: 21528}
2026-06-15 16:37:26 INFO crypto_research.ml_cpcv: [ml] fold 14/21 → model.predict: X_test=(17444, 1) y_test=(17444,) days=('2023-12-24 00:00:00+00:00', '2025-12-04 00:00:00+00:00') dist={0: 9030, 1: 8414}
2026-06-15 16:37:26 INFO crypto_research.ml_cpcv: [ml] fold 14/21 train=43445 test=17444 acc=0.4751 auc=0.4784
2026-06-15 16:37:26 INFO crypto_research.ml_cpcv: [ml] fold 15/21 → model.fit: X_train=(43610, 1) y_train=(43610,) days=('2023-01-01 00:00:00+00:00', '2025-12-04 00:00:00+00:00') dist={0: 21672, 1: 21938}
2026-06-15 16:37:26 INFO crypto_research.ml_cpcv: [ml] fold 15/21 → model.predict: X_test=(17328, 1) y_test=(17328,) days=('2023-12-24 00:00:00+00:00', '2026-05-31 00:00:00+00:00') dist={0: 9322, 1: 8006}
2026-06-15 16:37:26 INFO crypto_research.ml_cpcv: [ml] fold 15/21 train=43610 test=17328 acc=0.4890 auc=0.4952
2026-06-15 16:37:26 INFO crypto_research.ml_cpcv: [ml] fold 16/21 → model.fit: X_train=(43494, 1) y_train=(43494,) days=('2023-01-01 00:00:00+00:00', '2026-05-31 00:00:00+00:00') dist={0: 22294, 1: 21200}
2026-06-15 16:37:26 INFO crypto_research.ml_cpcv: [ml] fold 16/21 → model.predict: X_test=(17444, 1) y_test=(17444,) days=('2024-06-19 00:00:00+00:00', '2025-06-09 00:00:00+00:00') dist={0: 8706, 1: 8738}
2026-06-15 16:37:26 INFO crypto_research.ml_cpcv: [ml] fold 16/21 train=43494 test=17444 acc=0.5427 auc=0.5510
2026-06-15 16:37:26 INFO crypto_research.ml_cpcv: [ml] fold 17/21 → model.fit: X_train=(43445, 1) y_train=(43445,) days=('2023-01-01 00:00:00+00:00', '2026-05-31 00:00:00+00:00') dist={0: 22206, 1: 21239}
2026-06-15 16:37:26 INFO crypto_research.ml_cpcv: [ml] fold 17/21 → model.predict: X_test=(17444, 1) y_test=(17444,) days=('2024-06-19 00:00:00+00:00', '2025-12-04 00:00:00+00:00') dist={0: 8706, 1: 8738}
2026-06-15 16:37:26 INFO crypto_research.ml_cpcv: [ml] fold 17/21 train=43445 test=17444 acc=0.5187 auc=0.5205
2026-06-15 16:37:26 INFO crypto_research.ml_cpcv: [ml] fold 18/21 → model.fit: X_train=(43610, 1) y_train=(43610,) days=('2023-01-01 00:00:00+00:00', '2025-12-04 00:00:00+00:00') dist={0: 21961, 1: 21649}
2026-06-15 16:37:26 INFO crypto_research.ml_cpcv: [ml] fold 18/21 → model.predict: X_test=(17328, 1) y_test=(17328,) days=('2024-06-19 00:00:00+00:00', '2026-05-31 00:00:00+00:00') dist={0: 8998, 1: 8330}
2026-06-15 16:37:27 INFO crypto_research.ml_cpcv: [ml] fold 18/21 train=43610 test=17328 acc=0.5309 auc=0.5452
2026-06-15 16:37:27 INFO crypto_research.ml_cpcv: [ml] fold 19/21 → model.fit: X_train=(43494, 1) y_train=(43494,) days=('2023-01-01 00:00:00+00:00', '2026-05-31 00:00:00+00:00') dist={0: 21982, 1: 21512}
2026-06-15 16:37:27 INFO crypto_research.ml_cpcv: [ml] fold 19/21 → model.predict: X_test=(17444, 1) y_test=(17444,) days=('2024-12-14 00:00:00+00:00', '2025-12-04 00:00:00+00:00') dist={0: 8974, 1: 8470}
2026-06-15 16:37:27 INFO crypto_research.ml_cpcv: [ml] fold 19/21 train=43494 test=17444 acc=0.5101 auc=0.5186
2026-06-15 16:37:27 INFO crypto_research.ml_cpcv: [ml] fold 20/21 → model.fit: X_train=(43610, 1) y_train=(43610,) days=('2023-01-01 00:00:00+00:00', '2025-12-04 00:00:00+00:00') dist={0: 21734, 1: 21876}
2026-06-15 16:37:27 INFO crypto_research.ml_cpcv: [ml] fold 20/21 → model.predict: X_test=(17328, 1) y_test=(17328,) days=('2024-12-14 00:00:00+00:00', '2026-05-31 00:00:00+00:00') dist={0: 9266, 1: 8062}
2026-06-15 16:37:27 INFO crypto_research.ml_cpcv: [ml] fold 20/21 train=43610 test=17328 acc=0.4793 auc=0.5157
2026-06-15 16:37:27 INFO crypto_research.ml_cpcv: [ml] fold 21/21 → model.fit: X_train=(43659, 1) y_train=(43659,) days=('2023-01-01 00:00:00+00:00', '2025-06-09 00:00:00+00:00') dist={0: 21737, 1: 21922}
2026-06-15 16:37:27 INFO crypto_research.ml_cpcv: [ml] fold 21/21 → model.predict: X_test=(17328, 1) y_test=(17328,) days=('2025-06-10 00:00:00+00:00', '2026-05-31 00:00:00+00:00') dist={0: 9266, 1: 8062}
2026-06-15 16:37:27 INFO crypto_research.ml_cpcv: [ml] fold 21/21 train=43659 test=17328 acc=0.5362 auc=0.5458
2026-06-15 16:37:27 INFO crypto_research.ml_cpcv: [ml] CPCV mean: folds=21 acc=0.5091 logloss=0.6951 auc=0.5188
2026-06-15 16:37:27 INFO crypto_research.ml_cpcv: [ml] OOS paths: rows=60987 cols=[time_ns, y_prob, y_true] folds_merged=21
2026-06-15 16:37:27 INFO crypto_research.ml_cpcv: [ml] OOS weekday Пн: n=8722 base_up=0.5134 acc=0.4475 logloss=0.6973 auc=0.4107
2026-06-15 16:37:27 INFO crypto_research.ml_cpcv: [ml] OOS weekday Вт: n=8722 base_up=0.4744 acc=0.4623 logloss=0.7005 auc=0.3896
2026-06-15 16:37:27 INFO crypto_research.ml_cpcv: [ml] OOS weekday Ср: n=8722 base_up=0.4986 acc=0.4428 logloss=0.6962 auc=0.4285
2026-06-15 16:37:27 INFO crypto_research.ml_cpcv: [ml] OOS weekday Чт: n=8693 base_up=0.4324 acc=0.5676 logloss=0.6862 auc=0.4354
2026-06-15 16:37:27 INFO crypto_research.ml_cpcv: [ml] OOS weekday Пт: n=8693 base_up=0.5611 acc=0.5611 logloss=0.6901 auc=0.4131
2026-06-15 16:37:27 INFO crypto_research.ml_cpcv: [ml] OOS weekday Сб: n=8693 base_up=0.5155 acc=0.4828 logloss=0.6951 auc=0.4341
2026-06-15 16:37:27 INFO crypto_research.ml_cpcv: [ml] OOS weekday Вс: n=8742 base_up=0.4462 acc=0.5538 logloss=0.6964 auc=0.3749
2026-06-15 16:37:29 INFO crypto_research.ml_oos_paths: [ml] OOS plot saved: /home_admin/crypto_bot/crypto_research/research_outputs/day_of_week/ml/weekday_direction_49pairs_20230101_20260531_oos_prob.png (weekdays=7 calendar_days=1247 rows=60987)
2026-06-15 16:37:29 INFO crypto_research.ml_research: [ml] metrics saved: /home_admin/crypto_bot/crypto_research/research_outputs/day_of_week/ml/weekday_direction_49pairs_20230101_20260531_cpcv.json
2026-06-15 16:56:19 INFO crypto_research.ml_research: [ml] log file: /home_admin/crypto_bot/crypto_research/research_outputs/day_of_week/ml/weekday_direction_20230101_20260531.log
2026-06-15 16:56:19 INFO crypto_research.ml_dataset: [ml] pair filter: first_candle <= 2023-01-01 → 49 pairs
2026-06-15 16:56:40 INFO crypto_research.load: [1] Загрузка данных: пар=49 строк=87777304 ~2343.9 MB
2026-06-15 16:56:40 INFO crypto_research.load:   1000luncusdt: rows=1794241 2023-01-01 .. 2026-05-31
2026-06-15 16:56:40 INFO crypto_research.load:   aaveusdt: rows=1789396 2023-01-01 .. 2026-05-27
2026-06-15 16:56:40 INFO crypto_research.load:   adausdt: rows=1789396 2023-01-01 .. 2026-05-27
2026-06-15 16:56:40 INFO crypto_research.load:   algousdt: rows=1789396 2023-01-01 .. 2026-05-27
2026-06-15 16:56:40 INFO crypto_research.load:   aliceusdt: rows=1789396 2023-01-01 .. 2026-05-27
2026-06-15 16:56:40 INFO crypto_research.load:   apeusdt: rows=1794241 2023-01-01 .. 2026-05-31
2026-06-15 16:56:40 INFO crypto_research.load:   api3usdt: rows=1789396 2023-01-01 .. 2026-05-27
2026-06-15 16:56:40 INFO crypto_research.load:   aptusdt: rows=1789396 2023-01-01 .. 2026-05-27
2026-06-15 16:56:40 INFO crypto_research.load:   atomusdt: rows=1789396 2023-01-01 .. 2026-05-27
2026-06-15 16:56:40 INFO crypto_research.load:   avaxusdt: rows=1789396 2023-01-01 .. 2026-05-27
2026-06-15 16:56:40 INFO crypto_research.load:   axsusdt: rows=1794241 2023-01-01 .. 2026-05-31
2026-06-15 16:56:40 INFO crypto_research.load:   bchusdt: rows=1789396 2023-01-01 .. 2026-05-27
2026-06-15 16:56:40 INFO crypto_research.load:   bnbusdt: rows=1789396 2023-01-01 .. 2026-05-27
2026-06-15 16:56:40 INFO crypto_research.load:   btcusdt: rows=1789396 2023-01-01 .. 2026-05-27
2026-06-15 16:56:40 INFO crypto_research.load:   chzusdt: rows=1794241 2023-01-01 .. 2026-05-31
2026-06-15 16:56:40 INFO crypto_research.load:   crvusdt: rows=1789396 2023-01-01 .. 2026-05-27
2026-06-15 16:56:40 INFO crypto_research.load:   dashusdt: rows=1794241 2023-01-01 .. 2026-05-31
2026-06-15 16:56:40 INFO crypto_research.load:   dogeusdt: rows=1789396 2023-01-01 .. 2026-05-27
2026-06-15 16:56:40 INFO crypto_research.load:   dotusdt: rows=1789396 2023-01-01 .. 2026-05-27
2026-06-15 16:56:40 INFO crypto_research.load:   dydxusdt: rows=1789396 2023-01-01 .. 2026-05-27
2026-06-15 16:56:40 INFO crypto_research.load:   egldusdt: rows=1794241 2023-01-01 .. 2026-05-31
2026-06-15 16:56:40 INFO crypto_research.load:   enjusdt: rows=1789396 2023-01-01 .. 2026-05-27
2026-06-15 16:56:40 INFO crypto_research.load:   etcusdt: rows=1794241 2023-01-01 .. 2026-05-31
2026-06-15 16:56:40 INFO crypto_research.load:   ethusdt: rows=1789396 2023-01-01 .. 2026-05-27
2026-06-15 16:56:40 INFO crypto_research.load:   filusdt: rows=1789396 2023-01-01 .. 2026-05-27
2026-06-15 16:56:40 INFO crypto_research.load:   galausdt: rows=1789396 2023-01-01 .. 2026-05-27
2026-06-15 16:56:40 INFO crypto_research.load:   gmtusdt: rows=1794241 2023-01-01 .. 2026-05-31
2026-06-15 16:56:40 INFO crypto_research.load:   hbarusdt: rows=1794241 2023-01-01 .. 2026-05-31
2026-06-15 16:56:40 INFO crypto_research.load:   icpusdt: rows=1794241 2023-01-01 .. 2026-05-31
2026-06-15 16:56:40 INFO crypto_research.load:   injusdt: rows=1794241 2023-01-01 .. 2026-05-31
2026-06-15 16:56:40 INFO crypto_research.load:   ldousdt: rows=1794241 2023-01-01 .. 2026-05-31
2026-06-15 16:56:40 INFO crypto_research.load:   linkusdt: rows=1789396 2023-01-01 .. 2026-05-27
2026-06-15 16:56:40 INFO crypto_research.load:   ltcusdt: rows=1789396 2023-01-01 .. 2026-05-27
2026-06-15 16:56:40 INFO crypto_research.load:   nearusdt: rows=1789396 2023-01-01 .. 2026-05-27
2026-06-15 16:56:40 INFO crypto_research.load:   ontusdt: rows=1789396 2023-01-01 .. 2026-05-27
2026-06-15 16:56:40 INFO crypto_research.load:   opusdt: rows=1794241 2023-01-01 .. 2026-05-31
2026-06-15 16:56:40 INFO crypto_research.load:   paxgusdt: rows=1789396 2023-01-01 .. 2026-05-27
2026-06-15 16:56:40 INFO crypto_research.load:   sandusdt: rows=1794241 2023-01-01 .. 2026-05-31
2026-06-15 16:56:40 INFO crypto_research.load:   shib1000usdt: rows=1794241 2023-01-01 .. 2026-05-31
2026-06-15 16:56:40 INFO crypto_research.load:   solusdt: rows=1789396 2023-01-01 .. 2026-05-27
2026-06-15 16:56:40 INFO crypto_research.load:   storjusdt: rows=1794241 2023-01-01 .. 2026-05-31
2026-06-15 16:56:40 INFO crypto_research.load:   stxusdt: rows=1794241 2023-01-01 .. 2026-05-31
2026-06-15 16:56:40 INFO crypto_research.load:   trxusdt: rows=1794241 2023-01-01 .. 2026-05-31
2026-06-15 16:56:40 INFO crypto_research.load:   uniusdt: rows=1789396 2023-01-01 .. 2026-05-27
2026-06-15 16:56:40 INFO crypto_research.load:   xlmusdt: rows=1794241 2023-01-01 .. 2026-05-31
2026-06-15 16:56:40 INFO crypto_research.load:   xmrusdt: rows=1789396 2023-01-01 .. 2026-05-27
2026-06-15 16:56:40 INFO crypto_research.load:   xrpusdt: rows=1789396 2023-01-01 .. 2026-05-27
2026-06-15 16:56:40 INFO crypto_research.load:   zecusdt: rows=1789396 2023-01-01 .. 2026-05-27
2026-06-15 16:56:40 INFO crypto_research.load:   zenusdt: rows=1794241 2023-01-01 .. 2026-05-31
2026-06-15 16:56:44 INFO crypto_research.ml_dataset: [ml] pooled daily: pairs=49 rows=60987 period=2023-01-01..2026-05-31
2026-06-15 16:56:44 INFO crypto_research.ml_research: Loaded 49 pairs with 60987 daily rows
2026-06-15 16:56:44 INFO crypto_research.ml_dataset: [ml] dataset: rows=60987 pairs=49 weekdays=7 up_rate=0.492
2026-06-15 16:56:44 INFO crypto_research.ml_research: Dataset columns (7): ['day_utc', 'pair', 'weekday', 'return_pct', 'direction_up', 'pair_id', 'weekday_enc']
2026-06-15 16:56:44 INFO crypto_research.ml_research: Dataset head (50 rows):
shape: (50, 7)
┌─────────────────┬──────────────┬─────────┬────────────────┬──────────────┬─────────┬─────────────┐
│ day_utc         ┆ pair         ┆ weekday ┆ return_pct     ┆ direction_up ┆ pair_id ┆ weekday_enc │
│ ---             ┆ ---          ┆ ---     ┆ ---            ┆ ---          ┆ ---     ┆ ---         │
│ datetime[μs,    ┆ str          ┆ i64     ┆ f64            ┆ i8           ┆ i32     ┆ cat         │
│ UTC]            ┆              ┆         ┆                ┆              ┆         ┆             │
╞═════════════════╪══════════════╪═════════╪════════════════╪══════════════╪═════════╪═════════════╡
│ 2023-01-01      ┆ 1000luncusdt ┆ 6       ┆ 3.731849959008 ┆ 1            ┆ 0       ┆ 6           │
│ 00:00:00 UTC    ┆              ┆         ┆ 936            ┆              ┆         ┆             │
│ 2023-01-01      ┆ aaveusdt     ┆ 6       ┆ 0.481695554238 ┆ 1            ┆ 1       ┆ 6           │
│ 00:00:00 UTC    ┆              ┆         ┆ 7459           ┆              ┆         ┆             │
│ 2023-01-01      ┆ adausdt      ┆ 6       ┆ 1.668699580462 ┆ 1            ┆ 2       ┆ 6           │
│ 00:00:00 UTC    ┆              ┆         ┆ 8735           ┆              ┆         ┆             │
│ 2023-01-01      ┆ algousdt     ┆ 6       ┆ 3.197667795083 ┆ 1            ┆ 3       ┆ 6           │
│ 00:00:00 UTC    ┆              ┆         ┆ 05             ┆              ┆         ┆             │
│ 2023-01-01      ┆ aliceusdt    ┆ 6       ┆ 0.952380087370 ┆ 1            ┆ 4       ┆ 6           │
│ 00:00:00 UTC    ┆              ┆         ┆ 1953           ┆              ┆         ┆             │
│ 2023-01-01      ┆ apeusdt      ┆ 6       ┆ 6.360130741607 ┆ 1            ┆ 5       ┆ 6           │
│ 00:00:00 UTC    ┆              ┆         ┆ 824            ┆              ┆         ┆             │
│ 2023-01-01      ┆ api3usdt     ┆ 6       ┆ 0.197637700575 ┆ 1            ┆ 6       ┆ 6           │
│ 00:00:00 UTC    ┆              ┆         ┆ 23197          ┆              ┆         ┆             │
│ 2023-01-01      ┆ aptusdt      ┆ 6       ┆ 2.177069641134 ┆ 1            ┆ 7       ┆ 6           │
│ 00:00:00 UTC    ┆              ┆         ┆ 0085           ┆              ┆         ┆             │
│ 2023-01-01      ┆ atomusdt     ┆ 6       ┆ 1.122989710721 ┆ 1            ┆ 8       ┆ 6           │
│ 00:00:00 UTC    ┆              ┆         ┆ 5223           ┆              ┆         ┆             │
│ 2023-01-01      ┆ avaxusdt     ┆ 6       ┆ -0.36697213993 ┆ 0            ┆ 9       ┆ 6           │
│ 00:00:00 UTC    ┆              ┆         ┆ 499966         ┆              ┆         ┆             │
│ 2023-01-01      ┆ axsusdt      ┆ 6       ┆ 4.805301892051 ┆ 1            ┆ 10      ┆ 6           │
│ 00:00:00 UTC    ┆              ┆         ┆ 966            ┆              ┆         ┆             │
│ 2023-01-01      ┆ bchusdt      ┆ 6       ┆ -0.20618242086 ┆ 0            ┆ 11      ┆ 6           │
│ 00:00:00 UTC    ┆              ┆         ┆ 823454         ┆              ┆         ┆             │
│ 2023-01-01      ┆ bnbusdt      ┆ 6       ┆ -0.69105567001 ┆ 0            ┆ 12      ┆ 6           │
│ 00:00:00 UTC    ┆              ┆         ┆ 71494          ┆              ┆         ┆             │
│ 2023-01-01      ┆ btcusdt      ┆ 6       ┆ 0.441100939605 ┆ 1            ┆ 13      ┆ 6           │
│ 00:00:00 UTC    ┆              ┆         ┆ 4261           ┆              ┆         ┆             │
│ 2023-01-01      ┆ chzusdt      ┆ 6       ┆ 0.948578345108 ┆ 1            ┆ 14      ┆ 6           │
│ 00:00:00 UTC    ┆              ┆         ┆ 0779           ┆              ┆         ┆             │
│ 2023-01-01      ┆ crvusdt      ┆ 6       ┆ 0.190485100086 ┆ 1            ┆ 15      ┆ 6           │
│ 00:00:00 UTC    ┆              ┆         ┆ 9887           ┆              ┆         ┆             │
│ 2023-01-01      ┆ dashusdt     ┆ 6       ┆ 0.476759855308 ┆ 1            ┆ 16      ┆ 6           │
│ 00:00:00 UTC    ┆              ┆         ┆ 8536           ┆              ┆         ┆             │
│ 2023-01-01      ┆ dogeusdt     ┆ 6       ┆ 0              ┆ 0            ┆ 17      ┆ 6           │
│ 00:00:00 UTC    ┆              ┆         ┆                ┆              ┆         ┆             │
│ 2023-01-01      ┆ dotusdt      ┆ 6       ┆ 1.392110059770 ┆ 1            ┆ 18      ┆ 6           │
│ 00:00:00 UTC    ┆              ┆         ┆ 5982           ┆              ┆         ┆             │
│ 2023-01-01      ┆ dydxusdt     ┆ 6       ┆ 2.714929490673 ┆ 1            ┆ 19      ┆ 6           │
│ 00:00:00 UTC    ┆              ┆         ┆ 1947           ┆              ┆         ┆             │
│ 2023-01-01      ┆ egldusdt     ┆ 6       ┆ 0.457321735878 ┆ 1            ┆ 20      ┆ 6           │
│ 00:00:00 UTC    ┆              ┆         ┆ 0311           ┆              ┆         ┆             │
│ 2023-01-01      ┆ enjusdt      ┆ 6       ┆ 1.458333216918 ┆ 1            ┆ 21      ┆ 6           │
│ 00:00:00 UTC    ┆              ┆         ┆ 009            ┆              ┆         ┆             │
│ 2023-01-01      ┆ etcusdt      ┆ 6       ┆ 0.573980553802 ┆ 1            ┆ 22      ┆ 6           │
│ 00:00:00 UTC    ┆              ┆         ┆ 5573           ┆              ┆         ┆             │
│ 2023-01-01      ┆ ethusdt      ┆ 6       ┆ 0.317507236194 ┆ 1            ┆ 23      ┆ 6           │
│ 00:00:00 UTC    ┆              ┆         ┆ 82535          ┆              ┆         ┆             │
│ 2023-01-01      ┆ filusdt      ┆ 6       ┆ 3.322255978385 ┆ 1            ┆ 24      ┆ 6           │
│ 00:00:00 UTC    ┆              ┆         ┆ 4946           ┆              ┆         ┆             │
│ 2023-01-01      ┆ galausdt     ┆ 6       ┆ 1.382208067313 ┆ 1            ┆ 25      ┆ 6           │
│ 00:00:00 UTC    ┆              ┆         ┆ 1298           ┆              ┆         ┆             │
│ 2023-01-01      ┆ gmtusdt      ┆ 6       ┆ 4.745322482018 ┆ 1            ┆ 26      ┆ 6           │
│ 00:00:00 UTC    ┆              ┆         ┆ 379            ┆              ┆         ┆             │
│ 2023-01-01      ┆ hbarusdt     ┆ 6       ┆ 4.246575845788 ┆ 1            ┆ 27      ┆ 6           │
│ 00:00:00 UTC    ┆              ┆         ┆ 901            ┆              ┆         ┆             │
│ 2023-01-01      ┆ icpusdt      ┆ 6       ┆ 2.035627500399 ┆ 1            ┆ 28      ┆ 6           │
│ 00:00:00 UTC    ┆              ┆         ┆ 6394           ┆              ┆         ┆             │
│ 2023-01-01      ┆ injusdt      ┆ 6       ┆ -0.11760175781 ┆ 0            ┆ 29      ┆ 6           │
│ 00:00:00 UTC    ┆              ┆         ┆ 12222          ┆              ┆         ┆             │
│ 2023-01-01      ┆ ldousdt      ┆ 6       ┆ 13.28781592182 ┆ 1            ┆ 30      ┆ 6           │
│ 00:00:00 UTC    ┆              ┆         ┆ 776            ┆              ┆         ┆             │
│ 2023-01-01      ┆ linkusdt     ┆ 6       ┆ 0.951013345280 ┆ 1            ┆ 31      ┆ 6           │
│ 00:00:00 UTC    ┆              ┆         ┆ 0736           ┆              ┆         ┆             │
│ 2023-01-01      ┆ ltcusdt      ┆ 6       ┆ 1.141231197106 ┆ 1            ┆ 32      ┆ 6           │
│ 00:00:00 UTC    ┆              ┆         ┆ 446            ┆              ┆         ┆             │
│ 2023-01-01      ┆ nearusdt     ┆ 6       ┆ 1.593623984263 ┆ 1            ┆ 33      ┆ 6           │
│ 00:00:00 UTC    ┆              ┆         ┆ 234            ┆              ┆         ┆             │
│ 2023-01-01      ┆ ontusdt      ┆ 6       ┆ 2.403205122338 ┆ 1            ┆ 34      ┆ 6           │
│ 00:00:00 UTC    ┆              ┆         ┆ 7305           ┆              ┆         ┆             │
│ 2023-01-01      ┆ opusdt       ┆ 6       ┆ 0.709220503894 ┆ 1            ┆ 35      ┆ 6           │
│ 00:00:00 UTC    ┆              ┆         ┆ 3654           ┆              ┆         ┆             │
│ 2023-01-01      ┆ paxgusdt     ┆ 6       ┆ 0.440528634361 ┆ 1            ┆ 36      ┆ 6           │
│ 00:00:00 UTC    ┆              ┆         ┆ 2335           ┆              ┆         ┆             │
│ 2023-01-01      ┆ sandusdt     ┆ 6       ┆ 1.463671001063 ┆ 1            ┆ 37      ┆ 6           │
│ 00:00:00 UTC    ┆              ┆         ┆ 5674           ┆              ┆         ┆             │
│ 2023-01-01      ┆ shib1000usdt ┆ 6       ┆ 0.680695366001 ┆ 1            ┆ 38      ┆ 6           │
│ 00:00:00 UTC    ┆              ┆         ┆ 7008           ┆              ┆         ┆             │
│ 2023-01-01      ┆ solusdt      ┆ 6       ┆ 0.150520716696 ┆ 1            ┆ 39      ┆ 6           │
│ 00:00:00 UTC    ┆              ┆         ┆ 0473           ┆              ┆         ┆             │
│ 2023-01-01      ┆ storjusdt    ┆ 6       ┆ 1.014197814274 ┆ 1            ┆ 40      ┆ 6           │
│ 00:00:00 UTC    ┆              ┆         ┆ 708            ┆              ┆         ┆             │
│ 2023-01-01      ┆ stxusdt      ┆ 6       ┆ 1.913872289067 ┆ 1            ┆ 41      ┆ 6           │
│ 00:00:00 UTC    ┆              ┆         ┆ 1183           ┆              ┆         ┆             │
│ 2023-01-01      ┆ trxusdt      ┆ 6       ┆ 0.569329702959 ┆ 1            ┆ 42      ┆ 6           │
│ 00:00:00 UTC    ┆              ┆         ┆ 9329           ┆              ┆         ┆             │
│ 2023-01-01      ┆ uniusdt      ┆ 6       ┆ 1.626333228395 ┆ 1            ┆ 43      ┆ 6           │
│ 00:00:00 UTC    ┆              ┆         ┆ 3067           ┆              ┆         ┆             │
│ 2023-01-01      ┆ xlmusdt      ┆ 6       ┆ 1.898734973089 ┆ 1            ┆ 44      ┆ 6           │
│ 00:00:00 UTC    ┆              ┆         ┆ 8848           ┆              ┆         ┆             │
│ 2023-01-01      ┆ xmrusdt      ┆ 6       ┆ 0.883154265427 ┆ 1            ┆ 45      ┆ 6           │
│ 00:00:00 UTC    ┆              ┆         ┆ 6778           ┆              ┆         ┆             │
│ 2023-01-01      ┆ xrpusdt      ┆ 6       ┆ -0.02949462995 ┆ 0            ┆ 46      ┆ 6           │
│ 00:00:00 UTC    ┆              ┆         ┆ 5361572        ┆              ┆         ┆             │
│ 2023-01-01      ┆ zecusdt      ┆ 6       ┆ -0.40213864410 ┆ 0            ┆ 47      ┆ 6           │
│ 00:00:00 UTC    ┆              ┆         ┆ 11126          ┆              ┆         ┆             │
│ 2023-01-01      ┆ zenusdt      ┆ 6       ┆ 2.173911015342 ┆ 1            ┆ 48      ┆ 6           │
│ 00:00:00 UTC    ┆              ┆         ┆ 8576           ┆              ┆         ┆             │
│ 2023-01-02      ┆ 1000luncusdt ┆ 0       ┆ 6.195875326614 ┆ 1            ┆ 0       ┆ 0           │
│ 00:00:00 UTC    ┆              ┆         ┆ 408            ┆              ┆         ┆             │
└─────────────────┴──────────────┴─────────┴────────────────┴──────────────┴─────────┴─────────────┘
2026-06-15 16:56:44 INFO crypto_research.ml_cpcv: [ml] X: shape=(60987, 1) columns=['weekday_enc'] dtypes={'weekday_enc': 'category'}
2026-06-15 16:56:44 INFO crypto_research.ml_cpcv: [ml] X head (3 rows):
  weekday_enc
0           6
1           6
2           6
2026-06-15 16:56:44 INFO crypto_research.ml_cpcv: [ml] y (direction_up): shape=(60987,) dtype=int8 distribution={0: 31003, 1: 29984}
2026-06-15 16:56:44 INFO crypto_research.ml_cpcv: [ml] y head (3 values): [1, 1, 1]
2026-06-15 16:56:44 INFO crypto_research.ml_cpcv: [ml] CV: CombinatorialPurgedCV n_splits=7 n_test_groups=2 embargo_days=1 n_folds=C(7,2)=21 n_days=1247
2026-06-15 16:56:44 INFO crypto_research.ml_cpcv: [ml] CV time range: 2023-01-01 00:00:00+00:00 .. 2026-05-31 00:00:00+00:00 (prediction_times=evaluation_times, purge=None)
2026-06-15 16:56:45 INFO crypto_research.ml_cpcv: [ml] CV day splits:
  fold1: train_days=889 test_days=357
  fold2: train_days=888 test_days=357
  fold3: train_days=888 test_days=357
  fold4: train_days=888 test_days=357
  fold5: train_days=888 test_days=357
  fold6: train_days=889 test_days=357
  fold7: train_days=890 test_days=356
  fold8: train_days=889 test_days=356
  fold9: train_days=889 test_days=356
  fold10: train_days=889 test_days=356
  fold11: train_days=890 test_days=356
  fold12: train_days=890 test_days=356
  fold13: train_days=889 test_days=356
  fold14: train_days=889 test_days=356
  fold15: train_days=890 test_days=356
  fold16: train_days=890 test_days=356
  fold17: train_days=889 test_days=356
  fold18: train_days=890 test_days=356
  fold19: train_days=890 test_days=356
  fold20: train_days=890 test_days=356
  fold21: train_days=891 test_days=356
2026-06-15 16:56:45 INFO crypto_research.ml_cpcv: [ml] fold 1/21 → model.fit: X_train=(43445, 1) y_train=(43445,) days=('2023-12-25 00:00:00+00:00', '2026-05-31 00:00:00+00:00') dist={0: 22484, 1: 20961}
2026-06-15 16:56:45 INFO crypto_research.ml_cpcv: [ml] fold 1/21 → model.predict: X_test=(17493, 1) y_test=(17493,) days=('2023-01-01 00:00:00+00:00', '2023-12-23 00:00:00+00:00') dist={0: 8488, 1: 9005}
2026-06-15 16:56:45 INFO crypto_research.ml_cpcv: [ml] fold 1 X_train head:
      weekday_enc
17542           0
17543           0
17544           0
2026-06-15 16:56:45 INFO crypto_research.ml_cpcv: [ml] fold 1 y_train head: [1, 1, 1]
2026-06-15 16:56:45 INFO crypto_research.ml_cpcv: [ml] fold 1 X_test head:
  weekday_enc
0           6
1           6
2           6
2026-06-15 16:56:45 INFO crypto_research.ml_cpcv: [ml] fold 1 y_test head: [1, 1, 1]
2026-06-15 16:56:45 INFO crypto_research.ml_cpcv: [ml] fold 1/21 train=43445 test=17493 acc=0.5113 auc=0.5104
2026-06-15 16:56:45 INFO crypto_research.ml_cpcv: [ml] fold 2/21 → model.fit: X_train=(43396, 1) y_train=(43396,) days=('2023-06-30 00:00:00+00:00', '2026-05-31 00:00:00+00:00') dist={0: 22204, 1: 21192}
2026-06-15 16:56:45 INFO crypto_research.ml_cpcv: [ml] fold 2/21 → model.predict: X_test=(17493, 1) y_test=(17493,) days=('2023-01-01 00:00:00+00:00', '2024-06-18 00:00:00+00:00') dist={0: 8784, 1: 8709}
2026-06-15 16:56:45 INFO crypto_research.ml_cpcv: [ml] fold 2/21 train=43396 test=17493 acc=0.5143 auc=0.5150
2026-06-15 16:56:45 INFO crypto_research.ml_cpcv: [ml] fold 3/21 → model.fit: X_train=(43396, 1) y_train=(43396,) days=('2023-06-30 00:00:00+00:00', '2026-05-31 00:00:00+00:00') dist={0: 22493, 1: 20903}
2026-06-15 16:56:45 INFO crypto_research.ml_cpcv: [ml] fold 3/21 → model.predict: X_test=(17493, 1) y_test=(17493,) days=('2023-01-01 00:00:00+00:00', '2024-12-13 00:00:00+00:00') dist={0: 8460, 1: 9033}
2026-06-15 16:56:45 INFO crypto_research.ml_cpcv: [ml] fold 3/21 train=43396 test=17493 acc=0.5032 auc=0.5110
2026-06-15 16:56:45 INFO crypto_research.ml_cpcv: [ml] fold 4/21 → model.fit: X_train=(43396, 1) y_train=(43396,) days=('2023-06-30 00:00:00+00:00', '2026-05-31 00:00:00+00:00') dist={0: 22266, 1: 21130}
2026-06-15 16:56:45 INFO crypto_research.ml_cpcv: [ml] fold 4/21 → model.predict: X_test=(17493, 1) y_test=(17493,) days=('2023-01-01 00:00:00+00:00', '2025-06-09 00:00:00+00:00') dist={0: 8728, 1: 8765}
2026-06-15 16:56:46 INFO crypto_research.ml_cpcv: [ml] fold 4/21 train=43396 test=17493 acc=0.5115 auc=0.5136
2026-06-15 16:56:46 INFO crypto_research.ml_cpcv: [ml] fold 5/21 → model.fit: X_train=(43396, 1) y_train=(43396,) days=('2023-06-30 00:00:00+00:00', '2026-05-31 00:00:00+00:00') dist={0: 22222, 1: 21174}
2026-06-15 16:56:46 INFO crypto_research.ml_cpcv: [ml] fold 5/21 → model.predict: X_test=(17493, 1) y_test=(17493,) days=('2023-01-01 00:00:00+00:00', '2025-12-04 00:00:00+00:00') dist={0: 8728, 1: 8765}
2026-06-15 16:56:46 INFO crypto_research.ml_cpcv: [ml] fold 5/21 train=43396 test=17493 acc=0.4828 auc=0.4771
2026-06-15 16:56:46 INFO crypto_research.ml_cpcv: [ml] fold 6/21 → model.fit: X_train=(43561, 1) y_train=(43561,) days=('2023-06-30 00:00:00+00:00', '2025-12-04 00:00:00+00:00') dist={0: 21977, 1: 21584}
2026-06-15 16:56:46 INFO crypto_research.ml_cpcv: [ml] fold 6/21 → model.predict: X_test=(17377, 1) y_test=(17377,) days=('2023-01-01 00:00:00+00:00', '2026-05-31 00:00:00+00:00') dist={0: 9020, 1: 8357}
2026-06-15 16:56:46 INFO crypto_research.ml_cpcv: [ml] fold 6/21 train=43561 test=17377 acc=0.5203 auc=0.5223
2026-06-15 16:56:46 INFO crypto_research.ml_cpcv: [ml] fold 7/21 → model.fit: X_train=(43494, 1) y_train=(43494,) days=('2023-01-01 00:00:00+00:00', '2026-05-31 00:00:00+00:00') dist={0: 22204, 1: 21290}
2026-06-15 16:56:46 INFO crypto_research.ml_cpcv: [ml] fold 7/21 → model.predict: X_test=(17444, 1) y_test=(17444,) days=('2023-06-29 00:00:00+00:00', '2024-06-18 00:00:00+00:00') dist={0: 8790, 1: 8654}
2026-06-15 16:56:46 INFO crypto_research.ml_cpcv: [ml] fold 7/21 train=43494 test=17444 acc=0.4848 auc=0.4948
2026-06-15 16:56:46 INFO crypto_research.ml_cpcv: [ml] fold 8/21 → model.fit: X_train=(43445, 1) y_train=(43445,) days=('2023-01-01 00:00:00+00:00', '2026-05-31 00:00:00+00:00') dist={0: 22462, 1: 20983}
2026-06-15 16:56:46 INFO crypto_research.ml_cpcv: [ml] fold 8/21 → model.predict: X_test=(17444, 1) y_test=(17444,) days=('2023-06-29 00:00:00+00:00', '2024-12-13 00:00:00+00:00') dist={0: 8466, 1: 8978}
2026-06-15 16:56:46 INFO crypto_research.ml_cpcv: [ml] fold 8/21 train=43445 test=17444 acc=0.5113 auc=0.5420
2026-06-15 16:56:47 INFO crypto_research.ml_cpcv: [ml] fold 9/21 → model.fit: X_train=(43445, 1) y_train=(43445,) days=('2023-01-01 00:00:00+00:00', '2026-05-31 00:00:00+00:00') dist={0: 22235, 1: 21210}
2026-06-15 16:56:47 INFO crypto_research.ml_cpcv: [ml] fold 9/21 → model.predict: X_test=(17444, 1) y_test=(17444,) days=('2023-06-29 00:00:00+00:00', '2025-06-09 00:00:00+00:00') dist={0: 8734, 1: 8710}
2026-06-15 16:56:47 INFO crypto_research.ml_cpcv: [ml] fold 9/21 train=43445 test=17444 acc=0.5406 auc=0.5569
2026-06-15 16:56:47 INFO crypto_research.ml_cpcv: [ml] fold 10/21 → model.fit: X_train=(43445, 1) y_train=(43445,) days=('2023-01-01 00:00:00+00:00', '2026-05-31 00:00:00+00:00') dist={0: 22191, 1: 21254}
2026-06-15 16:56:47 INFO crypto_research.ml_cpcv: [ml] fold 10/21 → model.predict: X_test=(17444, 1) y_test=(17444,) days=('2023-06-29 00:00:00+00:00', '2025-12-04 00:00:00+00:00') dist={0: 8734, 1: 8710}
2026-06-15 16:56:47 INFO crypto_research.ml_cpcv: [ml] fold 10/21 train=43445 test=17444 acc=0.4960 auc=0.5067
2026-06-15 16:56:47 INFO crypto_research.ml_cpcv: [ml] fold 11/21 → model.fit: X_train=(43610, 1) y_train=(43610,) days=('2023-01-01 00:00:00+00:00', '2025-12-04 00:00:00+00:00') dist={0: 21946, 1: 21664}
2026-06-15 16:56:47 INFO crypto_research.ml_cpcv: [ml] fold 11/21 → model.predict: X_test=(17328, 1) y_test=(17328,) days=('2023-06-29 00:00:00+00:00', '2026-05-31 00:00:00+00:00') dist={0: 9026, 1: 8302}
2026-06-15 16:56:47 INFO crypto_research.ml_cpcv: [ml] fold 11/21 train=43610 test=17328 acc=0.5575 auc=0.5662
2026-06-15 16:56:47 INFO crypto_research.ml_cpcv: [ml] fold 12/21 → model.fit: X_train=(43494, 1) y_train=(43494,) days=('2023-01-01 00:00:00+00:00', '2026-05-31 00:00:00+00:00') dist={0: 22197, 1: 21297}
2026-06-15 16:56:47 INFO crypto_research.ml_cpcv: [ml] fold 12/21 → model.predict: X_test=(17444, 1) y_test=(17444,) days=('2023-12-24 00:00:00+00:00', '2024-12-13 00:00:00+00:00') dist={0: 8762, 1: 8682}
2026-06-15 16:56:47 INFO crypto_research.ml_cpcv: [ml] fold 12/21 train=43494 test=17444 acc=0.4895 auc=0.4974
2026-06-15 16:56:47 INFO crypto_research.ml_cpcv: [ml] fold 13/21 → model.fit: X_train=(43445, 1) y_train=(43445,) days=('2023-01-01 00:00:00+00:00', '2026-05-31 00:00:00+00:00') dist={0: 21961, 1: 21484}
2026-06-15 16:56:47 INFO crypto_research.ml_cpcv: [ml] fold 13/21 → model.predict: X_test=(17444, 1) y_test=(17444,) days=('2023-12-24 00:00:00+00:00', '2025-06-09 00:00:00+00:00') dist={0: 9030, 1: 8414}
2026-06-15 16:56:48 INFO crypto_research.ml_cpcv: [ml] fold 13/21 train=43445 test=17444 acc=0.4853 auc=0.5114
2026-06-15 16:56:48 INFO crypto_research.ml_cpcv: [ml] fold 14/21 → model.fit: X_train=(43445, 1) y_train=(43445,) days=('2023-01-01 00:00:00+00:00', '2026-05-31 00:00:00+00:00') dist={0: 21917, 1: 21528}
2026-06-15 16:56:48 INFO crypto_research.ml_cpcv: [ml] fold 14/21 → model.predict: X_test=(17444, 1) y_test=(17444,) days=('2023-12-24 00:00:00+00:00', '2025-12-04 00:00:00+00:00') dist={0: 9030, 1: 8414}
2026-06-15 16:56:48 INFO crypto_research.ml_cpcv: [ml] fold 14/21 train=43445 test=17444 acc=0.4751 auc=0.4784
2026-06-15 16:56:48 INFO crypto_research.ml_cpcv: [ml] fold 15/21 → model.fit: X_train=(43610, 1) y_train=(43610,) days=('2023-01-01 00:00:00+00:00', '2025-12-04 00:00:00+00:00') dist={0: 21672, 1: 21938}
2026-06-15 16:56:48 INFO crypto_research.ml_cpcv: [ml] fold 15/21 → model.predict: X_test=(17328, 1) y_test=(17328,) days=('2023-12-24 00:00:00+00:00', '2026-05-31 00:00:00+00:00') dist={0: 9322, 1: 8006}
2026-06-15 16:56:48 INFO crypto_research.ml_cpcv: [ml] fold 15/21 train=43610 test=17328 acc=0.4890 auc=0.4952
2026-06-15 16:56:48 INFO crypto_research.ml_cpcv: [ml] fold 16/21 → model.fit: X_train=(43494, 1) y_train=(43494,) days=('2023-01-01 00:00:00+00:00', '2026-05-31 00:00:00+00:00') dist={0: 22294, 1: 21200}
2026-06-15 16:56:48 INFO crypto_research.ml_cpcv: [ml] fold 16/21 → model.predict: X_test=(17444, 1) y_test=(17444,) days=('2024-06-19 00:00:00+00:00', '2025-06-09 00:00:00+00:00') dist={0: 8706, 1: 8738}
2026-06-15 16:56:48 INFO crypto_research.ml_cpcv: [ml] fold 16/21 train=43494 test=17444 acc=0.5427 auc=0.5510
2026-06-15 16:56:48 INFO crypto_research.ml_cpcv: [ml] fold 17/21 → model.fit: X_train=(43445, 1) y_train=(43445,) days=('2023-01-01 00:00:00+00:00', '2026-05-31 00:00:00+00:00') dist={0: 22206, 1: 21239}
2026-06-15 16:56:48 INFO crypto_research.ml_cpcv: [ml] fold 17/21 → model.predict: X_test=(17444, 1) y_test=(17444,) days=('2024-06-19 00:00:00+00:00', '2025-12-04 00:00:00+00:00') dist={0: 8706, 1: 8738}
2026-06-15 16:56:49 INFO crypto_research.ml_cpcv: [ml] fold 17/21 train=43445 test=17444 acc=0.5187 auc=0.5205
2026-06-15 16:56:49 INFO crypto_research.ml_cpcv: [ml] fold 18/21 → model.fit: X_train=(43610, 1) y_train=(43610,) days=('2023-01-01 00:00:00+00:00', '2025-12-04 00:00:00+00:00') dist={0: 21961, 1: 21649}
2026-06-15 16:56:49 INFO crypto_research.ml_cpcv: [ml] fold 18/21 → model.predict: X_test=(17328, 1) y_test=(17328,) days=('2024-06-19 00:00:00+00:00', '2026-05-31 00:00:00+00:00') dist={0: 8998, 1: 8330}
2026-06-15 16:56:49 INFO crypto_research.ml_cpcv: [ml] fold 18/21 train=43610 test=17328 acc=0.5309 auc=0.5452
2026-06-15 16:56:49 INFO crypto_research.ml_cpcv: [ml] fold 19/21 → model.fit: X_train=(43494, 1) y_train=(43494,) days=('2023-01-01 00:00:00+00:00', '2026-05-31 00:00:00+00:00') dist={0: 21982, 1: 21512}
2026-06-15 16:56:49 INFO crypto_research.ml_cpcv: [ml] fold 19/21 → model.predict: X_test=(17444, 1) y_test=(17444,) days=('2024-12-14 00:00:00+00:00', '2025-12-04 00:00:00+00:00') dist={0: 8974, 1: 8470}
2026-06-15 16:56:49 INFO crypto_research.ml_cpcv: [ml] fold 19/21 train=43494 test=17444 acc=0.5101 auc=0.5186
2026-06-15 16:56:49 INFO crypto_research.ml_cpcv: [ml] fold 20/21 → model.fit: X_train=(43610, 1) y_train=(43610,) days=('2023-01-01 00:00:00+00:00', '2025-12-04 00:00:00+00:00') dist={0: 21734, 1: 21876}
2026-06-15 16:56:49 INFO crypto_research.ml_cpcv: [ml] fold 20/21 → model.predict: X_test=(17328, 1) y_test=(17328,) days=('2024-12-14 00:00:00+00:00', '2026-05-31 00:00:00+00:00') dist={0: 9266, 1: 8062}
2026-06-15 16:56:49 INFO crypto_research.ml_cpcv: [ml] fold 20/21 train=43610 test=17328 acc=0.4793 auc=0.5157
2026-06-15 16:56:49 INFO crypto_research.ml_cpcv: [ml] fold 21/21 → model.fit: X_train=(43659, 1) y_train=(43659,) days=('2023-01-01 00:00:00+00:00', '2025-06-09 00:00:00+00:00') dist={0: 21737, 1: 21922}
2026-06-15 16:56:49 INFO crypto_research.ml_cpcv: [ml] fold 21/21 → model.predict: X_test=(17328, 1) y_test=(17328,) days=('2025-06-10 00:00:00+00:00', '2026-05-31 00:00:00+00:00') dist={0: 9266, 1: 8062}
2026-06-15 16:56:50 INFO crypto_research.ml_cpcv: [ml] fold 21/21 train=43659 test=17328 acc=0.5362 auc=0.5458
2026-06-15 16:56:50 INFO crypto_research.ml_cpcv: [ml] CPCV mean: folds=21 acc=0.5091 logloss=0.6951 auc=0.5188
2026-06-15 16:56:50 INFO crypto_research.ml_cpcv: [ml] OOS paths: rows=60987 cols=[time_ns, y_prob, y_true] folds_merged=21
2026-06-15 16:56:50 INFO crypto_research.ml_cpcv: [ml] OOS weekday Пн: n=8722 base_up=0.5134 pred_up=0.7135 acc=0.4475 logloss=0.6973 auc=0.4107
2026-06-15 16:56:50 INFO crypto_research.ml_cpcv: [ml] OOS weekday Вт: n=8722 base_up=0.4744 pred_up=0.1461 acc=0.4623 logloss=0.7005 auc=0.3896
2026-06-15 16:56:50 INFO crypto_research.ml_cpcv: [ml] OOS weekday Ср: n=8722 base_up=0.4986 pred_up=0.4326 acc=0.4428 logloss=0.6962 auc=0.4285
2026-06-15 16:56:50 INFO crypto_research.ml_cpcv: [ml] OOS weekday Чт: n=8693 base_up=0.4324 pred_up=0.0000 acc=0.5676 logloss=0.6862 auc=0.4354
2026-06-15 16:56:50 INFO crypto_research.ml_cpcv: [ml] OOS weekday Пт: n=8693 base_up=0.5611 pred_up=1.0000 acc=0.5611 logloss=0.6901 auc=0.4131
2026-06-15 16:56:50 INFO crypto_research.ml_cpcv: [ml] OOS weekday Сб: n=8693 base_up=0.5155 pred_up=0.8534 acc=0.4828 logloss=0.6951 auc=0.4341
2026-06-15 16:56:50 INFO crypto_research.ml_cpcv: [ml] OOS weekday Вс: n=8742 base_up=0.4462 pred_up=0.0000 acc=0.5538 logloss=0.6964 auc=0.3749
2026-06-15 16:56:51 INFO crypto_research.ml_oos_paths: [ml] OOS plot saved: /home_admin/crypto_bot/crypto_research/research_outputs/day_of_week/ml/weekday_direction_49pairs_20230101_20260531_oos_prob.png (weekdays=7 calendar_days=1247 rows=60987)
2026-06-15 16:56:51 INFO crypto_research.ml_research: [ml] metrics saved: /home_admin/crypto_bot/crypto_research/research_outputs/day_of_week/ml/weekday_direction_49pairs_20230101_20260531_cpcv.json
2026-06-15 17:14:00 INFO crypto_research.ml_research: [ml] log file: /home_admin/crypto_bot/crypto_research/research_outputs/day_of_week/ml/weekday_direction_20230101_20260531.log
2026-06-15 17:14:00 INFO crypto_research.ml_dataset: [ml] pair filter: first_candle <= 2023-01-01 → 49 pairs
2026-06-15 17:14:42 INFO crypto_research.load: [1] Загрузка данных: пар=49 строк=87777304 ~2343.9 MB
2026-06-15 17:14:42 INFO crypto_research.load:   1000luncusdt: rows=1794241 2023-01-01 .. 2026-05-31
2026-06-15 17:14:42 INFO crypto_research.load:   aaveusdt: rows=1789396 2023-01-01 .. 2026-05-27
2026-06-15 17:14:42 INFO crypto_research.load:   adausdt: rows=1789396 2023-01-01 .. 2026-05-27
2026-06-15 17:14:42 INFO crypto_research.load:   algousdt: rows=1789396 2023-01-01 .. 2026-05-27
2026-06-15 17:14:42 INFO crypto_research.load:   aliceusdt: rows=1789396 2023-01-01 .. 2026-05-27
2026-06-15 17:14:42 INFO crypto_research.load:   apeusdt: rows=1794241 2023-01-01 .. 2026-05-31
2026-06-15 17:14:42 INFO crypto_research.load:   api3usdt: rows=1789396 2023-01-01 .. 2026-05-27
2026-06-15 17:14:42 INFO crypto_research.load:   aptusdt: rows=1789396 2023-01-01 .. 2026-05-27
2026-06-15 17:14:42 INFO crypto_research.load:   atomusdt: rows=1789396 2023-01-01 .. 2026-05-27
2026-06-15 17:14:42 INFO crypto_research.load:   avaxusdt: rows=1789396 2023-01-01 .. 2026-05-27
2026-06-15 17:14:42 INFO crypto_research.load:   axsusdt: rows=1794241 2023-01-01 .. 2026-05-31
2026-06-15 17:14:42 INFO crypto_research.load:   bchusdt: rows=1789396 2023-01-01 .. 2026-05-27
2026-06-15 17:14:42 INFO crypto_research.load:   bnbusdt: rows=1789396 2023-01-01 .. 2026-05-27
2026-06-15 17:14:42 INFO crypto_research.load:   btcusdt: rows=1789396 2023-01-01 .. 2026-05-27
2026-06-15 17:14:42 INFO crypto_research.load:   chzusdt: rows=1794241 2023-01-01 .. 2026-05-31
2026-06-15 17:14:42 INFO crypto_research.load:   crvusdt: rows=1789396 2023-01-01 .. 2026-05-27
2026-06-15 17:14:42 INFO crypto_research.load:   dashusdt: rows=1794241 2023-01-01 .. 2026-05-31
2026-06-15 17:14:42 INFO crypto_research.load:   dogeusdt: rows=1789396 2023-01-01 .. 2026-05-27
2026-06-15 17:14:42 INFO crypto_research.load:   dotusdt: rows=1789396 2023-01-01 .. 2026-05-27
2026-06-15 17:14:42 INFO crypto_research.load:   dydxusdt: rows=1789396 2023-01-01 .. 2026-05-27
2026-06-15 17:14:42 INFO crypto_research.load:   egldusdt: rows=1794241 2023-01-01 .. 2026-05-31
2026-06-15 17:14:42 INFO crypto_research.load:   enjusdt: rows=1789396 2023-01-01 .. 2026-05-27
2026-06-15 17:14:42 INFO crypto_research.load:   etcusdt: rows=1794241 2023-01-01 .. 2026-05-31
2026-06-15 17:14:42 INFO crypto_research.load:   ethusdt: rows=1789396 2023-01-01 .. 2026-05-27
2026-06-15 17:14:42 INFO crypto_research.load:   filusdt: rows=1789396 2023-01-01 .. 2026-05-27
2026-06-15 17:14:42 INFO crypto_research.load:   galausdt: rows=1789396 2023-01-01 .. 2026-05-27
2026-06-15 17:14:42 INFO crypto_research.load:   gmtusdt: rows=1794241 2023-01-01 .. 2026-05-31
2026-06-15 17:14:42 INFO crypto_research.load:   hbarusdt: rows=1794241 2023-01-01 .. 2026-05-31
2026-06-15 17:14:42 INFO crypto_research.load:   icpusdt: rows=1794241 2023-01-01 .. 2026-05-31
2026-06-15 17:14:42 INFO crypto_research.load:   injusdt: rows=1794241 2023-01-01 .. 2026-05-31
2026-06-15 17:14:42 INFO crypto_research.load:   ldousdt: rows=1794241 2023-01-01 .. 2026-05-31
2026-06-15 17:14:42 INFO crypto_research.load:   linkusdt: rows=1789396 2023-01-01 .. 2026-05-27
2026-06-15 17:14:42 INFO crypto_research.load:   ltcusdt: rows=1789396 2023-01-01 .. 2026-05-27
2026-06-15 17:14:42 INFO crypto_research.load:   nearusdt: rows=1789396 2023-01-01 .. 2026-05-27
2026-06-15 17:14:42 INFO crypto_research.load:   ontusdt: rows=1789396 2023-01-01 .. 2026-05-27
2026-06-15 17:14:42 INFO crypto_research.load:   opusdt: rows=1794241 2023-01-01 .. 2026-05-31
2026-06-15 17:14:42 INFO crypto_research.load:   paxgusdt: rows=1789396 2023-01-01 .. 2026-05-27
2026-06-15 17:14:42 INFO crypto_research.load:   sandusdt: rows=1794241 2023-01-01 .. 2026-05-31
2026-06-15 17:14:42 INFO crypto_research.load:   shib1000usdt: rows=1794241 2023-01-01 .. 2026-05-31
2026-06-15 17:14:42 INFO crypto_research.load:   solusdt: rows=1789396 2023-01-01 .. 2026-05-27
2026-06-15 17:14:42 INFO crypto_research.load:   storjusdt: rows=1794241 2023-01-01 .. 2026-05-31
2026-06-15 17:14:42 INFO crypto_research.load:   stxusdt: rows=1794241 2023-01-01 .. 2026-05-31
2026-06-15 17:14:42 INFO crypto_research.load:   trxusdt: rows=1794241 2023-01-01 .. 2026-05-31
2026-06-15 17:14:42 INFO crypto_research.load:   uniusdt: rows=1789396 2023-01-01 .. 2026-05-27
2026-06-15 17:14:42 INFO crypto_research.load:   xlmusdt: rows=1794241 2023-01-01 .. 2026-05-31
2026-06-15 17:14:42 INFO crypto_research.load:   xmrusdt: rows=1789396 2023-01-01 .. 2026-05-27
2026-06-15 17:14:42 INFO crypto_research.load:   xrpusdt: rows=1789396 2023-01-01 .. 2026-05-27
2026-06-15 17:14:42 INFO crypto_research.load:   zecusdt: rows=1789396 2023-01-01 .. 2026-05-27
2026-06-15 17:14:42 INFO crypto_research.load:   zenusdt: rows=1794241 2023-01-01 .. 2026-05-31
2026-06-15 17:14:46 INFO crypto_research.ml_dataset: [ml] pooled daily: pairs=49 rows=60987 period=2023-01-01..2026-05-31
2026-06-15 17:14:46 INFO crypto_research.ml_research: Loaded 49 pairs with 60987 daily rows
2026-06-15 17:14:46 INFO crypto_research.ml_dataset: [ml] dataset: rows=60987 pairs=49 weekdays=7 up_rate=0.492
2026-06-15 17:14:46 INFO crypto_research.ml_research: Dataset columns (7): ['day_utc', 'pair', 'weekday', 'return_pct', 'direction_up', 'pair_id', 'weekday_enc']
2026-06-15 17:14:46 INFO crypto_research.ml_research: Dataset head (50 rows):
shape: (50, 7)
┌─────────────────┬──────────────┬─────────┬────────────────┬──────────────┬─────────┬─────────────┐
│ day_utc         ┆ pair         ┆ weekday ┆ return_pct     ┆ direction_up ┆ pair_id ┆ weekday_enc │
│ ---             ┆ ---          ┆ ---     ┆ ---            ┆ ---          ┆ ---     ┆ ---         │
│ datetime[μs,    ┆ str          ┆ i64     ┆ f64            ┆ i8           ┆ i32     ┆ cat         │
│ UTC]            ┆              ┆         ┆                ┆              ┆         ┆             │
╞═════════════════╪══════════════╪═════════╪════════════════╪══════════════╪═════════╪═════════════╡
│ 2023-01-01      ┆ 1000luncusdt ┆ 6       ┆ 3.731849959008 ┆ 1            ┆ 0       ┆ 6           │
│ 00:00:00 UTC    ┆              ┆         ┆ 936            ┆              ┆         ┆             │
│ 2023-01-01      ┆ aaveusdt     ┆ 6       ┆ 0.481695554238 ┆ 1            ┆ 1       ┆ 6           │
│ 00:00:00 UTC    ┆              ┆         ┆ 7459           ┆              ┆         ┆             │
│ 2023-01-01      ┆ adausdt      ┆ 6       ┆ 1.668699580462 ┆ 1            ┆ 2       ┆ 6           │
│ 00:00:00 UTC    ┆              ┆         ┆ 8735           ┆              ┆         ┆             │
│ 2023-01-01      ┆ algousdt     ┆ 6       ┆ 3.197667795083 ┆ 1            ┆ 3       ┆ 6           │
│ 00:00:00 UTC    ┆              ┆         ┆ 05             ┆              ┆         ┆             │
│ 2023-01-01      ┆ aliceusdt    ┆ 6       ┆ 0.952380087370 ┆ 1            ┆ 4       ┆ 6           │
│ 00:00:00 UTC    ┆              ┆         ┆ 1953           ┆              ┆         ┆             │
│ 2023-01-01      ┆ apeusdt      ┆ 6       ┆ 6.360130741607 ┆ 1            ┆ 5       ┆ 6           │
│ 00:00:00 UTC    ┆              ┆         ┆ 824            ┆              ┆         ┆             │
│ 2023-01-01      ┆ api3usdt     ┆ 6       ┆ 0.197637700575 ┆ 1            ┆ 6       ┆ 6           │
│ 00:00:00 UTC    ┆              ┆         ┆ 23197          ┆              ┆         ┆             │
│ 2023-01-01      ┆ aptusdt      ┆ 6       ┆ 2.177069641134 ┆ 1            ┆ 7       ┆ 6           │
│ 00:00:00 UTC    ┆              ┆         ┆ 0085           ┆              ┆         ┆             │
│ 2023-01-01      ┆ atomusdt     ┆ 6       ┆ 1.122989710721 ┆ 1            ┆ 8       ┆ 6           │
│ 00:00:00 UTC    ┆              ┆         ┆ 5223           ┆              ┆         ┆             │
│ 2023-01-01      ┆ avaxusdt     ┆ 6       ┆ -0.36697213993 ┆ 0            ┆ 9       ┆ 6           │
│ 00:00:00 UTC    ┆              ┆         ┆ 499966         ┆              ┆         ┆             │
│ 2023-01-01      ┆ axsusdt      ┆ 6       ┆ 4.805301892051 ┆ 1            ┆ 10      ┆ 6           │
│ 00:00:00 UTC    ┆              ┆         ┆ 966            ┆              ┆         ┆             │
│ 2023-01-01      ┆ bchusdt      ┆ 6       ┆ -0.20618242086 ┆ 0            ┆ 11      ┆ 6           │
│ 00:00:00 UTC    ┆              ┆         ┆ 823454         ┆              ┆         ┆             │
│ 2023-01-01      ┆ bnbusdt      ┆ 6       ┆ -0.69105567001 ┆ 0            ┆ 12      ┆ 6           │
│ 00:00:00 UTC    ┆              ┆         ┆ 71494          ┆              ┆         ┆             │
│ 2023-01-01      ┆ btcusdt      ┆ 6       ┆ 0.441100939605 ┆ 1            ┆ 13      ┆ 6           │
│ 00:00:00 UTC    ┆              ┆         ┆ 4261           ┆              ┆         ┆             │
│ 2023-01-01      ┆ chzusdt      ┆ 6       ┆ 0.948578345108 ┆ 1            ┆ 14      ┆ 6           │
│ 00:00:00 UTC    ┆              ┆         ┆ 0779           ┆              ┆         ┆             │
│ 2023-01-01      ┆ crvusdt      ┆ 6       ┆ 0.190485100086 ┆ 1            ┆ 15      ┆ 6           │
│ 00:00:00 UTC    ┆              ┆         ┆ 9887           ┆              ┆         ┆             │
│ 2023-01-01      ┆ dashusdt     ┆ 6       ┆ 0.476759855308 ┆ 1            ┆ 16      ┆ 6           │
│ 00:00:00 UTC    ┆              ┆         ┆ 8536           ┆              ┆         ┆             │
│ 2023-01-01      ┆ dogeusdt     ┆ 6       ┆ 0              ┆ 0            ┆ 17      ┆ 6           │
│ 00:00:00 UTC    ┆              ┆         ┆                ┆              ┆         ┆             │
│ 2023-01-01      ┆ dotusdt      ┆ 6       ┆ 1.392110059770 ┆ 1            ┆ 18      ┆ 6           │
│ 00:00:00 UTC    ┆              ┆         ┆ 5982           ┆              ┆         ┆             │
│ 2023-01-01      ┆ dydxusdt     ┆ 6       ┆ 2.714929490673 ┆ 1            ┆ 19      ┆ 6           │
│ 00:00:00 UTC    ┆              ┆         ┆ 1947           ┆              ┆         ┆             │
│ 2023-01-01      ┆ egldusdt     ┆ 6       ┆ 0.457321735878 ┆ 1            ┆ 20      ┆ 6           │
│ 00:00:00 UTC    ┆              ┆         ┆ 0311           ┆              ┆         ┆             │
│ 2023-01-01      ┆ enjusdt      ┆ 6       ┆ 1.458333216918 ┆ 1            ┆ 21      ┆ 6           │
│ 00:00:00 UTC    ┆              ┆         ┆ 009            ┆              ┆         ┆             │
│ 2023-01-01      ┆ etcusdt      ┆ 6       ┆ 0.573980553802 ┆ 1            ┆ 22      ┆ 6           │
│ 00:00:00 UTC    ┆              ┆         ┆ 5573           ┆              ┆         ┆             │
│ 2023-01-01      ┆ ethusdt      ┆ 6       ┆ 0.317507236194 ┆ 1            ┆ 23      ┆ 6           │
│ 00:00:00 UTC    ┆              ┆         ┆ 82535          ┆              ┆         ┆             │
│ 2023-01-01      ┆ filusdt      ┆ 6       ┆ 3.322255978385 ┆ 1            ┆ 24      ┆ 6           │
│ 00:00:00 UTC    ┆              ┆         ┆ 4946           ┆              ┆         ┆             │
│ 2023-01-01      ┆ galausdt     ┆ 6       ┆ 1.382208067313 ┆ 1            ┆ 25      ┆ 6           │
│ 00:00:00 UTC    ┆              ┆         ┆ 1298           ┆              ┆         ┆             │
│ 2023-01-01      ┆ gmtusdt      ┆ 6       ┆ 4.745322482018 ┆ 1            ┆ 26      ┆ 6           │
│ 00:00:00 UTC    ┆              ┆         ┆ 379            ┆              ┆         ┆             │
│ 2023-01-01      ┆ hbarusdt     ┆ 6       ┆ 4.246575845788 ┆ 1            ┆ 27      ┆ 6           │
│ 00:00:00 UTC    ┆              ┆         ┆ 901            ┆              ┆         ┆             │
│ 2023-01-01      ┆ icpusdt      ┆ 6       ┆ 2.035627500399 ┆ 1            ┆ 28      ┆ 6           │
│ 00:00:00 UTC    ┆              ┆         ┆ 6394           ┆              ┆         ┆             │
│ 2023-01-01      ┆ injusdt      ┆ 6       ┆ -0.11760175781 ┆ 0            ┆ 29      ┆ 6           │
│ 00:00:00 UTC    ┆              ┆         ┆ 12222          ┆              ┆         ┆             │
│ 2023-01-01      ┆ ldousdt      ┆ 6       ┆ 13.28781592182 ┆ 1            ┆ 30      ┆ 6           │
│ 00:00:00 UTC    ┆              ┆         ┆ 776            ┆              ┆         ┆             │
│ 2023-01-01      ┆ linkusdt     ┆ 6       ┆ 0.951013345280 ┆ 1            ┆ 31      ┆ 6           │
│ 00:00:00 UTC    ┆              ┆         ┆ 0736           ┆              ┆         ┆             │
│ 2023-01-01      ┆ ltcusdt      ┆ 6       ┆ 1.141231197106 ┆ 1            ┆ 32      ┆ 6           │
│ 00:00:00 UTC    ┆              ┆         ┆ 446            ┆              ┆         ┆             │
│ 2023-01-01      ┆ nearusdt     ┆ 6       ┆ 1.593623984263 ┆ 1            ┆ 33      ┆ 6           │
│ 00:00:00 UTC    ┆              ┆         ┆ 234            ┆              ┆         ┆             │
│ 2023-01-01      ┆ ontusdt      ┆ 6       ┆ 2.403205122338 ┆ 1            ┆ 34      ┆ 6           │
│ 00:00:00 UTC    ┆              ┆         ┆ 7305           ┆              ┆         ┆             │
│ 2023-01-01      ┆ opusdt       ┆ 6       ┆ 0.709220503894 ┆ 1            ┆ 35      ┆ 6           │
│ 00:00:00 UTC    ┆              ┆         ┆ 3654           ┆              ┆         ┆             │
│ 2023-01-01      ┆ paxgusdt     ┆ 6       ┆ 0.440528634361 ┆ 1            ┆ 36      ┆ 6           │
│ 00:00:00 UTC    ┆              ┆         ┆ 2335           ┆              ┆         ┆             │
│ 2023-01-01      ┆ sandusdt     ┆ 6       ┆ 1.463671001063 ┆ 1            ┆ 37      ┆ 6           │
│ 00:00:00 UTC    ┆              ┆         ┆ 5674           ┆              ┆         ┆             │
│ 2023-01-01      ┆ shib1000usdt ┆ 6       ┆ 0.680695366001 ┆ 1            ┆ 38      ┆ 6           │
│ 00:00:00 UTC    ┆              ┆         ┆ 7008           ┆              ┆         ┆             │
│ 2023-01-01      ┆ solusdt      ┆ 6       ┆ 0.150520716696 ┆ 1            ┆ 39      ┆ 6           │
│ 00:00:00 UTC    ┆              ┆         ┆ 0473           ┆              ┆         ┆             │
│ 2023-01-01      ┆ storjusdt    ┆ 6       ┆ 1.014197814274 ┆ 1            ┆ 40      ┆ 6           │
│ 00:00:00 UTC    ┆              ┆         ┆ 708            ┆              ┆         ┆             │
│ 2023-01-01      ┆ stxusdt      ┆ 6       ┆ 1.913872289067 ┆ 1            ┆ 41      ┆ 6           │
│ 00:00:00 UTC    ┆              ┆         ┆ 1183           ┆              ┆         ┆             │
│ 2023-01-01      ┆ trxusdt      ┆ 6       ┆ 0.569329702959 ┆ 1            ┆ 42      ┆ 6           │
│ 00:00:00 UTC    ┆              ┆         ┆ 9329           ┆              ┆         ┆             │
│ 2023-01-01      ┆ uniusdt      ┆ 6       ┆ 1.626333228395 ┆ 1            ┆ 43      ┆ 6           │
│ 00:00:00 UTC    ┆              ┆         ┆ 3067           ┆              ┆         ┆             │
│ 2023-01-01      ┆ xlmusdt      ┆ 6       ┆ 1.898734973089 ┆ 1            ┆ 44      ┆ 6           │
│ 00:00:00 UTC    ┆              ┆         ┆ 8848           ┆              ┆         ┆             │
│ 2023-01-01      ┆ xmrusdt      ┆ 6       ┆ 0.883154265427 ┆ 1            ┆ 45      ┆ 6           │
│ 00:00:00 UTC    ┆              ┆         ┆ 6778           ┆              ┆         ┆             │
│ 2023-01-01      ┆ xrpusdt      ┆ 6       ┆ -0.02949462995 ┆ 0            ┆ 46      ┆ 6           │
│ 00:00:00 UTC    ┆              ┆         ┆ 5361572        ┆              ┆         ┆             │
│ 2023-01-01      ┆ zecusdt      ┆ 6       ┆ -0.40213864410 ┆ 0            ┆ 47      ┆ 6           │
│ 00:00:00 UTC    ┆              ┆         ┆ 11126          ┆              ┆         ┆             │
│ 2023-01-01      ┆ zenusdt      ┆ 6       ┆ 2.173911015342 ┆ 1            ┆ 48      ┆ 6           │
│ 00:00:00 UTC    ┆              ┆         ┆ 8576           ┆              ┆         ┆             │
│ 2023-01-02      ┆ 1000luncusdt ┆ 0       ┆ 6.195875326614 ┆ 1            ┆ 0       ┆ 0           │
│ 00:00:00 UTC    ┆              ┆         ┆ 408            ┆              ┆         ┆             │
└─────────────────┴──────────────┴─────────┴────────────────┴──────────────┴─────────┴─────────────┘
2026-06-15 17:14:46 INFO crypto_research.ml_cpcv: [ml] X: shape=(60987, 1) columns=['weekday_enc'] dtypes={'weekday_enc': 'category'}
2026-06-15 17:14:46 INFO crypto_research.ml_cpcv: [ml] X head (3 rows):
  weekday_enc
0           6
1           6
2           6
2026-06-15 17:14:46 INFO crypto_research.ml_cpcv: [ml] y (direction_up): shape=(60987,) dtype=int8 distribution={0: 31003, 1: 29984}
2026-06-15 17:14:46 INFO crypto_research.ml_cpcv: [ml] y head (3 values): [1, 1, 1]
2026-06-15 17:14:46 INFO crypto_research.ml_cpcv: [ml] CV: CombinatorialPurgedCV n_splits=7 n_test_groups=2 embargo_days=1 n_folds=C(7,2)=21 n_days=1247
2026-06-15 17:14:46 INFO crypto_research.ml_cpcv: [ml] CV time range: 2023-01-01 00:00:00+00:00 .. 2026-05-31 00:00:00+00:00 (prediction_times=evaluation_times, purge=None)
2026-06-15 17:14:47 INFO crypto_research.ml_cpcv: [ml] CV day splits:
  fold1: train_days=889 test_days=357
  fold2: train_days=888 test_days=357
  fold3: train_days=888 test_days=357
  fold4: train_days=888 test_days=357
  fold5: train_days=888 test_days=357
  fold6: train_days=889 test_days=357
  fold7: train_days=890 test_days=356
  fold8: train_days=889 test_days=356
  fold9: train_days=889 test_days=356
  fold10: train_days=889 test_days=356
  fold11: train_days=890 test_days=356
  fold12: train_days=890 test_days=356
  fold13: train_days=889 test_days=356
  fold14: train_days=889 test_days=356
  fold15: train_days=890 test_days=356
  fold16: train_days=890 test_days=356
  fold17: train_days=889 test_days=356
  fold18: train_days=890 test_days=356
  fold19: train_days=890 test_days=356
  fold20: train_days=890 test_days=356
  fold21: train_days=891 test_days=356
2026-06-15 17:14:47 INFO crypto_research.ml_cpcv: [ml] fold 1/21 → model.fit: X_train=(43445, 1) y_train=(43445,) days=('2023-12-25 00:00:00+00:00', '2026-05-31 00:00:00+00:00') dist={0: 22484, 1: 20961}
2026-06-15 17:14:47 INFO crypto_research.ml_cpcv: [ml] fold 1/21 → model.predict: X_test=(17493, 1) y_test=(17493,) days=('2023-01-01 00:00:00+00:00', '2023-12-23 00:00:00+00:00') dist={0: 8488, 1: 9005}
2026-06-15 17:14:47 INFO crypto_research.ml_cpcv: [ml] fold 1 X_train head:
      weekday_enc
17542           0
17543           0
17544           0
2026-06-15 17:14:47 INFO crypto_research.ml_cpcv: [ml] fold 1 y_train head: [1, 1, 1]
2026-06-15 17:14:47 INFO crypto_research.ml_cpcv: [ml] fold 1 X_test head:
  weekday_enc
0           6
1           6
2           6
2026-06-15 17:14:47 INFO crypto_research.ml_cpcv: [ml] fold 1 y_test head: [1, 1, 1]
2026-06-15 17:14:47 INFO crypto_research.ml_cpcv: [ml] fold 1/21 train=43445 test=17493 acc=0.5113 auc=0.5104
2026-06-15 17:14:47 INFO crypto_research.ml_cpcv: [ml] fold 2/21 → model.fit: X_train=(43396, 1) y_train=(43396,) days=('2023-06-30 00:00:00+00:00', '2026-05-31 00:00:00+00:00') dist={0: 22204, 1: 21192}
2026-06-15 17:14:47 INFO crypto_research.ml_cpcv: [ml] fold 2/21 → model.predict: X_test=(17493, 1) y_test=(17493,) days=('2023-01-01 00:00:00+00:00', '2024-06-18 00:00:00+00:00') dist={0: 8784, 1: 8709}
2026-06-15 17:14:47 INFO crypto_research.ml_cpcv: [ml] fold 2/21 train=43396 test=17493 acc=0.5143 auc=0.5150
2026-06-15 17:14:47 INFO crypto_research.ml_cpcv: [ml] fold 3/21 → model.fit: X_train=(43396, 1) y_train=(43396,) days=('2023-06-30 00:00:00+00:00', '2026-05-31 00:00:00+00:00') dist={0: 22493, 1: 20903}
2026-06-15 17:14:47 INFO crypto_research.ml_cpcv: [ml] fold 3/21 → model.predict: X_test=(17493, 1) y_test=(17493,) days=('2023-01-01 00:00:00+00:00', '2024-12-13 00:00:00+00:00') dist={0: 8460, 1: 9033}
2026-06-15 17:14:47 INFO crypto_research.ml_cpcv: [ml] fold 3/21 train=43396 test=17493 acc=0.5032 auc=0.5110
2026-06-15 17:14:47 INFO crypto_research.ml_cpcv: [ml] fold 4/21 → model.fit: X_train=(43396, 1) y_train=(43396,) days=('2023-06-30 00:00:00+00:00', '2026-05-31 00:00:00+00:00') dist={0: 22266, 1: 21130}
2026-06-15 17:14:47 INFO crypto_research.ml_cpcv: [ml] fold 4/21 → model.predict: X_test=(17493, 1) y_test=(17493,) days=('2023-01-01 00:00:00+00:00', '2025-06-09 00:00:00+00:00') dist={0: 8728, 1: 8765}
2026-06-15 17:14:48 INFO crypto_research.ml_cpcv: [ml] fold 4/21 train=43396 test=17493 acc=0.5115 auc=0.5136
2026-06-15 17:14:48 INFO crypto_research.ml_cpcv: [ml] fold 5/21 → model.fit: X_train=(43396, 1) y_train=(43396,) days=('2023-06-30 00:00:00+00:00', '2026-05-31 00:00:00+00:00') dist={0: 22222, 1: 21174}
2026-06-15 17:14:48 INFO crypto_research.ml_cpcv: [ml] fold 5/21 → model.predict: X_test=(17493, 1) y_test=(17493,) days=('2023-01-01 00:00:00+00:00', '2025-12-04 00:00:00+00:00') dist={0: 8728, 1: 8765}
2026-06-15 17:14:48 INFO crypto_research.ml_cpcv: [ml] fold 5/21 train=43396 test=17493 acc=0.4828 auc=0.4771
2026-06-15 17:14:48 INFO crypto_research.ml_cpcv: [ml] fold 6/21 → model.fit: X_train=(43561, 1) y_train=(43561,) days=('2023-06-30 00:00:00+00:00', '2025-12-04 00:00:00+00:00') dist={0: 21977, 1: 21584}
2026-06-15 17:14:48 INFO crypto_research.ml_cpcv: [ml] fold 6/21 → model.predict: X_test=(17377, 1) y_test=(17377,) days=('2023-01-01 00:00:00+00:00', '2026-05-31 00:00:00+00:00') dist={0: 9020, 1: 8357}
2026-06-15 17:14:48 INFO crypto_research.ml_cpcv: [ml] fold 6/21 train=43561 test=17377 acc=0.5203 auc=0.5223
2026-06-15 17:14:48 INFO crypto_research.ml_cpcv: [ml] fold 7/21 → model.fit: X_train=(43494, 1) y_train=(43494,) days=('2023-01-01 00:00:00+00:00', '2026-05-31 00:00:00+00:00') dist={0: 22204, 1: 21290}
2026-06-15 17:14:48 INFO crypto_research.ml_cpcv: [ml] fold 7/21 → model.predict: X_test=(17444, 1) y_test=(17444,) days=('2023-06-29 00:00:00+00:00', '2024-06-18 00:00:00+00:00') dist={0: 8790, 1: 8654}
2026-06-15 17:14:48 INFO crypto_research.ml_cpcv: [ml] fold 7/21 train=43494 test=17444 acc=0.4848 auc=0.4948
2026-06-15 17:14:48 INFO crypto_research.ml_cpcv: [ml] fold 8/21 → model.fit: X_train=(43445, 1) y_train=(43445,) days=('2023-01-01 00:00:00+00:00', '2026-05-31 00:00:00+00:00') dist={0: 22462, 1: 20983}
2026-06-15 17:14:48 INFO crypto_research.ml_cpcv: [ml] fold 8/21 → model.predict: X_test=(17444, 1) y_test=(17444,) days=('2023-06-29 00:00:00+00:00', '2024-12-13 00:00:00+00:00') dist={0: 8466, 1: 8978}
2026-06-15 17:14:49 INFO crypto_research.ml_cpcv: [ml] fold 8/21 train=43445 test=17444 acc=0.5113 auc=0.5420
2026-06-15 17:14:49 INFO crypto_research.ml_cpcv: [ml] fold 9/21 → model.fit: X_train=(43445, 1) y_train=(43445,) days=('2023-01-01 00:00:00+00:00', '2026-05-31 00:00:00+00:00') dist={0: 22235, 1: 21210}
2026-06-15 17:14:49 INFO crypto_research.ml_cpcv: [ml] fold 9/21 → model.predict: X_test=(17444, 1) y_test=(17444,) days=('2023-06-29 00:00:00+00:00', '2025-06-09 00:00:00+00:00') dist={0: 8734, 1: 8710}
2026-06-15 17:14:49 INFO crypto_research.ml_cpcv: [ml] fold 9/21 train=43445 test=17444 acc=0.5406 auc=0.5569
2026-06-15 17:14:49 INFO crypto_research.ml_cpcv: [ml] fold 10/21 → model.fit: X_train=(43445, 1) y_train=(43445,) days=('2023-01-01 00:00:00+00:00', '2026-05-31 00:00:00+00:00') dist={0: 22191, 1: 21254}
2026-06-15 17:14:49 INFO crypto_research.ml_cpcv: [ml] fold 10/21 → model.predict: X_test=(17444, 1) y_test=(17444,) days=('2023-06-29 00:00:00+00:00', '2025-12-04 00:00:00+00:00') dist={0: 8734, 1: 8710}
2026-06-15 17:14:49 INFO crypto_research.ml_cpcv: [ml] fold 10/21 train=43445 test=17444 acc=0.4960 auc=0.5067
2026-06-15 17:14:49 INFO crypto_research.ml_cpcv: [ml] fold 11/21 → model.fit: X_train=(43610, 1) y_train=(43610,) days=('2023-01-01 00:00:00+00:00', '2025-12-04 00:00:00+00:00') dist={0: 21946, 1: 21664}
2026-06-15 17:14:49 INFO crypto_research.ml_cpcv: [ml] fold 11/21 → model.predict: X_test=(17328, 1) y_test=(17328,) days=('2023-06-29 00:00:00+00:00', '2026-05-31 00:00:00+00:00') dist={0: 9026, 1: 8302}
2026-06-15 17:14:49 INFO crypto_research.ml_cpcv: [ml] fold 11/21 train=43610 test=17328 acc=0.5575 auc=0.5662
2026-06-15 17:14:49 INFO crypto_research.ml_cpcv: [ml] fold 12/21 → model.fit: X_train=(43494, 1) y_train=(43494,) days=('2023-01-01 00:00:00+00:00', '2026-05-31 00:00:00+00:00') dist={0: 22197, 1: 21297}
2026-06-15 17:14:49 INFO crypto_research.ml_cpcv: [ml] fold 12/21 → model.predict: X_test=(17444, 1) y_test=(17444,) days=('2023-12-24 00:00:00+00:00', '2024-12-13 00:00:00+00:00') dist={0: 8762, 1: 8682}
2026-06-15 17:14:49 INFO crypto_research.ml_cpcv: [ml] fold 12/21 train=43494 test=17444 acc=0.4895 auc=0.4974
2026-06-15 17:14:50 INFO crypto_research.ml_cpcv: [ml] fold 13/21 → model.fit: X_train=(43445, 1) y_train=(43445,) days=('2023-01-01 00:00:00+00:00', '2026-05-31 00:00:00+00:00') dist={0: 21961, 1: 21484}
2026-06-15 17:14:50 INFO crypto_research.ml_cpcv: [ml] fold 13/21 → model.predict: X_test=(17444, 1) y_test=(17444,) days=('2023-12-24 00:00:00+00:00', '2025-06-09 00:00:00+00:00') dist={0: 9030, 1: 8414}
2026-06-15 17:14:50 INFO crypto_research.ml_cpcv: [ml] fold 13/21 train=43445 test=17444 acc=0.4853 auc=0.5114
2026-06-15 17:14:50 INFO crypto_research.ml_cpcv: [ml] fold 14/21 → model.fit: X_train=(43445, 1) y_train=(43445,) days=('2023-01-01 00:00:00+00:00', '2026-05-31 00:00:00+00:00') dist={0: 21917, 1: 21528}
2026-06-15 17:14:50 INFO crypto_research.ml_cpcv: [ml] fold 14/21 → model.predict: X_test=(17444, 1) y_test=(17444,) days=('2023-12-24 00:00:00+00:00', '2025-12-04 00:00:00+00:00') dist={0: 9030, 1: 8414}
2026-06-15 17:14:50 INFO crypto_research.ml_cpcv: [ml] fold 14/21 train=43445 test=17444 acc=0.4751 auc=0.4784
2026-06-15 17:14:50 INFO crypto_research.ml_cpcv: [ml] fold 15/21 → model.fit: X_train=(43610, 1) y_train=(43610,) days=('2023-01-01 00:00:00+00:00', '2025-12-04 00:00:00+00:00') dist={0: 21672, 1: 21938}
2026-06-15 17:14:50 INFO crypto_research.ml_cpcv: [ml] fold 15/21 → model.predict: X_test=(17328, 1) y_test=(17328,) days=('2023-12-24 00:00:00+00:00', '2026-05-31 00:00:00+00:00') dist={0: 9322, 1: 8006}
2026-06-15 17:14:50 INFO crypto_research.ml_cpcv: [ml] fold 15/21 train=43610 test=17328 acc=0.4890 auc=0.4952
2026-06-15 17:14:50 INFO crypto_research.ml_cpcv: [ml] fold 16/21 → model.fit: X_train=(43494, 1) y_train=(43494,) days=('2023-01-01 00:00:00+00:00', '2026-05-31 00:00:00+00:00') dist={0: 22294, 1: 21200}
2026-06-15 17:14:50 INFO crypto_research.ml_cpcv: [ml] fold 16/21 → model.predict: X_test=(17444, 1) y_test=(17444,) days=('2024-06-19 00:00:00+00:00', '2025-06-09 00:00:00+00:00') dist={0: 8706, 1: 8738}
2026-06-15 17:14:50 INFO crypto_research.ml_cpcv: [ml] fold 16/21 train=43494 test=17444 acc=0.5427 auc=0.5510
2026-06-15 17:14:50 INFO crypto_research.ml_cpcv: [ml] fold 17/21 → model.fit: X_train=(43445, 1) y_train=(43445,) days=('2023-01-01 00:00:00+00:00', '2026-05-31 00:00:00+00:00') dist={0: 22206, 1: 21239}
2026-06-15 17:14:50 INFO crypto_research.ml_cpcv: [ml] fold 17/21 → model.predict: X_test=(17444, 1) y_test=(17444,) days=('2024-06-19 00:00:00+00:00', '2025-12-04 00:00:00+00:00') dist={0: 8706, 1: 8738}
2026-06-15 17:14:51 INFO crypto_research.ml_cpcv: [ml] fold 17/21 train=43445 test=17444 acc=0.5187 auc=0.5205
2026-06-15 17:14:51 INFO crypto_research.ml_cpcv: [ml] fold 18/21 → model.fit: X_train=(43610, 1) y_train=(43610,) days=('2023-01-01 00:00:00+00:00', '2025-12-04 00:00:00+00:00') dist={0: 21961, 1: 21649}
2026-06-15 17:14:51 INFO crypto_research.ml_cpcv: [ml] fold 18/21 → model.predict: X_test=(17328, 1) y_test=(17328,) days=('2024-06-19 00:00:00+00:00', '2026-05-31 00:00:00+00:00') dist={0: 8998, 1: 8330}
2026-06-15 17:14:51 INFO crypto_research.ml_cpcv: [ml] fold 18/21 train=43610 test=17328 acc=0.5309 auc=0.5452
2026-06-15 17:14:51 INFO crypto_research.ml_cpcv: [ml] fold 19/21 → model.fit: X_train=(43494, 1) y_train=(43494,) days=('2023-01-01 00:00:00+00:00', '2026-05-31 00:00:00+00:00') dist={0: 21982, 1: 21512}
2026-06-15 17:14:51 INFO crypto_research.ml_cpcv: [ml] fold 19/21 → model.predict: X_test=(17444, 1) y_test=(17444,) days=('2024-12-14 00:00:00+00:00', '2025-12-04 00:00:00+00:00') dist={0: 8974, 1: 8470}
2026-06-15 17:14:51 INFO crypto_research.ml_cpcv: [ml] fold 19/21 train=43494 test=17444 acc=0.5101 auc=0.5186
2026-06-15 17:14:51 INFO crypto_research.ml_cpcv: [ml] fold 20/21 → model.fit: X_train=(43610, 1) y_train=(43610,) days=('2023-01-01 00:00:00+00:00', '2025-12-04 00:00:00+00:00') dist={0: 21734, 1: 21876}
2026-06-15 17:14:51 INFO crypto_research.ml_cpcv: [ml] fold 20/21 → model.predict: X_test=(17328, 1) y_test=(17328,) days=('2024-12-14 00:00:00+00:00', '2026-05-31 00:00:00+00:00') dist={0: 9266, 1: 8062}
2026-06-15 17:14:51 INFO crypto_research.ml_cpcv: [ml] fold 20/21 train=43610 test=17328 acc=0.4793 auc=0.5157
2026-06-15 17:14:51 INFO crypto_research.ml_cpcv: [ml] fold 21/21 → model.fit: X_train=(43659, 1) y_train=(43659,) days=('2023-01-01 00:00:00+00:00', '2025-06-09 00:00:00+00:00') dist={0: 21737, 1: 21922}
2026-06-15 17:14:51 INFO crypto_research.ml_cpcv: [ml] fold 21/21 → model.predict: X_test=(17328, 1) y_test=(17328,) days=('2025-06-10 00:00:00+00:00', '2026-05-31 00:00:00+00:00') dist={0: 9266, 1: 8062}
2026-06-15 17:14:51 INFO crypto_research.ml_cpcv: [ml] fold 21/21 train=43659 test=17328 acc=0.5362 auc=0.5458
2026-06-15 17:14:51 INFO crypto_research.ml_cpcv: [ml] CPCV mean: folds=21 acc=0.5091 logloss=0.6951 auc=0.5188
2026-06-15 17:14:52 INFO crypto_research.ml_cpcv: [ml] OOS paths: rows=60987 cols=[time_ns, y_prob, y_true] folds_merged=21
2026-06-15 17:14:52 INFO crypto_research.ml_cpcv: [ml] OOS calibration: brier=0.2507 ece=0.0338
2026-06-15 17:14:52 INFO crypto_research.ml_cpcv: [ml] OOS weekday Пн: n=8722 base_up=0.5134 pred_up=0.7135 acc=0.4475 logloss=0.6973 auc=0.4107
2026-06-15 17:14:52 INFO crypto_research.ml_cpcv: [ml] OOS weekday Вт: n=8722 base_up=0.4744 pred_up=0.1461 acc=0.4623 logloss=0.7005 auc=0.3896
2026-06-15 17:14:52 INFO crypto_research.ml_cpcv: [ml] OOS weekday Ср: n=8722 base_up=0.4986 pred_up=0.4326 acc=0.4428 logloss=0.6962 auc=0.4285
2026-06-15 17:14:52 INFO crypto_research.ml_cpcv: [ml] OOS weekday Чт: n=8693 base_up=0.4324 pred_up=0.0000 acc=0.5676 logloss=0.6862 auc=0.4354
2026-06-15 17:14:52 INFO crypto_research.ml_cpcv: [ml] OOS weekday Пт: n=8693 base_up=0.5611 pred_up=1.0000 acc=0.5611 logloss=0.6901 auc=0.4131
2026-06-15 17:14:52 INFO crypto_research.ml_cpcv: [ml] OOS weekday Сб: n=8693 base_up=0.5155 pred_up=0.8534 acc=0.4828 logloss=0.6951 auc=0.4341
2026-06-15 17:14:52 INFO crypto_research.ml_cpcv: [ml] OOS weekday Вс: n=8742 base_up=0.4462 pred_up=0.0000 acc=0.5538 logloss=0.6964 auc=0.3749
2026-06-15 17:14:53 INFO crypto_research.ml_oos_paths: [ml] OOS plot saved: /home_admin/crypto_bot/crypto_research/research_outputs/day_of_week/ml/weekday_direction_49pairs_20230101_20260531_oos_prob.png (weekdays=7 calendar_days=1247 rows=60987)
2026-06-15 17:14:54 INFO crypto_research.ml_oos_paths: [ml] OOS calibration plot saved: /home_admin/crypto_bot/crypto_research/research_outputs/day_of_week/ml/weekday_direction_49pairs_20230101_20260531_oos_calibration.png (brier=0.2507 ece=0.0338 rows=60987)
2026-06-15 17:14:54 INFO crypto_research.ml_research: [ml] metrics saved: /home_admin/crypto_bot/crypto_research/research_outputs/day_of_week/ml/weekday_direction_49pairs_20230101_20260531_cpcv.json
2026-06-15 18:10:38 INFO crypto_research.ml_research: [ml] log file: /home_admin/crypto_bot/crypto_research/research_outputs/day_of_week/ml/weekday_direction_20230101_20260531.log
2026-06-15 18:10:38 INFO crypto_research.ml_dataset: [ml] pair filter: first_candle <= 2023-01-01 → 49 pairs
2026-06-15 18:10:57 INFO crypto_research.load: [1] Загрузка данных: пар=49 строк=87777304 ~2343.9 MB
2026-06-15 18:10:57 INFO crypto_research.load:   1000luncusdt: rows=1794241 2023-01-01 .. 2026-05-31
2026-06-15 18:10:57 INFO crypto_research.load:   aaveusdt: rows=1789396 2023-01-01 .. 2026-05-27
2026-06-15 18:10:57 INFO crypto_research.load:   adausdt: rows=1789396 2023-01-01 .. 2026-05-27
2026-06-15 18:10:57 INFO crypto_research.load:   algousdt: rows=1789396 2023-01-01 .. 2026-05-27
2026-06-15 18:10:57 INFO crypto_research.load:   aliceusdt: rows=1789396 2023-01-01 .. 2026-05-27
2026-06-15 18:10:57 INFO crypto_research.load:   apeusdt: rows=1794241 2023-01-01 .. 2026-05-31
2026-06-15 18:10:57 INFO crypto_research.load:   api3usdt: rows=1789396 2023-01-01 .. 2026-05-27
2026-06-15 18:10:57 INFO crypto_research.load:   aptusdt: rows=1789396 2023-01-01 .. 2026-05-27
2026-06-15 18:10:57 INFO crypto_research.load:   atomusdt: rows=1789396 2023-01-01 .. 2026-05-27
2026-06-15 18:10:57 INFO crypto_research.load:   avaxusdt: rows=1789396 2023-01-01 .. 2026-05-27
2026-06-15 18:10:57 INFO crypto_research.load:   axsusdt: rows=1794241 2023-01-01 .. 2026-05-31
2026-06-15 18:10:57 INFO crypto_research.load:   bchusdt: rows=1789396 2023-01-01 .. 2026-05-27
2026-06-15 18:10:57 INFO crypto_research.load:   bnbusdt: rows=1789396 2023-01-01 .. 2026-05-27
2026-06-15 18:10:57 INFO crypto_research.load:   btcusdt: rows=1789396 2023-01-01 .. 2026-05-27
2026-06-15 18:10:57 INFO crypto_research.load:   chzusdt: rows=1794241 2023-01-01 .. 2026-05-31
2026-06-15 18:10:57 INFO crypto_research.load:   crvusdt: rows=1789396 2023-01-01 .. 2026-05-27
2026-06-15 18:10:57 INFO crypto_research.load:   dashusdt: rows=1794241 2023-01-01 .. 2026-05-31
2026-06-15 18:10:57 INFO crypto_research.load:   dogeusdt: rows=1789396 2023-01-01 .. 2026-05-27
2026-06-15 18:10:57 INFO crypto_research.load:   dotusdt: rows=1789396 2023-01-01 .. 2026-05-27
2026-06-15 18:10:57 INFO crypto_research.load:   dydxusdt: rows=1789396 2023-01-01 .. 2026-05-27
2026-06-15 18:10:57 INFO crypto_research.load:   egldusdt: rows=1794241 2023-01-01 .. 2026-05-31
2026-06-15 18:10:57 INFO crypto_research.load:   enjusdt: rows=1789396 2023-01-01 .. 2026-05-27
2026-06-15 18:10:57 INFO crypto_research.load:   etcusdt: rows=1794241 2023-01-01 .. 2026-05-31
2026-06-15 18:10:57 INFO crypto_research.load:   ethusdt: rows=1789396 2023-01-01 .. 2026-05-27
2026-06-15 18:10:57 INFO crypto_research.load:   filusdt: rows=1789396 2023-01-01 .. 2026-05-27
2026-06-15 18:10:57 INFO crypto_research.load:   galausdt: rows=1789396 2023-01-01 .. 2026-05-27
2026-06-15 18:10:57 INFO crypto_research.load:   gmtusdt: rows=1794241 2023-01-01 .. 2026-05-31
2026-06-15 18:10:57 INFO crypto_research.load:   hbarusdt: rows=1794241 2023-01-01 .. 2026-05-31
2026-06-15 18:10:57 INFO crypto_research.load:   icpusdt: rows=1794241 2023-01-01 .. 2026-05-31
2026-06-15 18:10:57 INFO crypto_research.load:   injusdt: rows=1794241 2023-01-01 .. 2026-05-31
2026-06-15 18:10:57 INFO crypto_research.load:   ldousdt: rows=1794241 2023-01-01 .. 2026-05-31
2026-06-15 18:10:57 INFO crypto_research.load:   linkusdt: rows=1789396 2023-01-01 .. 2026-05-27
2026-06-15 18:10:57 INFO crypto_research.load:   ltcusdt: rows=1789396 2023-01-01 .. 2026-05-27
2026-06-15 18:10:57 INFO crypto_research.load:   nearusdt: rows=1789396 2023-01-01 .. 2026-05-27
2026-06-15 18:10:57 INFO crypto_research.load:   ontusdt: rows=1789396 2023-01-01 .. 2026-05-27
2026-06-15 18:10:57 INFO crypto_research.load:   opusdt: rows=1794241 2023-01-01 .. 2026-05-31
2026-06-15 18:10:57 INFO crypto_research.load:   paxgusdt: rows=1789396 2023-01-01 .. 2026-05-27
2026-06-15 18:10:57 INFO crypto_research.load:   sandusdt: rows=1794241 2023-01-01 .. 2026-05-31
2026-06-15 18:10:57 INFO crypto_research.load:   shib1000usdt: rows=1794241 2023-01-01 .. 2026-05-31
2026-06-15 18:10:57 INFO crypto_research.load:   solusdt: rows=1789396 2023-01-01 .. 2026-05-27
2026-06-15 18:10:57 INFO crypto_research.load:   storjusdt: rows=1794241 2023-01-01 .. 2026-05-31
2026-06-15 18:10:57 INFO crypto_research.load:   stxusdt: rows=1794241 2023-01-01 .. 2026-05-31
2026-06-15 18:10:57 INFO crypto_research.load:   trxusdt: rows=1794241 2023-01-01 .. 2026-05-31
2026-06-15 18:10:57 INFO crypto_research.load:   uniusdt: rows=1789396 2023-01-01 .. 2026-05-27
2026-06-15 18:10:57 INFO crypto_research.load:   xlmusdt: rows=1794241 2023-01-01 .. 2026-05-31
2026-06-15 18:10:57 INFO crypto_research.load:   xmrusdt: rows=1789396 2023-01-01 .. 2026-05-27
2026-06-15 18:10:57 INFO crypto_research.load:   xrpusdt: rows=1789396 2023-01-01 .. 2026-05-27
2026-06-15 18:10:57 INFO crypto_research.load:   zecusdt: rows=1789396 2023-01-01 .. 2026-05-27
2026-06-15 18:10:57 INFO crypto_research.load:   zenusdt: rows=1794241 2023-01-01 .. 2026-05-31
2026-06-15 18:11:01 INFO crypto_research.ml_dataset: [ml] pooled daily: pairs=49 rows=60987 period=2023-01-01..2026-05-31
2026-06-15 18:11:01 INFO crypto_research.ml_research: Loaded 49 pairs with 60987 daily rows
2026-06-15 18:11:01 INFO crypto_research.ml_dataset: [ml] dataset: rows=60987 pairs=49 weekdays=7 up_rate=0.492
2026-06-15 18:11:01 INFO crypto_research.ml_research: Dataset columns (7): ['day_utc', 'pair', 'weekday', 'return_pct', 'direction_up', 'pair_id', 'weekday_enc']
2026-06-15 18:11:01 INFO crypto_research.ml_research: Dataset head (50 rows):
shape: (50, 7)
┌─────────────────┬──────────────┬─────────┬────────────────┬──────────────┬─────────┬─────────────┐
│ day_utc         ┆ pair         ┆ weekday ┆ return_pct     ┆ direction_up ┆ pair_id ┆ weekday_enc │
│ ---             ┆ ---          ┆ ---     ┆ ---            ┆ ---          ┆ ---     ┆ ---         │
│ datetime[μs,    ┆ str          ┆ i64     ┆ f64            ┆ i8           ┆ i32     ┆ cat         │
│ UTC]            ┆              ┆         ┆                ┆              ┆         ┆             │
╞═════════════════╪══════════════╪═════════╪════════════════╪══════════════╪═════════╪═════════════╡
│ 2023-01-01      ┆ 1000luncusdt ┆ 6       ┆ 3.731849959008 ┆ 1            ┆ 0       ┆ 6           │
│ 00:00:00 UTC    ┆              ┆         ┆ 936            ┆              ┆         ┆             │
│ 2023-01-01      ┆ aaveusdt     ┆ 6       ┆ 0.481695554238 ┆ 1            ┆ 1       ┆ 6           │
│ 00:00:00 UTC    ┆              ┆         ┆ 7459           ┆              ┆         ┆             │
│ 2023-01-01      ┆ adausdt      ┆ 6       ┆ 1.668699580462 ┆ 1            ┆ 2       ┆ 6           │
│ 00:00:00 UTC    ┆              ┆         ┆ 8735           ┆              ┆         ┆             │
│ 2023-01-01      ┆ algousdt     ┆ 6       ┆ 3.197667795083 ┆ 1            ┆ 3       ┆ 6           │
│ 00:00:00 UTC    ┆              ┆         ┆ 05             ┆              ┆         ┆             │
│ 2023-01-01      ┆ aliceusdt    ┆ 6       ┆ 0.952380087370 ┆ 1            ┆ 4       ┆ 6           │
│ 00:00:00 UTC    ┆              ┆         ┆ 1953           ┆              ┆         ┆             │
│ 2023-01-01      ┆ apeusdt      ┆ 6       ┆ 6.360130741607 ┆ 1            ┆ 5       ┆ 6           │
│ 00:00:00 UTC    ┆              ┆         ┆ 824            ┆              ┆         ┆             │
│ 2023-01-01      ┆ api3usdt     ┆ 6       ┆ 0.197637700575 ┆ 1            ┆ 6       ┆ 6           │
│ 00:00:00 UTC    ┆              ┆         ┆ 23197          ┆              ┆         ┆             │
│ 2023-01-01      ┆ aptusdt      ┆ 6       ┆ 2.177069641134 ┆ 1            ┆ 7       ┆ 6           │
│ 00:00:00 UTC    ┆              ┆         ┆ 0085           ┆              ┆         ┆             │
│ 2023-01-01      ┆ atomusdt     ┆ 6       ┆ 1.122989710721 ┆ 1            ┆ 8       ┆ 6           │
│ 00:00:00 UTC    ┆              ┆         ┆ 5223           ┆              ┆         ┆             │
│ 2023-01-01      ┆ avaxusdt     ┆ 6       ┆ -0.36697213993 ┆ 0            ┆ 9       ┆ 6           │
│ 00:00:00 UTC    ┆              ┆         ┆ 499966         ┆              ┆         ┆             │
│ 2023-01-01      ┆ axsusdt      ┆ 6       ┆ 4.805301892051 ┆ 1            ┆ 10      ┆ 6           │
│ 00:00:00 UTC    ┆              ┆         ┆ 966            ┆              ┆         ┆             │
│ 2023-01-01      ┆ bchusdt      ┆ 6       ┆ -0.20618242086 ┆ 0            ┆ 11      ┆ 6           │
│ 00:00:00 UTC    ┆              ┆         ┆ 823454         ┆              ┆         ┆             │
│ 2023-01-01      ┆ bnbusdt      ┆ 6       ┆ -0.69105567001 ┆ 0            ┆ 12      ┆ 6           │
│ 00:00:00 UTC    ┆              ┆         ┆ 71494          ┆              ┆         ┆             │
│ 2023-01-01      ┆ btcusdt      ┆ 6       ┆ 0.441100939605 ┆ 1            ┆ 13      ┆ 6           │
│ 00:00:00 UTC    ┆              ┆         ┆ 4261           ┆              ┆         ┆             │
│ 2023-01-01      ┆ chzusdt      ┆ 6       ┆ 0.948578345108 ┆ 1            ┆ 14      ┆ 6           │
│ 00:00:00 UTC    ┆              ┆         ┆ 0779           ┆              ┆         ┆             │
│ 2023-01-01      ┆ crvusdt      ┆ 6       ┆ 0.190485100086 ┆ 1            ┆ 15      ┆ 6           │
│ 00:00:00 UTC    ┆              ┆         ┆ 9887           ┆              ┆         ┆             │
│ 2023-01-01      ┆ dashusdt     ┆ 6       ┆ 0.476759855308 ┆ 1            ┆ 16      ┆ 6           │
│ 00:00:00 UTC    ┆              ┆         ┆ 8536           ┆              ┆         ┆             │
│ 2023-01-01      ┆ dogeusdt     ┆ 6       ┆ 0              ┆ 0            ┆ 17      ┆ 6           │
│ 00:00:00 UTC    ┆              ┆         ┆                ┆              ┆         ┆             │
│ 2023-01-01      ┆ dotusdt      ┆ 6       ┆ 1.392110059770 ┆ 1            ┆ 18      ┆ 6           │
│ 00:00:00 UTC    ┆              ┆         ┆ 5982           ┆              ┆         ┆             │
│ 2023-01-01      ┆ dydxusdt     ┆ 6       ┆ 2.714929490673 ┆ 1            ┆ 19      ┆ 6           │
│ 00:00:00 UTC    ┆              ┆         ┆ 1947           ┆              ┆         ┆             │
│ 2023-01-01      ┆ egldusdt     ┆ 6       ┆ 0.457321735878 ┆ 1            ┆ 20      ┆ 6           │
│ 00:00:00 UTC    ┆              ┆         ┆ 0311           ┆              ┆         ┆             │
│ 2023-01-01      ┆ enjusdt      ┆ 6       ┆ 1.458333216918 ┆ 1            ┆ 21      ┆ 6           │
│ 00:00:00 UTC    ┆              ┆         ┆ 009            ┆              ┆         ┆             │
│ 2023-01-01      ┆ etcusdt      ┆ 6       ┆ 0.573980553802 ┆ 1            ┆ 22      ┆ 6           │
│ 00:00:00 UTC    ┆              ┆         ┆ 5573           ┆              ┆         ┆             │
│ 2023-01-01      ┆ ethusdt      ┆ 6       ┆ 0.317507236194 ┆ 1            ┆ 23      ┆ 6           │
│ 00:00:00 UTC    ┆              ┆         ┆ 82535          ┆              ┆         ┆             │
│ 2023-01-01      ┆ filusdt      ┆ 6       ┆ 3.322255978385 ┆ 1            ┆ 24      ┆ 6           │
│ 00:00:00 UTC    ┆              ┆         ┆ 4946           ┆              ┆         ┆             │
│ 2023-01-01      ┆ galausdt     ┆ 6       ┆ 1.382208067313 ┆ 1            ┆ 25      ┆ 6           │
│ 00:00:00 UTC    ┆              ┆         ┆ 1298           ┆              ┆         ┆             │
│ 2023-01-01      ┆ gmtusdt      ┆ 6       ┆ 4.745322482018 ┆ 1            ┆ 26      ┆ 6           │
│ 00:00:00 UTC    ┆              ┆         ┆ 379            ┆              ┆         ┆             │
│ 2023-01-01      ┆ hbarusdt     ┆ 6       ┆ 4.246575845788 ┆ 1            ┆ 27      ┆ 6           │
│ 00:00:00 UTC    ┆              ┆         ┆ 901            ┆              ┆         ┆             │
│ 2023-01-01      ┆ icpusdt      ┆ 6       ┆ 2.035627500399 ┆ 1            ┆ 28      ┆ 6           │
│ 00:00:00 UTC    ┆              ┆         ┆ 6394           ┆              ┆         ┆             │
│ 2023-01-01      ┆ injusdt      ┆ 6       ┆ -0.11760175781 ┆ 0            ┆ 29      ┆ 6           │
│ 00:00:00 UTC    ┆              ┆         ┆ 12222          ┆              ┆         ┆             │
│ 2023-01-01      ┆ ldousdt      ┆ 6       ┆ 13.28781592182 ┆ 1            ┆ 30      ┆ 6           │
│ 00:00:00 UTC    ┆              ┆         ┆ 776            ┆              ┆         ┆             │
│ 2023-01-01      ┆ linkusdt     ┆ 6       ┆ 0.951013345280 ┆ 1            ┆ 31      ┆ 6           │
│ 00:00:00 UTC    ┆              ┆         ┆ 0736           ┆              ┆         ┆             │
│ 2023-01-01      ┆ ltcusdt      ┆ 6       ┆ 1.141231197106 ┆ 1            ┆ 32      ┆ 6           │
│ 00:00:00 UTC    ┆              ┆         ┆ 446            ┆              ┆         ┆             │
│ 2023-01-01      ┆ nearusdt     ┆ 6       ┆ 1.593623984263 ┆ 1            ┆ 33      ┆ 6           │
│ 00:00:00 UTC    ┆              ┆         ┆ 234            ┆              ┆         ┆             │
│ 2023-01-01      ┆ ontusdt      ┆ 6       ┆ 2.403205122338 ┆ 1            ┆ 34      ┆ 6           │
│ 00:00:00 UTC    ┆              ┆         ┆ 7305           ┆              ┆         ┆             │
│ 2023-01-01      ┆ opusdt       ┆ 6       ┆ 0.709220503894 ┆ 1            ┆ 35      ┆ 6           │
│ 00:00:00 UTC    ┆              ┆         ┆ 3654           ┆              ┆         ┆             │
│ 2023-01-01      ┆ paxgusdt     ┆ 6       ┆ 0.440528634361 ┆ 1            ┆ 36      ┆ 6           │
│ 00:00:00 UTC    ┆              ┆         ┆ 2335           ┆              ┆         ┆             │
│ 2023-01-01      ┆ sandusdt     ┆ 6       ┆ 1.463671001063 ┆ 1            ┆ 37      ┆ 6           │
│ 00:00:00 UTC    ┆              ┆         ┆ 5674           ┆              ┆         ┆             │
│ 2023-01-01      ┆ shib1000usdt ┆ 6       ┆ 0.680695366001 ┆ 1            ┆ 38      ┆ 6           │
│ 00:00:00 UTC    ┆              ┆         ┆ 7008           ┆              ┆         ┆             │
│ 2023-01-01      ┆ solusdt      ┆ 6       ┆ 0.150520716696 ┆ 1            ┆ 39      ┆ 6           │
│ 00:00:00 UTC    ┆              ┆         ┆ 0473           ┆              ┆         ┆             │
│ 2023-01-01      ┆ storjusdt    ┆ 6       ┆ 1.014197814274 ┆ 1            ┆ 40      ┆ 6           │
│ 00:00:00 UTC    ┆              ┆         ┆ 708            ┆              ┆         ┆             │
│ 2023-01-01      ┆ stxusdt      ┆ 6       ┆ 1.913872289067 ┆ 1            ┆ 41      ┆ 6           │
│ 00:00:00 UTC    ┆              ┆         ┆ 1183           ┆              ┆         ┆             │
│ 2023-01-01      ┆ trxusdt      ┆ 6       ┆ 0.569329702959 ┆ 1            ┆ 42      ┆ 6           │
│ 00:00:00 UTC    ┆              ┆         ┆ 9329           ┆              ┆         ┆             │
│ 2023-01-01      ┆ uniusdt      ┆ 6       ┆ 1.626333228395 ┆ 1            ┆ 43      ┆ 6           │
│ 00:00:00 UTC    ┆              ┆         ┆ 3067           ┆              ┆         ┆             │
│ 2023-01-01      ┆ xlmusdt      ┆ 6       ┆ 1.898734973089 ┆ 1            ┆ 44      ┆ 6           │
│ 00:00:00 UTC    ┆              ┆         ┆ 8848           ┆              ┆         ┆             │
│ 2023-01-01      ┆ xmrusdt      ┆ 6       ┆ 0.883154265427 ┆ 1            ┆ 45      ┆ 6           │
│ 00:00:00 UTC    ┆              ┆         ┆ 6778           ┆              ┆         ┆             │
│ 2023-01-01      ┆ xrpusdt      ┆ 6       ┆ -0.02949462995 ┆ 0            ┆ 46      ┆ 6           │
│ 00:00:00 UTC    ┆              ┆         ┆ 5361572        ┆              ┆         ┆             │
│ 2023-01-01      ┆ zecusdt      ┆ 6       ┆ -0.40213864410 ┆ 0            ┆ 47      ┆ 6           │
│ 00:00:00 UTC    ┆              ┆         ┆ 11126          ┆              ┆         ┆             │
│ 2023-01-01      ┆ zenusdt      ┆ 6       ┆ 2.173911015342 ┆ 1            ┆ 48      ┆ 6           │
│ 00:00:00 UTC    ┆              ┆         ┆ 8576           ┆              ┆         ┆             │
│ 2023-01-02      ┆ 1000luncusdt ┆ 0       ┆ 6.195875326614 ┆ 1            ┆ 0       ┆ 0           │
│ 00:00:00 UTC    ┆              ┆         ┆ 408            ┆              ┆         ┆             │
└─────────────────┴──────────────┴─────────┴────────────────┴──────────────┴─────────┴─────────────┘
2026-06-15 18:11:01 INFO crypto_research.ml_cpcv: [ml] X: shape=(60987, 1) columns=['weekday_enc'] dtypes={'weekday_enc': 'category'}
2026-06-15 18:11:01 INFO crypto_research.ml_cpcv: [ml] X head (3 rows):
  weekday_enc
0           6
1           6
2           6
2026-06-15 18:11:01 INFO crypto_research.ml_cpcv: [ml] y (direction_up): shape=(60987,) dtype=int8 distribution={0: 31003, 1: 29984}
2026-06-15 18:11:01 INFO crypto_research.ml_cpcv: [ml] y head (3 values): [1, 1, 1]
2026-06-15 18:11:01 INFO crypto_research.ml_cpcv: [ml] CV: CombinatorialPurgedCV n_splits=7 n_test_groups=2 embargo_days=1 n_folds=C(7,2)=21 n_days=1247
2026-06-15 18:11:01 INFO crypto_research.ml_cpcv: [ml] CV time range: 2023-01-01 00:00:00+00:00 .. 2026-05-31 00:00:00+00:00 (prediction_times=evaluation_times, purge=None)
2026-06-15 18:11:01 INFO crypto_research.ml_cpcv: [ml] CV day splits:
  fold1: train_days=889 test_days=357
  fold2: train_days=888 test_days=357
  fold3: train_days=888 test_days=357
  fold4: train_days=888 test_days=357
  fold5: train_days=888 test_days=357
  fold6: train_days=889 test_days=357
  fold7: train_days=890 test_days=356
  fold8: train_days=889 test_days=356
  fold9: train_days=889 test_days=356
  fold10: train_days=889 test_days=356
  fold11: train_days=890 test_days=356
  fold12: train_days=890 test_days=356
  fold13: train_days=889 test_days=356
  fold14: train_days=889 test_days=356
  fold15: train_days=890 test_days=356
  fold16: train_days=890 test_days=356
  fold17: train_days=889 test_days=356
  fold18: train_days=890 test_days=356
  fold19: train_days=890 test_days=356
  fold20: train_days=890 test_days=356
  fold21: train_days=891 test_days=356
2026-06-15 18:11:01 INFO crypto_research.ml_cpcv: [ml] fold 1/21 → model.fit: X_train=(43445, 1) y_train=(43445,) days=('2023-12-25 00:00:00+00:00', '2026-05-31 00:00:00+00:00') dist={0: 22484, 1: 20961}
2026-06-15 18:11:01 INFO crypto_research.ml_cpcv: [ml] fold 1/21 → model.predict: X_test=(17493, 1) y_test=(17493,) days=('2023-01-01 00:00:00+00:00', '2023-12-23 00:00:00+00:00') dist={0: 8488, 1: 9005}
2026-06-15 18:11:01 INFO crypto_research.ml_cpcv: [ml] fold 1 X_train head:
      weekday_enc
17542           0
17543           0
17544           0
2026-06-15 18:11:01 INFO crypto_research.ml_cpcv: [ml] fold 1 y_train head: [1, 1, 1]
2026-06-15 18:11:01 INFO crypto_research.ml_cpcv: [ml] fold 1 X_test head:
  weekday_enc
0           6
1           6
2           6
2026-06-15 18:11:01 INFO crypto_research.ml_cpcv: [ml] fold 1 y_test head: [1, 1, 1]
2026-06-15 18:11:02 INFO crypto_research.ml_cpcv: [ml] fold 1/21 train=43445 test=17493 acc=0.5113 auc=0.5104
2026-06-15 18:11:02 INFO crypto_research.ml_cpcv: [ml] fold 2/21 → model.fit: X_train=(43396, 1) y_train=(43396,) days=('2023-06-30 00:00:00+00:00', '2026-05-31 00:00:00+00:00') dist={0: 22204, 1: 21192}
2026-06-15 18:11:02 INFO crypto_research.ml_cpcv: [ml] fold 2/21 → model.predict: X_test=(17493, 1) y_test=(17493,) days=('2023-01-01 00:00:00+00:00', '2024-06-18 00:00:00+00:00') dist={0: 8784, 1: 8709}
2026-06-15 18:11:02 INFO crypto_research.ml_cpcv: [ml] fold 2/21 train=43396 test=17493 acc=0.5143 auc=0.5150
2026-06-15 18:11:02 INFO crypto_research.ml_cpcv: [ml] fold 3/21 → model.fit: X_train=(43396, 1) y_train=(43396,) days=('2023-06-30 00:00:00+00:00', '2026-05-31 00:00:00+00:00') dist={0: 22493, 1: 20903}
2026-06-15 18:11:02 INFO crypto_research.ml_cpcv: [ml] fold 3/21 → model.predict: X_test=(17493, 1) y_test=(17493,) days=('2023-01-01 00:00:00+00:00', '2024-12-13 00:00:00+00:00') dist={0: 8460, 1: 9033}
2026-06-15 18:11:02 INFO crypto_research.ml_cpcv: [ml] fold 3/21 train=43396 test=17493 acc=0.5032 auc=0.5110
2026-06-15 18:11:02 INFO crypto_research.ml_cpcv: [ml] fold 4/21 → model.fit: X_train=(43396, 1) y_train=(43396,) days=('2023-06-30 00:00:00+00:00', '2026-05-31 00:00:00+00:00') dist={0: 22266, 1: 21130}
2026-06-15 18:11:02 INFO crypto_research.ml_cpcv: [ml] fold 4/21 → model.predict: X_test=(17493, 1) y_test=(17493,) days=('2023-01-01 00:00:00+00:00', '2025-06-09 00:00:00+00:00') dist={0: 8728, 1: 8765}
2026-06-15 18:11:02 INFO crypto_research.ml_cpcv: [ml] fold 4/21 train=43396 test=17493 acc=0.5115 auc=0.5136
2026-06-15 18:11:02 INFO crypto_research.ml_cpcv: [ml] fold 5/21 → model.fit: X_train=(43396, 1) y_train=(43396,) days=('2023-06-30 00:00:00+00:00', '2026-05-31 00:00:00+00:00') dist={0: 22222, 1: 21174}
2026-06-15 18:11:02 INFO crypto_research.ml_cpcv: [ml] fold 5/21 → model.predict: X_test=(17493, 1) y_test=(17493,) days=('2023-01-01 00:00:00+00:00', '2025-12-04 00:00:00+00:00') dist={0: 8728, 1: 8765}
2026-06-15 18:11:03 INFO crypto_research.ml_cpcv: [ml] fold 5/21 train=43396 test=17493 acc=0.4828 auc=0.4771
2026-06-15 18:11:03 INFO crypto_research.ml_cpcv: [ml] fold 6/21 → model.fit: X_train=(43561, 1) y_train=(43561,) days=('2023-06-30 00:00:00+00:00', '2025-12-04 00:00:00+00:00') dist={0: 21977, 1: 21584}
2026-06-15 18:11:03 INFO crypto_research.ml_cpcv: [ml] fold 6/21 → model.predict: X_test=(17377, 1) y_test=(17377,) days=('2023-01-01 00:00:00+00:00', '2026-05-31 00:00:00+00:00') dist={0: 9020, 1: 8357}
2026-06-15 18:11:03 INFO crypto_research.ml_cpcv: [ml] fold 6/21 train=43561 test=17377 acc=0.5203 auc=0.5223
2026-06-15 18:11:03 INFO crypto_research.ml_cpcv: [ml] fold 7/21 → model.fit: X_train=(43494, 1) y_train=(43494,) days=('2023-01-01 00:00:00+00:00', '2026-05-31 00:00:00+00:00') dist={0: 22204, 1: 21290}
2026-06-15 18:11:03 INFO crypto_research.ml_cpcv: [ml] fold 7/21 → model.predict: X_test=(17444, 1) y_test=(17444,) days=('2023-06-29 00:00:00+00:00', '2024-06-18 00:00:00+00:00') dist={0: 8790, 1: 8654}
2026-06-15 18:11:03 INFO crypto_research.ml_cpcv: [ml] fold 7/21 train=43494 test=17444 acc=0.4848 auc=0.4948
2026-06-15 18:11:03 INFO crypto_research.ml_cpcv: [ml] fold 8/21 → model.fit: X_train=(43445, 1) y_train=(43445,) days=('2023-01-01 00:00:00+00:00', '2026-05-31 00:00:00+00:00') dist={0: 22462, 1: 20983}
2026-06-15 18:11:03 INFO crypto_research.ml_cpcv: [ml] fold 8/21 → model.predict: X_test=(17444, 1) y_test=(17444,) days=('2023-06-29 00:00:00+00:00', '2024-12-13 00:00:00+00:00') dist={0: 8466, 1: 8978}
2026-06-15 18:11:03 INFO crypto_research.ml_cpcv: [ml] fold 8/21 train=43445 test=17444 acc=0.5113 auc=0.5420
2026-06-15 18:11:03 INFO crypto_research.ml_cpcv: [ml] fold 9/21 → model.fit: X_train=(43445, 1) y_train=(43445,) days=('2023-01-01 00:00:00+00:00', '2026-05-31 00:00:00+00:00') dist={0: 22235, 1: 21210}
2026-06-15 18:11:03 INFO crypto_research.ml_cpcv: [ml] fold 9/21 → model.predict: X_test=(17444, 1) y_test=(17444,) days=('2023-06-29 00:00:00+00:00', '2025-06-09 00:00:00+00:00') dist={0: 8734, 1: 8710}
2026-06-15 18:11:03 INFO crypto_research.ml_cpcv: [ml] fold 9/21 train=43445 test=17444 acc=0.5406 auc=0.5569
2026-06-15 18:11:03 INFO crypto_research.ml_cpcv: [ml] fold 10/21 → model.fit: X_train=(43445, 1) y_train=(43445,) days=('2023-01-01 00:00:00+00:00', '2026-05-31 00:00:00+00:00') dist={0: 22191, 1: 21254}
2026-06-15 18:11:03 INFO crypto_research.ml_cpcv: [ml] fold 10/21 → model.predict: X_test=(17444, 1) y_test=(17444,) days=('2023-06-29 00:00:00+00:00', '2025-12-04 00:00:00+00:00') dist={0: 8734, 1: 8710}
2026-06-15 18:11:04 INFO crypto_research.ml_cpcv: [ml] fold 10/21 train=43445 test=17444 acc=0.4960 auc=0.5067
2026-06-15 18:11:04 INFO crypto_research.ml_cpcv: [ml] fold 11/21 → model.fit: X_train=(43610, 1) y_train=(43610,) days=('2023-01-01 00:00:00+00:00', '2025-12-04 00:00:00+00:00') dist={0: 21946, 1: 21664}
2026-06-15 18:11:04 INFO crypto_research.ml_cpcv: [ml] fold 11/21 → model.predict: X_test=(17328, 1) y_test=(17328,) days=('2023-06-29 00:00:00+00:00', '2026-05-31 00:00:00+00:00') dist={0: 9026, 1: 8302}
2026-06-15 18:11:04 INFO crypto_research.ml_cpcv: [ml] fold 11/21 train=43610 test=17328 acc=0.5575 auc=0.5662
2026-06-15 18:11:04 INFO crypto_research.ml_cpcv: [ml] fold 12/21 → model.fit: X_train=(43494, 1) y_train=(43494,) days=('2023-01-01 00:00:00+00:00', '2026-05-31 00:00:00+00:00') dist={0: 22197, 1: 21297}
2026-06-15 18:11:04 INFO crypto_research.ml_cpcv: [ml] fold 12/21 → model.predict: X_test=(17444, 1) y_test=(17444,) days=('2023-12-24 00:00:00+00:00', '2024-12-13 00:00:00+00:00') dist={0: 8762, 1: 8682}
2026-06-15 18:11:04 INFO crypto_research.ml_cpcv: [ml] fold 12/21 train=43494 test=17444 acc=0.4895 auc=0.4974
2026-06-15 18:11:04 INFO crypto_research.ml_cpcv: [ml] fold 13/21 → model.fit: X_train=(43445, 1) y_train=(43445,) days=('2023-01-01 00:00:00+00:00', '2026-05-31 00:00:00+00:00') dist={0: 21961, 1: 21484}
2026-06-15 18:11:04 INFO crypto_research.ml_cpcv: [ml] fold 13/21 → model.predict: X_test=(17444, 1) y_test=(17444,) days=('2023-12-24 00:00:00+00:00', '2025-06-09 00:00:00+00:00') dist={0: 9030, 1: 8414}
2026-06-15 18:11:04 INFO crypto_research.ml_cpcv: [ml] fold 13/21 train=43445 test=17444 acc=0.4853 auc=0.5114
2026-06-15 18:11:04 INFO crypto_research.ml_cpcv: [ml] fold 14/21 → model.fit: X_train=(43445, 1) y_train=(43445,) days=('2023-01-01 00:00:00+00:00', '2026-05-31 00:00:00+00:00') dist={0: 21917, 1: 21528}
2026-06-15 18:11:04 INFO crypto_research.ml_cpcv: [ml] fold 14/21 → model.predict: X_test=(17444, 1) y_test=(17444,) days=('2023-12-24 00:00:00+00:00', '2025-12-04 00:00:00+00:00') dist={0: 9030, 1: 8414}
2026-06-15 18:11:05 INFO crypto_research.ml_cpcv: [ml] fold 14/21 train=43445 test=17444 acc=0.4751 auc=0.4784
2026-06-15 18:11:05 INFO crypto_research.ml_cpcv: [ml] fold 15/21 → model.fit: X_train=(43610, 1) y_train=(43610,) days=('2023-01-01 00:00:00+00:00', '2025-12-04 00:00:00+00:00') dist={0: 21672, 1: 21938}
2026-06-15 18:11:05 INFO crypto_research.ml_cpcv: [ml] fold 15/21 → model.predict: X_test=(17328, 1) y_test=(17328,) days=('2023-12-24 00:00:00+00:00', '2026-05-31 00:00:00+00:00') dist={0: 9322, 1: 8006}
2026-06-15 18:11:05 INFO crypto_research.ml_cpcv: [ml] fold 15/21 train=43610 test=17328 acc=0.4890 auc=0.4952
2026-06-15 18:11:05 INFO crypto_research.ml_cpcv: [ml] fold 16/21 → model.fit: X_train=(43494, 1) y_train=(43494,) days=('2023-01-01 00:00:00+00:00', '2026-05-31 00:00:00+00:00') dist={0: 22294, 1: 21200}
2026-06-15 18:11:05 INFO crypto_research.ml_cpcv: [ml] fold 16/21 → model.predict: X_test=(17444, 1) y_test=(17444,) days=('2024-06-19 00:00:00+00:00', '2025-06-09 00:00:00+00:00') dist={0: 8706, 1: 8738}
2026-06-15 18:11:05 INFO crypto_research.ml_cpcv: [ml] fold 16/21 train=43494 test=17444 acc=0.5427 auc=0.5510
2026-06-15 18:11:05 INFO crypto_research.ml_cpcv: [ml] fold 17/21 → model.fit: X_train=(43445, 1) y_train=(43445,) days=('2023-01-01 00:00:00+00:00', '2026-05-31 00:00:00+00:00') dist={0: 22206, 1: 21239}
2026-06-15 18:11:05 INFO crypto_research.ml_cpcv: [ml] fold 17/21 → model.predict: X_test=(17444, 1) y_test=(17444,) days=('2024-06-19 00:00:00+00:00', '2025-12-04 00:00:00+00:00') dist={0: 8706, 1: 8738}
2026-06-15 18:11:05 INFO crypto_research.ml_cpcv: [ml] fold 17/21 train=43445 test=17444 acc=0.5187 auc=0.5205
2026-06-15 18:11:05 INFO crypto_research.ml_cpcv: [ml] fold 18/21 → model.fit: X_train=(43610, 1) y_train=(43610,) days=('2023-01-01 00:00:00+00:00', '2025-12-04 00:00:00+00:00') dist={0: 21961, 1: 21649}
2026-06-15 18:11:05 INFO crypto_research.ml_cpcv: [ml] fold 18/21 → model.predict: X_test=(17328, 1) y_test=(17328,) days=('2024-06-19 00:00:00+00:00', '2026-05-31 00:00:00+00:00') dist={0: 8998, 1: 8330}
2026-06-15 18:11:06 INFO crypto_research.ml_cpcv: [ml] fold 18/21 train=43610 test=17328 acc=0.5309 auc=0.5452
2026-06-15 18:11:06 INFO crypto_research.ml_cpcv: [ml] fold 19/21 → model.fit: X_train=(43494, 1) y_train=(43494,) days=('2023-01-01 00:00:00+00:00', '2026-05-31 00:00:00+00:00') dist={0: 21982, 1: 21512}
2026-06-15 18:11:06 INFO crypto_research.ml_cpcv: [ml] fold 19/21 → model.predict: X_test=(17444, 1) y_test=(17444,) days=('2024-12-14 00:00:00+00:00', '2025-12-04 00:00:00+00:00') dist={0: 8974, 1: 8470}
2026-06-15 18:11:06 INFO crypto_research.ml_cpcv: [ml] fold 19/21 train=43494 test=17444 acc=0.5101 auc=0.5186
2026-06-15 18:11:06 INFO crypto_research.ml_cpcv: [ml] fold 20/21 → model.fit: X_train=(43610, 1) y_train=(43610,) days=('2023-01-01 00:00:00+00:00', '2025-12-04 00:00:00+00:00') dist={0: 21734, 1: 21876}
2026-06-15 18:11:06 INFO crypto_research.ml_cpcv: [ml] fold 20/21 → model.predict: X_test=(17328, 1) y_test=(17328,) days=('2024-12-14 00:00:00+00:00', '2026-05-31 00:00:00+00:00') dist={0: 9266, 1: 8062}
2026-06-15 18:11:06 INFO crypto_research.ml_cpcv: [ml] fold 20/21 train=43610 test=17328 acc=0.4793 auc=0.5157
2026-06-15 18:11:06 INFO crypto_research.ml_cpcv: [ml] fold 21/21 → model.fit: X_train=(43659, 1) y_train=(43659,) days=('2023-01-01 00:00:00+00:00', '2025-06-09 00:00:00+00:00') dist={0: 21737, 1: 21922}
2026-06-15 18:11:06 INFO crypto_research.ml_cpcv: [ml] fold 21/21 → model.predict: X_test=(17328, 1) y_test=(17328,) days=('2025-06-10 00:00:00+00:00', '2026-05-31 00:00:00+00:00') dist={0: 9266, 1: 8062}
2026-06-15 18:11:06 INFO crypto_research.ml_cpcv: [ml] fold 21/21 train=43659 test=17328 acc=0.5362 auc=0.5458
2026-06-15 18:11:06 INFO crypto_research.ml_cpcv: [ml] CPCV mean: folds=21 acc=0.5091 logloss=0.6951 auc=0.5188
2026-06-15 18:11:06 INFO crypto_research.ml_cpcv: [ml] OOS paths: rows=60987 cols=[time_ns, y_prob, y_true] folds_merged=21
2026-06-15 18:11:06 INFO crypto_research.ml_cpcv: [ml] OOS calibration: brier=0.2507 ece=0.0338
2026-06-15 18:11:06 INFO crypto_research.ml_cpcv: [ml] OOS weekday Пн: n=8722 base_up=0.5134 pred_up=0.7135 acc=0.4475 logloss=0.6973 auc=0.4107
2026-06-15 18:11:06 INFO crypto_research.ml_cpcv: [ml] OOS weekday Вт: n=8722 base_up=0.4744 pred_up=0.1461 acc=0.4623 logloss=0.7005 auc=0.3896
2026-06-15 18:11:06 INFO crypto_research.ml_cpcv: [ml] OOS weekday Ср: n=8722 base_up=0.4986 pred_up=0.4326 acc=0.4428 logloss=0.6962 auc=0.4285
2026-06-15 18:11:06 INFO crypto_research.ml_cpcv: [ml] OOS weekday Чт: n=8693 base_up=0.4324 pred_up=0.0000 acc=0.5676 logloss=0.6862 auc=0.4354
2026-06-15 18:11:06 INFO crypto_research.ml_cpcv: [ml] OOS weekday Пт: n=8693 base_up=0.5611 pred_up=1.0000 acc=0.5611 logloss=0.6901 auc=0.4131
2026-06-15 18:11:06 INFO crypto_research.ml_cpcv: [ml] OOS weekday Сб: n=8693 base_up=0.5155 pred_up=0.8534 acc=0.4828 logloss=0.6951 auc=0.4341
2026-06-15 18:11:06 INFO crypto_research.ml_cpcv: [ml] OOS weekday Вс: n=8742 base_up=0.4462 pred_up=0.0000 acc=0.5538 logloss=0.6964 auc=0.3749
2026-06-15 18:11:08 INFO crypto_research.ml_oos_paths: [ml] OOS plot saved: /home_admin/crypto_bot/crypto_research/research_outputs/day_of_week/ml/weekday_direction_49pairs_20230101_20260531_oos_prob.png (weekdays=7 calendar_days=1247 rows=60987)
2026-06-15 18:11:09 INFO crypto_research.ml_oos_paths: [ml] OOS calibration plot saved: /home_admin/crypto_bot/crypto_research/research_outputs/day_of_week/ml/weekday_direction_49pairs_20230101_20260531_oos_calibration.png (brier=0.2507 ece=0.0338 rows=60987)
2026-06-15 18:11:09 INFO crypto_research.ml_research: [ml] metrics saved: /home_admin/crypto_bot/crypto_research/research_outputs/day_of_week/ml/weekday_direction_49pairs_20230101_20260531_cpcv.json
