2026-06-19 17:13:52 INFO crypto_research.ml_research: [ml] log file: /home_admin/crypto_bot/crypto_research/research_outputs/combined/dow_ema_rsi_streak/ml/direction_dow_ema_rsi_streak_20220101_20260531.log
2026-06-19 17:13:52 INFO crypto_research.ml_dataset: [ml] pair filter: first_candle <= 2023-01-01 → 49 pairs
2026-06-19 17:14:48 INFO crypto_research.load: [1] Загрузка данных: пар=49 строк=46567998 ~1243.5 MB
2026-06-19 17:14:48 INFO crypto_research.load:   1000luncusdt: rows=656821 2022-12-31 .. 2024-04-01
2026-06-19 17:14:48 INFO crypto_research.load:   aaveusdt: rows=1182241 2022-01-01 .. 2024-04-01
2026-06-19 17:14:48 INFO crypto_research.load:   adausdt: rows=1182241 2022-01-01 .. 2024-04-01
2026-06-19 17:14:48 INFO crypto_research.load:   algousdt: rows=1182241 2022-01-01 .. 2024-04-01
2026-06-19 17:14:48 INFO crypto_research.load:   aliceusdt: rows=1182241 2022-01-01 .. 2024-04-01
2026-06-19 17:14:48 INFO crypto_research.load:   apeusdt: rows=656821 2022-12-31 .. 2024-04-01
2026-06-19 17:14:48 INFO crypto_research.load:   api3usdt: rows=1098270 2022-02-28 .. 2024-04-01
2026-06-19 17:14:48 INFO crypto_research.load:   aptusdt: rows=763033 2022-10-19 .. 2024-04-01
2026-06-19 17:14:48 INFO crypto_research.load:   atomusdt: rows=1182241 2022-01-01 .. 2024-04-01
2026-06-19 17:14:48 INFO crypto_research.load:   avaxusdt: rows=1182241 2022-01-01 .. 2024-04-01
2026-06-19 17:14:48 INFO crypto_research.load:   axsusdt: rows=656821 2022-12-31 .. 2024-04-01
2026-06-19 17:14:48 INFO crypto_research.load:   bchusdt: rows=1182241 2022-01-01 .. 2024-04-01
2026-06-19 17:14:48 INFO crypto_research.load:   bnbusdt: rows=1182241 2022-01-01 .. 2024-04-01
2026-06-19 17:14:48 INFO crypto_research.load:   btcusdt: rows=1182241 2022-01-01 .. 2024-04-01
2026-06-19 17:14:48 INFO crypto_research.load:   chzusdt: rows=656821 2022-12-31 .. 2024-04-01
2026-06-19 17:14:48 INFO crypto_research.load:   crvusdt: rows=1182241 2022-01-01 .. 2024-04-01
2026-06-19 17:14:48 INFO crypto_research.load:   dashusdt: rows=656821 2022-12-31 .. 2024-04-01
2026-06-19 17:14:48 INFO crypto_research.load:   dogeusdt: rows=1182241 2022-01-01 .. 2024-04-01
2026-06-19 17:14:48 INFO crypto_research.load:   dotusdt: rows=1182241 2022-01-01 .. 2024-04-01
2026-06-19 17:14:48 INFO crypto_research.load:   dydxusdt: rows=1182241 2022-01-01 .. 2024-04-01
2026-06-19 17:14:48 INFO crypto_research.load:   egldusdt: rows=656821 2022-12-31 .. 2024-04-01
2026-06-19 17:14:48 INFO crypto_research.load:   enjusdt: rows=1182241 2022-01-01 .. 2024-04-01
2026-06-19 17:14:48 INFO crypto_research.load:   etcusdt: rows=656821 2022-12-31 .. 2024-04-01
2026-06-19 17:14:48 INFO crypto_research.load:   ethusdt: rows=1182241 2022-01-01 .. 2024-04-01
2026-06-19 17:14:48 INFO crypto_research.load:   filusdt: rows=1182241 2022-01-01 .. 2024-04-01
2026-06-19 17:14:48 INFO crypto_research.load:   galausdt: rows=1182241 2022-01-01 .. 2024-04-01
2026-06-19 17:14:48 INFO crypto_research.load:   gmtusdt: rows=656821 2022-12-31 .. 2024-04-01
2026-06-19 17:14:48 INFO crypto_research.load:   hbarusdt: rows=656821 2022-12-31 .. 2024-04-01
2026-06-19 17:14:48 INFO crypto_research.load:   icpusdt: rows=656821 2022-12-31 .. 2024-04-01
2026-06-19 17:14:48 INFO crypto_research.load:   injusdt: rows=656821 2022-12-31 .. 2024-04-01
2026-06-19 17:14:48 INFO crypto_research.load:   ldousdt: rows=656821 2022-12-31 .. 2024-04-01
2026-06-19 17:14:48 INFO crypto_research.load:   linkusdt: rows=1182241 2022-01-01 .. 2024-04-01
2026-06-19 17:14:48 INFO crypto_research.load:   ltcusdt: rows=1182241 2022-01-01 .. 2024-04-01
2026-06-19 17:14:48 INFO crypto_research.load:   nearusdt: rows=1182241 2022-01-01 .. 2024-04-01
2026-06-19 17:14:48 INFO crypto_research.load:   ontusdt: rows=957048 2022-06-06 .. 2024-04-01
2026-06-19 17:14:48 INFO crypto_research.load:   opusdt: rows=656821 2022-12-31 .. 2024-04-01
2026-06-19 17:14:48 INFO crypto_research.load:   paxgusdt: rows=1076619 2022-03-15 .. 2024-04-01
2026-06-19 17:14:48 INFO crypto_research.load:   sandusdt: rows=656821 2022-12-31 .. 2024-04-01
2026-06-19 17:14:48 INFO crypto_research.load:   shib1000usdt: rows=656821 2022-12-31 .. 2024-04-01
2026-06-19 17:14:48 INFO crypto_research.load:   solusdt: rows=1182241 2022-01-01 .. 2024-04-01
2026-06-19 17:14:48 INFO crypto_research.load:   storjusdt: rows=656821 2022-12-31 .. 2024-04-01
2026-06-19 17:14:48 INFO crypto_research.load:   stxusdt: rows=656821 2022-12-31 .. 2024-04-01
2026-06-19 17:14:48 INFO crypto_research.load:   trxusdt: rows=656821 2022-12-31 .. 2024-04-01
2026-06-19 17:14:48 INFO crypto_research.load:   uniusdt: rows=1182241 2022-01-01 .. 2024-04-01
2026-06-19 17:14:48 INFO crypto_research.load:   xlmusdt: rows=656821 2022-12-31 .. 2024-04-01
2026-06-19 17:14:48 INFO crypto_research.load:   xmrusdt: rows=1162824 2022-01-14 .. 2024-04-01
2026-06-19 17:14:48 INFO crypto_research.load:   xrpusdt: rows=1182241 2022-01-01 .. 2024-04-01
2026-06-19 17:14:48 INFO crypto_research.load:   zecusdt: rows=1182241 2022-01-01 .. 2024-04-01
2026-06-19 17:14:48 INFO crypto_research.load:   zenusdt: rows=656821 2022-12-31 .. 2024-04-01
2026-06-19 17:14:49 INFO crypto_research.ml_dataset: [ml] pooled daily: pairs=49 rows=32407 period=2022-01-01..2024-04-01
2026-06-19 17:14:49 INFO crypto_research.ml_dataset: [ml] pair filter: first_candle <= 2023-01-01 → 49 pairs
2026-06-19 17:15:31 INFO crypto_research.load: [1] Загрузка данных: пар=49 строк=55515524 ~1482.4 MB
2026-06-19 17:15:31 INFO crypto_research.load:   1000luncusdt: rows=1133280 2024-04-01 .. 2026-05-27
2026-06-19 17:15:31 INFO crypto_research.load:   aaveusdt: rows=1132756 2024-04-01 .. 2026-05-27
2026-06-19 17:15:31 INFO crypto_research.load:   adausdt: rows=1132756 2024-04-01 .. 2026-05-27
2026-06-19 17:15:31 INFO crypto_research.load:   algousdt: rows=1132756 2024-04-01 .. 2026-05-27
2026-06-19 17:15:31 INFO crypto_research.load:   aliceusdt: rows=1132756 2024-04-01 .. 2026-05-27
2026-06-19 17:15:31 INFO crypto_research.load:   apeusdt: rows=1133280 2024-04-01 .. 2026-05-27
2026-06-19 17:15:31 INFO crypto_research.load:   api3usdt: rows=1132756 2024-04-01 .. 2026-05-27
2026-06-19 17:15:31 INFO crypto_research.load:   aptusdt: rows=1132756 2024-04-01 .. 2026-05-27
2026-06-19 17:15:31 INFO crypto_research.load:   atomusdt: rows=1132756 2024-04-01 .. 2026-05-27
2026-06-19 17:15:31 INFO crypto_research.load:   avaxusdt: rows=1132756 2024-04-01 .. 2026-05-27
2026-06-19 17:15:31 INFO crypto_research.load:   axsusdt: rows=1133280 2024-04-01 .. 2026-05-27
2026-06-19 17:15:31 INFO crypto_research.load:   bchusdt: rows=1132756 2024-04-01 .. 2026-05-27
2026-06-19 17:15:31 INFO crypto_research.load:   bnbusdt: rows=1132756 2024-04-01 .. 2026-05-27
2026-06-19 17:15:31 INFO crypto_research.load:   btcusdt: rows=1132756 2024-04-01 .. 2026-05-27
2026-06-19 17:15:31 INFO crypto_research.load:   chzusdt: rows=1133280 2024-04-01 .. 2026-05-27
2026-06-19 17:15:31 INFO crypto_research.load:   crvusdt: rows=1132756 2024-04-01 .. 2026-05-27
2026-06-19 17:15:31 INFO crypto_research.load:   dashusdt: rows=1133280 2024-04-01 .. 2026-05-27
2026-06-19 17:15:31 INFO crypto_research.load:   dogeusdt: rows=1132756 2024-04-01 .. 2026-05-27
2026-06-19 17:15:31 INFO crypto_research.load:   dotusdt: rows=1132756 2024-04-01 .. 2026-05-27
2026-06-19 17:15:31 INFO crypto_research.load:   dydxusdt: rows=1132756 2024-04-01 .. 2026-05-27
2026-06-19 17:15:31 INFO crypto_research.load:   egldusdt: rows=1133280 2024-04-01 .. 2026-05-27
2026-06-19 17:15:31 INFO crypto_research.load:   enjusdt: rows=1132756 2024-04-01 .. 2026-05-27
2026-06-19 17:15:31 INFO crypto_research.load:   etcusdt: rows=1133280 2024-04-01 .. 2026-05-27
2026-06-19 17:15:31 INFO crypto_research.load:   ethusdt: rows=1132756 2024-04-01 .. 2026-05-27
2026-06-19 17:15:31 INFO crypto_research.load:   filusdt: rows=1132756 2024-04-01 .. 2026-05-27
2026-06-19 17:15:31 INFO crypto_research.load:   galausdt: rows=1132756 2024-04-01 .. 2026-05-27
2026-06-19 17:15:31 INFO crypto_research.load:   gmtusdt: rows=1133280 2024-04-01 .. 2026-05-27
2026-06-19 17:15:31 INFO crypto_research.load:   hbarusdt: rows=1133280 2024-04-01 .. 2026-05-27
2026-06-19 17:15:31 INFO crypto_research.load:   icpusdt: rows=1133280 2024-04-01 .. 2026-05-27
2026-06-19 17:15:31 INFO crypto_research.load:   injusdt: rows=1133280 2024-04-01 .. 2026-05-27
2026-06-19 17:15:31 INFO crypto_research.load:   ldousdt: rows=1133280 2024-04-01 .. 2026-05-27
2026-06-19 17:15:31 INFO crypto_research.load:   linkusdt: rows=1132756 2024-04-01 .. 2026-05-27
2026-06-19 17:15:31 INFO crypto_research.load:   ltcusdt: rows=1132756 2024-04-01 .. 2026-05-27
2026-06-19 17:15:31 INFO crypto_research.load:   nearusdt: rows=1132756 2024-04-01 .. 2026-05-27
2026-06-19 17:15:31 INFO crypto_research.load:   ontusdt: rows=1132756 2024-04-01 .. 2026-05-27
2026-06-19 17:15:31 INFO crypto_research.load:   opusdt: rows=1133280 2024-04-01 .. 2026-05-27
2026-06-19 17:15:31 INFO crypto_research.load:   paxgusdt: rows=1132756 2024-04-01 .. 2026-05-27
2026-06-19 17:15:31 INFO crypto_research.load:   sandusdt: rows=1133280 2024-04-01 .. 2026-05-27
2026-06-19 17:15:31 INFO crypto_research.load:   shib1000usdt: rows=1133280 2024-04-01 .. 2026-05-27
2026-06-19 17:15:31 INFO crypto_research.load:   solusdt: rows=1132756 2024-04-01 .. 2026-05-27
2026-06-19 17:15:31 INFO crypto_research.load:   storjusdt: rows=1133280 2024-04-01 .. 2026-05-27
2026-06-19 17:15:31 INFO crypto_research.load:   stxusdt: rows=1133280 2024-04-01 .. 2026-05-27
2026-06-19 17:15:31 INFO crypto_research.load:   trxusdt: rows=1133280 2024-04-01 .. 2026-05-27
2026-06-19 17:15:31 INFO crypto_research.load:   uniusdt: rows=1132756 2024-04-01 .. 2026-05-27
2026-06-19 17:15:31 INFO crypto_research.load:   xlmusdt: rows=1133280 2024-04-01 .. 2026-05-27
2026-06-19 17:15:31 INFO crypto_research.load:   xmrusdt: rows=1132756 2024-04-01 .. 2026-05-27
2026-06-19 17:15:31 INFO crypto_research.load:   xrpusdt: rows=1132756 2024-04-01 .. 2026-05-27
2026-06-19 17:15:31 INFO crypto_research.load:   zecusdt: rows=1132756 2024-04-01 .. 2026-05-27
2026-06-19 17:15:31 INFO crypto_research.load:   zenusdt: rows=1133280 2024-04-01 .. 2026-05-27
2026-06-19 17:15:33 INFO crypto_research.ml_dataset: [ml] pooled daily: pairs=49 rows=38563 period=2024-04-01..2026-05-31
2026-06-19 17:15:33 INFO crypto_research.ml_ema_dev_norm: [ml] ema_dev_pair_norm bounds: pairs=49
2026-06-19 17:15:33 INFO crypto_research.ml_numeric_features: [ml] bounds ema_dev_pair_norm: pairs=49
2026-06-19 17:15:33 INFO crypto_research.ml_numeric_features: [ml] bounds rsi_pair_norm: pairs=49
2026-06-19 17:15:33 INFO crypto_research.ml_numeric_features: [ml] bounds streak_pair_norm: pairs=49
2026-06-19 17:15:34 INFO crypto_research.ml_dataset: [ml] ema_dev_pair_norm: min=-4.914 max=8.584 mean=-0.014
2026-06-19 17:15:34 INFO crypto_research.ml_dataset: [ml] rsi_pair_norm: min=-2.053 max=2.062 mean=-0.081
2026-06-19 17:15:34 INFO crypto_research.ml_dataset: [ml] streak_pair_norm: min=-3.000 max=4.333 mean=-0.012
2026-06-19 17:15:34 INFO crypto_research.ml_dataset: [ml] dataset studies=['day_of_week_ml', 'ema_spreads_ml', 'rsi_spreads_ml', 'price_sequences_ml'] features=['pair_id', 'weekday_enc', 'ema_dev_pair_norm', 'rsi_pair_norm', 'streak_pair_norm'] rows=31675 pairs=49 up_rate=0.503
2026-06-19 17:15:34 INFO crypto_research.ml_dataset: [ml] ema_dev_pair_norm: min=-4.918 max=15.840 mean=-0.087
2026-06-19 17:15:34 INFO crypto_research.ml_dataset: [ml] rsi_pair_norm: min=-1.864 max=2.022 mean=-0.170
2026-06-19 17:15:34 INFO crypto_research.ml_dataset: [ml] streak_pair_norm: min=-3.333 max=3.333 mean=-0.083
2026-06-19 17:15:34 INFO crypto_research.ml_dataset: [ml] dataset studies=['day_of_week_ml', 'ema_spreads_ml', 'rsi_spreads_ml', 'price_sequences_ml'] features=['pair_id', 'weekday_enc', 'ema_dev_pair_norm', 'rsi_pair_norm', 'streak_pair_norm'] rows=38001 pairs=49 up_rate=0.478
2026-06-19 17:15:34 INFO crypto_research.ml_research: Dataset columns (10): ['day_utc', 'pair', 'weekday', 'return_pct', 'direction_up', 'ema_dev_pair_norm', 'rsi_pair_norm', 'streak_pair_norm', 'pair_id', 'weekday_enc']
2026-06-19 17:15:34 INFO crypto_research.ml_research: Dataset head (50 rows):
shape: (50, 10)
┌─────────────┬───────────┬─────────┬─────────────┬─────────────┬─────────────┬────────────┬────────────┬─────────┬────────────┐
│ day_utc     ┆ pair      ┆ weekday ┆ return_pct  ┆ direction_u ┆ ema_dev_pai ┆ rsi_pair_n ┆ streak_pai ┆ pair_id ┆ weekday_en │
│ ---         ┆ ---       ┆ ---     ┆ ---         ┆ p           ┆ r_norm      ┆ orm        ┆ r_norm     ┆ ---     ┆ c          │
│ datetime[μs ┆ str       ┆ i64     ┆ f64         ┆ ---         ┆ ---         ┆ ---        ┆ ---        ┆ cat     ┆ ---        │
│ , UTC]      ┆           ┆         ┆             ┆ i8          ┆ f64         ┆ f64        ┆ f64        ┆         ┆ cat        │
╞═════════════╪═══════════╪═════════╪═════════════╪═════════════╪═════════════╪════════════╪════════════╪═════════╪════════════╡
│ 2022-01-11  ┆ aaveusdt  ┆ 1       ┆ 6.788570830 ┆ 1           ┆ -1.02301043 ┆ -2.0308349 ┆ -0.6666666 ┆ 1       ┆ 1          │
│ 00:00:00    ┆           ┆         ┆ 975585      ┆             ┆ 69461848    ┆ 872019544  ┆ 666666667  ┆         ┆            │
│ UTC         ┆           ┆         ┆             ┆             ┆             ┆            ┆            ┆         ┆            │
│ 2022-01-11  ┆ adausdt   ┆ 1       ┆ 5.610469609 ┆ 1           ┆ -1          ┆ -1.3973373 ┆ -1.3333333 ┆ 2       ┆ 1          │
│ 00:00:00    ┆           ┆         ┆ 646642      ┆             ┆             ┆ 33734323   ┆ 333333333  ┆         ┆            │
│ UTC         ┆           ┆         ┆             ┆             ┆             ┆            ┆            ┆         ┆            │
│ 2022-01-11  ┆ algousdt  ┆ 1       ┆ 6.162875219 ┆ 1           ┆ -0.86743413 ┆ -1.1555181 ┆ -0.4285714 ┆ 3       ┆ 1          │
│ 00:00:00    ┆           ┆         ┆ 537939      ┆             ┆ 00673081    ┆ 086904938  ┆ 285714286  ┆         ┆            │
│ UTC         ┆           ┆         ┆             ┆             ┆             ┆            ┆            ┆         ┆            │
│ 2022-01-11  ┆ aliceusdt ┆ 1       ┆ 6.372554748 ┆ 1           ┆ -1.02727972 ┆ -1.1690872 ┆ -0.4285714 ┆ 4       ┆ 1          │
│ 00:00:00    ┆           ┆         ┆ 620328      ┆             ┆ 7767651     ┆ 562617576  ┆ 285714286  ┆         ┆            │
│ UTC         ┆           ┆         ┆             ┆             ┆             ┆            ┆            ┆         ┆            │
│ 2022-01-11  ┆ atomusdt  ┆ 1       ┆ 2.165873432 ┆ 1           ┆ 0.130404480 ┆ 0.16000480 ┆ 0.33333333 ┆ 8       ┆ 1          │
│ 00:00:00    ┆           ┆         ┆ 6592084     ┆             ┆ 87863565    ┆ 407343476  ┆ 333333326  ┆         ┆            │
│ UTC         ┆           ┆         ┆             ┆             ┆             ┆            ┆            ┆         ┆            │
│ 2022-01-11  ┆ avaxusdt  ┆ 1       ┆ 6.079645709 ┆ 1           ┆ -0.96168680 ┆ -1.4200766 ┆ -0.1428571 ┆ 9       ┆ 1          │
│ 00:00:00    ┆           ┆         ┆ 640859      ┆             ┆ 83200584    ┆ 493461732  ┆ 428571429  ┆         ┆            │
│ UTC         ┆           ┆         ┆             ┆             ┆             ┆            ┆            ┆         ┆            │
│ 2022-01-11  ┆ bchusdt   ┆ 1       ┆ 1.650392023 ┆ 1           ┆ -1.01350607 ┆ -1.7021984 ┆ -0.3333333 ┆ 11      ┆ 1          │
│ 00:00:00    ┆           ┆         ┆ 5081473     ┆             ┆ 83051932    ┆ 67363062   ┆ 3333333337 ┆         ┆            │
│ UTC         ┆           ┆         ┆             ┆             ┆             ┆            ┆            ┆         ┆            │
│ 2022-01-11  ┆ bnbusdt   ┆ 1       ┆ 8.946439081 ┆ 1           ┆ -1.33303814 ┆ -1.7621478 ┆ -0.3333333 ┆ 12      ┆ 1          │
│ 00:00:00    ┆           ┆         ┆ 81283       ┆             ┆ 59113234    ┆ 216658728  ┆ 3333333337 ┆         ┆            │
│ UTC         ┆           ┆         ┆             ┆             ┆             ┆            ┆            ┆         ┆            │
│ 2022-01-11  ┆ btcusdt   ┆ 1       ┆ 2.134707838 ┆ 1           ┆ -0.63198845 ┆ -1.7582515 ┆ -0.25      ┆ 13      ┆ 1          │
│ 00:00:00    ┆           ┆         ┆ 0253057     ┆             ┆ 18503163    ┆ 118565332  ┆            ┆         ┆            │
│ UTC         ┆           ┆         ┆             ┆             ┆             ┆            ┆            ┆         ┆            │
│ 2022-01-11  ┆ crvusdt   ┆ 1       ┆ 6.604863120 ┆ 1           ┆ -1.16000899 ┆ -1.3205400 ┆ -1         ┆ 15      ┆ 1          │
│ 00:00:00    ┆           ┆         ┆ 110692      ┆             ┆ 53543349    ┆ 031884917  ┆            ┆         ┆            │
│ UTC         ┆           ┆         ┆             ┆             ┆             ┆            ┆            ┆         ┆            │
│ 2022-01-11  ┆ dogeusdt  ┆ 1       ┆ 7.482508330 ┆ 1           ┆ -1.01669842 ┆ -1.9276083 ┆ -1.3333333 ┆ 17      ┆ 1          │
│ 00:00:00    ┆           ┆         ┆ 0613295     ┆             ┆ 01353448    ┆ 34982597   ┆ 333333333  ┆         ┆            │
│ UTC         ┆           ┆         ┆             ┆             ┆             ┆            ┆            ┆         ┆            │
│ 2022-01-11  ┆ dotusdt   ┆ 1       ┆ 7.766990760 ┆ 1           ┆ -1          ┆ -1.1234265 ┆ -0.3333333 ┆ 18      ┆ 1          │
│ 00:00:00    ┆           ┆         ┆ 2688255     ┆             ┆             ┆ 55186431   ┆ 3333333337 ┆         ┆            │
│ UTC         ┆           ┆         ┆             ┆             ┆             ┆            ┆            ┆         ┆            │
│ 2022-01-11  ┆ dydxusdt  ┆ 1       ┆ 11.61695857 ┆ 1           ┆ -0.99710516 ┆ -1.8429710 ┆ -0.3333333 ┆ 19      ┆ 1          │
│ 00:00:00    ┆           ┆         ┆ 5351276     ┆             ┆ 95789355    ┆ 82482642   ┆ 3333333337 ┆         ┆            │
│ UTC         ┆           ┆         ┆             ┆             ┆             ┆            ┆            ┆         ┆            │
│ 2022-01-11  ┆ enjusdt   ┆ 1       ┆ 6.766748877 ┆ 1           ┆ -0.92189859 ┆ -0.8821390 ┆ -0.4285714 ┆ 21      ┆ 1          │
│ 00:00:00    ┆           ┆         ┆ 945984      ┆             ┆ 7589335     ┆ 930325894  ┆ 285714286  ┆         ┆            │
│ UTC         ┆           ┆         ┆             ┆             ┆             ┆            ┆            ┆         ┆            │
│ 2022-01-11  ┆ ethusdt   ┆ 1       ┆ 4.996755353 ┆ 1           ┆ -0.97132678 ┆ -1.5061643 ┆ -0.25      ┆ 23      ┆ 1          │
│ 00:00:00    ┆           ┆         ┆ 66645       ┆             ┆ 47166703    ┆ 629412935  ┆            ┆         ┆            │
│ UTC         ┆           ┆         ┆             ┆             ┆             ┆            ┆            ┆         ┆            │
│ 2022-01-11  ┆ filusdt   ┆ 1       ┆ 2.558639787 ┆ 1           ┆ -1.01015594 ┆ -1.3131447 ┆ -0.1428571 ┆ 24      ┆ 1          │
│ 00:00:00    ┆           ┆         ┆ 916926      ┆             ┆ 18583597    ┆ 629224229  ┆ 428571429  ┆         ┆            │
│ UTC         ┆           ┆         ┆             ┆             ┆             ┆            ┆            ┆         ┆            │
│ 2022-01-11  ┆ galausdt  ┆ 1       ┆ 4.528559831 ┆ 1           ┆ -1.30330131 ┆ -1.4851751 ┆ -0.3333333 ┆ 25      ┆ 1          │
│ 00:00:00    ┆           ┆         ┆ 2834034     ┆             ┆ 09448117    ┆ 525926433  ┆ 3333333337 ┆         ┆            │
│ UTC         ┆           ┆         ┆             ┆             ┆             ┆            ┆            ┆         ┆            │
│ 2022-01-11  ┆ linkusdt  ┆ 1       ┆ -4.83513084 ┆ 0           ┆ 1.166937952 ┆ 1.63772311 ┆ 0.42857142 ┆ 31      ┆ 1          │
│ 00:00:00    ┆           ┆         ┆ 90143445    ┆             ┆ 472205      ┆ 09811534   ┆ 85714286   ┆         ┆            │
│ UTC         ┆           ┆         ┆             ┆             ┆             ┆            ┆            ┆         ┆            │
│ 2022-01-11  ┆ ltcusdt   ┆ 1       ┆ 3.912113329 ┆ 1           ┆ -0.79054045 ┆ -1.8083178 ┆ -0.4285714 ┆ 32      ┆ 1          │
│ 00:00:00    ┆           ┆         ┆ 6431494     ┆             ┆ 11078287    ┆ 460921738  ┆ 285714286  ┆         ┆            │
│ UTC         ┆           ┆         ┆             ┆             ┆             ┆            ┆            ┆         ┆            │
│ 2022-01-11  ┆ nearusdt  ┆ 1       ┆ 16.60959448 ┆ 1           ┆ 0.292810580 ┆ 0.04883597 ┆ 0.42857142 ┆ 33      ┆ 1          │
│ 00:00:00    ┆           ┆         ┆ 4794073     ┆             ┆ 312173      ┆ 4696927575 ┆ 85714286   ┆         ┆            │
│ UTC         ┆           ┆         ┆             ┆             ┆             ┆            ┆            ┆         ┆            │
│ 2022-01-11  ┆ solusdt   ┆ 1       ┆ 3.238861758 ┆ 1           ┆ -0.78192179 ┆ -1.6348706 ┆ -0.5       ┆ 39      ┆ 1          │
│ 00:00:00    ┆           ┆         ┆ 409968      ┆             ┆ 79769039    ┆ 445915702  ┆            ┆         ┆            │
│ UTC         ┆           ┆         ┆             ┆             ┆             ┆            ┆            ┆         ┆            │
│ 2022-01-11  ┆ uniusdt   ┆ 1       ┆ 5.525776154 ┆ 1           ┆ -0.73600776 ┆ -0.8530792 ┆ -0.3333333 ┆ 43      ┆ 1          │
│ 00:00:00    ┆           ┆         ┆ 9487565     ┆             ┆ 20792981    ┆ 711270476  ┆ 3333333337 ┆         ┆            │
│ UTC         ┆           ┆         ┆             ┆             ┆             ┆            ┆            ┆         ┆            │
│ 2022-01-11  ┆ xrpusdt   ┆ 1       ┆ 4.099028860 ┆ 1           ┆ -0.72262423 ┆ -1.5583462 ┆ -0.3333333 ┆ 46      ┆ 1          │
│ 00:00:00    ┆           ┆         ┆ 356283      ┆             ┆ 74373969    ┆ 689840615  ┆ 3333333337 ┆         ┆            │
│ UTC         ┆           ┆         ┆             ┆             ┆             ┆            ┆            ┆         ┆            │
│ 2022-01-11  ┆ zecusdt   ┆ 1       ┆ 0.141741275 ┆ 1           ┆ -0.15228242 ┆ -0.6574078 ┆ -0.25      ┆ 47      ┆ 1          │
│ 00:00:00    ┆           ┆         ┆ 40112447    ┆             ┆ 430131114   ┆ 39384771   ┆            ┆         ┆            │
│ UTC         ┆           ┆         ┆             ┆             ┆             ┆            ┆            ┆         ┆            │
│ 2022-01-12  ┆ aaveusdt  ┆ 2       ┆ 2.439602325 ┆ 1           ┆ -0.37655109 ┆ -1.3066951 ┆ 0.33333333 ┆ 1       ┆ 2          │
│ 00:00:00    ┆           ┆         ┆ 0916063     ┆             ┆ 630048034   ┆ 41519008   ┆ 333333326  ┆         ┆            │
│ UTC         ┆           ┆         ┆             ┆             ┆             ┆            ┆            ┆         ┆            │
│ 2022-01-12  ┆ adausdt   ┆ 2       ┆ 10.60797844 ┆ 1           ┆ -0.32038513 ┆ -0.8673955 ┆ 0.33333333 ┆ 2       ┆ 2          │
│ 00:00:00    ┆           ┆         ┆ 8037555     ┆             ┆ 3667936     ┆ 767137441  ┆ 333333326  ┆         ┆            │
│ UTC         ┆           ┆         ┆             ┆             ┆             ┆            ┆            ┆         ┆            │
│ 2022-01-12  ┆ algousdt  ┆ 2       ┆ 3.662748605 ┆ 1           ┆ -0.28445366 ┆ -0.7597016 ┆ 0.14285714 ┆ 3       ┆ 2          │
│ 00:00:00    ┆           ┆         ┆ 325483      ┆             ┆ 84584358    ┆ 316217354  ┆ 28571428   ┆         ┆            │
│ UTC         ┆           ┆         ┆             ┆             ┆             ┆            ┆            ┆         ┆            │
│ 2022-01-12  ┆ aliceusdt ┆ 2       ┆ 5.990779683 ┆ 1           ┆ -0.45122532 ┆ -0.7914901 ┆ 0.14285714 ┆ 4       ┆ 2          │
│ 00:00:00    ┆           ┆         ┆ 6614065     ┆             ┆ 172717783   ┆ 91507975   ┆ 28571428   ┆         ┆            │
│ UTC         ┆           ┆         ┆             ┆             ┆             ┆            ┆            ┆         ┆            │
│ 2022-01-12  ┆ atomusdt  ┆ 2       ┆ 4.084793184 ┆ 1           ┆ 0.309669200 ┆ 0.24812820 ┆ 0.66666666 ┆ 8       ┆ 2          │
│ 00:00:00    ┆           ┆         ┆ 828393      ┆             ┆ 90098315    ┆ 40479178   ┆ 66666667   ┆         ┆            │
│ UTC         ┆           ┆         ┆             ┆             ┆             ┆            ┆            ┆         ┆            │
│ 2022-01-12  ┆ avaxusdt  ┆ 2       ┆ 7.323204277 ┆ 1           ┆ -0.36172317 ┆ -1.0177587 ┆ 0.42857142 ┆ 9       ┆ 2          │
│ 00:00:00    ┆           ┆         ┆ 438567      ┆             ┆ 16695066    ┆ 961708219  ┆ 85714286   ┆         ┆            │
│ UTC         ┆           ┆         ┆             ┆             ┆             ┆            ┆            ┆         ┆            │
│ 2022-01-12  ┆ bchusdt   ┆ 2       ┆ 3.801926335 ┆ 1           ┆ -0.66113291 ┆ -1.4603110 ┆ 0.33333333 ┆ 11      ┆ 2          │
│ 00:00:00    ┆           ┆         ┆ 9895037     ┆             ┆ 11727483    ┆ 831320198  ┆ 333333326  ┆         ┆            │
│ UTC         ┆           ┆         ┆             ┆             ┆             ┆            ┆            ┆         ┆            │
│ 2022-01-12  ┆ bnbusdt   ┆ 2       ┆ 5.348460291 ┆ 1           ┆ 0.014108014 ┆ -0.8408825 ┆ 0.33333333 ┆ 12      ┆ 2          │
│ 00:00:00    ┆           ┆         ┆ 734198      ┆             ┆ 896094248   ┆ 481626779  ┆ 333333326  ┆         ┆            │
│ UTC         ┆           ┆         ┆             ┆             ┆             ┆            ┆            ┆         ┆            │
│ 2022-01-12  ┆ btcusdt   ┆ 2       ┆ 2.782103673 ┆ 1           ┆ -0.21801804 ┆ -1.3085421 ┆ 0.25       ┆ 13      ┆ 2          │
│ 00:00:00    ┆           ┆         ┆ 1730735     ┆             ┆ 762191915   ┆ 773560837  ┆            ┆         ┆            │
│ UTC         ┆           ┆         ┆             ┆             ┆             ┆            ┆            ┆         ┆            │
│ 2022-01-12  ┆ crvusdt   ┆ 2       ┆ 6.543480967 ┆ 1           ┆ -0.60570274 ┆ -0.9729826 ┆ 0.42857142 ┆ 15      ┆ 2          │
│ 00:00:00    ┆           ┆         ┆ 303586      ┆             ┆ 61305695    ┆ 603218545  ┆ 85714286   ┆         ┆            │
│ UTC         ┆           ┆         ┆             ┆             ┆             ┆            ┆            ┆         ┆            │
│ 2022-01-12  ┆ dogeusdt  ┆ 2       ┆ 5.790502269 ┆ 1           ┆ -0.16726546 ┆ -0.8820958 ┆ 0.33333333 ┆ 17      ┆ 2          │
│ 00:00:00    ┆           ┆         ┆ 009695      ┆             ┆ 96116402    ┆ 396160115  ┆ 333333326  ┆         ┆            │
│ UTC         ┆           ┆         ┆             ┆             ┆             ┆            ┆            ┆         ┆            │
│ 2022-01-12  ┆ dotusdt   ┆ 2       ┆ 6.952603097 ┆ 1           ┆ -0.10955432 ┆ -0.5377336 ┆ 0.33333333 ┆ 18      ┆ 2          │
│ 00:00:00    ┆           ┆         ┆ 495247      ┆             ┆ 00708026    ┆ 176970129  ┆ 333333326  ┆         ┆            │
│ UTC         ┆           ┆         ┆             ┆             ┆             ┆            ┆            ┆         ┆            │
│ 2022-01-12  ┆ dydxusdt  ┆ 2       ┆ 9.071729519 ┆ 1           ┆ -0.14912955 ┆ -0.8706611 ┆ 0.33333333 ┆ 19      ┆ 2          │
│ 00:00:00    ┆           ┆         ┆ 19055       ┆             ┆ 058917873   ┆ 737833426  ┆ 333333326  ┆         ┆            │
│ UTC         ┆           ┆         ┆             ┆             ┆             ┆            ┆            ┆         ┆            │
│ 2022-01-12  ┆ enjusdt   ┆ 2       ┆ 9.171528727 ┆ 1           ┆ -0.30677617 ┆ -0.5388349 ┆ 0.14285714 ┆ 21      ┆ 2          │
│ 00:00:00    ┆           ┆         ┆ 71021       ┆             ┆ 00692503    ┆ 781357886  ┆ 28571428   ┆         ┆            │
│ UTC         ┆           ┆         ┆             ┆             ┆             ┆            ┆            ┆         ┆            │
│ 2022-01-12  ┆ ethusdt   ┆ 2       ┆ 4.127010161 ┆ 1           ┆ -0.31954776 ┆ -1.0193781 ┆ 0.25       ┆ 23      ┆ 2          │
│ 00:00:00    ┆           ┆         ┆ 5613415     ┆             ┆ 203334767   ┆ 729503903  ┆            ┆         ┆            │
│ UTC         ┆           ┆         ┆             ┆             ┆             ┆            ┆            ┆         ┆            │
│ 2022-01-12  ┆ filusdt   ┆ 2       ┆ 6.479552641 ┆ 1           ┆ -0.65712451 ┆ -1.0984854 ┆ 0.42857142 ┆ 24      ┆ 2          │
│ 00:00:00    ┆           ┆         ┆ 4993585     ┆             ┆ 20546244    ┆ 895667544  ┆ 85714286   ┆         ┆            │
│ UTC         ┆           ┆         ┆             ┆             ┆             ┆            ┆            ┆         ┆            │
│ 2022-01-12  ┆ galausdt  ┆ 2       ┆ 12.05827055 ┆ 1           ┆ -0.80633156 ┆ -1.2275105 ┆ 0.33333333 ┆ 25      ┆ 2          │
│ 00:00:00    ┆           ┆         ┆ 6129708     ┆             ┆ 82268392    ┆ 467659482  ┆ 333333326  ┆         ┆            │
│ UTC         ┆           ┆         ┆             ┆             ┆             ┆            ┆            ┆         ┆            │
│ 2022-01-12  ┆ linkusdt  ┆ 2       ┆ 0.544902469 ┆ 1           ┆ 0.443513088 ┆ 1.09042296 ┆ -0.4285714 ┆ 31      ┆ 2          │
│ 00:00:00    ┆           ┆         ┆ 331899      ┆             ┆ 2443634     ┆ 66528917   ┆ 285714286  ┆         ┆            │
│ UTC         ┆           ┆         ┆             ┆             ┆             ┆            ┆            ┆         ┆            │
│ 2022-01-12  ┆ ltcusdt   ┆ 2       ┆ 7.909955501 ┆ 1           ┆ -0.28256384 ┆ -1.1715444 ┆ 0.14285714 ┆ 32      ┆ 2          │
│ 00:00:00    ┆           ┆         ┆ 386672      ┆             ┆ 78929974    ┆ 501975072  ┆ 28571428   ┆         ┆            │
│ UTC         ┆           ┆         ┆             ┆             ┆             ┆            ┆            ┆         ┆            │
│ 2022-01-12  ┆ nearusdt  ┆ 2       ┆ -2.64819254 ┆ 0           ┆ 1.273197829 ┆ 0.50021589 ┆ 0.71428571 ┆ 33      ┆ 2          │
│ 00:00:00    ┆           ┆         ┆ 1410601     ┆             ┆ 1348753     ┆ 57621297   ┆ 42857142   ┆         ┆            │
│ UTC         ┆           ┆         ┆             ┆             ┆             ┆            ┆            ┆         ┆            │
│ 2022-01-12  ┆ solusdt   ┆ 2       ┆ 7.967916614 ┆ 1           ┆ -0.43941244 ┆ -1.3546955 ┆ 0.25       ┆ 39      ┆ 2          │
│ 00:00:00    ┆           ┆         ┆ 444073      ┆             ┆ 30115105    ┆ 595969155  ┆            ┆         ┆            │
│ UTC         ┆           ┆         ┆             ┆             ┆             ┆            ┆            ┆         ┆            │
│ 2022-01-12  ┆ uniusdt   ┆ 2       ┆ 2.050674877 ┆ 1           ┆ -0.17071827 ┆ -0.4564481 ┆ 0.33333333 ┆ 43      ┆ 2          │
│ 00:00:00    ┆           ┆         ┆ 380246      ┆             ┆ 681836452   ┆ 937876861  ┆ 333333326  ┆         ┆            │
│ UTC         ┆           ┆         ┆             ┆             ┆             ┆            ┆            ┆         ┆            │
│ 2022-01-12  ┆ xrpusdt   ┆ 2       ┆ 3.755681224 ┆ 1           ┆ -0.11648212 ┆ -0.8957640 ┆ 0.33333333 ┆ 46      ┆ 2          │
│ 00:00:00    ┆           ┆         ┆ 9168634     ┆             ┆ 64279773    ┆ 43172548   ┆ 333333326  ┆         ┆            │
│ UTC         ┆           ┆         ┆             ┆             ┆             ┆            ┆            ┆         ┆            │
│ 2022-01-12  ┆ zecusdt   ┆ 2       ┆ 2.229294995 ┆ 1           ┆ -0.11183778 ┆ -0.6348166 ┆ 0.25       ┆ 47      ┆ 2          │
│ 00:00:00    ┆           ┆         ┆ 3656693     ┆             ┆ 614330515   ┆ 481588624  ┆            ┆         ┆            │
│ UTC         ┆           ┆         ┆             ┆             ┆             ┆            ┆            ┆         ┆            │
│ 2022-01-13  ┆ aaveusdt  ┆ 3       ┆ -4.28211854 ┆ 0           ┆ -0.12891649 ┆ -1.0668205 ┆ 0.66666666 ┆ 1       ┆ 3          │
│ 00:00:00    ┆           ┆         ┆ 4609961     ┆             ┆ 404416425   ┆ 979331093  ┆ 66666667   ┆         ┆            │
│ UTC         ┆           ┆         ┆             ┆             ┆             ┆            ┆            ┆         ┆            │
│ 2022-01-13  ┆ adausdt   ┆ 3       ┆ -6.13707459 ┆ 0           ┆ 0.708785929 ┆ -0.1437246 ┆ 0.66666666 ┆ 2       ┆ 3          │
│ 00:00:00    ┆           ┆         ┆ 8369567     ┆             ┆ 9928528     ┆ 9373572572 ┆ 66666667   ┆         ┆            │
│ UTC         ┆           ┆         ┆             ┆             ┆             ┆            ┆            ┆         ┆            │
└─────────────┴───────────┴─────────┴─────────────┴─────────────┴─────────────┴────────────┴────────────┴─────────┴────────────┘
2026-06-19 17:15:34 INFO crypto_research.ml_cpcv: [ml] X: shape=(31675, 5) columns=['pair_id', 'weekday_enc', 'ema_dev_pair_norm', 'rsi_pair_norm', 'streak_pair_norm'] dtypes={'pair_id': 'category', 'weekday_enc': 'category', 'ema_dev_pair_norm': 'float64', 'rsi_pair_norm': 'float64', 'streak_pair_norm': 'float64'}
2026-06-19 17:15:34 INFO crypto_research.ml_cpcv: [ml] X head (3 rows):
  pair_id weekday_enc  ema_dev_pair_norm  rsi_pair_norm  streak_pair_norm
0       1           1          -1.023010      -2.030835         -0.666667
1       2           1          -1.000000      -1.397337         -1.333333
2       3           1          -0.867434      -1.155518         -0.428571
2026-06-19 17:15:34 INFO crypto_research.ml_cpcv: [ml] y (direction_up): shape=(31675,) dtype=int8 distribution={0: 15733, 1: 15942}
2026-06-19 17:15:34 INFO crypto_research.ml_cpcv: [ml] y head (3 values): [1, 1, 1]
2026-06-19 17:15:34 INFO crypto_research.ml_cpcv: [ml] CV: CombinatorialPurgedCV n_splits=7 n_test_groups=2 embargo_days=1 n_folds=C(7,2)=21 n_days=812
2026-06-19 17:15:34 INFO crypto_research.ml_cpcv: [ml] CV time range: 2022-01-11 00:00:00+00:00 .. 2024-04-01 00:00:00+00:00 (prediction_times=evaluation_times, purge=None)
2026-06-19 17:15:35 INFO crypto_research.ml_cpcv: [ml] CV day splits:
  fold1: train_days=579 test_days=232
  fold2: train_days=578 test_days=232
  fold3: train_days=578 test_days=232
  fold4: train_days=578 test_days=232
  fold5: train_days=578 test_days=232
  fold6: train_days=579 test_days=232
  fold7: train_days=579 test_days=232
  fold8: train_days=578 test_days=232
  fold9: train_days=578 test_days=232
  fold10: train_days=578 test_days=232
  fold11: train_days=579 test_days=232
  fold12: train_days=579 test_days=232
  fold13: train_days=578 test_days=232
  fold14: train_days=578 test_days=232
  fold15: train_days=579 test_days=232
  fold16: train_days=579 test_days=232
  fold17: train_days=578 test_days=232
  fold18: train_days=579 test_days=232
  fold19: train_days=579 test_days=232
  fold20: train_days=579 test_days=232
  fold21: train_days=580 test_days=232
2026-06-19 17:15:35 INFO crypto_research.ml_cpcv: [ml] fold 1/21 → model.fit: X_train=(25474, 5) y_train=(25474,) days=('2022-09-01 00:00:00+00:00', '2024-04-01 00:00:00+00:00') dist={0: 12541, 1: 12933}
2026-06-19 17:15:35 INFO crypto_research.ml_cpcv: [ml] fold 1/21 → model.predict: X_test=(6173, 5) y_test=(6173,) days=('2022-01-11 00:00:00+00:00', '2022-08-30 00:00:00+00:00') dist={0: 3180, 1: 2993}
2026-06-19 17:15:35 INFO crypto_research.ml_cpcv: [ml] fold 1 X_train head:
     pair_id weekday_enc  ema_dev_pair_norm  rsi_pair_norm  streak_pair_norm
6201       1           3          -0.098971      -0.325285          0.333333
6202       2           3          -0.187874      -0.405108         -0.333333
6203       3           3          -0.236484      -0.533941         -0.714286
2026-06-19 17:15:35 INFO crypto_research.ml_cpcv: [ml] fold 1 y_train head: [1, 1, 1]
2026-06-19 17:15:35 INFO crypto_research.ml_cpcv: [ml] fold 1 X_test head:
  pair_id weekday_enc  ema_dev_pair_norm  rsi_pair_norm  streak_pair_norm
0       1           1          -1.023010      -2.030835         -0.666667
1       2           1          -1.000000      -1.397337         -1.333333
2       3           1          -0.867434      -1.155518         -0.428571
2026-06-19 17:15:35 INFO crypto_research.ml_cpcv: [ml] fold 1 y_test head: [1, 1, 1]
2026-06-19 17:15:36 INFO crypto_research.ml_cpcv: [ml] fold 1/21 train=25474 test=6173 acc=0.5336 auc=0.5509
2026-06-19 17:15:36 INFO crypto_research.ml_cpcv: [ml] fold 2/21 → model.fit: X_train=(25372, 5) y_train=(25372,) days=('2022-05-08 00:00:00+00:00', '2024-04-01 00:00:00+00:00') dist={0: 12466, 1: 12906}
2026-06-19 17:15:36 INFO crypto_research.ml_cpcv: [ml] fold 2/21 → model.predict: X_test=(6247, 5) y_test=(6247,) days=('2022-01-11 00:00:00+00:00', '2022-12-24 00:00:00+00:00') dist={0: 3222, 1: 3025}
2026-06-19 17:15:36 INFO crypto_research.ml_cpcv: [ml] fold 2/21 train=25372 test=6247 acc=0.5489 auc=0.5684
2026-06-19 17:15:36 INFO crypto_research.ml_cpcv: [ml] fold 3/21 → model.fit: X_train=(23304, 5) y_train=(23304,) days=('2022-05-08 00:00:00+00:00', '2024-04-01 00:00:00+00:00') dist={0: 11632, 1: 11672}
2026-06-19 17:15:36 INFO crypto_research.ml_cpcv: [ml] fold 3/21 → model.predict: X_test=(8295, 5) y_test=(8295,) days=('2022-01-11 00:00:00+00:00', '2023-04-19 00:00:00+00:00') dist={0: 4031, 1: 4264}
2026-06-19 17:15:36 INFO crypto_research.ml_cpcv: [ml] fold 3/21 train=23304 test=8295 acc=0.5268 auc=0.5427
2026-06-19 17:15:36 INFO crypto_research.ml_cpcv: [ml] fold 4/21 → model.fit: X_train=(22993, 5) y_train=(22993,) days=('2022-05-08 00:00:00+00:00', '2024-04-01 00:00:00+00:00') dist={0: 11208, 1: 11785}
2026-06-19 17:15:36 INFO crypto_research.ml_cpcv: [ml] fold 4/21 → model.predict: X_test=(8606, 5) y_test=(8606,) days=('2022-01-11 00:00:00+00:00', '2023-08-13 00:00:00+00:00') dist={0: 4479, 1: 4127}
2026-06-19 17:15:36 INFO crypto_research.ml_cpcv: [ml] fold 4/21 train=22993 test=8606 acc=0.5538 auc=0.5737
2026-06-19 17:15:36 INFO crypto_research.ml_cpcv: [ml] fold 5/21 → model.fit: X_train=(23003, 5) y_train=(23003,) days=('2022-05-08 00:00:00+00:00', '2024-04-01 00:00:00+00:00') dist={0: 11510, 1: 11493}
2026-06-19 17:15:36 INFO crypto_research.ml_cpcv: [ml] fold 5/21 → model.predict: X_test=(8596, 5) y_test=(8596,) days=('2022-01-11 00:00:00+00:00', '2023-12-07 00:00:00+00:00') dist={0: 4195, 1: 4401}
2026-06-19 17:15:36 INFO crypto_research.ml_cpcv: [ml] fold 5/21 train=23003 test=8596 acc=0.5251 auc=0.5388
2026-06-19 17:15:36 INFO crypto_research.ml_cpcv: [ml] fold 6/21 → model.fit: X_train=(23000, 5) y_train=(23000,) days=('2022-05-08 00:00:00+00:00', '2023-12-07 00:00:00+00:00') dist={0: 11477, 1: 11523}
2026-06-19 17:15:36 INFO crypto_research.ml_cpcv: [ml] fold 6/21 → model.predict: X_test=(8648, 5) y_test=(8648,) days=('2022-01-11 00:00:00+00:00', '2024-04-01 00:00:00+00:00') dist={0: 4231, 1: 4417}
2026-06-19 17:15:36 INFO crypto_research.ml_cpcv: [ml] fold 6/21 train=23000 test=8648 acc=0.5224 auc=0.5351
2026-06-19 17:15:36 INFO crypto_research.ml_cpcv: [ml] fold 7/21 → model.fit: X_train=(25182, 5) y_train=(25182,) days=('2022-01-11 00:00:00+00:00', '2024-04-01 00:00:00+00:00') dist={0: 12353, 1: 12829}
2026-06-19 17:15:36 INFO crypto_research.ml_cpcv: [ml] fold 7/21 → model.predict: X_test=(6464, 5) y_test=(6464,) days=('2022-05-07 00:00:00+00:00', '2022-12-24 00:00:00+00:00') dist={0: 3360, 1: 3104}
2026-06-19 17:15:36 INFO crypto_research.ml_cpcv: [ml] fold 7/21 train=25182 test=6464 acc=0.5147 auc=0.5284
2026-06-19 17:15:36 INFO crypto_research.ml_cpcv: [ml] fold 8/21 → model.fit: X_train=(23086, 5) y_train=(23086,) days=('2022-01-11 00:00:00+00:00', '2024-04-01 00:00:00+00:00') dist={0: 11507, 1: 11579}
2026-06-19 17:15:36 INFO crypto_research.ml_cpcv: [ml] fold 8/21 → model.predict: X_test=(8512, 5) y_test=(8512,) days=('2022-05-07 00:00:00+00:00', '2023-04-19 00:00:00+00:00') dist={0: 4169, 1: 4343}
2026-06-19 17:15:36 INFO crypto_research.ml_cpcv: [ml] fold 8/21 train=23086 test=8512 acc=0.5083 auc=0.5201
2026-06-19 17:15:36 INFO crypto_research.ml_cpcv: [ml] fold 9/21 → model.fit: X_train=(22775, 5) y_train=(22775,) days=('2022-01-11 00:00:00+00:00', '2024-04-01 00:00:00+00:00') dist={0: 11083, 1: 11692}
2026-06-19 17:15:36 INFO crypto_research.ml_cpcv: [ml] fold 9/21 → model.predict: X_test=(8823, 5) y_test=(8823,) days=('2022-05-07 00:00:00+00:00', '2023-08-13 00:00:00+00:00') dist={0: 4617, 1: 4206}
2026-06-19 17:15:36 INFO crypto_research.ml_cpcv: [ml] fold 9/21 train=22775 test=8823 acc=0.5172 auc=0.5486
2026-06-19 17:15:36 INFO crypto_research.ml_cpcv: [ml] fold 10/21 → model.fit: X_train=(22785, 5) y_train=(22785,) days=('2022-01-11 00:00:00+00:00', '2024-04-01 00:00:00+00:00') dist={0: 11385, 1: 11400}
2026-06-19 17:15:36 INFO crypto_research.ml_cpcv: [ml] fold 10/21 → model.predict: X_test=(8813, 5) y_test=(8813,) days=('2022-05-07 00:00:00+00:00', '2023-12-07 00:00:00+00:00') dist={0: 4333, 1: 4480}
2026-06-19 17:15:36 INFO crypto_research.ml_cpcv: [ml] fold 10/21 train=22785 test=8813 acc=0.5116 auc=0.5207
2026-06-19 17:15:36 INFO crypto_research.ml_cpcv: [ml] fold 11/21 → model.fit: X_train=(22782, 5) y_train=(22782,) days=('2022-01-11 00:00:00+00:00', '2023-12-07 00:00:00+00:00') dist={0: 11352, 1: 11430}
2026-06-19 17:15:36 INFO crypto_research.ml_cpcv: [ml] fold 11/21 → model.predict: X_test=(8865, 5) y_test=(8865,) days=('2022-05-07 00:00:00+00:00', '2024-04-01 00:00:00+00:00') dist={0: 4369, 1: 4496}
2026-06-19 17:15:36 INFO crypto_research.ml_cpcv: [ml] fold 11/21 train=22782 test=8865 acc=0.5027 auc=0.4992
2026-06-19 17:15:36 INFO crypto_research.ml_cpcv: [ml] fold 12/21 → model.fit: X_train=(23040, 5) y_train=(23040,) days=('2022-01-11 00:00:00+00:00', '2024-04-01 00:00:00+00:00') dist={0: 11477, 1: 11563}
2026-06-19 17:15:36 INFO crypto_research.ml_cpcv: [ml] fold 12/21 → model.predict: X_test=(8586, 5) y_test=(8586,) days=('2022-08-31 00:00:00+00:00', '2023-04-19 00:00:00+00:00') dist={0: 4211, 1: 4375}
2026-06-19 17:15:36 INFO crypto_research.ml_cpcv: [ml] fold 12/21 train=23040 test=8586 acc=0.5149 auc=0.5235
2026-06-19 17:15:36 INFO crypto_research.ml_cpcv: [ml] fold 13/21 → model.fit: X_train=(22700, 5) y_train=(22700,) days=('2022-01-11 00:00:00+00:00', '2024-04-01 00:00:00+00:00') dist={0: 11033, 1: 11667}
2026-06-19 17:15:36 INFO crypto_research.ml_cpcv: [ml] fold 13/21 → model.predict: X_test=(8897, 5) y_test=(8897,) days=('2022-08-31 00:00:00+00:00', '2023-08-13 00:00:00+00:00') dist={0: 4659, 1: 4238}
2026-06-19 17:15:37 INFO crypto_research.ml_cpcv: [ml] fold 13/21 train=22700 test=8897 acc=0.5355 auc=0.5464
2026-06-19 17:15:37 INFO crypto_research.ml_cpcv: [ml] fold 14/21 → model.fit: X_train=(22710, 5) y_train=(22710,) days=('2022-01-11 00:00:00+00:00', '2024-04-01 00:00:00+00:00') dist={0: 11335, 1: 11375}
2026-06-19 17:15:37 INFO crypto_research.ml_cpcv: [ml] fold 14/21 → model.predict: X_test=(8887, 5) y_test=(8887,) days=('2022-08-31 00:00:00+00:00', '2023-12-07 00:00:00+00:00') dist={0: 4375, 1: 4512}
2026-06-19 17:15:37 INFO crypto_research.ml_cpcv: [ml] fold 14/21 train=22710 test=8887 acc=0.5326 auc=0.5425
2026-06-19 17:15:37 INFO crypto_research.ml_cpcv: [ml] fold 15/21 → model.fit: X_train=(22707, 5) y_train=(22707,) days=('2022-01-11 00:00:00+00:00', '2023-12-07 00:00:00+00:00') dist={0: 11302, 1: 11405}
2026-06-19 17:15:37 INFO crypto_research.ml_cpcv: [ml] fold 15/21 → model.predict: X_test=(8939, 5) y_test=(8939,) days=('2022-08-31 00:00:00+00:00', '2024-04-01 00:00:00+00:00') dist={0: 4411, 1: 4528}
2026-06-19 17:15:37 INFO crypto_research.ml_cpcv: [ml] fold 15/21 train=22707 test=8939 acc=0.5030 auc=0.5148
2026-06-19 17:15:37 INFO crypto_research.ml_cpcv: [ml] fold 16/21 → model.fit: X_train=(20681, 5) y_train=(20681,) days=('2022-01-11 00:00:00+00:00', '2024-04-01 00:00:00+00:00') dist={0: 10244, 1: 10437}
2026-06-19 17:15:37 INFO crypto_research.ml_cpcv: [ml] fold 16/21 → model.predict: X_test=(10945, 5) y_test=(10945,) days=('2022-12-25 00:00:00+00:00', '2023-08-13 00:00:00+00:00') dist={0: 5468, 1: 5477}
2026-06-19 17:15:37 INFO crypto_research.ml_cpcv: [ml] fold 16/21 train=20681 test=10945 acc=0.5117 auc=0.5180
2026-06-19 17:15:37 INFO crypto_research.ml_cpcv: [ml] fold 17/21 → model.fit: X_train=(20642, 5) y_train=(20642,) days=('2022-01-11 00:00:00+00:00', '2024-04-01 00:00:00+00:00') dist={0: 10501, 1: 10141}
2026-06-19 17:15:37 INFO crypto_research.ml_cpcv: [ml] fold 17/21 → model.predict: X_test=(10935, 5) y_test=(10935,) days=('2022-12-25 00:00:00+00:00', '2023-12-07 00:00:00+00:00') dist={0: 5184, 1: 5751}
2026-06-19 17:15:37 INFO crypto_research.ml_cpcv: [ml] fold 17/21 train=20642 test=10935 acc=0.5083 auc=0.5268
2026-06-19 17:15:37 INFO crypto_research.ml_cpcv: [ml] fold 18/21 → model.fit: X_train=(20639, 5) y_train=(20639,) days=('2022-01-11 00:00:00+00:00', '2023-12-07 00:00:00+00:00') dist={0: 10468, 1: 10171}
2026-06-19 17:15:37 INFO crypto_research.ml_cpcv: [ml] fold 18/21 → model.predict: X_test=(10987, 5) y_test=(10987,) days=('2022-12-25 00:00:00+00:00', '2024-04-01 00:00:00+00:00') dist={0: 5220, 1: 5767}
2026-06-19 17:15:37 INFO crypto_research.ml_cpcv: [ml] fold 18/21 train=20639 test=10987 acc=0.5077 auc=0.5355
2026-06-19 17:15:37 INFO crypto_research.ml_cpcv: [ml] fold 19/21 → model.fit: X_train=(20380, 5) y_train=(20380,) days=('2022-01-11 00:00:00+00:00', '2024-04-01 00:00:00+00:00') dist={0: 10098, 1: 10282}
2026-06-19 17:15:37 INFO crypto_research.ml_cpcv: [ml] fold 19/21 → model.predict: X_test=(11246, 5) y_test=(11246,) days=('2023-04-20 00:00:00+00:00', '2023-12-07 00:00:00+00:00') dist={0: 5632, 1: 5614}
2026-06-19 17:15:37 INFO crypto_research.ml_cpcv: [ml] fold 19/21 train=20380 test=11246 acc=0.5357 auc=0.5465
2026-06-19 17:15:37 INFO crypto_research.ml_cpcv: [ml] fold 20/21 → model.fit: X_train=(20328, 5) y_train=(20328,) days=('2022-01-11 00:00:00+00:00', '2023-12-07 00:00:00+00:00') dist={0: 10044, 1: 10284}
2026-06-19 17:15:37 INFO crypto_research.ml_cpcv: [ml] fold 20/21 → model.predict: X_test=(11298, 5) y_test=(11298,) days=('2023-04-20 00:00:00+00:00', '2024-04-01 00:00:00+00:00') dist={0: 5668, 1: 5630}
2026-06-19 17:15:37 INFO crypto_research.ml_cpcv: [ml] fold 20/21 train=20328 test=11298 acc=0.5393 auc=0.5523
2026-06-19 17:15:37 INFO crypto_research.ml_cpcv: [ml] fold 21/21 → model.fit: X_train=(20387, 5) y_train=(20387,) days=('2022-01-11 00:00:00+00:00', '2023-08-13 00:00:00+00:00') dist={0: 10349, 1: 10038}
2026-06-19 17:15:37 INFO crypto_research.ml_cpcv: [ml] fold 21/21 → model.predict: X_test=(11288, 5) y_test=(11288,) days=('2023-08-14 00:00:00+00:00', '2024-04-01 00:00:00+00:00') dist={0: 5384, 1: 5904}
2026-06-19 17:15:37 INFO crypto_research.ml_cpcv: [ml] fold 21/21 train=20387 test=11288 acc=0.4964 auc=0.5112
2026-06-19 17:15:37 INFO crypto_research.ml_cpcv: [ml] CPCV mean: folds=21 acc=0.5214 logloss=0.6947 auc=0.5354
2026-06-19 17:15:37 INFO crypto_research.ml_cpcv: [ml] OOS paths: rows=31675 cols=[time_ns, y_prob, y_true] folds_merged=21
2026-06-19 17:15:37 INFO crypto_research.ml_cpcv: [ml] OOS calibration: brier=0.2500 ece=0.0235
2026-06-19 17:15:37 INFO crypto_research.ml_cpcv: [ml] OOS weekday Пн: n=4514 base_up=0.4920 pred_up=0.4464 acc=0.4860 logloss=0.7014 auc=0.4812
2026-06-19 17:15:37 INFO crypto_research.ml_cpcv: [ml] OOS weekday Вт: n=4528 base_up=0.5172 pred_up=0.5049 acc=0.5375 logloss=0.6865 auc=0.5610
2026-06-19 17:15:37 INFO crypto_research.ml_cpcv: [ml] OOS weekday Ср: n=4527 base_up=0.4950 pred_up=0.4586 acc=0.5253 logloss=0.6940 auc=0.5268
2026-06-19 17:15:37 INFO crypto_research.ml_cpcv: [ml] OOS weekday Чт: n=4533 base_up=0.4584 pred_up=0.2813 acc=0.5237 logloss=0.6956 auc=0.5042
2026-06-19 17:15:37 INFO crypto_research.ml_cpcv: [ml] OOS weekday Пт: n=4535 base_up=0.5605 pred_up=0.9109 acc=0.5535 logloss=0.6889 auc=0.4913
2026-06-19 17:15:37 INFO crypto_research.ml_cpcv: [ml] OOS weekday Сб: n=4529 base_up=0.5235 pred_up=0.7467 acc=0.5114 logloss=0.6963 auc=0.4953
2026-06-19 17:15:37 INFO crypto_research.ml_cpcv: [ml] OOS weekday Вс: n=4509 base_up=0.4762 pred_up=0.3615 acc=0.5309 logloss=0.6902 auc=0.5427
2026-06-19 17:15:39 INFO crypto_research.ml_oos_paths: [ml] OOS plot saved: /home_admin/crypto_bot/crypto_research/research_outputs/combined/dow_ema_rsi_streak/ml/plots/direction_dow_ema_rsi_streak_49pairs_20220101_20240401_oos_prob.png (weekdays=7 calendar_days=812 rows=31675)
2026-06-19 17:15:40 INFO crypto_research.ml_oos_paths: [ml] OOS calibration plot saved: /home_admin/crypto_bot/crypto_research/research_outputs/combined/dow_ema_rsi_streak/ml/plots/direction_dow_ema_rsi_streak_49pairs_20220101_20240401_oos_calibration.png (brier=0.2500 ece=0.0235 rows=31675)
2026-06-19 17:15:40 INFO crypto_research.ml_learning_curve: [ml] full train fit: rows=31675 n_estimators=100
2026-06-19 17:15:40 INFO crypto_research.ml_plot_registry: [ml] plot: oos_prob
2026-06-19 17:15:41 INFO crypto_research.ml_oos_paths: [ml] OOS plot saved: /home_admin/crypto_bot/crypto_research/research_outputs/combined/dow_ema_rsi_streak/ml/plots/direction_dow_ema_rsi_streak_49pairs_20240401_20260531_oos_prob.png (weekdays=7 calendar_days=777 rows=38001)
2026-06-19 17:15:41 INFO crypto_research.ml_plot_registry: [ml] plot: oos_calibration
2026-06-19 17:15:42 INFO crypto_research.ml_oos_paths: [ml] OOS calibration plot saved: /home_admin/crypto_bot/crypto_research/research_outputs/combined/dow_ema_rsi_streak/ml/plots/direction_dow_ema_rsi_streak_49pairs_20240401_20260531_oos_calibration.png (brier=0.2496 ece=0.0313 rows=38001)
2026-06-19 17:15:42 INFO crypto_research.ml_plot_registry: [ml] plot: weekday_pair_summary
2026-06-19 17:15:43 INFO crypto_research.ml_oos_paths: [ml] Weekday×pair summary plot saved: /home_admin/crypto_bot/crypto_research/research_outputs/combined/dow_ema_rsi_streak/ml/plots/direction_dow_ema_rsi_streak_49pairs_20240401_20260531_weekday_pair_summary.png (pairs=49 rows=38001)
2026-06-19 17:15:44 INFO crypto_research.ml_oos_paths: [ml] Weekday×pair summary plot saved: /home_admin/crypto_bot/crypto_research/research_outputs/combined/dow_ema_rsi_streak/ml/plots/direction_dow_ema_rsi_streak_49pairs_20220101_20240401_weekday_pair_summary.png (pairs=49 rows=31675)
2026-06-19 17:15:44 INFO crypto_research.ml_plot_registry: [ml] plot: roc_auc
2026-06-19 17:15:45 INFO crypto_research.ml_oos_paths: [ml] ROC AUC comparison plot saved: /home_admin/crypto_bot/crypto_research/research_outputs/combined/dow_ema_rsi_streak/ml/plots/direction_dow_ema_rsi_streak_49pairs_20220101_20260531_roc_auc.png
2026-06-19 17:15:48 INFO crypto_research.ml_research: [ml] train/test metrics saved: /home_admin/crypto_bot/crypto_research/research_outputs/combined/dow_ema_rsi_streak/ml/metrics/direction_dow_ema_rsi_streak_49pairs_20220101_20260531_train_test.json
2026-06-19 17:58:06 INFO crypto_research.ml_research: [ml] log file: /home_admin/crypto_bot/crypto_research/research_outputs/combined/dow_ema_rsi_streak/ml/direction_dow_ema_rsi_streak_20220101_20260531.log
2026-06-19 17:58:06 INFO crypto_research.ml_dataset: [ml] pair filter: first_candle <= 2023-01-01 → 49 pairs
2026-06-19 17:59:17 INFO crypto_research.load: [1] Загрузка данных: пар=49 строк=46567998 ~1243.5 MB
2026-06-19 17:59:17 INFO crypto_research.load:   1000luncusdt: rows=656821 2022-12-31 .. 2024-04-01
2026-06-19 17:59:17 INFO crypto_research.load:   aaveusdt: rows=1182241 2022-01-01 .. 2024-04-01
2026-06-19 17:59:17 INFO crypto_research.load:   adausdt: rows=1182241 2022-01-01 .. 2024-04-01
2026-06-19 17:59:17 INFO crypto_research.load:   algousdt: rows=1182241 2022-01-01 .. 2024-04-01
2026-06-19 17:59:17 INFO crypto_research.load:   aliceusdt: rows=1182241 2022-01-01 .. 2024-04-01
2026-06-19 17:59:17 INFO crypto_research.load:   apeusdt: rows=656821 2022-12-31 .. 2024-04-01
2026-06-19 17:59:17 INFO crypto_research.load:   api3usdt: rows=1098270 2022-02-28 .. 2024-04-01
2026-06-19 17:59:17 INFO crypto_research.load:   aptusdt: rows=763033 2022-10-19 .. 2024-04-01
2026-06-19 17:59:17 INFO crypto_research.load:   atomusdt: rows=1182241 2022-01-01 .. 2024-04-01
2026-06-19 17:59:17 INFO crypto_research.load:   avaxusdt: rows=1182241 2022-01-01 .. 2024-04-01
2026-06-19 17:59:17 INFO crypto_research.load:   axsusdt: rows=656821 2022-12-31 .. 2024-04-01
2026-06-19 17:59:17 INFO crypto_research.load:   bchusdt: rows=1182241 2022-01-01 .. 2024-04-01
2026-06-19 17:59:17 INFO crypto_research.load:   bnbusdt: rows=1182241 2022-01-01 .. 2024-04-01
2026-06-19 17:59:17 INFO crypto_research.load:   btcusdt: rows=1182241 2022-01-01 .. 2024-04-01
2026-06-19 17:59:17 INFO crypto_research.load:   chzusdt: rows=656821 2022-12-31 .. 2024-04-01
2026-06-19 17:59:17 INFO crypto_research.load:   crvusdt: rows=1182241 2022-01-01 .. 2024-04-01
2026-06-19 17:59:17 INFO crypto_research.load:   dashusdt: rows=656821 2022-12-31 .. 2024-04-01
2026-06-19 17:59:17 INFO crypto_research.load:   dogeusdt: rows=1182241 2022-01-01 .. 2024-04-01
2026-06-19 17:59:17 INFO crypto_research.load:   dotusdt: rows=1182241 2022-01-01 .. 2024-04-01
2026-06-19 17:59:17 INFO crypto_research.load:   dydxusdt: rows=1182241 2022-01-01 .. 2024-04-01
2026-06-19 17:59:17 INFO crypto_research.load:   egldusdt: rows=656821 2022-12-31 .. 2024-04-01
2026-06-19 17:59:17 INFO crypto_research.load:   enjusdt: rows=1182241 2022-01-01 .. 2024-04-01
2026-06-19 17:59:17 INFO crypto_research.load:   etcusdt: rows=656821 2022-12-31 .. 2024-04-01
2026-06-19 17:59:17 INFO crypto_research.load:   ethusdt: rows=1182241 2022-01-01 .. 2024-04-01
2026-06-19 17:59:17 INFO crypto_research.load:   filusdt: rows=1182241 2022-01-01 .. 2024-04-01
2026-06-19 17:59:17 INFO crypto_research.load:   galausdt: rows=1182241 2022-01-01 .. 2024-04-01
2026-06-19 17:59:17 INFO crypto_research.load:   gmtusdt: rows=656821 2022-12-31 .. 2024-04-01
2026-06-19 17:59:17 INFO crypto_research.load:   hbarusdt: rows=656821 2022-12-31 .. 2024-04-01
2026-06-19 17:59:17 INFO crypto_research.load:   icpusdt: rows=656821 2022-12-31 .. 2024-04-01
2026-06-19 17:59:17 INFO crypto_research.load:   injusdt: rows=656821 2022-12-31 .. 2024-04-01
2026-06-19 17:59:17 INFO crypto_research.load:   ldousdt: rows=656821 2022-12-31 .. 2024-04-01
2026-06-19 17:59:17 INFO crypto_research.load:   linkusdt: rows=1182241 2022-01-01 .. 2024-04-01
2026-06-19 17:59:17 INFO crypto_research.load:   ltcusdt: rows=1182241 2022-01-01 .. 2024-04-01
2026-06-19 17:59:17 INFO crypto_research.load:   nearusdt: rows=1182241 2022-01-01 .. 2024-04-01
2026-06-19 17:59:17 INFO crypto_research.load:   ontusdt: rows=957048 2022-06-06 .. 2024-04-01
2026-06-19 17:59:17 INFO crypto_research.load:   opusdt: rows=656821 2022-12-31 .. 2024-04-01
2026-06-19 17:59:17 INFO crypto_research.load:   paxgusdt: rows=1076619 2022-03-15 .. 2024-04-01
2026-06-19 17:59:17 INFO crypto_research.load:   sandusdt: rows=656821 2022-12-31 .. 2024-04-01
2026-06-19 17:59:17 INFO crypto_research.load:   shib1000usdt: rows=656821 2022-12-31 .. 2024-04-01
2026-06-19 17:59:17 INFO crypto_research.load:   solusdt: rows=1182241 2022-01-01 .. 2024-04-01
2026-06-19 17:59:17 INFO crypto_research.load:   storjusdt: rows=656821 2022-12-31 .. 2024-04-01
2026-06-19 17:59:17 INFO crypto_research.load:   stxusdt: rows=656821 2022-12-31 .. 2024-04-01
2026-06-19 17:59:17 INFO crypto_research.load:   trxusdt: rows=656821 2022-12-31 .. 2024-04-01
2026-06-19 17:59:17 INFO crypto_research.load:   uniusdt: rows=1182241 2022-01-01 .. 2024-04-01
2026-06-19 17:59:17 INFO crypto_research.load:   xlmusdt: rows=656821 2022-12-31 .. 2024-04-01
2026-06-19 17:59:17 INFO crypto_research.load:   xmrusdt: rows=1162824 2022-01-14 .. 2024-04-01
2026-06-19 17:59:17 INFO crypto_research.load:   xrpusdt: rows=1182241 2022-01-01 .. 2024-04-01
2026-06-19 17:59:17 INFO crypto_research.load:   zecusdt: rows=1182241 2022-01-01 .. 2024-04-01
2026-06-19 17:59:17 INFO crypto_research.load:   zenusdt: rows=656821 2022-12-31 .. 2024-04-01
2026-06-19 17:59:18 INFO crypto_research.ml_dataset: [ml] pooled daily: pairs=49 rows=32407 period=2022-01-01..2024-04-01
2026-06-19 17:59:18 INFO crypto_research.ml_dataset: [ml] pair filter: first_candle <= 2023-01-01 → 49 pairs
2026-06-19 18:00:09 INFO crypto_research.load: [1] Загрузка данных: пар=49 строк=55515524 ~1482.4 MB
2026-06-19 18:00:09 INFO crypto_research.load:   1000luncusdt: rows=1133280 2024-04-01 .. 2026-05-27
2026-06-19 18:00:09 INFO crypto_research.load:   aaveusdt: rows=1132756 2024-04-01 .. 2026-05-27
2026-06-19 18:00:09 INFO crypto_research.load:   adausdt: rows=1132756 2024-04-01 .. 2026-05-27
2026-06-19 18:00:09 INFO crypto_research.load:   algousdt: rows=1132756 2024-04-01 .. 2026-05-27
2026-06-19 18:00:09 INFO crypto_research.load:   aliceusdt: rows=1132756 2024-04-01 .. 2026-05-27
2026-06-19 18:00:09 INFO crypto_research.load:   apeusdt: rows=1133280 2024-04-01 .. 2026-05-27
2026-06-19 18:00:09 INFO crypto_research.load:   api3usdt: rows=1132756 2024-04-01 .. 2026-05-27
2026-06-19 18:00:09 INFO crypto_research.load:   aptusdt: rows=1132756 2024-04-01 .. 2026-05-27
2026-06-19 18:00:09 INFO crypto_research.load:   atomusdt: rows=1132756 2024-04-01 .. 2026-05-27
2026-06-19 18:00:09 INFO crypto_research.load:   avaxusdt: rows=1132756 2024-04-01 .. 2026-05-27
2026-06-19 18:00:09 INFO crypto_research.load:   axsusdt: rows=1133280 2024-04-01 .. 2026-05-27
2026-06-19 18:00:09 INFO crypto_research.load:   bchusdt: rows=1132756 2024-04-01 .. 2026-05-27
2026-06-19 18:00:09 INFO crypto_research.load:   bnbusdt: rows=1132756 2024-04-01 .. 2026-05-27
2026-06-19 18:00:09 INFO crypto_research.load:   btcusdt: rows=1132756 2024-04-01 .. 2026-05-27
2026-06-19 18:00:09 INFO crypto_research.load:   chzusdt: rows=1133280 2024-04-01 .. 2026-05-27
2026-06-19 18:00:09 INFO crypto_research.load:   crvusdt: rows=1132756 2024-04-01 .. 2026-05-27
2026-06-19 18:00:09 INFO crypto_research.load:   dashusdt: rows=1133280 2024-04-01 .. 2026-05-27
2026-06-19 18:00:09 INFO crypto_research.load:   dogeusdt: rows=1132756 2024-04-01 .. 2026-05-27
2026-06-19 18:00:09 INFO crypto_research.load:   dotusdt: rows=1132756 2024-04-01 .. 2026-05-27
2026-06-19 18:00:09 INFO crypto_research.load:   dydxusdt: rows=1132756 2024-04-01 .. 2026-05-27
2026-06-19 18:00:09 INFO crypto_research.load:   egldusdt: rows=1133280 2024-04-01 .. 2026-05-27
2026-06-19 18:00:09 INFO crypto_research.load:   enjusdt: rows=1132756 2024-04-01 .. 2026-05-27
2026-06-19 18:00:09 INFO crypto_research.load:   etcusdt: rows=1133280 2024-04-01 .. 2026-05-27
2026-06-19 18:00:09 INFO crypto_research.load:   ethusdt: rows=1132756 2024-04-01 .. 2026-05-27
2026-06-19 18:00:09 INFO crypto_research.load:   filusdt: rows=1132756 2024-04-01 .. 2026-05-27
2026-06-19 18:00:09 INFO crypto_research.load:   galausdt: rows=1132756 2024-04-01 .. 2026-05-27
2026-06-19 18:00:09 INFO crypto_research.load:   gmtusdt: rows=1133280 2024-04-01 .. 2026-05-27
2026-06-19 18:00:09 INFO crypto_research.load:   hbarusdt: rows=1133280 2024-04-01 .. 2026-05-27
2026-06-19 18:00:09 INFO crypto_research.load:   icpusdt: rows=1133280 2024-04-01 .. 2026-05-27
2026-06-19 18:00:09 INFO crypto_research.load:   injusdt: rows=1133280 2024-04-01 .. 2026-05-27
2026-06-19 18:00:09 INFO crypto_research.load:   ldousdt: rows=1133280 2024-04-01 .. 2026-05-27
2026-06-19 18:00:09 INFO crypto_research.load:   linkusdt: rows=1132756 2024-04-01 .. 2026-05-27
2026-06-19 18:00:09 INFO crypto_research.load:   ltcusdt: rows=1132756 2024-04-01 .. 2026-05-27
2026-06-19 18:00:09 INFO crypto_research.load:   nearusdt: rows=1132756 2024-04-01 .. 2026-05-27
2026-06-19 18:00:09 INFO crypto_research.load:   ontusdt: rows=1132756 2024-04-01 .. 2026-05-27
2026-06-19 18:00:09 INFO crypto_research.load:   opusdt: rows=1133280 2024-04-01 .. 2026-05-27
2026-06-19 18:00:09 INFO crypto_research.load:   paxgusdt: rows=1132756 2024-04-01 .. 2026-05-27
2026-06-19 18:00:09 INFO crypto_research.load:   sandusdt: rows=1133280 2024-04-01 .. 2026-05-27
2026-06-19 18:00:09 INFO crypto_research.load:   shib1000usdt: rows=1133280 2024-04-01 .. 2026-05-27
2026-06-19 18:00:09 INFO crypto_research.load:   solusdt: rows=1132756 2024-04-01 .. 2026-05-27
2026-06-19 18:00:09 INFO crypto_research.load:   storjusdt: rows=1133280 2024-04-01 .. 2026-05-27
2026-06-19 18:00:09 INFO crypto_research.load:   stxusdt: rows=1133280 2024-04-01 .. 2026-05-27
2026-06-19 18:00:09 INFO crypto_research.load:   trxusdt: rows=1133280 2024-04-01 .. 2026-05-27
2026-06-19 18:00:09 INFO crypto_research.load:   uniusdt: rows=1132756 2024-04-01 .. 2026-05-27
2026-06-19 18:00:09 INFO crypto_research.load:   xlmusdt: rows=1133280 2024-04-01 .. 2026-05-27
2026-06-19 18:00:09 INFO crypto_research.load:   xmrusdt: rows=1132756 2024-04-01 .. 2026-05-27
2026-06-19 18:00:09 INFO crypto_research.load:   xrpusdt: rows=1132756 2024-04-01 .. 2026-05-27
2026-06-19 18:00:09 INFO crypto_research.load:   zecusdt: rows=1132756 2024-04-01 .. 2026-05-27
2026-06-19 18:00:09 INFO crypto_research.load:   zenusdt: rows=1133280 2024-04-01 .. 2026-05-27
2026-06-19 18:00:11 INFO crypto_research.ml_dataset: [ml] pooled daily: pairs=49 rows=38563 period=2024-04-01..2026-05-31
2026-06-19 18:00:11 INFO crypto_research.ml_ema_dev_norm: [ml] ema_dev_pair_norm bounds: pairs=49
2026-06-19 18:00:11 INFO crypto_research.ml_numeric_features: [ml] bounds ema_dev_pair_norm: pairs=49
2026-06-19 18:00:11 INFO crypto_research.ml_numeric_features: [ml] bounds rsi_pair_norm: pairs=49
2026-06-19 18:00:11 INFO crypto_research.ml_numeric_features: [ml] bounds streak_pair_norm: pairs=49
2026-06-19 18:00:12 INFO crypto_research.ml_dataset: [ml] ema_dev_pair_norm: min=-4.914 max=8.584 mean=-0.014
2026-06-19 18:00:12 INFO crypto_research.ml_dataset: [ml] rsi_pair_norm: min=-2.053 max=2.062 mean=-0.081
2026-06-19 18:00:12 INFO crypto_research.ml_dataset: [ml] streak_pair_norm: min=-3.000 max=4.333 mean=-0.012
2026-06-19 18:00:12 INFO crypto_research.ml_dataset: [ml] dataset studies=['day_of_week_ml', 'ema_spreads_ml', 'rsi_spreads_ml', 'price_sequences_ml'] features=['pair_id', 'weekday_enc', 'ema_dev_pair_norm', 'rsi_pair_norm', 'streak_pair_norm'] rows=31675 pairs=49 up_rate=0.503
2026-06-19 18:00:12 INFO crypto_research.ml_dataset: [ml] ema_dev_pair_norm: min=-4.918 max=15.840 mean=-0.087
2026-06-19 18:00:12 INFO crypto_research.ml_dataset: [ml] rsi_pair_norm: min=-1.864 max=2.022 mean=-0.170
2026-06-19 18:00:12 INFO crypto_research.ml_dataset: [ml] streak_pair_norm: min=-3.333 max=3.333 mean=-0.083
2026-06-19 18:00:12 INFO crypto_research.ml_dataset: [ml] dataset studies=['day_of_week_ml', 'ema_spreads_ml', 'rsi_spreads_ml', 'price_sequences_ml'] features=['pair_id', 'weekday_enc', 'ema_dev_pair_norm', 'rsi_pair_norm', 'streak_pair_norm'] rows=38001 pairs=49 up_rate=0.478
2026-06-19 18:00:12 INFO crypto_research.ml_research: Dataset columns (10): ['day_utc', 'pair', 'weekday', 'return_pct', 'direction_up', 'ema_dev_pair_norm', 'rsi_pair_norm', 'streak_pair_norm', 'pair_id', 'weekday_enc']
2026-06-19 18:00:12 INFO crypto_research.ml_research: Dataset head (50 rows):
shape: (50, 10)
┌───────────────┬───────────┬─────────┬───────────────┬──────────────┬───────────────┬──────────────┬──────────────┬─────────┬─────────────┐
│ day_utc       ┆ pair      ┆ weekday ┆ return_pct    ┆ direction_up ┆ ema_dev_pair_ ┆ rsi_pair_nor ┆ streak_pair_ ┆ pair_id ┆ weekday_enc │
│ ---           ┆ ---       ┆ ---     ┆ ---           ┆ ---          ┆ norm          ┆ m            ┆ norm         ┆ ---     ┆ ---         │
│ datetime[μs,  ┆ str       ┆ i64     ┆ f64           ┆ i8           ┆ ---           ┆ ---          ┆ ---          ┆ cat     ┆ cat         │
│ UTC]          ┆           ┆         ┆               ┆              ┆ f64           ┆ f64          ┆ f64          ┆         ┆             │
╞═══════════════╪═══════════╪═════════╪═══════════════╪══════════════╪═══════════════╪══════════════╪══════════════╪═════════╪═════════════╡
│ 2022-01-11    ┆ aaveusdt  ┆ 1       ┆ 6.78857083097 ┆ 1            ┆ -1.0230104369 ┆ -2.030834987 ┆ -0.666666666 ┆ 1       ┆ 1           │
│ 00:00:00 UTC  ┆           ┆         ┆ 5585          ┆              ┆ 461848        ┆ 2019544      ┆ 6666667      ┆         ┆             │
│ 2022-01-11    ┆ adausdt   ┆ 1       ┆ 5.61046960964 ┆ 1            ┆ -1            ┆ -1.397337333 ┆ -1.333333333 ┆ 2       ┆ 1           │
│ 00:00:00 UTC  ┆           ┆         ┆ 6642          ┆              ┆               ┆ 734323       ┆ 3333333      ┆         ┆             │
│ 2022-01-11    ┆ algousdt  ┆ 1       ┆ 6.16287521953 ┆ 1            ┆ -0.8674341300 ┆ -1.155518108 ┆ -0.428571428 ┆ 3       ┆ 1           │
│ 00:00:00 UTC  ┆           ┆         ┆ 7939          ┆              ┆ 673081        ┆ 6904938      ┆ 5714286      ┆         ┆             │
│ 2022-01-11    ┆ aliceusdt ┆ 1       ┆ 6.37255474862 ┆ 1            ┆ -1.0272797277 ┆ -1.169087256 ┆ -0.428571428 ┆ 4       ┆ 1           │
│ 00:00:00 UTC  ┆           ┆         ┆ 0328          ┆              ┆ 67651         ┆ 2617576      ┆ 5714286      ┆         ┆             │
│ 2022-01-11    ┆ atomusdt  ┆ 1       ┆ 2.16587343265 ┆ 1            ┆ 0.13040448087 ┆ 0.1600048040 ┆ 0.3333333333 ┆ 8       ┆ 1           │
│ 00:00:00 UTC  ┆           ┆         ┆ 92084         ┆              ┆ 863565        ┆ 7343476      ┆ 3333326      ┆         ┆             │
│ 2022-01-11    ┆ avaxusdt  ┆ 1       ┆ 6.07964570964 ┆ 1            ┆ -0.9616868083 ┆ -1.420076649 ┆ -0.142857142 ┆ 9       ┆ 1           │
│ 00:00:00 UTC  ┆           ┆         ┆ 0859          ┆              ┆ 200584        ┆ 3461732      ┆ 8571429      ┆         ┆             │
│ 2022-01-11    ┆ bchusdt   ┆ 1       ┆ 1.65039202350 ┆ 1            ┆ -1.0135060783 ┆ -1.702198467 ┆ -0.333333333 ┆ 11      ┆ 1           │
│ 00:00:00 UTC  ┆           ┆         ┆ 81473         ┆              ┆ 051932        ┆ 363062       ┆ 33333337     ┆         ┆             │
│ 2022-01-11    ┆ bnbusdt   ┆ 1       ┆ 8.94643908181 ┆ 1            ┆ -1.3330381459 ┆ -1.762147821 ┆ -0.333333333 ┆ 12      ┆ 1           │
│ 00:00:00 UTC  ┆           ┆         ┆ 283           ┆              ┆ 113234        ┆ 6658728      ┆ 33333337     ┆         ┆             │
│ 2022-01-11    ┆ btcusdt   ┆ 1       ┆ 2.13470783802 ┆ 1            ┆ -0.6319884518 ┆ -1.758251511 ┆ -0.25        ┆ 13      ┆ 1           │
│ 00:00:00 UTC  ┆           ┆         ┆ 53057         ┆              ┆ 503163        ┆ 8565332      ┆              ┆         ┆             │
│ 2022-01-11    ┆ crvusdt   ┆ 1       ┆ 6.60486312011 ┆ 1            ┆ -1.1600089953 ┆ -1.320540003 ┆ -1           ┆ 15      ┆ 1           │
│ 00:00:00 UTC  ┆           ┆         ┆ 0692          ┆              ┆ 543349        ┆ 1884917      ┆              ┆         ┆             │
│ 2022-01-11    ┆ dogeusdt  ┆ 1       ┆ 7.48250833006 ┆ 1            ┆ -1.0166984201 ┆ -1.927608334 ┆ -1.333333333 ┆ 17      ┆ 1           │
│ 00:00:00 UTC  ┆           ┆         ┆ 13295         ┆              ┆ 353448        ┆ 982597       ┆ 3333333      ┆         ┆             │
│ 2022-01-11    ┆ dotusdt   ┆ 1       ┆ 7.76699076026 ┆ 1            ┆ -1            ┆ -1.123426555 ┆ -0.333333333 ┆ 18      ┆ 1           │
│ 00:00:00 UTC  ┆           ┆         ┆ 88255         ┆              ┆               ┆ 186431       ┆ 33333337     ┆         ┆             │
│ 2022-01-11    ┆ dydxusdt  ┆ 1       ┆ 11.6169585753 ┆ 1            ┆ -0.9971051695 ┆ -1.842971082 ┆ -0.333333333 ┆ 19      ┆ 1           │
│ 00:00:00 UTC  ┆           ┆         ┆ 51276         ┆              ┆ 789355        ┆ 482642       ┆ 33333337     ┆         ┆             │
│ 2022-01-11    ┆ enjusdt   ┆ 1       ┆ 6.76674887794 ┆ 1            ┆ -0.9218985975 ┆ -0.882139093 ┆ -0.428571428 ┆ 21      ┆ 1           │
│ 00:00:00 UTC  ┆           ┆         ┆ 5984          ┆              ┆ 89335         ┆ 0325894      ┆ 5714286      ┆         ┆             │
│ 2022-01-11    ┆ ethusdt   ┆ 1       ┆ 4.99675535366 ┆ 1            ┆ -0.9713267847 ┆ -1.506164362 ┆ -0.25        ┆ 23      ┆ 1           │
│ 00:00:00 UTC  ┆           ┆         ┆ 645           ┆              ┆ 166703        ┆ 9412935      ┆              ┆         ┆             │
│ 2022-01-11    ┆ filusdt   ┆ 1       ┆ 2.55863978791 ┆ 1            ┆ -1.0101559418 ┆ -1.313144762 ┆ -0.142857142 ┆ 24      ┆ 1           │
│ 00:00:00 UTC  ┆           ┆         ┆ 6926          ┆              ┆ 583597        ┆ 9224229      ┆ 8571429      ┆         ┆             │
│ 2022-01-11    ┆ galausdt  ┆ 1       ┆ 4.52855983128 ┆ 1            ┆ -1.3033013109 ┆ -1.485175152 ┆ -0.333333333 ┆ 25      ┆ 1           │
│ 00:00:00 UTC  ┆           ┆         ┆ 34034         ┆              ┆ 448117        ┆ 5926433      ┆ 33333337     ┆         ┆             │
│ 2022-01-11    ┆ linkusdt  ┆ 1       ┆ -4.8351308490 ┆ 0            ┆ 1.16693795247 ┆ 1.6377231109 ┆ 0.4285714285 ┆ 31      ┆ 1           │
│ 00:00:00 UTC  ┆           ┆         ┆ 143445        ┆              ┆ 2205          ┆ 811534       ┆ 714286       ┆         ┆             │
│ 2022-01-11    ┆ ltcusdt   ┆ 1       ┆ 3.91211332964 ┆ 1            ┆ -0.7905404511 ┆ -1.808317846 ┆ -0.428571428 ┆ 32      ┆ 1           │
│ 00:00:00 UTC  ┆           ┆         ┆ 31494         ┆              ┆ 078287        ┆ 0921738      ┆ 5714286      ┆         ┆             │
│ 2022-01-11    ┆ nearusdt  ┆ 1       ┆ 16.6095944847 ┆ 1            ┆ 0.29281058031 ┆ 0.0488359746 ┆ 0.4285714285 ┆ 33      ┆ 1           │
│ 00:00:00 UTC  ┆           ┆         ┆ 94073         ┆              ┆ 2173          ┆ 96927575     ┆ 714286       ┆         ┆             │
│ 2022-01-11    ┆ solusdt   ┆ 1       ┆ 3.23886175840 ┆ 1            ┆ -0.7819217979 ┆ -1.634870644 ┆ -0.5         ┆ 39      ┆ 1           │
│ 00:00:00 UTC  ┆           ┆         ┆ 9968          ┆              ┆ 769039        ┆ 5915702      ┆              ┆         ┆             │
│ 2022-01-11    ┆ uniusdt   ┆ 1       ┆ 5.52577615494 ┆ 1            ┆ -0.7360077620 ┆ -0.853079271 ┆ -0.333333333 ┆ 43      ┆ 1           │
│ 00:00:00 UTC  ┆           ┆         ┆ 87565         ┆              ┆ 792981        ┆ 1270476      ┆ 33333337     ┆         ┆             │
│ 2022-01-11    ┆ xrpusdt   ┆ 1       ┆ 4.09902886035 ┆ 1            ┆ -0.7226242374 ┆ -1.558346268 ┆ -0.333333333 ┆ 46      ┆ 1           │
│ 00:00:00 UTC  ┆           ┆         ┆ 6283          ┆              ┆ 373969        ┆ 9840615      ┆ 33333337     ┆         ┆             │
│ 2022-01-11    ┆ zecusdt   ┆ 1       ┆ 0.14174127540 ┆ 1            ┆ -0.1522824243 ┆ -0.657407839 ┆ -0.25        ┆ 47      ┆ 1           │
│ 00:00:00 UTC  ┆           ┆         ┆ 112447        ┆              ┆ 0131114       ┆ 384771       ┆              ┆         ┆             │
│ 2022-01-12    ┆ aaveusdt  ┆ 2       ┆ 2.43960232509 ┆ 1            ┆ -0.3765510963 ┆ -1.306695141 ┆ 0.3333333333 ┆ 1       ┆ 2           │
│ 00:00:00 UTC  ┆           ┆         ┆ 16063         ┆              ┆ 0048034       ┆ 519008       ┆ 3333326      ┆         ┆             │
│ 2022-01-12    ┆ adausdt   ┆ 2       ┆ 10.6079784480 ┆ 1            ┆ -0.3203851336 ┆ -0.867395576 ┆ 0.3333333333 ┆ 2       ┆ 2           │
│ 00:00:00 UTC  ┆           ┆         ┆ 37555         ┆              ┆ 67936         ┆ 7137441      ┆ 3333326      ┆         ┆             │
│ 2022-01-12    ┆ algousdt  ┆ 2       ┆ 3.66274860532 ┆ 1            ┆ -0.2844536684 ┆ -0.759701631 ┆ 0.1428571428 ┆ 3       ┆ 2           │
│ 00:00:00 UTC  ┆           ┆         ┆ 5483          ┆              ┆ 584358        ┆ 6217354      ┆ 571428       ┆         ┆             │
│ 2022-01-12    ┆ aliceusdt ┆ 2       ┆ 5.99077968366 ┆ 1            ┆ -0.4512253217 ┆ -0.791490191 ┆ 0.1428571428 ┆ 4       ┆ 2           │
│ 00:00:00 UTC  ┆           ┆         ┆ 14065         ┆              ┆ 2717783       ┆ 507975       ┆ 571428       ┆         ┆             │
│ 2022-01-12    ┆ atomusdt  ┆ 2       ┆ 4.08479318482 ┆ 1            ┆ 0.30966920090 ┆ 0.2481282040 ┆ 0.6666666666 ┆ 8       ┆ 2           │
│ 00:00:00 UTC  ┆           ┆         ┆ 8393          ┆              ┆ 098315        ┆ 479178       ┆ 666667       ┆         ┆             │
│ 2022-01-12    ┆ avaxusdt  ┆ 2       ┆ 7.32320427743 ┆ 1            ┆ -0.3617231716 ┆ -1.017758796 ┆ 0.4285714285 ┆ 9       ┆ 2           │
│ 00:00:00 UTC  ┆           ┆         ┆ 8567          ┆              ┆ 695066        ┆ 1708219      ┆ 714286       ┆         ┆             │
│ 2022-01-12    ┆ bchusdt   ┆ 2       ┆ 3.80192633598 ┆ 1            ┆ -0.6611329111 ┆ -1.460311083 ┆ 0.3333333333 ┆ 11      ┆ 2           │
│ 00:00:00 UTC  ┆           ┆         ┆ 95037         ┆              ┆ 727483        ┆ 1320198      ┆ 3333326      ┆         ┆             │
│ 2022-01-12    ┆ bnbusdt   ┆ 2       ┆ 5.34846029173 ┆ 1            ┆ 0.01410801489 ┆ -0.840882548 ┆ 0.3333333333 ┆ 12      ┆ 2           │
│ 00:00:00 UTC  ┆           ┆         ┆ 4198          ┆              ┆ 6094248       ┆ 1626779      ┆ 3333326      ┆         ┆             │
│ 2022-01-12    ┆ btcusdt   ┆ 2       ┆ 2.78210367317 ┆ 1            ┆ -0.2180180476 ┆ -1.308542177 ┆ 0.25         ┆ 13      ┆ 2           │
│ 00:00:00 UTC  ┆           ┆         ┆ 30735         ┆              ┆ 2191915       ┆ 3560837      ┆              ┆         ┆             │
│ 2022-01-12    ┆ crvusdt   ┆ 2       ┆ 6.54348096730 ┆ 1            ┆ -0.6057027461 ┆ -0.972982660 ┆ 0.4285714285 ┆ 15      ┆ 2           │
│ 00:00:00 UTC  ┆           ┆         ┆ 3586          ┆              ┆ 305695        ┆ 3218545      ┆ 714286       ┆         ┆             │
│ 2022-01-12    ┆ dogeusdt  ┆ 2       ┆ 5.79050226900 ┆ 1            ┆ -0.1672654696 ┆ -0.882095839 ┆ 0.3333333333 ┆ 17      ┆ 2           │
│ 00:00:00 UTC  ┆           ┆         ┆ 9695          ┆              ┆ 116402        ┆ 6160115      ┆ 3333326      ┆         ┆             │
│ 2022-01-12    ┆ dotusdt   ┆ 2       ┆ 6.95260309749 ┆ 1            ┆ -0.1095543200 ┆ -0.537733617 ┆ 0.3333333333 ┆ 18      ┆ 2           │
│ 00:00:00 UTC  ┆           ┆         ┆ 5247          ┆              ┆ 708026        ┆ 6970129      ┆ 3333326      ┆         ┆             │
│ 2022-01-12    ┆ dydxusdt  ┆ 2       ┆ 9.07172951919 ┆ 1            ┆ -0.1491295505 ┆ -0.870661173 ┆ 0.3333333333 ┆ 19      ┆ 2           │
│ 00:00:00 UTC  ┆           ┆         ┆ 055           ┆              ┆ 8917873       ┆ 7833426      ┆ 3333326      ┆         ┆             │
│ 2022-01-12    ┆ enjusdt   ┆ 2       ┆ 9.17152872771 ┆ 1            ┆ -0.3067761700 ┆ -0.538834978 ┆ 0.1428571428 ┆ 21      ┆ 2           │
│ 00:00:00 UTC  ┆           ┆         ┆ 021           ┆              ┆ 692503        ┆ 1357886      ┆ 571428       ┆         ┆             │
│ 2022-01-12    ┆ ethusdt   ┆ 2       ┆ 4.12701016156 ┆ 1            ┆ -0.3195477620 ┆ -1.019378172 ┆ 0.25         ┆ 23      ┆ 2           │
│ 00:00:00 UTC  ┆           ┆         ┆ 13415         ┆              ┆ 3334767       ┆ 9503903      ┆              ┆         ┆             │
│ 2022-01-12    ┆ filusdt   ┆ 2       ┆ 6.47955264149 ┆ 1            ┆ -0.6571245120 ┆ -1.098485489 ┆ 0.4285714285 ┆ 24      ┆ 2           │
│ 00:00:00 UTC  ┆           ┆         ┆ 93585         ┆              ┆ 546244        ┆ 5667544      ┆ 714286       ┆         ┆             │
│ 2022-01-12    ┆ galausdt  ┆ 2       ┆ 12.0582705561 ┆ 1            ┆ -0.8063315682 ┆ -1.227510546 ┆ 0.3333333333 ┆ 25      ┆ 2           │
│ 00:00:00 UTC  ┆           ┆         ┆ 29708         ┆              ┆ 268392        ┆ 7659482      ┆ 3333326      ┆         ┆             │
│ 2022-01-12    ┆ linkusdt  ┆ 2       ┆ 0.54490246933 ┆ 1            ┆ 0.44351308824 ┆ 1.0904229666 ┆ -0.428571428 ┆ 31      ┆ 2           │
│ 00:00:00 UTC  ┆           ┆         ┆ 1899          ┆              ┆ 43634         ┆ 528917       ┆ 5714286      ┆         ┆             │
│ 2022-01-12    ┆ ltcusdt   ┆ 2       ┆ 7.90995550138 ┆ 1            ┆ -0.2825638478 ┆ -1.171544450 ┆ 0.1428571428 ┆ 32      ┆ 2           │
│ 00:00:00 UTC  ┆           ┆         ┆ 6672          ┆              ┆ 929974        ┆ 1975072      ┆ 571428       ┆         ┆             │
│ 2022-01-12    ┆ nearusdt  ┆ 2       ┆ -2.6481925414 ┆ 0            ┆ 1.27319782913 ┆ 0.5002158957 ┆ 0.7142857142 ┆ 33      ┆ 2           │
│ 00:00:00 UTC  ┆           ┆         ┆ 10601         ┆              ┆ 48753         ┆ 621297       ┆ 857142       ┆         ┆             │
│ 2022-01-12    ┆ solusdt   ┆ 2       ┆ 7.96791661444 ┆ 1            ┆ -0.4394124430 ┆ -1.354695559 ┆ 0.25         ┆ 39      ┆ 2           │
│ 00:00:00 UTC  ┆           ┆         ┆ 4073          ┆              ┆ 115105        ┆ 5969155      ┆              ┆         ┆             │
│ 2022-01-12    ┆ uniusdt   ┆ 2       ┆ 2.05067487738 ┆ 1            ┆ -0.1707182768 ┆ -0.456448193 ┆ 0.3333333333 ┆ 43      ┆ 2           │
│ 00:00:00 UTC  ┆           ┆         ┆ 0246          ┆              ┆ 1836452       ┆ 7876861      ┆ 3333326      ┆         ┆             │
│ 2022-01-12    ┆ xrpusdt   ┆ 2       ┆ 3.75568122491 ┆ 1            ┆ -0.1164821264 ┆ -0.895764043 ┆ 0.3333333333 ┆ 46      ┆ 2           │
│ 00:00:00 UTC  ┆           ┆         ┆ 68634         ┆              ┆ 279773        ┆ 172548       ┆ 3333326      ┆         ┆             │
│ 2022-01-12    ┆ zecusdt   ┆ 2       ┆ 2.22929499536 ┆ 1            ┆ -0.1118377861 ┆ -0.634816648 ┆ 0.25         ┆ 47      ┆ 2           │
│ 00:00:00 UTC  ┆           ┆         ┆ 56693         ┆              ┆ 4330515       ┆ 1588624      ┆              ┆         ┆             │
│ 2022-01-13    ┆ aaveusdt  ┆ 3       ┆ -4.2821185446 ┆ 0            ┆ -0.1289164940 ┆ -1.066820597 ┆ 0.6666666666 ┆ 1       ┆ 3           │
│ 00:00:00 UTC  ┆           ┆         ┆ 09961         ┆              ┆ 4416425       ┆ 9331093      ┆ 666667       ┆         ┆             │
│ 2022-01-13    ┆ adausdt   ┆ 3       ┆ -6.1370745983 ┆ 0            ┆ 0.70878592999 ┆ -0.143724693 ┆ 0.6666666666 ┆ 2       ┆ 3           │
│ 00:00:00 UTC  ┆           ┆         ┆ 69567         ┆              ┆ 28528         ┆ 73572572     ┆ 666667       ┆         ┆             │
└───────────────┴───────────┴─────────┴───────────────┴──────────────┴───────────────┴──────────────┴──────────────┴─────────┴─────────────┘
2026-06-19 18:00:12 INFO crypto_research.ml_cpcv: [ml] X: shape=(31675, 5) columns=['pair_id', 'weekday_enc', 'ema_dev_pair_norm', 'rsi_pair_norm', 'streak_pair_norm'] dtypes={'pair_id': 'category', 'weekday_enc': 'category', 'ema_dev_pair_norm': 'float64', 'rsi_pair_norm': 'float64', 'streak_pair_norm': 'float64'}
2026-06-19 18:00:12 INFO crypto_research.ml_cpcv: [ml] X head (3 rows):
  pair_id weekday_enc  ema_dev_pair_norm  rsi_pair_norm  streak_pair_norm
0       1           1          -1.023010      -2.030835         -0.666667
1       2           1          -1.000000      -1.397337         -1.333333
2       3           1          -0.867434      -1.155518         -0.428571
2026-06-19 18:00:13 INFO crypto_research.ml_cpcv: [ml] y (direction_up): shape=(31675,) dtype=int8 distribution={0: 15733, 1: 15942}
2026-06-19 18:00:13 INFO crypto_research.ml_cpcv: [ml] y head (3 values): [1, 1, 1]
2026-06-19 18:00:13 INFO crypto_research.ml_cpcv: [ml] CV: CombinatorialPurgedCV n_splits=7 n_test_groups=2 embargo_days=1 n_folds=C(7,2)=21 n_days=812
2026-06-19 18:00:13 INFO crypto_research.ml_cpcv: [ml] CV time range: 2022-01-11 00:00:00+00:00 .. 2024-04-01 00:00:00+00:00 (prediction_times=evaluation_times, purge=None)
2026-06-19 18:00:16 INFO crypto_research.ml_cpcv: [ml] CV day splits:
  fold1: train_days=579 test_days=232
  fold2: train_days=578 test_days=232
  fold3: train_days=578 test_days=232
  fold4: train_days=578 test_days=232
  fold5: train_days=578 test_days=232
  fold6: train_days=579 test_days=232
  fold7: train_days=579 test_days=232
  fold8: train_days=578 test_days=232
  fold9: train_days=578 test_days=232
  fold10: train_days=578 test_days=232
  fold11: train_days=579 test_days=232
  fold12: train_days=579 test_days=232
  fold13: train_days=578 test_days=232
  fold14: train_days=578 test_days=232
  fold15: train_days=579 test_days=232
  fold16: train_days=579 test_days=232
  fold17: train_days=578 test_days=232
  fold18: train_days=579 test_days=232
  fold19: train_days=579 test_days=232
  fold20: train_days=579 test_days=232
  fold21: train_days=580 test_days=232
2026-06-19 18:00:16 INFO crypto_research.ml_cpcv: [ml] fold 1/21 → model.fit: X_train=(25474, 5) y_train=(25474,) days=('2022-09-01 00:00:00+00:00', '2024-04-01 00:00:00+00:00') dist={0: 12541, 1: 12933}
2026-06-19 18:00:16 INFO crypto_research.ml_cpcv: [ml] fold 1/21 → model.predict: X_test=(6173, 5) y_test=(6173,) days=('2022-01-11 00:00:00+00:00', '2022-08-30 00:00:00+00:00') dist={0: 3180, 1: 2993}
2026-06-19 18:00:16 INFO crypto_research.ml_cpcv: [ml] fold 1 X_train head:
     pair_id weekday_enc  ema_dev_pair_norm  rsi_pair_norm  streak_pair_norm
6201       1           3          -0.098971      -0.325285          0.333333
6202       2           3          -0.187874      -0.405108         -0.333333
6203       3           3          -0.236484      -0.533941         -0.714286
2026-06-19 18:00:16 INFO crypto_research.ml_cpcv: [ml] fold 1 y_train head: [1, 1, 1]
2026-06-19 18:00:16 INFO crypto_research.ml_cpcv: [ml] fold 1 X_test head:
  pair_id weekday_enc  ema_dev_pair_norm  rsi_pair_norm  streak_pair_norm
0       1           1          -1.023010      -2.030835         -0.666667
1       2           1          -1.000000      -1.397337         -1.333333
2       3           1          -0.867434      -1.155518         -0.428571
2026-06-19 18:00:16 INFO crypto_research.ml_cpcv: [ml] fold 1 y_test head: [1, 1, 1]
2026-06-19 18:00:17 INFO crypto_research.ml_cpcv: [ml] fold 1/21 train=25474 test=6173 acc=0.5336 auc=0.5509
2026-06-19 18:00:17 INFO crypto_research.ml_cpcv: [ml] fold 2/21 → model.fit: X_train=(25372, 5) y_train=(25372,) days=('2022-05-08 00:00:00+00:00', '2024-04-01 00:00:00+00:00') dist={0: 12466, 1: 12906}
2026-06-19 18:00:17 INFO crypto_research.ml_cpcv: [ml] fold 2/21 → model.predict: X_test=(6247, 5) y_test=(6247,) days=('2022-01-11 00:00:00+00:00', '2022-12-24 00:00:00+00:00') dist={0: 3222, 1: 3025}
2026-06-19 18:00:17 INFO crypto_research.ml_cpcv: [ml] fold 2/21 train=25372 test=6247 acc=0.5489 auc=0.5684
2026-06-19 18:00:17 INFO crypto_research.ml_cpcv: [ml] fold 3/21 → model.fit: X_train=(23304, 5) y_train=(23304,) days=('2022-05-08 00:00:00+00:00', '2024-04-01 00:00:00+00:00') dist={0: 11632, 1: 11672}
2026-06-19 18:00:17 INFO crypto_research.ml_cpcv: [ml] fold 3/21 → model.predict: X_test=(8295, 5) y_test=(8295,) days=('2022-01-11 00:00:00+00:00', '2023-04-19 00:00:00+00:00') dist={0: 4031, 1: 4264}
2026-06-19 18:00:17 INFO crypto_research.ml_cpcv: [ml] fold 3/21 train=23304 test=8295 acc=0.5268 auc=0.5427
2026-06-19 18:00:17 INFO crypto_research.ml_cpcv: [ml] fold 4/21 → model.fit: X_train=(22993, 5) y_train=(22993,) days=('2022-05-08 00:00:00+00:00', '2024-04-01 00:00:00+00:00') dist={0: 11208, 1: 11785}
2026-06-19 18:00:17 INFO crypto_research.ml_cpcv: [ml] fold 4/21 → model.predict: X_test=(8606, 5) y_test=(8606,) days=('2022-01-11 00:00:00+00:00', '2023-08-13 00:00:00+00:00') dist={0: 4479, 1: 4127}
2026-06-19 18:00:17 INFO crypto_research.ml_cpcv: [ml] fold 4/21 train=22993 test=8606 acc=0.5538 auc=0.5737
2026-06-19 18:00:17 INFO crypto_research.ml_cpcv: [ml] fold 5/21 → model.fit: X_train=(23003, 5) y_train=(23003,) days=('2022-05-08 00:00:00+00:00', '2024-04-01 00:00:00+00:00') dist={0: 11510, 1: 11493}
2026-06-19 18:00:17 INFO crypto_research.ml_cpcv: [ml] fold 5/21 → model.predict: X_test=(8596, 5) y_test=(8596,) days=('2022-01-11 00:00:00+00:00', '2023-12-07 00:00:00+00:00') dist={0: 4195, 1: 4401}
2026-06-19 18:00:17 INFO crypto_research.ml_cpcv: [ml] fold 5/21 train=23003 test=8596 acc=0.5251 auc=0.5388
2026-06-19 18:00:17 INFO crypto_research.ml_cpcv: [ml] fold 6/21 → model.fit: X_train=(23000, 5) y_train=(23000,) days=('2022-05-08 00:00:00+00:00', '2023-12-07 00:00:00+00:00') dist={0: 11477, 1: 11523}
2026-06-19 18:00:17 INFO crypto_research.ml_cpcv: [ml] fold 6/21 → model.predict: X_test=(8648, 5) y_test=(8648,) days=('2022-01-11 00:00:00+00:00', '2024-04-01 00:00:00+00:00') dist={0: 4231, 1: 4417}
2026-06-19 18:00:17 INFO crypto_research.ml_cpcv: [ml] fold 6/21 train=23000 test=8648 acc=0.5224 auc=0.5351
2026-06-19 18:00:17 INFO crypto_research.ml_cpcv: [ml] fold 7/21 → model.fit: X_train=(25182, 5) y_train=(25182,) days=('2022-01-11 00:00:00+00:00', '2024-04-01 00:00:00+00:00') dist={0: 12353, 1: 12829}
2026-06-19 18:00:17 INFO crypto_research.ml_cpcv: [ml] fold 7/21 → model.predict: X_test=(6464, 5) y_test=(6464,) days=('2022-05-07 00:00:00+00:00', '2022-12-24 00:00:00+00:00') dist={0: 3360, 1: 3104}
2026-06-19 18:00:17 INFO crypto_research.ml_cpcv: [ml] fold 7/21 train=25182 test=6464 acc=0.5147 auc=0.5284
2026-06-19 18:00:17 INFO crypto_research.ml_cpcv: [ml] fold 8/21 → model.fit: X_train=(23086, 5) y_train=(23086,) days=('2022-01-11 00:00:00+00:00', '2024-04-01 00:00:00+00:00') dist={0: 11507, 1: 11579}
2026-06-19 18:00:17 INFO crypto_research.ml_cpcv: [ml] fold 8/21 → model.predict: X_test=(8512, 5) y_test=(8512,) days=('2022-05-07 00:00:00+00:00', '2023-04-19 00:00:00+00:00') dist={0: 4169, 1: 4343}
2026-06-19 18:00:17 INFO crypto_research.ml_cpcv: [ml] fold 8/21 train=23086 test=8512 acc=0.5083 auc=0.5201
2026-06-19 18:00:17 INFO crypto_research.ml_cpcv: [ml] fold 9/21 → model.fit: X_train=(22775, 5) y_train=(22775,) days=('2022-01-11 00:00:00+00:00', '2024-04-01 00:00:00+00:00') dist={0: 11083, 1: 11692}
2026-06-19 18:00:17 INFO crypto_research.ml_cpcv: [ml] fold 9/21 → model.predict: X_test=(8823, 5) y_test=(8823,) days=('2022-05-07 00:00:00+00:00', '2023-08-13 00:00:00+00:00') dist={0: 4617, 1: 4206}
2026-06-19 18:00:17 INFO crypto_research.ml_cpcv: [ml] fold 9/21 train=22775 test=8823 acc=0.5172 auc=0.5486
2026-06-19 18:00:17 INFO crypto_research.ml_cpcv: [ml] fold 10/21 → model.fit: X_train=(22785, 5) y_train=(22785,) days=('2022-01-11 00:00:00+00:00', '2024-04-01 00:00:00+00:00') dist={0: 11385, 1: 11400}
2026-06-19 18:00:17 INFO crypto_research.ml_cpcv: [ml] fold 10/21 → model.predict: X_test=(8813, 5) y_test=(8813,) days=('2022-05-07 00:00:00+00:00', '2023-12-07 00:00:00+00:00') dist={0: 4333, 1: 4480}
2026-06-19 18:00:17 INFO crypto_research.ml_cpcv: [ml] fold 10/21 train=22785 test=8813 acc=0.5116 auc=0.5207
2026-06-19 18:00:17 INFO crypto_research.ml_cpcv: [ml] fold 11/21 → model.fit: X_train=(22782, 5) y_train=(22782,) days=('2022-01-11 00:00:00+00:00', '2023-12-07 00:00:00+00:00') dist={0: 11352, 1: 11430}
2026-06-19 18:00:17 INFO crypto_research.ml_cpcv: [ml] fold 11/21 → model.predict: X_test=(8865, 5) y_test=(8865,) days=('2022-05-07 00:00:00+00:00', '2024-04-01 00:00:00+00:00') dist={0: 4369, 1: 4496}
2026-06-19 18:00:17 INFO crypto_research.ml_cpcv: [ml] fold 11/21 train=22782 test=8865 acc=0.5027 auc=0.4992
2026-06-19 18:00:17 INFO crypto_research.ml_cpcv: [ml] fold 12/21 → model.fit: X_train=(23040, 5) y_train=(23040,) days=('2022-01-11 00:00:00+00:00', '2024-04-01 00:00:00+00:00') dist={0: 11477, 1: 11563}
2026-06-19 18:00:17 INFO crypto_research.ml_cpcv: [ml] fold 12/21 → model.predict: X_test=(8586, 5) y_test=(8586,) days=('2022-08-31 00:00:00+00:00', '2023-04-19 00:00:00+00:00') dist={0: 4211, 1: 4375}
2026-06-19 18:00:18 INFO crypto_research.ml_cpcv: [ml] fold 12/21 train=23040 test=8586 acc=0.5149 auc=0.5235
2026-06-19 18:00:18 INFO crypto_research.ml_cpcv: [ml] fold 13/21 → model.fit: X_train=(22700, 5) y_train=(22700,) days=('2022-01-11 00:00:00+00:00', '2024-04-01 00:00:00+00:00') dist={0: 11033, 1: 11667}
2026-06-19 18:00:18 INFO crypto_research.ml_cpcv: [ml] fold 13/21 → model.predict: X_test=(8897, 5) y_test=(8897,) days=('2022-08-31 00:00:00+00:00', '2023-08-13 00:00:00+00:00') dist={0: 4659, 1: 4238}
2026-06-19 18:00:18 INFO crypto_research.ml_cpcv: [ml] fold 13/21 train=22700 test=8897 acc=0.5355 auc=0.5464
2026-06-19 18:00:18 INFO crypto_research.ml_cpcv: [ml] fold 14/21 → model.fit: X_train=(22710, 5) y_train=(22710,) days=('2022-01-11 00:00:00+00:00', '2024-04-01 00:00:00+00:00') dist={0: 11335, 1: 11375}
2026-06-19 18:00:18 INFO crypto_research.ml_cpcv: [ml] fold 14/21 → model.predict: X_test=(8887, 5) y_test=(8887,) days=('2022-08-31 00:00:00+00:00', '2023-12-07 00:00:00+00:00') dist={0: 4375, 1: 4512}
2026-06-19 18:00:18 INFO crypto_research.ml_cpcv: [ml] fold 14/21 train=22710 test=8887 acc=0.5326 auc=0.5425
2026-06-19 18:00:18 INFO crypto_research.ml_cpcv: [ml] fold 15/21 → model.fit: X_train=(22707, 5) y_train=(22707,) days=('2022-01-11 00:00:00+00:00', '2023-12-07 00:00:00+00:00') dist={0: 11302, 1: 11405}
2026-06-19 18:00:18 INFO crypto_research.ml_cpcv: [ml] fold 15/21 → model.predict: X_test=(8939, 5) y_test=(8939,) days=('2022-08-31 00:00:00+00:00', '2024-04-01 00:00:00+00:00') dist={0: 4411, 1: 4528}
2026-06-19 18:00:18 INFO crypto_research.ml_cpcv: [ml] fold 15/21 train=22707 test=8939 acc=0.5030 auc=0.5148
2026-06-19 18:00:18 INFO crypto_research.ml_cpcv: [ml] fold 16/21 → model.fit: X_train=(20681, 5) y_train=(20681,) days=('2022-01-11 00:00:00+00:00', '2024-04-01 00:00:00+00:00') dist={0: 10244, 1: 10437}
2026-06-19 18:00:18 INFO crypto_research.ml_cpcv: [ml] fold 16/21 → model.predict: X_test=(10945, 5) y_test=(10945,) days=('2022-12-25 00:00:00+00:00', '2023-08-13 00:00:00+00:00') dist={0: 5468, 1: 5477}
2026-06-19 18:00:18 INFO crypto_research.ml_cpcv: [ml] fold 16/21 train=20681 test=10945 acc=0.5117 auc=0.5180
2026-06-19 18:00:18 INFO crypto_research.ml_cpcv: [ml] fold 17/21 → model.fit: X_train=(20642, 5) y_train=(20642,) days=('2022-01-11 00:00:00+00:00', '2024-04-01 00:00:00+00:00') dist={0: 10501, 1: 10141}
2026-06-19 18:00:18 INFO crypto_research.ml_cpcv: [ml] fold 17/21 → model.predict: X_test=(10935, 5) y_test=(10935,) days=('2022-12-25 00:00:00+00:00', '2023-12-07 00:00:00+00:00') dist={0: 5184, 1: 5751}
2026-06-19 18:00:18 INFO crypto_research.ml_cpcv: [ml] fold 17/21 train=20642 test=10935 acc=0.5083 auc=0.5268
2026-06-19 18:00:18 INFO crypto_research.ml_cpcv: [ml] fold 18/21 → model.fit: X_train=(20639, 5) y_train=(20639,) days=('2022-01-11 00:00:00+00:00', '2023-12-07 00:00:00+00:00') dist={0: 10468, 1: 10171}
2026-06-19 18:00:18 INFO crypto_research.ml_cpcv: [ml] fold 18/21 → model.predict: X_test=(10987, 5) y_test=(10987,) days=('2022-12-25 00:00:00+00:00', '2024-04-01 00:00:00+00:00') dist={0: 5220, 1: 5767}
2026-06-19 18:00:18 INFO crypto_research.ml_cpcv: [ml] fold 18/21 train=20639 test=10987 acc=0.5077 auc=0.5355
2026-06-19 18:00:18 INFO crypto_research.ml_cpcv: [ml] fold 19/21 → model.fit: X_train=(20380, 5) y_train=(20380,) days=('2022-01-11 00:00:00+00:00', '2024-04-01 00:00:00+00:00') dist={0: 10098, 1: 10282}
2026-06-19 18:00:18 INFO crypto_research.ml_cpcv: [ml] fold 19/21 → model.predict: X_test=(11246, 5) y_test=(11246,) days=('2023-04-20 00:00:00+00:00', '2023-12-07 00:00:00+00:00') dist={0: 5632, 1: 5614}
2026-06-19 18:00:18 INFO crypto_research.ml_cpcv: [ml] fold 19/21 train=20380 test=11246 acc=0.5357 auc=0.5465
2026-06-19 18:00:18 INFO crypto_research.ml_cpcv: [ml] fold 20/21 → model.fit: X_train=(20328, 5) y_train=(20328,) days=('2022-01-11 00:00:00+00:00', '2023-12-07 00:00:00+00:00') dist={0: 10044, 1: 10284}
2026-06-19 18:00:18 INFO crypto_research.ml_cpcv: [ml] fold 20/21 → model.predict: X_test=(11298, 5) y_test=(11298,) days=('2023-04-20 00:00:00+00:00', '2024-04-01 00:00:00+00:00') dist={0: 5668, 1: 5630}
2026-06-19 18:00:18 INFO crypto_research.ml_cpcv: [ml] fold 20/21 train=20328 test=11298 acc=0.5393 auc=0.5523
2026-06-19 18:00:18 INFO crypto_research.ml_cpcv: [ml] fold 21/21 → model.fit: X_train=(20387, 5) y_train=(20387,) days=('2022-01-11 00:00:00+00:00', '2023-08-13 00:00:00+00:00') dist={0: 10349, 1: 10038}
2026-06-19 18:00:18 INFO crypto_research.ml_cpcv: [ml] fold 21/21 → model.predict: X_test=(11288, 5) y_test=(11288,) days=('2023-08-14 00:00:00+00:00', '2024-04-01 00:00:00+00:00') dist={0: 5384, 1: 5904}
2026-06-19 18:00:18 INFO crypto_research.ml_cpcv: [ml] fold 21/21 train=20387 test=11288 acc=0.4964 auc=0.5112
2026-06-19 18:00:18 INFO crypto_research.ml_cpcv: [ml] CPCV mean: folds=21 acc=0.5214 logloss=0.6947 auc=0.5354
2026-06-19 18:00:18 INFO crypto_research.ml_cpcv: [ml] OOS paths: rows=31675 cols=[time_ns, y_prob, y_true] folds_merged=21
2026-06-19 18:00:18 INFO crypto_research.ml_cpcv: [ml] OOS calibration: brier=0.2500 ece=0.0235
2026-06-19 18:00:18 INFO crypto_research.ml_cpcv: [ml] OOS weekday Пн: n=4514 base_up=0.4920 pred_up=0.4464 acc=0.4860 logloss=0.7014 auc=0.4812
2026-06-19 18:00:18 INFO crypto_research.ml_cpcv: [ml] OOS weekday Вт: n=4528 base_up=0.5172 pred_up=0.5049 acc=0.5375 logloss=0.6865 auc=0.5610
2026-06-19 18:00:18 INFO crypto_research.ml_cpcv: [ml] OOS weekday Ср: n=4527 base_up=0.4950 pred_up=0.4586 acc=0.5253 logloss=0.6940 auc=0.5268
2026-06-19 18:00:18 INFO crypto_research.ml_cpcv: [ml] OOS weekday Чт: n=4533 base_up=0.4584 pred_up=0.2813 acc=0.5237 logloss=0.6956 auc=0.5042
2026-06-19 18:00:18 INFO crypto_research.ml_cpcv: [ml] OOS weekday Пт: n=4535 base_up=0.5605 pred_up=0.9109 acc=0.5535 logloss=0.6889 auc=0.4913
2026-06-19 18:00:18 INFO crypto_research.ml_cpcv: [ml] OOS weekday Сб: n=4529 base_up=0.5235 pred_up=0.7467 acc=0.5114 logloss=0.6963 auc=0.4953
2026-06-19 18:00:18 INFO crypto_research.ml_cpcv: [ml] OOS weekday Вс: n=4509 base_up=0.4762 pred_up=0.3615 acc=0.5309 logloss=0.6902 auc=0.5427
2026-06-19 18:00:20 INFO crypto_research.ml_oos_paths: [ml] OOS plot saved: /home_admin/crypto_bot/crypto_research/research_outputs/combined/dow_ema_rsi_streak/ml/plots/direction_dow_ema_rsi_streak_49pairs_20220101_20240401_oos_prob.png (weekdays=7 calendar_days=812 rows=31675)
2026-06-19 18:00:21 INFO crypto_research.ml_oos_paths: [ml] OOS calibration plot saved: /home_admin/crypto_bot/crypto_research/research_outputs/combined/dow_ema_rsi_streak/ml/plots/direction_dow_ema_rsi_streak_49pairs_20220101_20240401_oos_calibration.png (brier=0.2500 ece=0.0235 rows=31675)
2026-06-19 18:00:21 INFO crypto_research.ml_learning_curve: [ml] full train fit: rows=31675 n_estimators=100
2026-06-19 18:00:21 INFO crypto_research.ml_learning_curve: [ml] learning curve diagnostic: fit_rows=22701 eval_rows=8974 n_estimators=100 min_eval_iter=1 min_eval_logloss=0.6947
2026-06-19 18:00:21 INFO crypto_research.ml_learning_curve: [ml] learning curve saved: /home_admin/crypto_bot/crypto_research/research_outputs/combined/dow_ema_rsi_streak/ml/plots/direction_dow_ema_rsi_streak_49pairs_20220101_20240401_learning_curve.png (best_iter=1)
2026-06-19 18:00:21 INFO crypto_research.ml_learning_curve: [ml] learning curve log saved: /home_admin/crypto_bot/crypto_research/research_outputs/combined/dow_ema_rsi_streak/ml/direction_dow_ema_rsi_streak_49pairs_20220101_20240401_learning_curve.log (100 iterations)
2026-06-19 18:00:21 INFO crypto_research.ml_plot_registry: [ml] plot: oos_prob
2026-06-19 18:00:22 INFO crypto_research.ml_oos_paths: [ml] OOS plot saved: /home_admin/crypto_bot/crypto_research/research_outputs/combined/dow_ema_rsi_streak/ml/plots/direction_dow_ema_rsi_streak_49pairs_20240401_20260531_oos_prob.png (weekdays=7 calendar_days=777 rows=38001)
2026-06-19 18:00:22 INFO crypto_research.ml_plot_registry: [ml] plot: oos_calibration
2026-06-19 18:00:23 INFO crypto_research.ml_oos_paths: [ml] OOS calibration plot saved: /home_admin/crypto_bot/crypto_research/research_outputs/combined/dow_ema_rsi_streak/ml/plots/direction_dow_ema_rsi_streak_49pairs_20240401_20260531_oos_calibration.png (brier=0.2496 ece=0.0313 rows=38001)
2026-06-19 18:00:23 INFO crypto_research.ml_plot_registry: [ml] plot: weekday_pair_summary
2026-06-19 18:00:24 INFO crypto_research.ml_oos_paths: [ml] Weekday×pair summary plot saved: /home_admin/crypto_bot/crypto_research/research_outputs/combined/dow_ema_rsi_streak/ml/plots/direction_dow_ema_rsi_streak_49pairs_20240401_20260531_weekday_pair_summary.png (pairs=49 rows=38001)
2026-06-19 18:00:26 INFO crypto_research.ml_oos_paths: [ml] Weekday×pair summary plot saved: /home_admin/crypto_bot/crypto_research/research_outputs/combined/dow_ema_rsi_streak/ml/plots/direction_dow_ema_rsi_streak_49pairs_20220101_20240401_weekday_pair_summary.png (pairs=49 rows=31675)
2026-06-19 18:00:26 INFO crypto_research.ml_plot_registry: [ml] plot: roc_auc
2026-06-19 18:00:26 INFO crypto_research.ml_oos_paths: [ml] ROC AUC comparison plot saved: /home_admin/crypto_bot/crypto_research/research_outputs/combined/dow_ema_rsi_streak/ml/plots/direction_dow_ema_rsi_streak_49pairs_20220101_20260531_roc_auc.png
2026-06-19 18:00:26 INFO crypto_research.ml_plot_registry: [ml] plot: learning_curve
2026-06-19 18:00:26 INFO crypto_research.ml_plot_registry: [ml] plot: correlation_matrix_heatmap
2026-06-19 18:00:26 INFO crypto_research.ml_feature_diagnostic_plots: [ml] feature corr pair_id vs weekday_enc: 0.0001
2026-06-19 18:00:26 INFO crypto_research.ml_feature_diagnostic_plots: [ml] feature corr pair_id vs ema_dev_pair_norm: 0.0157
2026-06-19 18:00:26 INFO crypto_research.ml_feature_diagnostic_plots: [ml] feature corr pair_id vs rsi_pair_norm: 0.0061
2026-06-19 18:00:26 INFO crypto_research.ml_feature_diagnostic_plots: [ml] feature corr pair_id vs streak_pair_norm: -0.0024
2026-06-19 18:00:26 INFO crypto_research.ml_feature_diagnostic_plots: [ml] feature corr weekday_enc vs ema_dev_pair_norm: 0.0171
2026-06-19 18:00:26 INFO crypto_research.ml_feature_diagnostic_plots: [ml] feature corr weekday_enc vs rsi_pair_norm: 0.0154
2026-06-19 18:00:26 INFO crypto_research.ml_feature_diagnostic_plots: [ml] feature corr weekday_enc vs streak_pair_norm: 0.0371
2026-06-19 18:00:26 INFO crypto_research.ml_feature_diagnostic_plots: [ml] feature corr ema_dev_pair_norm vs rsi_pair_norm: 0.8526
2026-06-19 18:00:26 INFO crypto_research.ml_feature_diagnostic_plots: [ml] feature corr ema_dev_pair_norm vs streak_pair_norm: 0.5270
2026-06-19 18:00:26 INFO crypto_research.ml_feature_diagnostic_plots: [ml] feature corr rsi_pair_norm vs streak_pair_norm: 0.4939
2026-06-19 18:00:26 INFO crypto_research.ml_feature_diagnostic_plots: [ml] correlation matrix heatmap saved: /home_admin/crypto_bot/crypto_research/research_outputs/combined/dow_ema_rsi_streak/ml/plots/direction_dow_ema_rsi_streak_49pairs_20240401_20260531_correlation_matrix.png
2026-06-19 18:00:26 INFO crypto_research.ml_plot_registry: [ml] plot: shape_summary_plot
2026-06-19 18:00:26 INFO crypto_research.ml_shap_plots: [ml] SHAP subsample: 3000 / 38001 rows
2026-06-19 18:00:27 INFO crypto_research.ml_shap_plots: [ml] SHAP summary plot saved: /home_admin/crypto_bot/crypto_research/research_outputs/combined/dow_ema_rsi_streak/ml/plots/direction_dow_ema_rsi_streak_49pairs_20240401_20260531_shape_summary.png
2026-06-19 18:00:27 INFO crypto_research.ml_plot_registry: [ml] plot: feature_prob_dependence
2026-06-19 18:00:27 INFO crypto_research.ml_feature_dependence_plot: [ml] feature P(up) dependence plot saved: /home_admin/crypto_bot/crypto_research/research_outputs/combined/dow_ema_rsi_streak/ml/plots/direction_dow_ema_rsi_streak_49pairs_20240401_20260531_feature_prob_dependence.png (features=['weekday_enc', 'ema_dev_pair_norm', 'rsi_pair_norm', 'streak_pair_norm'])
2026-06-19 18:00:27 INFO crypto_research.ml_research: [ml] auto compare_prob_cdf: ['dow_ema_rsi_sp', 'dow_ema_rsi_streak']
2026-06-19 18:00:28 INFO crypto_research.ml_dataset: [ml] ema_dev_pair_norm: min=-4.918 max=15.840 mean=-0.087
2026-06-19 18:00:28 INFO crypto_research.ml_dataset: [ml] rsi_pair_norm: min=-1.864 max=2.022 mean=-0.170
2026-06-19 18:00:28 INFO crypto_research.ml_dataset: [ml] dataset studies=['day_of_week_ml', 'ema_spreads_ml', 'rsi_spreads_ml'] features=['pair_id', 'weekday_enc', 'ema_dev_pair_norm', 'rsi_pair_norm'] rows=38073 pairs=49 up_rate=0.478
2026-06-19 18:00:28 INFO crypto_research.ml_model_compare_plot: [ml] compare plot saved: /home_admin/crypto_bot/crypto_research/research_outputs/combined/dow_ema_rsi_streak/ml/plots/direction_dow_ema_rsi_streak_49pairs_20220101_20260531_compare_prob_cdf.png
2026-06-19 18:00:31 INFO crypto_research.ml_research: [ml] train/test metrics saved: /home_admin/crypto_bot/crypto_research/research_outputs/combined/dow_ema_rsi_streak/ml/metrics/direction_dow_ema_rsi_streak_49pairs_20220101_20260531_train_test.json
2026-06-19 18:08:26 INFO crypto_research.ml_research: [ml] log file: /home_admin/crypto_bot/crypto_research/research_outputs/combined/dow_ema_rsi_streak/ml/direction_dow_ema_rsi_streak_20220101_20260531.log
2026-06-19 18:08:26 INFO crypto_research.ml_dataset: [ml] pair filter: first_candle <= 2023-01-01 → 49 pairs
2026-06-19 18:08:44 INFO crypto_research.load: [1] Загрузка данных: пар=49 строк=46567998 ~1243.5 MB
2026-06-19 18:08:44 INFO crypto_research.load:   1000luncusdt: rows=656821 2022-12-31 .. 2024-04-01
2026-06-19 18:08:44 INFO crypto_research.load:   aaveusdt: rows=1182241 2022-01-01 .. 2024-04-01
2026-06-19 18:08:44 INFO crypto_research.load:   adausdt: rows=1182241 2022-01-01 .. 2024-04-01
2026-06-19 18:08:44 INFO crypto_research.load:   algousdt: rows=1182241 2022-01-01 .. 2024-04-01
2026-06-19 18:08:44 INFO crypto_research.load:   aliceusdt: rows=1182241 2022-01-01 .. 2024-04-01
2026-06-19 18:08:44 INFO crypto_research.load:   apeusdt: rows=656821 2022-12-31 .. 2024-04-01
2026-06-19 18:08:44 INFO crypto_research.load:   api3usdt: rows=1098270 2022-02-28 .. 2024-04-01
2026-06-19 18:08:44 INFO crypto_research.load:   aptusdt: rows=763033 2022-10-19 .. 2024-04-01
2026-06-19 18:08:44 INFO crypto_research.load:   atomusdt: rows=1182241 2022-01-01 .. 2024-04-01
2026-06-19 18:08:44 INFO crypto_research.load:   avaxusdt: rows=1182241 2022-01-01 .. 2024-04-01
2026-06-19 18:08:44 INFO crypto_research.load:   axsusdt: rows=656821 2022-12-31 .. 2024-04-01
2026-06-19 18:08:44 INFO crypto_research.load:   bchusdt: rows=1182241 2022-01-01 .. 2024-04-01
2026-06-19 18:08:44 INFO crypto_research.load:   bnbusdt: rows=1182241 2022-01-01 .. 2024-04-01
2026-06-19 18:08:44 INFO crypto_research.load:   btcusdt: rows=1182241 2022-01-01 .. 2024-04-01
2026-06-19 18:08:44 INFO crypto_research.load:   chzusdt: rows=656821 2022-12-31 .. 2024-04-01
2026-06-19 18:08:44 INFO crypto_research.load:   crvusdt: rows=1182241 2022-01-01 .. 2024-04-01
2026-06-19 18:08:44 INFO crypto_research.load:   dashusdt: rows=656821 2022-12-31 .. 2024-04-01
2026-06-19 18:08:44 INFO crypto_research.load:   dogeusdt: rows=1182241 2022-01-01 .. 2024-04-01
2026-06-19 18:08:44 INFO crypto_research.load:   dotusdt: rows=1182241 2022-01-01 .. 2024-04-01
2026-06-19 18:08:44 INFO crypto_research.load:   dydxusdt: rows=1182241 2022-01-01 .. 2024-04-01
2026-06-19 18:08:44 INFO crypto_research.load:   egldusdt: rows=656821 2022-12-31 .. 2024-04-01
2026-06-19 18:08:44 INFO crypto_research.load:   enjusdt: rows=1182241 2022-01-01 .. 2024-04-01
2026-06-19 18:08:44 INFO crypto_research.load:   etcusdt: rows=656821 2022-12-31 .. 2024-04-01
2026-06-19 18:08:44 INFO crypto_research.load:   ethusdt: rows=1182241 2022-01-01 .. 2024-04-01
2026-06-19 18:08:44 INFO crypto_research.load:   filusdt: rows=1182241 2022-01-01 .. 2024-04-01
2026-06-19 18:08:44 INFO crypto_research.load:   galausdt: rows=1182241 2022-01-01 .. 2024-04-01
2026-06-19 18:08:44 INFO crypto_research.load:   gmtusdt: rows=656821 2022-12-31 .. 2024-04-01
2026-06-19 18:08:44 INFO crypto_research.load:   hbarusdt: rows=656821 2022-12-31 .. 2024-04-01
2026-06-19 18:08:44 INFO crypto_research.load:   icpusdt: rows=656821 2022-12-31 .. 2024-04-01
2026-06-19 18:08:44 INFO crypto_research.load:   injusdt: rows=656821 2022-12-31 .. 2024-04-01
2026-06-19 18:08:44 INFO crypto_research.load:   ldousdt: rows=656821 2022-12-31 .. 2024-04-01
2026-06-19 18:08:44 INFO crypto_research.load:   linkusdt: rows=1182241 2022-01-01 .. 2024-04-01
2026-06-19 18:08:44 INFO crypto_research.load:   ltcusdt: rows=1182241 2022-01-01 .. 2024-04-01
2026-06-19 18:08:44 INFO crypto_research.load:   nearusdt: rows=1182241 2022-01-01 .. 2024-04-01
2026-06-19 18:08:44 INFO crypto_research.load:   ontusdt: rows=957048 2022-06-06 .. 2024-04-01
2026-06-19 18:08:44 INFO crypto_research.load:   opusdt: rows=656821 2022-12-31 .. 2024-04-01
2026-06-19 18:08:44 INFO crypto_research.load:   paxgusdt: rows=1076619 2022-03-15 .. 2024-04-01
2026-06-19 18:08:44 INFO crypto_research.load:   sandusdt: rows=656821 2022-12-31 .. 2024-04-01
2026-06-19 18:08:44 INFO crypto_research.load:   shib1000usdt: rows=656821 2022-12-31 .. 2024-04-01
2026-06-19 18:08:44 INFO crypto_research.load:   solusdt: rows=1182241 2022-01-01 .. 2024-04-01
2026-06-19 18:08:44 INFO crypto_research.load:   storjusdt: rows=656821 2022-12-31 .. 2024-04-01
2026-06-19 18:08:44 INFO crypto_research.load:   stxusdt: rows=656821 2022-12-31 .. 2024-04-01
2026-06-19 18:08:44 INFO crypto_research.load:   trxusdt: rows=656821 2022-12-31 .. 2024-04-01
2026-06-19 18:08:44 INFO crypto_research.load:   uniusdt: rows=1182241 2022-01-01 .. 2024-04-01
2026-06-19 18:08:44 INFO crypto_research.load:   xlmusdt: rows=656821 2022-12-31 .. 2024-04-01
2026-06-19 18:08:44 INFO crypto_research.load:   xmrusdt: rows=1162824 2022-01-14 .. 2024-04-01
2026-06-19 18:08:44 INFO crypto_research.load:   xrpusdt: rows=1182241 2022-01-01 .. 2024-04-01
2026-06-19 18:08:44 INFO crypto_research.load:   zecusdt: rows=1182241 2022-01-01 .. 2024-04-01
2026-06-19 18:08:44 INFO crypto_research.load:   zenusdt: rows=656821 2022-12-31 .. 2024-04-01
2026-06-19 18:08:45 INFO crypto_research.ml_dataset: [ml] pooled daily: pairs=49 rows=32407 period=2022-01-01..2024-04-01
2026-06-19 18:08:45 INFO crypto_research.ml_dataset: [ml] pair filter: first_candle <= 2023-01-01 → 49 pairs
2026-06-19 18:09:10 INFO crypto_research.load: [1] Загрузка данных: пар=49 строк=55515524 ~1482.4 MB
2026-06-19 18:09:10 INFO crypto_research.load:   1000luncusdt: rows=1133280 2024-04-01 .. 2026-05-27
2026-06-19 18:09:10 INFO crypto_research.load:   aaveusdt: rows=1132756 2024-04-01 .. 2026-05-27
2026-06-19 18:09:10 INFO crypto_research.load:   adausdt: rows=1132756 2024-04-01 .. 2026-05-27
2026-06-19 18:09:10 INFO crypto_research.load:   algousdt: rows=1132756 2024-04-01 .. 2026-05-27
2026-06-19 18:09:10 INFO crypto_research.load:   aliceusdt: rows=1132756 2024-04-01 .. 2026-05-27
2026-06-19 18:09:10 INFO crypto_research.load:   apeusdt: rows=1133280 2024-04-01 .. 2026-05-27
2026-06-19 18:09:10 INFO crypto_research.load:   api3usdt: rows=1132756 2024-04-01 .. 2026-05-27
2026-06-19 18:09:10 INFO crypto_research.load:   aptusdt: rows=1132756 2024-04-01 .. 2026-05-27
2026-06-19 18:09:10 INFO crypto_research.load:   atomusdt: rows=1132756 2024-04-01 .. 2026-05-27
2026-06-19 18:09:10 INFO crypto_research.load:   avaxusdt: rows=1132756 2024-04-01 .. 2026-05-27
2026-06-19 18:09:10 INFO crypto_research.load:   axsusdt: rows=1133280 2024-04-01 .. 2026-05-27
2026-06-19 18:09:10 INFO crypto_research.load:   bchusdt: rows=1132756 2024-04-01 .. 2026-05-27
2026-06-19 18:09:10 INFO crypto_research.load:   bnbusdt: rows=1132756 2024-04-01 .. 2026-05-27
2026-06-19 18:09:10 INFO crypto_research.load:   btcusdt: rows=1132756 2024-04-01 .. 2026-05-27
2026-06-19 18:09:10 INFO crypto_research.load:   chzusdt: rows=1133280 2024-04-01 .. 2026-05-27
2026-06-19 18:09:10 INFO crypto_research.load:   crvusdt: rows=1132756 2024-04-01 .. 2026-05-27
2026-06-19 18:09:10 INFO crypto_research.load:   dashusdt: rows=1133280 2024-04-01 .. 2026-05-27
2026-06-19 18:09:10 INFO crypto_research.load:   dogeusdt: rows=1132756 2024-04-01 .. 2026-05-27
2026-06-19 18:09:10 INFO crypto_research.load:   dotusdt: rows=1132756 2024-04-01 .. 2026-05-27
2026-06-19 18:09:10 INFO crypto_research.load:   dydxusdt: rows=1132756 2024-04-01 .. 2026-05-27
2026-06-19 18:09:10 INFO crypto_research.load:   egldusdt: rows=1133280 2024-04-01 .. 2026-05-27
2026-06-19 18:09:10 INFO crypto_research.load:   enjusdt: rows=1132756 2024-04-01 .. 2026-05-27
2026-06-19 18:09:10 INFO crypto_research.load:   etcusdt: rows=1133280 2024-04-01 .. 2026-05-27
2026-06-19 18:09:10 INFO crypto_research.load:   ethusdt: rows=1132756 2024-04-01 .. 2026-05-27
2026-06-19 18:09:10 INFO crypto_research.load:   filusdt: rows=1132756 2024-04-01 .. 2026-05-27
2026-06-19 18:09:10 INFO crypto_research.load:   galausdt: rows=1132756 2024-04-01 .. 2026-05-27
2026-06-19 18:09:10 INFO crypto_research.load:   gmtusdt: rows=1133280 2024-04-01 .. 2026-05-27
2026-06-19 18:09:10 INFO crypto_research.load:   hbarusdt: rows=1133280 2024-04-01 .. 2026-05-27
2026-06-19 18:09:10 INFO crypto_research.load:   icpusdt: rows=1133280 2024-04-01 .. 2026-05-27
2026-06-19 18:09:10 INFO crypto_research.load:   injusdt: rows=1133280 2024-04-01 .. 2026-05-27
2026-06-19 18:09:10 INFO crypto_research.load:   ldousdt: rows=1133280 2024-04-01 .. 2026-05-27
2026-06-19 18:09:10 INFO crypto_research.load:   linkusdt: rows=1132756 2024-04-01 .. 2026-05-27
2026-06-19 18:09:10 INFO crypto_research.load:   ltcusdt: rows=1132756 2024-04-01 .. 2026-05-27
2026-06-19 18:09:10 INFO crypto_research.load:   nearusdt: rows=1132756 2024-04-01 .. 2026-05-27
2026-06-19 18:09:10 INFO crypto_research.load:   ontusdt: rows=1132756 2024-04-01 .. 2026-05-27
2026-06-19 18:09:10 INFO crypto_research.load:   opusdt: rows=1133280 2024-04-01 .. 2026-05-27
2026-06-19 18:09:10 INFO crypto_research.load:   paxgusdt: rows=1132756 2024-04-01 .. 2026-05-27
2026-06-19 18:09:10 INFO crypto_research.load:   sandusdt: rows=1133280 2024-04-01 .. 2026-05-27
2026-06-19 18:09:10 INFO crypto_research.load:   shib1000usdt: rows=1133280 2024-04-01 .. 2026-05-27
2026-06-19 18:09:10 INFO crypto_research.load:   solusdt: rows=1132756 2024-04-01 .. 2026-05-27
2026-06-19 18:09:10 INFO crypto_research.load:   storjusdt: rows=1133280 2024-04-01 .. 2026-05-27
2026-06-19 18:09:10 INFO crypto_research.load:   stxusdt: rows=1133280 2024-04-01 .. 2026-05-27
2026-06-19 18:09:10 INFO crypto_research.load:   trxusdt: rows=1133280 2024-04-01 .. 2026-05-27
2026-06-19 18:09:10 INFO crypto_research.load:   uniusdt: rows=1132756 2024-04-01 .. 2026-05-27
2026-06-19 18:09:10 INFO crypto_research.load:   xlmusdt: rows=1133280 2024-04-01 .. 2026-05-27
2026-06-19 18:09:10 INFO crypto_research.load:   xmrusdt: rows=1132756 2024-04-01 .. 2026-05-27
2026-06-19 18:09:10 INFO crypto_research.load:   xrpusdt: rows=1132756 2024-04-01 .. 2026-05-27
2026-06-19 18:09:10 INFO crypto_research.load:   zecusdt: rows=1132756 2024-04-01 .. 2026-05-27
2026-06-19 18:09:10 INFO crypto_research.load:   zenusdt: rows=1133280 2024-04-01 .. 2026-05-27
2026-06-19 18:09:11 INFO crypto_research.ml_dataset: [ml] pooled daily: pairs=49 rows=38563 period=2024-04-01..2026-05-31
2026-06-19 18:09:11 INFO crypto_research.ml_ema_dev_norm: [ml] ema_dev_pair_norm bounds: pairs=49
2026-06-19 18:09:11 INFO crypto_research.ml_numeric_features: [ml] bounds ema_dev_pair_norm: pairs=49
2026-06-19 18:09:11 INFO crypto_research.ml_numeric_features: [ml] bounds rsi_pair_norm: pairs=49
2026-06-19 18:09:11 INFO crypto_research.ml_numeric_features: [ml] bounds streak_pair_norm: pairs=49
2026-06-19 18:09:12 INFO crypto_research.ml_dataset: [ml] ema_dev_pair_norm: min=-4.914 max=8.584 mean=-0.014
2026-06-19 18:09:12 INFO crypto_research.ml_dataset: [ml] rsi_pair_norm: min=-2.053 max=2.062 mean=-0.081
2026-06-19 18:09:12 INFO crypto_research.ml_dataset: [ml] streak_pair_norm: min=-3.000 max=4.333 mean=-0.012
2026-06-19 18:09:12 INFO crypto_research.ml_dataset: [ml] dataset studies=['day_of_week_ml', 'ema_spreads_ml', 'rsi_spreads_ml', 'price_sequences_ml'] features=['pair_id', 'weekday_enc', 'ema_dev_pair_norm', 'rsi_pair_norm', 'streak_pair_norm'] rows=31675 pairs=49 up_rate=0.503
2026-06-19 18:09:12 INFO crypto_research.ml_dataset: [ml] ema_dev_pair_norm: min=-4.918 max=15.840 mean=-0.087
2026-06-19 18:09:12 INFO crypto_research.ml_dataset: [ml] rsi_pair_norm: min=-1.864 max=2.022 mean=-0.170
2026-06-19 18:09:12 INFO crypto_research.ml_dataset: [ml] streak_pair_norm: min=-3.333 max=3.333 mean=-0.083
2026-06-19 18:09:12 INFO crypto_research.ml_dataset: [ml] dataset studies=['day_of_week_ml', 'ema_spreads_ml', 'rsi_spreads_ml', 'price_sequences_ml'] features=['pair_id', 'weekday_enc', 'ema_dev_pair_norm', 'rsi_pair_norm', 'streak_pair_norm'] rows=38001 pairs=49 up_rate=0.478
2026-06-19 18:09:12 INFO crypto_research.ml_research: Dataset columns (10): ['day_utc', 'pair', 'weekday', 'return_pct', 'direction_up', 'ema_dev_pair_norm', 'rsi_pair_norm', 'streak_pair_norm', 'pair_id', 'weekday_enc']
2026-06-19 18:09:12 INFO crypto_research.ml_research: Dataset head (50 rows):
shape: (50, 10)
┌───────────────┬───────────┬─────────┬───────────────┬──────────────┬───────────────┬──────────────┬──────────────┬─────────┬─────────────┐
│ day_utc       ┆ pair      ┆ weekday ┆ return_pct    ┆ direction_up ┆ ema_dev_pair_ ┆ rsi_pair_nor ┆ streak_pair_ ┆ pair_id ┆ weekday_enc │
│ ---           ┆ ---       ┆ ---     ┆ ---           ┆ ---          ┆ norm          ┆ m            ┆ norm         ┆ ---     ┆ ---         │
│ datetime[μs,  ┆ str       ┆ i64     ┆ f64           ┆ i8           ┆ ---           ┆ ---          ┆ ---          ┆ cat     ┆ cat         │
│ UTC]          ┆           ┆         ┆               ┆              ┆ f64           ┆ f64          ┆ f64          ┆         ┆             │
╞═══════════════╪═══════════╪═════════╪═══════════════╪══════════════╪═══════════════╪══════════════╪══════════════╪═════════╪═════════════╡
│ 2022-01-11    ┆ aaveusdt  ┆ 1       ┆ 6.78857083097 ┆ 1            ┆ -1.0230104369 ┆ -2.030834987 ┆ -0.666666666 ┆ 1       ┆ 1           │
│ 00:00:00 UTC  ┆           ┆         ┆ 5585          ┆              ┆ 461848        ┆ 2019544      ┆ 6666667      ┆         ┆             │
│ 2022-01-11    ┆ adausdt   ┆ 1       ┆ 5.61046960964 ┆ 1            ┆ -1            ┆ -1.397337333 ┆ -1.333333333 ┆ 2       ┆ 1           │
│ 00:00:00 UTC  ┆           ┆         ┆ 6642          ┆              ┆               ┆ 734323       ┆ 3333333      ┆         ┆             │
│ 2022-01-11    ┆ algousdt  ┆ 1       ┆ 6.16287521953 ┆ 1            ┆ -0.8674341300 ┆ -1.155518108 ┆ -0.428571428 ┆ 3       ┆ 1           │
│ 00:00:00 UTC  ┆           ┆         ┆ 7939          ┆              ┆ 673081        ┆ 6904938      ┆ 5714286      ┆         ┆             │
│ 2022-01-11    ┆ aliceusdt ┆ 1       ┆ 6.37255474862 ┆ 1            ┆ -1.0272797277 ┆ -1.169087256 ┆ -0.428571428 ┆ 4       ┆ 1           │
│ 00:00:00 UTC  ┆           ┆         ┆ 0328          ┆              ┆ 67651         ┆ 2617576      ┆ 5714286      ┆         ┆             │
│ 2022-01-11    ┆ atomusdt  ┆ 1       ┆ 2.16587343265 ┆ 1            ┆ 0.13040448087 ┆ 0.1600048040 ┆ 0.3333333333 ┆ 8       ┆ 1           │
│ 00:00:00 UTC  ┆           ┆         ┆ 92084         ┆              ┆ 863565        ┆ 7343476      ┆ 3333326      ┆         ┆             │
│ 2022-01-11    ┆ avaxusdt  ┆ 1       ┆ 6.07964570964 ┆ 1            ┆ -0.9616868083 ┆ -1.420076649 ┆ -0.142857142 ┆ 9       ┆ 1           │
│ 00:00:00 UTC  ┆           ┆         ┆ 0859          ┆              ┆ 200584        ┆ 3461732      ┆ 8571429      ┆         ┆             │
│ 2022-01-11    ┆ bchusdt   ┆ 1       ┆ 1.65039202350 ┆ 1            ┆ -1.0135060783 ┆ -1.702198467 ┆ -0.333333333 ┆ 11      ┆ 1           │
│ 00:00:00 UTC  ┆           ┆         ┆ 81473         ┆              ┆ 051932        ┆ 363062       ┆ 33333337     ┆         ┆             │
│ 2022-01-11    ┆ bnbusdt   ┆ 1       ┆ 8.94643908181 ┆ 1            ┆ -1.3330381459 ┆ -1.762147821 ┆ -0.333333333 ┆ 12      ┆ 1           │
│ 00:00:00 UTC  ┆           ┆         ┆ 283           ┆              ┆ 113234        ┆ 6658728      ┆ 33333337     ┆         ┆             │
│ 2022-01-11    ┆ btcusdt   ┆ 1       ┆ 2.13470783802 ┆ 1            ┆ -0.6319884518 ┆ -1.758251511 ┆ -0.25        ┆ 13      ┆ 1           │
│ 00:00:00 UTC  ┆           ┆         ┆ 53057         ┆              ┆ 503163        ┆ 8565332      ┆              ┆         ┆             │
│ 2022-01-11    ┆ crvusdt   ┆ 1       ┆ 6.60486312011 ┆ 1            ┆ -1.1600089953 ┆ -1.320540003 ┆ -1           ┆ 15      ┆ 1           │
│ 00:00:00 UTC  ┆           ┆         ┆ 0692          ┆              ┆ 543349        ┆ 1884917      ┆              ┆         ┆             │
│ 2022-01-11    ┆ dogeusdt  ┆ 1       ┆ 7.48250833006 ┆ 1            ┆ -1.0166984201 ┆ -1.927608334 ┆ -1.333333333 ┆ 17      ┆ 1           │
│ 00:00:00 UTC  ┆           ┆         ┆ 13295         ┆              ┆ 353448        ┆ 982597       ┆ 3333333      ┆         ┆             │
│ 2022-01-11    ┆ dotusdt   ┆ 1       ┆ 7.76699076026 ┆ 1            ┆ -1            ┆ -1.123426555 ┆ -0.333333333 ┆ 18      ┆ 1           │
│ 00:00:00 UTC  ┆           ┆         ┆ 88255         ┆              ┆               ┆ 186431       ┆ 33333337     ┆         ┆             │
│ 2022-01-11    ┆ dydxusdt  ┆ 1       ┆ 11.6169585753 ┆ 1            ┆ -0.9971051695 ┆ -1.842971082 ┆ -0.333333333 ┆ 19      ┆ 1           │
│ 00:00:00 UTC  ┆           ┆         ┆ 51276         ┆              ┆ 789355        ┆ 482642       ┆ 33333337     ┆         ┆             │
│ 2022-01-11    ┆ enjusdt   ┆ 1       ┆ 6.76674887794 ┆ 1            ┆ -0.9218985975 ┆ -0.882139093 ┆ -0.428571428 ┆ 21      ┆ 1           │
│ 00:00:00 UTC  ┆           ┆         ┆ 5984          ┆              ┆ 89335         ┆ 0325894      ┆ 5714286      ┆         ┆             │
│ 2022-01-11    ┆ ethusdt   ┆ 1       ┆ 4.99675535366 ┆ 1            ┆ -0.9713267847 ┆ -1.506164362 ┆ -0.25        ┆ 23      ┆ 1           │
│ 00:00:00 UTC  ┆           ┆         ┆ 645           ┆              ┆ 166703        ┆ 9412935      ┆              ┆         ┆             │
│ 2022-01-11    ┆ filusdt   ┆ 1       ┆ 2.55863978791 ┆ 1            ┆ -1.0101559418 ┆ -1.313144762 ┆ -0.142857142 ┆ 24      ┆ 1           │
│ 00:00:00 UTC  ┆           ┆         ┆ 6926          ┆              ┆ 583597        ┆ 9224229      ┆ 8571429      ┆         ┆             │
│ 2022-01-11    ┆ galausdt  ┆ 1       ┆ 4.52855983128 ┆ 1            ┆ -1.3033013109 ┆ -1.485175152 ┆ -0.333333333 ┆ 25      ┆ 1           │
│ 00:00:00 UTC  ┆           ┆         ┆ 34034         ┆              ┆ 448117        ┆ 5926433      ┆ 33333337     ┆         ┆             │
│ 2022-01-11    ┆ linkusdt  ┆ 1       ┆ -4.8351308490 ┆ 0            ┆ 1.16693795247 ┆ 1.6377231109 ┆ 0.4285714285 ┆ 31      ┆ 1           │
│ 00:00:00 UTC  ┆           ┆         ┆ 143445        ┆              ┆ 2205          ┆ 811534       ┆ 714286       ┆         ┆             │
│ 2022-01-11    ┆ ltcusdt   ┆ 1       ┆ 3.91211332964 ┆ 1            ┆ -0.7905404511 ┆ -1.808317846 ┆ -0.428571428 ┆ 32      ┆ 1           │
│ 00:00:00 UTC  ┆           ┆         ┆ 31494         ┆              ┆ 078287        ┆ 0921738      ┆ 5714286      ┆         ┆             │
│ 2022-01-11    ┆ nearusdt  ┆ 1       ┆ 16.6095944847 ┆ 1            ┆ 0.29281058031 ┆ 0.0488359746 ┆ 0.4285714285 ┆ 33      ┆ 1           │
│ 00:00:00 UTC  ┆           ┆         ┆ 94073         ┆              ┆ 2173          ┆ 96927575     ┆ 714286       ┆         ┆             │
│ 2022-01-11    ┆ solusdt   ┆ 1       ┆ 3.23886175840 ┆ 1            ┆ -0.7819217979 ┆ -1.634870644 ┆ -0.5         ┆ 39      ┆ 1           │
│ 00:00:00 UTC  ┆           ┆         ┆ 9968          ┆              ┆ 769039        ┆ 5915702      ┆              ┆         ┆             │
│ 2022-01-11    ┆ uniusdt   ┆ 1       ┆ 5.52577615494 ┆ 1            ┆ -0.7360077620 ┆ -0.853079271 ┆ -0.333333333 ┆ 43      ┆ 1           │
│ 00:00:00 UTC  ┆           ┆         ┆ 87565         ┆              ┆ 792981        ┆ 1270476      ┆ 33333337     ┆         ┆             │
│ 2022-01-11    ┆ xrpusdt   ┆ 1       ┆ 4.09902886035 ┆ 1            ┆ -0.7226242374 ┆ -1.558346268 ┆ -0.333333333 ┆ 46      ┆ 1           │
│ 00:00:00 UTC  ┆           ┆         ┆ 6283          ┆              ┆ 373969        ┆ 9840615      ┆ 33333337     ┆         ┆             │
│ 2022-01-11    ┆ zecusdt   ┆ 1       ┆ 0.14174127540 ┆ 1            ┆ -0.1522824243 ┆ -0.657407839 ┆ -0.25        ┆ 47      ┆ 1           │
│ 00:00:00 UTC  ┆           ┆         ┆ 112447        ┆              ┆ 0131114       ┆ 384771       ┆              ┆         ┆             │
│ 2022-01-12    ┆ aaveusdt  ┆ 2       ┆ 2.43960232509 ┆ 1            ┆ -0.3765510963 ┆ -1.306695141 ┆ 0.3333333333 ┆ 1       ┆ 2           │
│ 00:00:00 UTC  ┆           ┆         ┆ 16063         ┆              ┆ 0048034       ┆ 519008       ┆ 3333326      ┆         ┆             │
│ 2022-01-12    ┆ adausdt   ┆ 2       ┆ 10.6079784480 ┆ 1            ┆ -0.3203851336 ┆ -0.867395576 ┆ 0.3333333333 ┆ 2       ┆ 2           │
│ 00:00:00 UTC  ┆           ┆         ┆ 37555         ┆              ┆ 67936         ┆ 7137441      ┆ 3333326      ┆         ┆             │
│ 2022-01-12    ┆ algousdt  ┆ 2       ┆ 3.66274860532 ┆ 1            ┆ -0.2844536684 ┆ -0.759701631 ┆ 0.1428571428 ┆ 3       ┆ 2           │
│ 00:00:00 UTC  ┆           ┆         ┆ 5483          ┆              ┆ 584358        ┆ 6217354      ┆ 571428       ┆         ┆             │
│ 2022-01-12    ┆ aliceusdt ┆ 2       ┆ 5.99077968366 ┆ 1            ┆ -0.4512253217 ┆ -0.791490191 ┆ 0.1428571428 ┆ 4       ┆ 2           │
│ 00:00:00 UTC  ┆           ┆         ┆ 14065         ┆              ┆ 2717783       ┆ 507975       ┆ 571428       ┆         ┆             │
│ 2022-01-12    ┆ atomusdt  ┆ 2       ┆ 4.08479318482 ┆ 1            ┆ 0.30966920090 ┆ 0.2481282040 ┆ 0.6666666666 ┆ 8       ┆ 2           │
│ 00:00:00 UTC  ┆           ┆         ┆ 8393          ┆              ┆ 098315        ┆ 479178       ┆ 666667       ┆         ┆             │
│ 2022-01-12    ┆ avaxusdt  ┆ 2       ┆ 7.32320427743 ┆ 1            ┆ -0.3617231716 ┆ -1.017758796 ┆ 0.4285714285 ┆ 9       ┆ 2           │
│ 00:00:00 UTC  ┆           ┆         ┆ 8567          ┆              ┆ 695066        ┆ 1708219      ┆ 714286       ┆         ┆             │
│ 2022-01-12    ┆ bchusdt   ┆ 2       ┆ 3.80192633598 ┆ 1            ┆ -0.6611329111 ┆ -1.460311083 ┆ 0.3333333333 ┆ 11      ┆ 2           │
│ 00:00:00 UTC  ┆           ┆         ┆ 95037         ┆              ┆ 727483        ┆ 1320198      ┆ 3333326      ┆         ┆             │
│ 2022-01-12    ┆ bnbusdt   ┆ 2       ┆ 5.34846029173 ┆ 1            ┆ 0.01410801489 ┆ -0.840882548 ┆ 0.3333333333 ┆ 12      ┆ 2           │
│ 00:00:00 UTC  ┆           ┆         ┆ 4198          ┆              ┆ 6094248       ┆ 1626779      ┆ 3333326      ┆         ┆             │
│ 2022-01-12    ┆ btcusdt   ┆ 2       ┆ 2.78210367317 ┆ 1            ┆ -0.2180180476 ┆ -1.308542177 ┆ 0.25         ┆ 13      ┆ 2           │
│ 00:00:00 UTC  ┆           ┆         ┆ 30735         ┆              ┆ 2191915       ┆ 3560837      ┆              ┆         ┆             │
│ 2022-01-12    ┆ crvusdt   ┆ 2       ┆ 6.54348096730 ┆ 1            ┆ -0.6057027461 ┆ -0.972982660 ┆ 0.4285714285 ┆ 15      ┆ 2           │
│ 00:00:00 UTC  ┆           ┆         ┆ 3586          ┆              ┆ 305695        ┆ 3218545      ┆ 714286       ┆         ┆             │
│ 2022-01-12    ┆ dogeusdt  ┆ 2       ┆ 5.79050226900 ┆ 1            ┆ -0.1672654696 ┆ -0.882095839 ┆ 0.3333333333 ┆ 17      ┆ 2           │
│ 00:00:00 UTC  ┆           ┆         ┆ 9695          ┆              ┆ 116402        ┆ 6160115      ┆ 3333326      ┆         ┆             │
│ 2022-01-12    ┆ dotusdt   ┆ 2       ┆ 6.95260309749 ┆ 1            ┆ -0.1095543200 ┆ -0.537733617 ┆ 0.3333333333 ┆ 18      ┆ 2           │
│ 00:00:00 UTC  ┆           ┆         ┆ 5247          ┆              ┆ 708026        ┆ 6970129      ┆ 3333326      ┆         ┆             │
│ 2022-01-12    ┆ dydxusdt  ┆ 2       ┆ 9.07172951919 ┆ 1            ┆ -0.1491295505 ┆ -0.870661173 ┆ 0.3333333333 ┆ 19      ┆ 2           │
│ 00:00:00 UTC  ┆           ┆         ┆ 055           ┆              ┆ 8917873       ┆ 7833426      ┆ 3333326      ┆         ┆             │
│ 2022-01-12    ┆ enjusdt   ┆ 2       ┆ 9.17152872771 ┆ 1            ┆ -0.3067761700 ┆ -0.538834978 ┆ 0.1428571428 ┆ 21      ┆ 2           │
│ 00:00:00 UTC  ┆           ┆         ┆ 021           ┆              ┆ 692503        ┆ 1357886      ┆ 571428       ┆         ┆             │
│ 2022-01-12    ┆ ethusdt   ┆ 2       ┆ 4.12701016156 ┆ 1            ┆ -0.3195477620 ┆ -1.019378172 ┆ 0.25         ┆ 23      ┆ 2           │
│ 00:00:00 UTC  ┆           ┆         ┆ 13415         ┆              ┆ 3334767       ┆ 9503903      ┆              ┆         ┆             │
│ 2022-01-12    ┆ filusdt   ┆ 2       ┆ 6.47955264149 ┆ 1            ┆ -0.6571245120 ┆ -1.098485489 ┆ 0.4285714285 ┆ 24      ┆ 2           │
│ 00:00:00 UTC  ┆           ┆         ┆ 93585         ┆              ┆ 546244        ┆ 5667544      ┆ 714286       ┆         ┆             │
│ 2022-01-12    ┆ galausdt  ┆ 2       ┆ 12.0582705561 ┆ 1            ┆ -0.8063315682 ┆ -1.227510546 ┆ 0.3333333333 ┆ 25      ┆ 2           │
│ 00:00:00 UTC  ┆           ┆         ┆ 29708         ┆              ┆ 268392        ┆ 7659482      ┆ 3333326      ┆         ┆             │
│ 2022-01-12    ┆ linkusdt  ┆ 2       ┆ 0.54490246933 ┆ 1            ┆ 0.44351308824 ┆ 1.0904229666 ┆ -0.428571428 ┆ 31      ┆ 2           │
│ 00:00:00 UTC  ┆           ┆         ┆ 1899          ┆              ┆ 43634         ┆ 528917       ┆ 5714286      ┆         ┆             │
│ 2022-01-12    ┆ ltcusdt   ┆ 2       ┆ 7.90995550138 ┆ 1            ┆ -0.2825638478 ┆ -1.171544450 ┆ 0.1428571428 ┆ 32      ┆ 2           │
│ 00:00:00 UTC  ┆           ┆         ┆ 6672          ┆              ┆ 929974        ┆ 1975072      ┆ 571428       ┆         ┆             │
│ 2022-01-12    ┆ nearusdt  ┆ 2       ┆ -2.6481925414 ┆ 0            ┆ 1.27319782913 ┆ 0.5002158957 ┆ 0.7142857142 ┆ 33      ┆ 2           │
│ 00:00:00 UTC  ┆           ┆         ┆ 10601         ┆              ┆ 48753         ┆ 621297       ┆ 857142       ┆         ┆             │
│ 2022-01-12    ┆ solusdt   ┆ 2       ┆ 7.96791661444 ┆ 1            ┆ -0.4394124430 ┆ -1.354695559 ┆ 0.25         ┆ 39      ┆ 2           │
│ 00:00:00 UTC  ┆           ┆         ┆ 4073          ┆              ┆ 115105        ┆ 5969155      ┆              ┆         ┆             │
│ 2022-01-12    ┆ uniusdt   ┆ 2       ┆ 2.05067487738 ┆ 1            ┆ -0.1707182768 ┆ -0.456448193 ┆ 0.3333333333 ┆ 43      ┆ 2           │
│ 00:00:00 UTC  ┆           ┆         ┆ 0246          ┆              ┆ 1836452       ┆ 7876861      ┆ 3333326      ┆         ┆             │
│ 2022-01-12    ┆ xrpusdt   ┆ 2       ┆ 3.75568122491 ┆ 1            ┆ -0.1164821264 ┆ -0.895764043 ┆ 0.3333333333 ┆ 46      ┆ 2           │
│ 00:00:00 UTC  ┆           ┆         ┆ 68634         ┆              ┆ 279773        ┆ 172548       ┆ 3333326      ┆         ┆             │
│ 2022-01-12    ┆ zecusdt   ┆ 2       ┆ 2.22929499536 ┆ 1            ┆ -0.1118377861 ┆ -0.634816648 ┆ 0.25         ┆ 47      ┆ 2           │
│ 00:00:00 UTC  ┆           ┆         ┆ 56693         ┆              ┆ 4330515       ┆ 1588624      ┆              ┆         ┆             │
│ 2022-01-13    ┆ aaveusdt  ┆ 3       ┆ -4.2821185446 ┆ 0            ┆ -0.1289164940 ┆ -1.066820597 ┆ 0.6666666666 ┆ 1       ┆ 3           │
│ 00:00:00 UTC  ┆           ┆         ┆ 09961         ┆              ┆ 4416425       ┆ 9331093      ┆ 666667       ┆         ┆             │
│ 2022-01-13    ┆ adausdt   ┆ 3       ┆ -6.1370745983 ┆ 0            ┆ 0.70878592999 ┆ -0.143724693 ┆ 0.6666666666 ┆ 2       ┆ 3           │
│ 00:00:00 UTC  ┆           ┆         ┆ 69567         ┆              ┆ 28528         ┆ 73572572     ┆ 666667       ┆         ┆             │
└───────────────┴───────────┴─────────┴───────────────┴──────────────┴───────────────┴──────────────┴──────────────┴─────────┴─────────────┘
2026-06-19 18:09:12 INFO crypto_research.ml_cpcv: [ml] X: shape=(31675, 5) columns=['pair_id', 'weekday_enc', 'ema_dev_pair_norm', 'rsi_pair_norm', 'streak_pair_norm'] dtypes={'pair_id': 'category', 'weekday_enc': 'category', 'ema_dev_pair_norm': 'float64', 'rsi_pair_norm': 'float64', 'streak_pair_norm': 'float64'}
2026-06-19 18:09:12 INFO crypto_research.ml_cpcv: [ml] X head (3 rows):
  pair_id weekday_enc  ema_dev_pair_norm  rsi_pair_norm  streak_pair_norm
0       1           1          -1.023010      -2.030835         -0.666667
1       2           1          -1.000000      -1.397337         -1.333333
2       3           1          -0.867434      -1.155518         -0.428571
2026-06-19 18:09:12 INFO crypto_research.ml_cpcv: [ml] y (direction_up): shape=(31675,) dtype=int8 distribution={0: 15733, 1: 15942}
2026-06-19 18:09:12 INFO crypto_research.ml_cpcv: [ml] y head (3 values): [1, 1, 1]
2026-06-19 18:09:12 INFO crypto_research.ml_cpcv: [ml] CV: CombinatorialPurgedCV n_splits=7 n_test_groups=2 embargo_days=1 n_folds=C(7,2)=21 n_days=812
2026-06-19 18:09:12 INFO crypto_research.ml_cpcv: [ml] CV time range: 2022-01-11 00:00:00+00:00 .. 2024-04-01 00:00:00+00:00 (prediction_times=evaluation_times, purge=None)
2026-06-19 18:09:12 INFO crypto_research.ml_cpcv: [ml] CV day splits:
  fold1: train_days=579 test_days=232
  fold2: train_days=578 test_days=232
  fold3: train_days=578 test_days=232
  fold4: train_days=578 test_days=232
  fold5: train_days=578 test_days=232
  fold6: train_days=579 test_days=232
  fold7: train_days=579 test_days=232
  fold8: train_days=578 test_days=232
  fold9: train_days=578 test_days=232
  fold10: train_days=578 test_days=232
  fold11: train_days=579 test_days=232
  fold12: train_days=579 test_days=232
  fold13: train_days=578 test_days=232
  fold14: train_days=578 test_days=232
  fold15: train_days=579 test_days=232
  fold16: train_days=579 test_days=232
  fold17: train_days=578 test_days=232
  fold18: train_days=579 test_days=232
  fold19: train_days=579 test_days=232
  fold20: train_days=579 test_days=232
  fold21: train_days=580 test_days=232
2026-06-19 18:09:12 INFO crypto_research.ml_cpcv: [ml] fold 1/21 → model.fit: X_train=(25474, 5) y_train=(25474,) days=('2022-09-01 00:00:00+00:00', '2024-04-01 00:00:00+00:00') dist={0: 12541, 1: 12933}
2026-06-19 18:09:12 INFO crypto_research.ml_cpcv: [ml] fold 1/21 → model.predict: X_test=(6173, 5) y_test=(6173,) days=('2022-01-11 00:00:00+00:00', '2022-08-30 00:00:00+00:00') dist={0: 3180, 1: 2993}
2026-06-19 18:09:12 INFO crypto_research.ml_cpcv: [ml] fold 1 X_train head:
     pair_id weekday_enc  ema_dev_pair_norm  rsi_pair_norm  streak_pair_norm
6201       1           3          -0.098971      -0.325285          0.333333
6202       2           3          -0.187874      -0.405108         -0.333333
6203       3           3          -0.236484      -0.533941         -0.714286
2026-06-19 18:09:12 INFO crypto_research.ml_cpcv: [ml] fold 1 y_train head: [1, 1, 1]
2026-06-19 18:09:12 INFO crypto_research.ml_cpcv: [ml] fold 1 X_test head:
  pair_id weekday_enc  ema_dev_pair_norm  rsi_pair_norm  streak_pair_norm
0       1           1          -1.023010      -2.030835         -0.666667
1       2           1          -1.000000      -1.397337         -1.333333
2       3           1          -0.867434      -1.155518         -0.428571
2026-06-19 18:09:12 INFO crypto_research.ml_cpcv: [ml] fold 1 y_test head: [1, 1, 1]
2026-06-19 18:09:12 INFO crypto_research.ml_cpcv: [ml] fold 1/21 train=25474 test=6173 acc=0.5336 auc=0.5509
2026-06-19 18:09:13 INFO crypto_research.ml_cpcv: [ml] fold 2/21 → model.fit: X_train=(25372, 5) y_train=(25372,) days=('2022-05-08 00:00:00+00:00', '2024-04-01 00:00:00+00:00') dist={0: 12466, 1: 12906}
2026-06-19 18:09:13 INFO crypto_research.ml_cpcv: [ml] fold 2/21 → model.predict: X_test=(6247, 5) y_test=(6247,) days=('2022-01-11 00:00:00+00:00', '2022-12-24 00:00:00+00:00') dist={0: 3222, 1: 3025}
2026-06-19 18:09:13 INFO crypto_research.ml_cpcv: [ml] fold 2/21 train=25372 test=6247 acc=0.5489 auc=0.5684
2026-06-19 18:09:13 INFO crypto_research.ml_cpcv: [ml] fold 3/21 → model.fit: X_train=(23304, 5) y_train=(23304,) days=('2022-05-08 00:00:00+00:00', '2024-04-01 00:00:00+00:00') dist={0: 11632, 1: 11672}
2026-06-19 18:09:13 INFO crypto_research.ml_cpcv: [ml] fold 3/21 → model.predict: X_test=(8295, 5) y_test=(8295,) days=('2022-01-11 00:00:00+00:00', '2023-04-19 00:00:00+00:00') dist={0: 4031, 1: 4264}
2026-06-19 18:09:13 INFO crypto_research.ml_cpcv: [ml] fold 3/21 train=23304 test=8295 acc=0.5268 auc=0.5427
2026-06-19 18:09:13 INFO crypto_research.ml_cpcv: [ml] fold 4/21 → model.fit: X_train=(22993, 5) y_train=(22993,) days=('2022-05-08 00:00:00+00:00', '2024-04-01 00:00:00+00:00') dist={0: 11208, 1: 11785}
2026-06-19 18:09:13 INFO crypto_research.ml_cpcv: [ml] fold 4/21 → model.predict: X_test=(8606, 5) y_test=(8606,) days=('2022-01-11 00:00:00+00:00', '2023-08-13 00:00:00+00:00') dist={0: 4479, 1: 4127}
2026-06-19 18:09:13 INFO crypto_research.ml_cpcv: [ml] fold 4/21 train=22993 test=8606 acc=0.5538 auc=0.5737
2026-06-19 18:09:13 INFO crypto_research.ml_cpcv: [ml] fold 5/21 → model.fit: X_train=(23003, 5) y_train=(23003,) days=('2022-05-08 00:00:00+00:00', '2024-04-01 00:00:00+00:00') dist={0: 11510, 1: 11493}
2026-06-19 18:09:13 INFO crypto_research.ml_cpcv: [ml] fold 5/21 → model.predict: X_test=(8596, 5) y_test=(8596,) days=('2022-01-11 00:00:00+00:00', '2023-12-07 00:00:00+00:00') dist={0: 4195, 1: 4401}
2026-06-19 18:09:13 INFO crypto_research.ml_cpcv: [ml] fold 5/21 train=23003 test=8596 acc=0.5251 auc=0.5388
2026-06-19 18:09:13 INFO crypto_research.ml_cpcv: [ml] fold 6/21 → model.fit: X_train=(23000, 5) y_train=(23000,) days=('2022-05-08 00:00:00+00:00', '2023-12-07 00:00:00+00:00') dist={0: 11477, 1: 11523}
2026-06-19 18:09:13 INFO crypto_research.ml_cpcv: [ml] fold 6/21 → model.predict: X_test=(8648, 5) y_test=(8648,) days=('2022-01-11 00:00:00+00:00', '2024-04-01 00:00:00+00:00') dist={0: 4231, 1: 4417}
2026-06-19 18:09:13 INFO crypto_research.ml_cpcv: [ml] fold 6/21 train=23000 test=8648 acc=0.5224 auc=0.5351
2026-06-19 18:09:13 INFO crypto_research.ml_cpcv: [ml] fold 7/21 → model.fit: X_train=(25182, 5) y_train=(25182,) days=('2022-01-11 00:00:00+00:00', '2024-04-01 00:00:00+00:00') dist={0: 12353, 1: 12829}
2026-06-19 18:09:13 INFO crypto_research.ml_cpcv: [ml] fold 7/21 → model.predict: X_test=(6464, 5) y_test=(6464,) days=('2022-05-07 00:00:00+00:00', '2022-12-24 00:00:00+00:00') dist={0: 3360, 1: 3104}
2026-06-19 18:09:13 INFO crypto_research.ml_cpcv: [ml] fold 7/21 train=25182 test=6464 acc=0.5147 auc=0.5284
2026-06-19 18:09:13 INFO crypto_research.ml_cpcv: [ml] fold 8/21 → model.fit: X_train=(23086, 5) y_train=(23086,) days=('2022-01-11 00:00:00+00:00', '2024-04-01 00:00:00+00:00') dist={0: 11507, 1: 11579}
2026-06-19 18:09:13 INFO crypto_research.ml_cpcv: [ml] fold 8/21 → model.predict: X_test=(8512, 5) y_test=(8512,) days=('2022-05-07 00:00:00+00:00', '2023-04-19 00:00:00+00:00') dist={0: 4169, 1: 4343}
2026-06-19 18:09:13 INFO crypto_research.ml_cpcv: [ml] fold 8/21 train=23086 test=8512 acc=0.5083 auc=0.5201
2026-06-19 18:09:13 INFO crypto_research.ml_cpcv: [ml] fold 9/21 → model.fit: X_train=(22775, 5) y_train=(22775,) days=('2022-01-11 00:00:00+00:00', '2024-04-01 00:00:00+00:00') dist={0: 11083, 1: 11692}
2026-06-19 18:09:13 INFO crypto_research.ml_cpcv: [ml] fold 9/21 → model.predict: X_test=(8823, 5) y_test=(8823,) days=('2022-05-07 00:00:00+00:00', '2023-08-13 00:00:00+00:00') dist={0: 4617, 1: 4206}
2026-06-19 18:09:13 INFO crypto_research.ml_cpcv: [ml] fold 9/21 train=22775 test=8823 acc=0.5172 auc=0.5486
2026-06-19 18:09:13 INFO crypto_research.ml_cpcv: [ml] fold 10/21 → model.fit: X_train=(22785, 5) y_train=(22785,) days=('2022-01-11 00:00:00+00:00', '2024-04-01 00:00:00+00:00') dist={0: 11385, 1: 11400}
2026-06-19 18:09:13 INFO crypto_research.ml_cpcv: [ml] fold 10/21 → model.predict: X_test=(8813, 5) y_test=(8813,) days=('2022-05-07 00:00:00+00:00', '2023-12-07 00:00:00+00:00') dist={0: 4333, 1: 4480}
2026-06-19 18:09:13 INFO crypto_research.ml_cpcv: [ml] fold 10/21 train=22785 test=8813 acc=0.5116 auc=0.5207
2026-06-19 18:09:13 INFO crypto_research.ml_cpcv: [ml] fold 11/21 → model.fit: X_train=(22782, 5) y_train=(22782,) days=('2022-01-11 00:00:00+00:00', '2023-12-07 00:00:00+00:00') dist={0: 11352, 1: 11430}
2026-06-19 18:09:13 INFO crypto_research.ml_cpcv: [ml] fold 11/21 → model.predict: X_test=(8865, 5) y_test=(8865,) days=('2022-05-07 00:00:00+00:00', '2024-04-01 00:00:00+00:00') dist={0: 4369, 1: 4496}
2026-06-19 18:09:13 INFO crypto_research.ml_cpcv: [ml] fold 11/21 train=22782 test=8865 acc=0.5027 auc=0.4992
2026-06-19 18:09:13 INFO crypto_research.ml_cpcv: [ml] fold 12/21 → model.fit: X_train=(23040, 5) y_train=(23040,) days=('2022-01-11 00:00:00+00:00', '2024-04-01 00:00:00+00:00') dist={0: 11477, 1: 11563}
2026-06-19 18:09:13 INFO crypto_research.ml_cpcv: [ml] fold 12/21 → model.predict: X_test=(8586, 5) y_test=(8586,) days=('2022-08-31 00:00:00+00:00', '2023-04-19 00:00:00+00:00') dist={0: 4211, 1: 4375}
2026-06-19 18:09:13 INFO crypto_research.ml_cpcv: [ml] fold 12/21 train=23040 test=8586 acc=0.5149 auc=0.5235
2026-06-19 18:09:13 INFO crypto_research.ml_cpcv: [ml] fold 13/21 → model.fit: X_train=(22700, 5) y_train=(22700,) days=('2022-01-11 00:00:00+00:00', '2024-04-01 00:00:00+00:00') dist={0: 11033, 1: 11667}
2026-06-19 18:09:13 INFO crypto_research.ml_cpcv: [ml] fold 13/21 → model.predict: X_test=(8897, 5) y_test=(8897,) days=('2022-08-31 00:00:00+00:00', '2023-08-13 00:00:00+00:00') dist={0: 4659, 1: 4238}
2026-06-19 18:09:13 INFO crypto_research.ml_cpcv: [ml] fold 13/21 train=22700 test=8897 acc=0.5355 auc=0.5464
2026-06-19 18:09:14 INFO crypto_research.ml_cpcv: [ml] fold 14/21 → model.fit: X_train=(22710, 5) y_train=(22710,) days=('2022-01-11 00:00:00+00:00', '2024-04-01 00:00:00+00:00') dist={0: 11335, 1: 11375}
2026-06-19 18:09:14 INFO crypto_research.ml_cpcv: [ml] fold 14/21 → model.predict: X_test=(8887, 5) y_test=(8887,) days=('2022-08-31 00:00:00+00:00', '2023-12-07 00:00:00+00:00') dist={0: 4375, 1: 4512}
2026-06-19 18:09:14 INFO crypto_research.ml_cpcv: [ml] fold 14/21 train=22710 test=8887 acc=0.5326 auc=0.5425
2026-06-19 18:09:14 INFO crypto_research.ml_cpcv: [ml] fold 15/21 → model.fit: X_train=(22707, 5) y_train=(22707,) days=('2022-01-11 00:00:00+00:00', '2023-12-07 00:00:00+00:00') dist={0: 11302, 1: 11405}
2026-06-19 18:09:14 INFO crypto_research.ml_cpcv: [ml] fold 15/21 → model.predict: X_test=(8939, 5) y_test=(8939,) days=('2022-08-31 00:00:00+00:00', '2024-04-01 00:00:00+00:00') dist={0: 4411, 1: 4528}
2026-06-19 18:09:14 INFO crypto_research.ml_cpcv: [ml] fold 15/21 train=22707 test=8939 acc=0.5030 auc=0.5148
2026-06-19 18:09:14 INFO crypto_research.ml_cpcv: [ml] fold 16/21 → model.fit: X_train=(20681, 5) y_train=(20681,) days=('2022-01-11 00:00:00+00:00', '2024-04-01 00:00:00+00:00') dist={0: 10244, 1: 10437}
2026-06-19 18:09:14 INFO crypto_research.ml_cpcv: [ml] fold 16/21 → model.predict: X_test=(10945, 5) y_test=(10945,) days=('2022-12-25 00:00:00+00:00', '2023-08-13 00:00:00+00:00') dist={0: 5468, 1: 5477}
2026-06-19 18:09:14 INFO crypto_research.ml_cpcv: [ml] fold 16/21 train=20681 test=10945 acc=0.5117 auc=0.5180
2026-06-19 18:09:14 INFO crypto_research.ml_cpcv: [ml] fold 17/21 → model.fit: X_train=(20642, 5) y_train=(20642,) days=('2022-01-11 00:00:00+00:00', '2024-04-01 00:00:00+00:00') dist={0: 10501, 1: 10141}
2026-06-19 18:09:14 INFO crypto_research.ml_cpcv: [ml] fold 17/21 → model.predict: X_test=(10935, 5) y_test=(10935,) days=('2022-12-25 00:00:00+00:00', '2023-12-07 00:00:00+00:00') dist={0: 5184, 1: 5751}
2026-06-19 18:09:14 INFO crypto_research.ml_cpcv: [ml] fold 17/21 train=20642 test=10935 acc=0.5083 auc=0.5268
2026-06-19 18:09:14 INFO crypto_research.ml_cpcv: [ml] fold 18/21 → model.fit: X_train=(20639, 5) y_train=(20639,) days=('2022-01-11 00:00:00+00:00', '2023-12-07 00:00:00+00:00') dist={0: 10468, 1: 10171}
2026-06-19 18:09:14 INFO crypto_research.ml_cpcv: [ml] fold 18/21 → model.predict: X_test=(10987, 5) y_test=(10987,) days=('2022-12-25 00:00:00+00:00', '2024-04-01 00:00:00+00:00') dist={0: 5220, 1: 5767}
2026-06-19 18:09:14 INFO crypto_research.ml_cpcv: [ml] fold 18/21 train=20639 test=10987 acc=0.5077 auc=0.5355
2026-06-19 18:09:14 INFO crypto_research.ml_cpcv: [ml] fold 19/21 → model.fit: X_train=(20380, 5) y_train=(20380,) days=('2022-01-11 00:00:00+00:00', '2024-04-01 00:00:00+00:00') dist={0: 10098, 1: 10282}
2026-06-19 18:09:14 INFO crypto_research.ml_cpcv: [ml] fold 19/21 → model.predict: X_test=(11246, 5) y_test=(11246,) days=('2023-04-20 00:00:00+00:00', '2023-12-07 00:00:00+00:00') dist={0: 5632, 1: 5614}
2026-06-19 18:09:14 INFO crypto_research.ml_cpcv: [ml] fold 19/21 train=20380 test=11246 acc=0.5357 auc=0.5465
2026-06-19 18:09:14 INFO crypto_research.ml_cpcv: [ml] fold 20/21 → model.fit: X_train=(20328, 5) y_train=(20328,) days=('2022-01-11 00:00:00+00:00', '2023-12-07 00:00:00+00:00') dist={0: 10044, 1: 10284}
2026-06-19 18:09:14 INFO crypto_research.ml_cpcv: [ml] fold 20/21 → model.predict: X_test=(11298, 5) y_test=(11298,) days=('2023-04-20 00:00:00+00:00', '2024-04-01 00:00:00+00:00') dist={0: 5668, 1: 5630}
2026-06-19 18:09:14 INFO crypto_research.ml_cpcv: [ml] fold 20/21 train=20328 test=11298 acc=0.5393 auc=0.5523
2026-06-19 18:09:14 INFO crypto_research.ml_cpcv: [ml] fold 21/21 → model.fit: X_train=(20387, 5) y_train=(20387,) days=('2022-01-11 00:00:00+00:00', '2023-08-13 00:00:00+00:00') dist={0: 10349, 1: 10038}
2026-06-19 18:09:14 INFO crypto_research.ml_cpcv: [ml] fold 21/21 → model.predict: X_test=(11288, 5) y_test=(11288,) days=('2023-08-14 00:00:00+00:00', '2024-04-01 00:00:00+00:00') dist={0: 5384, 1: 5904}
2026-06-19 18:09:14 INFO crypto_research.ml_cpcv: [ml] fold 21/21 train=20387 test=11288 acc=0.4964 auc=0.5112
2026-06-19 18:09:14 INFO crypto_research.ml_cpcv: [ml] CPCV mean: folds=21 acc=0.5214 logloss=0.6947 auc=0.5354
2026-06-19 18:09:14 INFO crypto_research.ml_cpcv: [ml] OOS paths: rows=31675 cols=[time_ns, y_prob, y_true] folds_merged=21
2026-06-19 18:09:14 INFO crypto_research.ml_cpcv: [ml] OOS calibration: brier=0.2500 ece=0.0235
2026-06-19 18:09:14 INFO crypto_research.ml_cpcv: [ml] OOS weekday Пн: n=4514 base_up=0.4920 pred_up=0.4464 acc=0.4860 logloss=0.7014 auc=0.4812
2026-06-19 18:09:14 INFO crypto_research.ml_cpcv: [ml] OOS weekday Вт: n=4528 base_up=0.5172 pred_up=0.5049 acc=0.5375 logloss=0.6865 auc=0.5610
2026-06-19 18:09:14 INFO crypto_research.ml_cpcv: [ml] OOS weekday Ср: n=4527 base_up=0.4950 pred_up=0.4586 acc=0.5253 logloss=0.6940 auc=0.5268
2026-06-19 18:09:14 INFO crypto_research.ml_cpcv: [ml] OOS weekday Чт: n=4533 base_up=0.4584 pred_up=0.2813 acc=0.5237 logloss=0.6956 auc=0.5042
2026-06-19 18:09:14 INFO crypto_research.ml_cpcv: [ml] OOS weekday Пт: n=4535 base_up=0.5605 pred_up=0.9109 acc=0.5535 logloss=0.6889 auc=0.4913
2026-06-19 18:09:14 INFO crypto_research.ml_cpcv: [ml] OOS weekday Сб: n=4529 base_up=0.5235 pred_up=0.7467 acc=0.5114 logloss=0.6963 auc=0.4953
2026-06-19 18:09:14 INFO crypto_research.ml_cpcv: [ml] OOS weekday Вс: n=4509 base_up=0.4762 pred_up=0.3615 acc=0.5309 logloss=0.6902 auc=0.5427
2026-06-19 18:09:16 INFO crypto_research.ml_oos_paths: [ml] OOS plot saved: /home_admin/crypto_bot/crypto_research/research_outputs/combined/dow_ema_rsi_streak/ml/plots/direction_dow_ema_rsi_streak_49pairs_20220101_20240401_oos_prob.png (weekdays=7 calendar_days=812 rows=31675)
2026-06-19 18:09:16 INFO crypto_research.ml_oos_paths: [ml] OOS calibration plot saved: /home_admin/crypto_bot/crypto_research/research_outputs/combined/dow_ema_rsi_streak/ml/plots/direction_dow_ema_rsi_streak_49pairs_20220101_20240401_oos_calibration.png (brier=0.2500 ece=0.0235 rows=31675)
2026-06-19 18:09:16 INFO crypto_research.ml_learning_curve: [ml] full train fit: rows=31675 n_estimators=100
2026-06-19 18:09:17 INFO crypto_research.ml_learning_curve: [ml] learning curve diagnostic: fit_rows=31675 eval_rows=38001 n_estimators=100 min_eval_iter=36 min_eval_logloss=0.6911
2026-06-19 18:09:17 INFO crypto_research.ml_learning_curve: [ml] learning curve saved: /home_admin/crypto_bot/crypto_research/research_outputs/combined/dow_ema_rsi_streak/ml/plots/direction_dow_ema_rsi_streak_49pairs_20220101_20260531_learning_curve.png (best_iter=36)
2026-06-19 18:09:17 INFO crypto_research.ml_learning_curve: [ml] learning curve log saved: /home_admin/crypto_bot/crypto_research/research_outputs/combined/dow_ema_rsi_streak/ml/direction_dow_ema_rsi_streak_49pairs_20220101_20260531_learning_curve.log (100 iterations)
2026-06-19 18:09:17 INFO crypto_research.ml_plot_registry: [ml] plot: oos_prob
2026-06-19 18:09:18 INFO crypto_research.ml_oos_paths: [ml] OOS plot saved: /home_admin/crypto_bot/crypto_research/research_outputs/combined/dow_ema_rsi_streak/ml/plots/direction_dow_ema_rsi_streak_49pairs_20240401_20260531_oos_prob.png (weekdays=7 calendar_days=777 rows=38001)
2026-06-19 18:09:18 INFO crypto_research.ml_plot_registry: [ml] plot: oos_calibration
2026-06-19 18:09:19 INFO crypto_research.ml_oos_paths: [ml] OOS calibration plot saved: /home_admin/crypto_bot/crypto_research/research_outputs/combined/dow_ema_rsi_streak/ml/plots/direction_dow_ema_rsi_streak_49pairs_20240401_20260531_oos_calibration.png (brier=0.2496 ece=0.0313 rows=38001)
2026-06-19 18:09:19 INFO crypto_research.ml_plot_registry: [ml] plot: weekday_pair_summary
2026-06-19 18:09:20 INFO crypto_research.ml_oos_paths: [ml] Weekday×pair summary plot saved: /home_admin/crypto_bot/crypto_research/research_outputs/combined/dow_ema_rsi_streak/ml/plots/direction_dow_ema_rsi_streak_49pairs_20240401_20260531_weekday_pair_summary.png (pairs=49 rows=38001)
2026-06-19 18:09:21 INFO crypto_research.ml_oos_paths: [ml] Weekday×pair summary plot saved: /home_admin/crypto_bot/crypto_research/research_outputs/combined/dow_ema_rsi_streak/ml/plots/direction_dow_ema_rsi_streak_49pairs_20220101_20240401_weekday_pair_summary.png (pairs=49 rows=31675)
2026-06-19 18:09:21 INFO crypto_research.ml_plot_registry: [ml] plot: roc_auc
2026-06-19 18:09:22 INFO crypto_research.ml_oos_paths: [ml] ROC AUC comparison plot saved: /home_admin/crypto_bot/crypto_research/research_outputs/combined/dow_ema_rsi_streak/ml/plots/direction_dow_ema_rsi_streak_49pairs_20220101_20260531_roc_auc.png
2026-06-19 18:09:22 INFO crypto_research.ml_plot_registry: [ml] plot: learning_curve
2026-06-19 18:09:22 INFO crypto_research.ml_plot_registry: [ml] plot: correlation_matrix_heatmap
2026-06-19 18:09:22 INFO crypto_research.ml_feature_diagnostic_plots: [ml] feature corr pair_id vs weekday_enc: 0.0001
2026-06-19 18:09:22 INFO crypto_research.ml_feature_diagnostic_plots: [ml] feature corr pair_id vs ema_dev_pair_norm: 0.0157
2026-06-19 18:09:22 INFO crypto_research.ml_feature_diagnostic_plots: [ml] feature corr pair_id vs rsi_pair_norm: 0.0061
2026-06-19 18:09:22 INFO crypto_research.ml_feature_diagnostic_plots: [ml] feature corr pair_id vs streak_pair_norm: -0.0024
2026-06-19 18:09:22 INFO crypto_research.ml_feature_diagnostic_plots: [ml] feature corr weekday_enc vs ema_dev_pair_norm: 0.0171
2026-06-19 18:09:22 INFO crypto_research.ml_feature_diagnostic_plots: [ml] feature corr weekday_enc vs rsi_pair_norm: 0.0154
2026-06-19 18:09:22 INFO crypto_research.ml_feature_diagnostic_plots: [ml] feature corr weekday_enc vs streak_pair_norm: 0.0371
2026-06-19 18:09:22 INFO crypto_research.ml_feature_diagnostic_plots: [ml] feature corr ema_dev_pair_norm vs rsi_pair_norm: 0.8526
2026-06-19 18:09:22 INFO crypto_research.ml_feature_diagnostic_plots: [ml] feature corr ema_dev_pair_norm vs streak_pair_norm: 0.5270
2026-06-19 18:09:22 INFO crypto_research.ml_feature_diagnostic_plots: [ml] feature corr rsi_pair_norm vs streak_pair_norm: 0.4939
2026-06-19 18:09:22 INFO crypto_research.ml_feature_diagnostic_plots: [ml] correlation matrix heatmap saved: /home_admin/crypto_bot/crypto_research/research_outputs/combined/dow_ema_rsi_streak/ml/plots/direction_dow_ema_rsi_streak_49pairs_20240401_20260531_correlation_matrix.png
2026-06-19 18:09:22 INFO crypto_research.ml_plot_registry: [ml] plot: shape_summary_plot
2026-06-19 18:09:22 INFO crypto_research.ml_shap_plots: [ml] SHAP subsample: 3000 / 38001 rows
2026-06-19 18:09:22 INFO crypto_research.ml_shap_plots: [ml] SHAP summary plot saved: /home_admin/crypto_bot/crypto_research/research_outputs/combined/dow_ema_rsi_streak/ml/plots/direction_dow_ema_rsi_streak_49pairs_20240401_20260531_shape_summary.png
2026-06-19 18:09:22 INFO crypto_research.ml_plot_registry: [ml] plot: feature_prob_dependence
2026-06-19 18:09:23 INFO crypto_research.ml_feature_dependence_plot: [ml] feature P(up) dependence plot saved: /home_admin/crypto_bot/crypto_research/research_outputs/combined/dow_ema_rsi_streak/ml/plots/direction_dow_ema_rsi_streak_49pairs_20240401_20260531_feature_prob_dependence.png (features=['weekday_enc', 'ema_dev_pair_norm', 'rsi_pair_norm', 'streak_pair_norm'])
2026-06-19 18:09:23 INFO crypto_research.ml_research: [ml] auto compare_prob_cdf: ['dow_ema_rsi_sp', 'dow_ema_rsi_streak']
2026-06-19 18:09:23 INFO crypto_research.ml_dataset: [ml] ema_dev_pair_norm: min=-4.918 max=15.840 mean=-0.087
2026-06-19 18:09:23 INFO crypto_research.ml_dataset: [ml] rsi_pair_norm: min=-1.864 max=2.022 mean=-0.170
2026-06-19 18:09:23 INFO crypto_research.ml_dataset: [ml] dataset studies=['day_of_week_ml', 'ema_spreads_ml', 'rsi_spreads_ml'] features=['pair_id', 'weekday_enc', 'ema_dev_pair_norm', 'rsi_pair_norm'] rows=38073 pairs=49 up_rate=0.478
2026-06-19 18:09:24 INFO crypto_research.ml_model_compare_plot: [ml] compare plot saved: /home_admin/crypto_bot/crypto_research/research_outputs/combined/dow_ema_rsi_streak/ml/plots/direction_dow_ema_rsi_streak_49pairs_20220101_20260531_compare_prob_cdf.png
2026-06-19 18:09:27 INFO crypto_research.ml_research: [ml] train/test metrics saved: /home_admin/crypto_bot/crypto_research/research_outputs/combined/dow_ema_rsi_streak/ml/metrics/direction_dow_ema_rsi_streak_49pairs_20220101_20260531_train_test.json
2026-06-19 18:32:39 INFO crypto_research.ml_research: [ml] log file: /home_admin/crypto_bot/crypto_research/research_outputs/combined/dow_ema_rsi_streak/ml/direction_dow_ema_rsi_streak_20220101_20260531.log
2026-06-19 18:32:39 INFO crypto_research.ml_dataset: [ml] pair filter: first_candle <= 2023-01-01 → 49 pairs
2026-06-19 18:33:21 INFO crypto_research.load: [1] Загрузка данных: пар=49 строк=46567998 ~1243.5 MB
2026-06-19 18:33:21 INFO crypto_research.load:   1000luncusdt: rows=656821 2022-12-31 .. 2024-04-01
2026-06-19 18:33:21 INFO crypto_research.load:   aaveusdt: rows=1182241 2022-01-01 .. 2024-04-01
2026-06-19 18:33:21 INFO crypto_research.load:   adausdt: rows=1182241 2022-01-01 .. 2024-04-01
2026-06-19 18:33:21 INFO crypto_research.load:   algousdt: rows=1182241 2022-01-01 .. 2024-04-01
2026-06-19 18:33:21 INFO crypto_research.load:   aliceusdt: rows=1182241 2022-01-01 .. 2024-04-01
2026-06-19 18:33:21 INFO crypto_research.load:   apeusdt: rows=656821 2022-12-31 .. 2024-04-01
2026-06-19 18:33:21 INFO crypto_research.load:   api3usdt: rows=1098270 2022-02-28 .. 2024-04-01
2026-06-19 18:33:21 INFO crypto_research.load:   aptusdt: rows=763033 2022-10-19 .. 2024-04-01
2026-06-19 18:33:21 INFO crypto_research.load:   atomusdt: rows=1182241 2022-01-01 .. 2024-04-01
2026-06-19 18:33:21 INFO crypto_research.load:   avaxusdt: rows=1182241 2022-01-01 .. 2024-04-01
2026-06-19 18:33:21 INFO crypto_research.load:   axsusdt: rows=656821 2022-12-31 .. 2024-04-01
2026-06-19 18:33:21 INFO crypto_research.load:   bchusdt: rows=1182241 2022-01-01 .. 2024-04-01
2026-06-19 18:33:21 INFO crypto_research.load:   bnbusdt: rows=1182241 2022-01-01 .. 2024-04-01
2026-06-19 18:33:21 INFO crypto_research.load:   btcusdt: rows=1182241 2022-01-01 .. 2024-04-01
2026-06-19 18:33:21 INFO crypto_research.load:   chzusdt: rows=656821 2022-12-31 .. 2024-04-01
2026-06-19 18:33:21 INFO crypto_research.load:   crvusdt: rows=1182241 2022-01-01 .. 2024-04-01
2026-06-19 18:33:21 INFO crypto_research.load:   dashusdt: rows=656821 2022-12-31 .. 2024-04-01
2026-06-19 18:33:21 INFO crypto_research.load:   dogeusdt: rows=1182241 2022-01-01 .. 2024-04-01
2026-06-19 18:33:21 INFO crypto_research.load:   dotusdt: rows=1182241 2022-01-01 .. 2024-04-01
2026-06-19 18:33:21 INFO crypto_research.load:   dydxusdt: rows=1182241 2022-01-01 .. 2024-04-01
2026-06-19 18:33:21 INFO crypto_research.load:   egldusdt: rows=656821 2022-12-31 .. 2024-04-01
2026-06-19 18:33:21 INFO crypto_research.load:   enjusdt: rows=1182241 2022-01-01 .. 2024-04-01
2026-06-19 18:33:21 INFO crypto_research.load:   etcusdt: rows=656821 2022-12-31 .. 2024-04-01
2026-06-19 18:33:21 INFO crypto_research.load:   ethusdt: rows=1182241 2022-01-01 .. 2024-04-01
2026-06-19 18:33:21 INFO crypto_research.load:   filusdt: rows=1182241 2022-01-01 .. 2024-04-01
2026-06-19 18:33:21 INFO crypto_research.load:   galausdt: rows=1182241 2022-01-01 .. 2024-04-01
2026-06-19 18:33:21 INFO crypto_research.load:   gmtusdt: rows=656821 2022-12-31 .. 2024-04-01
2026-06-19 18:33:21 INFO crypto_research.load:   hbarusdt: rows=656821 2022-12-31 .. 2024-04-01
2026-06-19 18:33:21 INFO crypto_research.load:   icpusdt: rows=656821 2022-12-31 .. 2024-04-01
2026-06-19 18:33:21 INFO crypto_research.load:   injusdt: rows=656821 2022-12-31 .. 2024-04-01
2026-06-19 18:33:21 INFO crypto_research.load:   ldousdt: rows=656821 2022-12-31 .. 2024-04-01
2026-06-19 18:33:21 INFO crypto_research.load:   linkusdt: rows=1182241 2022-01-01 .. 2024-04-01
2026-06-19 18:33:21 INFO crypto_research.load:   ltcusdt: rows=1182241 2022-01-01 .. 2024-04-01
2026-06-19 18:33:21 INFO crypto_research.load:   nearusdt: rows=1182241 2022-01-01 .. 2024-04-01
2026-06-19 18:33:21 INFO crypto_research.load:   ontusdt: rows=957048 2022-06-06 .. 2024-04-01
2026-06-19 18:33:21 INFO crypto_research.load:   opusdt: rows=656821 2022-12-31 .. 2024-04-01
2026-06-19 18:33:21 INFO crypto_research.load:   paxgusdt: rows=1076619 2022-03-15 .. 2024-04-01
2026-06-19 18:33:21 INFO crypto_research.load:   sandusdt: rows=656821 2022-12-31 .. 2024-04-01
2026-06-19 18:33:21 INFO crypto_research.load:   shib1000usdt: rows=656821 2022-12-31 .. 2024-04-01
2026-06-19 18:33:21 INFO crypto_research.load:   solusdt: rows=1182241 2022-01-01 .. 2024-04-01
2026-06-19 18:33:21 INFO crypto_research.load:   storjusdt: rows=656821 2022-12-31 .. 2024-04-01
2026-06-19 18:33:21 INFO crypto_research.load:   stxusdt: rows=656821 2022-12-31 .. 2024-04-01
2026-06-19 18:33:21 INFO crypto_research.load:   trxusdt: rows=656821 2022-12-31 .. 2024-04-01
2026-06-19 18:33:21 INFO crypto_research.load:   uniusdt: rows=1182241 2022-01-01 .. 2024-04-01
2026-06-19 18:33:21 INFO crypto_research.load:   xlmusdt: rows=656821 2022-12-31 .. 2024-04-01
2026-06-19 18:33:21 INFO crypto_research.load:   xmrusdt: rows=1162824 2022-01-14 .. 2024-04-01
2026-06-19 18:33:22 INFO crypto_research.load:   xrpusdt: rows=1182241 2022-01-01 .. 2024-04-01
2026-06-19 18:33:22 INFO crypto_research.load:   zecusdt: rows=1182241 2022-01-01 .. 2024-04-01
2026-06-19 18:33:22 INFO crypto_research.load:   zenusdt: rows=656821 2022-12-31 .. 2024-04-01
2026-06-19 18:33:23 INFO crypto_research.ml_dataset: [ml] pooled daily: pairs=49 rows=32407 period=2022-01-01..2024-04-01
2026-06-19 18:33:23 INFO crypto_research.ml_dataset: [ml] pair filter: first_candle <= 2023-01-01 → 49 pairs
2026-06-19 18:33:48 INFO crypto_research.load: [1] Загрузка данных: пар=49 строк=55515524 ~1482.4 MB
2026-06-19 18:33:48 INFO crypto_research.load:   1000luncusdt: rows=1133280 2024-04-01 .. 2026-05-27
2026-06-19 18:33:48 INFO crypto_research.load:   aaveusdt: rows=1132756 2024-04-01 .. 2026-05-27
2026-06-19 18:33:48 INFO crypto_research.load:   adausdt: rows=1132756 2024-04-01 .. 2026-05-27
2026-06-19 18:33:48 INFO crypto_research.load:   algousdt: rows=1132756 2024-04-01 .. 2026-05-27
2026-06-19 18:33:48 INFO crypto_research.load:   aliceusdt: rows=1132756 2024-04-01 .. 2026-05-27
2026-06-19 18:33:48 INFO crypto_research.load:   apeusdt: rows=1133280 2024-04-01 .. 2026-05-27
2026-06-19 18:33:48 INFO crypto_research.load:   api3usdt: rows=1132756 2024-04-01 .. 2026-05-27
2026-06-19 18:33:48 INFO crypto_research.load:   aptusdt: rows=1132756 2024-04-01 .. 2026-05-27
2026-06-19 18:33:48 INFO crypto_research.load:   atomusdt: rows=1132756 2024-04-01 .. 2026-05-27
2026-06-19 18:33:48 INFO crypto_research.load:   avaxusdt: rows=1132756 2024-04-01 .. 2026-05-27
2026-06-19 18:33:48 INFO crypto_research.load:   axsusdt: rows=1133280 2024-04-01 .. 2026-05-27
2026-06-19 18:33:48 INFO crypto_research.load:   bchusdt: rows=1132756 2024-04-01 .. 2026-05-27
2026-06-19 18:33:48 INFO crypto_research.load:   bnbusdt: rows=1132756 2024-04-01 .. 2026-05-27
2026-06-19 18:33:48 INFO crypto_research.load:   btcusdt: rows=1132756 2024-04-01 .. 2026-05-27
2026-06-19 18:33:48 INFO crypto_research.load:   chzusdt: rows=1133280 2024-04-01 .. 2026-05-27
2026-06-19 18:33:48 INFO crypto_research.load:   crvusdt: rows=1132756 2024-04-01 .. 2026-05-27
2026-06-19 18:33:48 INFO crypto_research.load:   dashusdt: rows=1133280 2024-04-01 .. 2026-05-27
2026-06-19 18:33:48 INFO crypto_research.load:   dogeusdt: rows=1132756 2024-04-01 .. 2026-05-27
2026-06-19 18:33:48 INFO crypto_research.load:   dotusdt: rows=1132756 2024-04-01 .. 2026-05-27
2026-06-19 18:33:48 INFO crypto_research.load:   dydxusdt: rows=1132756 2024-04-01 .. 2026-05-27
2026-06-19 18:33:48 INFO crypto_research.load:   egldusdt: rows=1133280 2024-04-01 .. 2026-05-27
2026-06-19 18:33:48 INFO crypto_research.load:   enjusdt: rows=1132756 2024-04-01 .. 2026-05-27
2026-06-19 18:33:48 INFO crypto_research.load:   etcusdt: rows=1133280 2024-04-01 .. 2026-05-27
2026-06-19 18:33:48 INFO crypto_research.load:   ethusdt: rows=1132756 2024-04-01 .. 2026-05-27
2026-06-19 18:33:48 INFO crypto_research.load:   filusdt: rows=1132756 2024-04-01 .. 2026-05-27
2026-06-19 18:33:48 INFO crypto_research.load:   galausdt: rows=1132756 2024-04-01 .. 2026-05-27
2026-06-19 18:33:48 INFO crypto_research.load:   gmtusdt: rows=1133280 2024-04-01 .. 2026-05-27
2026-06-19 18:33:48 INFO crypto_research.load:   hbarusdt: rows=1133280 2024-04-01 .. 2026-05-27
2026-06-19 18:33:48 INFO crypto_research.load:   icpusdt: rows=1133280 2024-04-01 .. 2026-05-27
2026-06-19 18:33:48 INFO crypto_research.load:   injusdt: rows=1133280 2024-04-01 .. 2026-05-27
2026-06-19 18:33:48 INFO crypto_research.load:   ldousdt: rows=1133280 2024-04-01 .. 2026-05-27
2026-06-19 18:33:48 INFO crypto_research.load:   linkusdt: rows=1132756 2024-04-01 .. 2026-05-27
2026-06-19 18:33:48 INFO crypto_research.load:   ltcusdt: rows=1132756 2024-04-01 .. 2026-05-27
2026-06-19 18:33:48 INFO crypto_research.load:   nearusdt: rows=1132756 2024-04-01 .. 2026-05-27
2026-06-19 18:33:48 INFO crypto_research.load:   ontusdt: rows=1132756 2024-04-01 .. 2026-05-27
2026-06-19 18:33:48 INFO crypto_research.load:   opusdt: rows=1133280 2024-04-01 .. 2026-05-27
2026-06-19 18:33:48 INFO crypto_research.load:   paxgusdt: rows=1132756 2024-04-01 .. 2026-05-27
2026-06-19 18:33:48 INFO crypto_research.load:   sandusdt: rows=1133280 2024-04-01 .. 2026-05-27
2026-06-19 18:33:48 INFO crypto_research.load:   shib1000usdt: rows=1133280 2024-04-01 .. 2026-05-27
2026-06-19 18:33:48 INFO crypto_research.load:   solusdt: rows=1132756 2024-04-01 .. 2026-05-27
2026-06-19 18:33:48 INFO crypto_research.load:   storjusdt: rows=1133280 2024-04-01 .. 2026-05-27
2026-06-19 18:33:48 INFO crypto_research.load:   stxusdt: rows=1133280 2024-04-01 .. 2026-05-27
2026-06-19 18:33:48 INFO crypto_research.load:   trxusdt: rows=1133280 2024-04-01 .. 2026-05-27
2026-06-19 18:33:48 INFO crypto_research.load:   uniusdt: rows=1132756 2024-04-01 .. 2026-05-27
2026-06-19 18:33:48 INFO crypto_research.load:   xlmusdt: rows=1133280 2024-04-01 .. 2026-05-27
2026-06-19 18:33:48 INFO crypto_research.load:   xmrusdt: rows=1132756 2024-04-01 .. 2026-05-27
2026-06-19 18:33:48 INFO crypto_research.load:   xrpusdt: rows=1132756 2024-04-01 .. 2026-05-27
2026-06-19 18:33:48 INFO crypto_research.load:   zecusdt: rows=1132756 2024-04-01 .. 2026-05-27
2026-06-19 18:33:48 INFO crypto_research.load:   zenusdt: rows=1133280 2024-04-01 .. 2026-05-27
2026-06-19 18:33:49 INFO crypto_research.ml_dataset: [ml] pooled daily: pairs=49 rows=38563 period=2024-04-01..2026-05-31
2026-06-19 18:33:49 INFO crypto_research.ml_ema_dev_norm: [ml] ema_dev_pair_norm bounds: pairs=49
2026-06-19 18:33:49 INFO crypto_research.ml_numeric_features: [ml] bounds ema_dev_pair_norm: pairs=49
2026-06-19 18:33:49 INFO crypto_research.ml_numeric_features: [ml] bounds rsi_pair_norm: pairs=49
2026-06-19 18:33:49 INFO crypto_research.ml_numeric_features: [ml] bounds streak_pair_norm: pairs=49
2026-06-19 18:33:50 INFO crypto_research.ml_dataset: [ml] ema_dev_pair_norm: min=-4.914 max=8.584 mean=-0.014
2026-06-19 18:33:50 INFO crypto_research.ml_dataset: [ml] rsi_pair_norm: min=-2.053 max=2.062 mean=-0.081
2026-06-19 18:33:50 INFO crypto_research.ml_dataset: [ml] streak_pair_norm: min=-3.000 max=4.333 mean=-0.012
2026-06-19 18:33:50 INFO crypto_research.ml_dataset: [ml] dataset studies=['day_of_week_ml', 'ema_spreads_ml', 'rsi_spreads_ml', 'price_sequences_ml'] features=['pair_id', 'weekday_enc', 'ema_dev_pair_norm', 'rsi_pair_norm', 'streak_pair_norm'] rows=31675 pairs=49 up_rate=0.503
2026-06-19 18:33:50 INFO crypto_research.ml_dataset: [ml] ema_dev_pair_norm: min=-4.918 max=15.840 mean=-0.087
2026-06-19 18:33:50 INFO crypto_research.ml_dataset: [ml] rsi_pair_norm: min=-1.864 max=2.022 mean=-0.170
2026-06-19 18:33:50 INFO crypto_research.ml_dataset: [ml] streak_pair_norm: min=-3.333 max=3.333 mean=-0.083
2026-06-19 18:33:50 INFO crypto_research.ml_dataset: [ml] dataset studies=['day_of_week_ml', 'ema_spreads_ml', 'rsi_spreads_ml', 'price_sequences_ml'] features=['pair_id', 'weekday_enc', 'ema_dev_pair_norm', 'rsi_pair_norm', 'streak_pair_norm'] rows=38001 pairs=49 up_rate=0.478
2026-06-19 18:33:50 INFO crypto_research.ml_research: Dataset columns (10): ['day_utc', 'pair', 'weekday', 'return_pct', 'direction_up', 'ema_dev_pair_norm', 'rsi_pair_norm', 'streak_pair_norm', 'pair_id', 'weekday_enc']
2026-06-19 18:33:50 INFO crypto_research.ml_research: Dataset head (50 rows):
shape: (50, 10)
┌──────────────┬───────────┬─────────┬──────────────┬─────────────┬─────────────┬─────────────┬─────────────┬─────────┬─────────────┐
│ day_utc      ┆ pair      ┆ weekday ┆ return_pct   ┆ direction_u ┆ ema_dev_pai ┆ rsi_pair_no ┆ streak_pair ┆ pair_id ┆ weekday_enc │
│ ---          ┆ ---       ┆ ---     ┆ ---          ┆ p           ┆ r_norm      ┆ rm          ┆ _norm       ┆ ---     ┆ ---         │
│ datetime[μs, ┆ str       ┆ i64     ┆ f64          ┆ ---         ┆ ---         ┆ ---         ┆ ---         ┆ cat     ┆ cat         │
│ UTC]         ┆           ┆         ┆              ┆ i8          ┆ f64         ┆ f64         ┆ f64         ┆         ┆             │
╞══════════════╪═══════════╪═════════╪══════════════╪═════════════╪═════════════╪═════════════╪═════════════╪═════════╪═════════════╡
│ 2022-01-11   ┆ aaveusdt  ┆ 1       ┆ 6.7885708309 ┆ 1           ┆ -1.02301043 ┆ -2.03083498 ┆ -0.66666666 ┆ 1       ┆ 1           │
│ 00:00:00 UTC ┆           ┆         ┆ 75585        ┆             ┆ 69461848    ┆ 72019544    ┆ 66666667    ┆         ┆             │
│ 2022-01-11   ┆ adausdt   ┆ 1       ┆ 5.6104696096 ┆ 1           ┆ -1          ┆ -1.39733733 ┆ -1.33333333 ┆ 2       ┆ 1           │
│ 00:00:00 UTC ┆           ┆         ┆ 46642        ┆             ┆             ┆ 3734323     ┆ 33333333    ┆         ┆             │
│ 2022-01-11   ┆ algousdt  ┆ 1       ┆ 6.1628752195 ┆ 1           ┆ -0.86743413 ┆ -1.15551810 ┆ -0.42857142 ┆ 3       ┆ 1           │
│ 00:00:00 UTC ┆           ┆         ┆ 37939        ┆             ┆ 00673081    ┆ 86904938    ┆ 85714286    ┆         ┆             │
│ 2022-01-11   ┆ aliceusdt ┆ 1       ┆ 6.3725547486 ┆ 1           ┆ -1.02727972 ┆ -1.16908725 ┆ -0.42857142 ┆ 4       ┆ 1           │
│ 00:00:00 UTC ┆           ┆         ┆ 20328        ┆             ┆ 7767651     ┆ 62617576    ┆ 85714286    ┆         ┆             │
│ 2022-01-11   ┆ atomusdt  ┆ 1       ┆ 2.1658734326 ┆ 1           ┆ 0.130404480 ┆ 0.160004804 ┆ 0.333333333 ┆ 8       ┆ 1           │
│ 00:00:00 UTC ┆           ┆         ┆ 592084       ┆             ┆ 87863565    ┆ 07343476    ┆ 33333326    ┆         ┆             │
│ 2022-01-11   ┆ avaxusdt  ┆ 1       ┆ 6.0796457096 ┆ 1           ┆ -0.96168680 ┆ -1.42007664 ┆ -0.14285714 ┆ 9       ┆ 1           │
│ 00:00:00 UTC ┆           ┆         ┆ 40859        ┆             ┆ 83200584    ┆ 93461732    ┆ 28571429    ┆         ┆             │
│ 2022-01-11   ┆ bchusdt   ┆ 1       ┆ 1.6503920235 ┆ 1           ┆ -1.01350607 ┆ -1.70219846 ┆ -0.33333333 ┆ 11      ┆ 1           │
│ 00:00:00 UTC ┆           ┆         ┆ 081473       ┆             ┆ 83051932    ┆ 7363062     ┆ 333333337   ┆         ┆             │
│ 2022-01-11   ┆ bnbusdt   ┆ 1       ┆ 8.9464390818 ┆ 1           ┆ -1.33303814 ┆ -1.76214782 ┆ -0.33333333 ┆ 12      ┆ 1           │
│ 00:00:00 UTC ┆           ┆         ┆ 1283         ┆             ┆ 59113234    ┆ 16658728    ┆ 333333337   ┆         ┆             │
│ 2022-01-11   ┆ btcusdt   ┆ 1       ┆ 2.1347078380 ┆ 1           ┆ -0.63198845 ┆ -1.75825151 ┆ -0.25       ┆ 13      ┆ 1           │
│ 00:00:00 UTC ┆           ┆         ┆ 253057       ┆             ┆ 18503163    ┆ 18565332    ┆             ┆         ┆             │
│ 2022-01-11   ┆ crvusdt   ┆ 1       ┆ 6.6048631201 ┆ 1           ┆ -1.16000899 ┆ -1.32054000 ┆ -1          ┆ 15      ┆ 1           │
│ 00:00:00 UTC ┆           ┆         ┆ 10692        ┆             ┆ 53543349    ┆ 31884917    ┆             ┆         ┆             │
│ 2022-01-11   ┆ dogeusdt  ┆ 1       ┆ 7.4825083300 ┆ 1           ┆ -1.01669842 ┆ -1.92760833 ┆ -1.33333333 ┆ 17      ┆ 1           │
│ 00:00:00 UTC ┆           ┆         ┆ 613295       ┆             ┆ 01353448    ┆ 4982597     ┆ 33333333    ┆         ┆             │
│ 2022-01-11   ┆ dotusdt   ┆ 1       ┆ 7.7669907602 ┆ 1           ┆ -1          ┆ -1.12342655 ┆ -0.33333333 ┆ 18      ┆ 1           │
│ 00:00:00 UTC ┆           ┆         ┆ 688255       ┆             ┆             ┆ 5186431     ┆ 333333337   ┆         ┆             │
│ 2022-01-11   ┆ dydxusdt  ┆ 1       ┆ 11.616958575 ┆ 1           ┆ -0.99710516 ┆ -1.84297108 ┆ -0.33333333 ┆ 19      ┆ 1           │
│ 00:00:00 UTC ┆           ┆         ┆ 351276       ┆             ┆ 95789355    ┆ 2482642     ┆ 333333337   ┆         ┆             │
│ 2022-01-11   ┆ enjusdt   ┆ 1       ┆ 6.7667488779 ┆ 1           ┆ -0.92189859 ┆ -0.88213909 ┆ -0.42857142 ┆ 21      ┆ 1           │
│ 00:00:00 UTC ┆           ┆         ┆ 45984        ┆             ┆ 7589335     ┆ 30325894    ┆ 85714286    ┆         ┆             │
│ 2022-01-11   ┆ ethusdt   ┆ 1       ┆ 4.9967553536 ┆ 1           ┆ -0.97132678 ┆ -1.50616436 ┆ -0.25       ┆ 23      ┆ 1           │
│ 00:00:00 UTC ┆           ┆         ┆ 6645         ┆             ┆ 47166703    ┆ 29412935    ┆             ┆         ┆             │
│ 2022-01-11   ┆ filusdt   ┆ 1       ┆ 2.5586397879 ┆ 1           ┆ -1.01015594 ┆ -1.31314476 ┆ -0.14285714 ┆ 24      ┆ 1           │
│ 00:00:00 UTC ┆           ┆         ┆ 16926        ┆             ┆ 18583597    ┆ 29224229    ┆ 28571429    ┆         ┆             │
│ 2022-01-11   ┆ galausdt  ┆ 1       ┆ 4.5285598312 ┆ 1           ┆ -1.30330131 ┆ -1.48517515 ┆ -0.33333333 ┆ 25      ┆ 1           │
│ 00:00:00 UTC ┆           ┆         ┆ 834034       ┆             ┆ 09448117    ┆ 25926433    ┆ 333333337   ┆         ┆             │
│ 2022-01-11   ┆ linkusdt  ┆ 1       ┆ -4.835130849 ┆ 0           ┆ 1.166937952 ┆ 1.637723110 ┆ 0.428571428 ┆ 31      ┆ 1           │
│ 00:00:00 UTC ┆           ┆         ┆ 0143445      ┆             ┆ 472205      ┆ 9811534     ┆ 5714286     ┆         ┆             │
│ 2022-01-11   ┆ ltcusdt   ┆ 1       ┆ 3.9121133296 ┆ 1           ┆ -0.79054045 ┆ -1.80831784 ┆ -0.42857142 ┆ 32      ┆ 1           │
│ 00:00:00 UTC ┆           ┆         ┆ 431494       ┆             ┆ 11078287    ┆ 60921738    ┆ 85714286    ┆         ┆             │
│ 2022-01-11   ┆ nearusdt  ┆ 1       ┆ 16.609594484 ┆ 1           ┆ 0.292810580 ┆ 0.048835974 ┆ 0.428571428 ┆ 33      ┆ 1           │
│ 00:00:00 UTC ┆           ┆         ┆ 794073       ┆             ┆ 312173      ┆ 696927575   ┆ 5714286     ┆         ┆             │
│ 2022-01-11   ┆ solusdt   ┆ 1       ┆ 3.2388617584 ┆ 1           ┆ -0.78192179 ┆ -1.63487064 ┆ -0.5        ┆ 39      ┆ 1           │
│ 00:00:00 UTC ┆           ┆         ┆ 09968        ┆             ┆ 79769039    ┆ 45915702    ┆             ┆         ┆             │
│ 2022-01-11   ┆ uniusdt   ┆ 1       ┆ 5.5257761549 ┆ 1           ┆ -0.73600776 ┆ -0.85307927 ┆ -0.33333333 ┆ 43      ┆ 1           │
│ 00:00:00 UTC ┆           ┆         ┆ 487565       ┆             ┆ 20792981    ┆ 11270476    ┆ 333333337   ┆         ┆             │
│ 2022-01-11   ┆ xrpusdt   ┆ 1       ┆ 4.0990288603 ┆ 1           ┆ -0.72262423 ┆ -1.55834626 ┆ -0.33333333 ┆ 46      ┆ 1           │
│ 00:00:00 UTC ┆           ┆         ┆ 56283        ┆             ┆ 74373969    ┆ 89840615    ┆ 333333337   ┆         ┆             │
│ 2022-01-11   ┆ zecusdt   ┆ 1       ┆ 0.1417412754 ┆ 1           ┆ -0.15228242 ┆ -0.65740783 ┆ -0.25       ┆ 47      ┆ 1           │
│ 00:00:00 UTC ┆           ┆         ┆ 0112447      ┆             ┆ 430131114   ┆ 9384771     ┆             ┆         ┆             │
│ 2022-01-12   ┆ aaveusdt  ┆ 2       ┆ 2.4396023250 ┆ 1           ┆ -0.37655109 ┆ -1.30669514 ┆ 0.333333333 ┆ 1       ┆ 2           │
│ 00:00:00 UTC ┆           ┆         ┆ 916063       ┆             ┆ 630048034   ┆ 1519008     ┆ 33333326    ┆         ┆             │
│ 2022-01-12   ┆ adausdt   ┆ 2       ┆ 10.607978448 ┆ 1           ┆ -0.32038513 ┆ -0.86739557 ┆ 0.333333333 ┆ 2       ┆ 2           │
│ 00:00:00 UTC ┆           ┆         ┆ 037555       ┆             ┆ 3667936     ┆ 67137441    ┆ 33333326    ┆         ┆             │
│ 2022-01-12   ┆ algousdt  ┆ 2       ┆ 3.6627486053 ┆ 1           ┆ -0.28445366 ┆ -0.75970163 ┆ 0.142857142 ┆ 3       ┆ 2           │
│ 00:00:00 UTC ┆           ┆         ┆ 25483        ┆             ┆ 84584358    ┆ 16217354    ┆ 8571428     ┆         ┆             │
│ 2022-01-12   ┆ aliceusdt ┆ 2       ┆ 5.9907796836 ┆ 1           ┆ -0.45122532 ┆ -0.79149019 ┆ 0.142857142 ┆ 4       ┆ 2           │
│ 00:00:00 UTC ┆           ┆         ┆ 614065       ┆             ┆ 172717783   ┆ 1507975     ┆ 8571428     ┆         ┆             │
│ 2022-01-12   ┆ atomusdt  ┆ 2       ┆ 4.0847931848 ┆ 1           ┆ 0.309669200 ┆ 0.248128204 ┆ 0.666666666 ┆ 8       ┆ 2           │
│ 00:00:00 UTC ┆           ┆         ┆ 28393        ┆             ┆ 90098315    ┆ 0479178     ┆ 6666667     ┆         ┆             │
│ 2022-01-12   ┆ avaxusdt  ┆ 2       ┆ 7.3232042774 ┆ 1           ┆ -0.36172317 ┆ -1.01775879 ┆ 0.428571428 ┆ 9       ┆ 2           │
│ 00:00:00 UTC ┆           ┆         ┆ 38567        ┆             ┆ 16695066    ┆ 61708219    ┆ 5714286     ┆         ┆             │
│ 2022-01-12   ┆ bchusdt   ┆ 2       ┆ 3.8019263359 ┆ 1           ┆ -0.66113291 ┆ -1.46031108 ┆ 0.333333333 ┆ 11      ┆ 2           │
│ 00:00:00 UTC ┆           ┆         ┆ 895037       ┆             ┆ 11727483    ┆ 31320198    ┆ 33333326    ┆         ┆             │
│ 2022-01-12   ┆ bnbusdt   ┆ 2       ┆ 5.3484602917 ┆ 1           ┆ 0.014108014 ┆ -0.84088254 ┆ 0.333333333 ┆ 12      ┆ 2           │
│ 00:00:00 UTC ┆           ┆         ┆ 34198        ┆             ┆ 896094248   ┆ 81626779    ┆ 33333326    ┆         ┆             │
│ 2022-01-12   ┆ btcusdt   ┆ 2       ┆ 2.7821036731 ┆ 1           ┆ -0.21801804 ┆ -1.30854217 ┆ 0.25        ┆ 13      ┆ 2           │
│ 00:00:00 UTC ┆           ┆         ┆ 730735       ┆             ┆ 762191915   ┆ 73560837    ┆             ┆         ┆             │
│ 2022-01-12   ┆ crvusdt   ┆ 2       ┆ 6.5434809673 ┆ 1           ┆ -0.60570274 ┆ -0.97298266 ┆ 0.428571428 ┆ 15      ┆ 2           │
│ 00:00:00 UTC ┆           ┆         ┆ 03586        ┆             ┆ 61305695    ┆ 03218545    ┆ 5714286     ┆         ┆             │
│ 2022-01-12   ┆ dogeusdt  ┆ 2       ┆ 5.7905022690 ┆ 1           ┆ -0.16726546 ┆ -0.88209583 ┆ 0.333333333 ┆ 17      ┆ 2           │
│ 00:00:00 UTC ┆           ┆         ┆ 09695        ┆             ┆ 96116402    ┆ 96160115    ┆ 33333326    ┆         ┆             │
│ 2022-01-12   ┆ dotusdt   ┆ 2       ┆ 6.9526030974 ┆ 1           ┆ -0.10955432 ┆ -0.53773361 ┆ 0.333333333 ┆ 18      ┆ 2           │
│ 00:00:00 UTC ┆           ┆         ┆ 95247        ┆             ┆ 00708026    ┆ 76970129    ┆ 33333326    ┆         ┆             │
│ 2022-01-12   ┆ dydxusdt  ┆ 2       ┆ 9.0717295191 ┆ 1           ┆ -0.14912955 ┆ -0.87066117 ┆ 0.333333333 ┆ 19      ┆ 2           │
│ 00:00:00 UTC ┆           ┆         ┆ 9055         ┆             ┆ 058917873   ┆ 37833426    ┆ 33333326    ┆         ┆             │
│ 2022-01-12   ┆ enjusdt   ┆ 2       ┆ 9.1715287277 ┆ 1           ┆ -0.30677617 ┆ -0.53883497 ┆ 0.142857142 ┆ 21      ┆ 2           │
│ 00:00:00 UTC ┆           ┆         ┆ 1021         ┆             ┆ 00692503    ┆ 81357886    ┆ 8571428     ┆         ┆             │
│ 2022-01-12   ┆ ethusdt   ┆ 2       ┆ 4.1270101615 ┆ 1           ┆ -0.31954776 ┆ -1.01937817 ┆ 0.25        ┆ 23      ┆ 2           │
│ 00:00:00 UTC ┆           ┆         ┆ 613415       ┆             ┆ 203334767   ┆ 29503903    ┆             ┆         ┆             │
│ 2022-01-12   ┆ filusdt   ┆ 2       ┆ 6.4795526414 ┆ 1           ┆ -0.65712451 ┆ -1.09848548 ┆ 0.428571428 ┆ 24      ┆ 2           │
│ 00:00:00 UTC ┆           ┆         ┆ 993585       ┆             ┆ 20546244    ┆ 95667544    ┆ 5714286     ┆         ┆             │
│ 2022-01-12   ┆ galausdt  ┆ 2       ┆ 12.058270556 ┆ 1           ┆ -0.80633156 ┆ -1.22751054 ┆ 0.333333333 ┆ 25      ┆ 2           │
│ 00:00:00 UTC ┆           ┆         ┆ 129708       ┆             ┆ 82268392    ┆ 67659482    ┆ 33333326    ┆         ┆             │
│ 2022-01-12   ┆ linkusdt  ┆ 2       ┆ 0.5449024693 ┆ 1           ┆ 0.443513088 ┆ 1.090422966 ┆ -0.42857142 ┆ 31      ┆ 2           │
│ 00:00:00 UTC ┆           ┆         ┆ 31899        ┆             ┆ 2443634     ┆ 6528917     ┆ 85714286    ┆         ┆             │
│ 2022-01-12   ┆ ltcusdt   ┆ 2       ┆ 7.9099555013 ┆ 1           ┆ -0.28256384 ┆ -1.17154445 ┆ 0.142857142 ┆ 32      ┆ 2           │
│ 00:00:00 UTC ┆           ┆         ┆ 86672        ┆             ┆ 78929974    ┆ 01975072    ┆ 8571428     ┆         ┆             │
│ 2022-01-12   ┆ nearusdt  ┆ 2       ┆ -2.648192541 ┆ 0           ┆ 1.273197829 ┆ 0.500215895 ┆ 0.714285714 ┆ 33      ┆ 2           │
│ 00:00:00 UTC ┆           ┆         ┆ 410601       ┆             ┆ 1348753     ┆ 7621297     ┆ 2857142     ┆         ┆             │
│ 2022-01-12   ┆ solusdt   ┆ 2       ┆ 7.9679166144 ┆ 1           ┆ -0.43941244 ┆ -1.35469555 ┆ 0.25        ┆ 39      ┆ 2           │
│ 00:00:00 UTC ┆           ┆         ┆ 44073        ┆             ┆ 30115105    ┆ 95969155    ┆             ┆         ┆             │
│ 2022-01-12   ┆ uniusdt   ┆ 2       ┆ 2.0506748773 ┆ 1           ┆ -0.17071827 ┆ -0.45644819 ┆ 0.333333333 ┆ 43      ┆ 2           │
│ 00:00:00 UTC ┆           ┆         ┆ 80246        ┆             ┆ 681836452   ┆ 37876861    ┆ 33333326    ┆         ┆             │
│ 2022-01-12   ┆ xrpusdt   ┆ 2       ┆ 3.7556812249 ┆ 1           ┆ -0.11648212 ┆ -0.89576404 ┆ 0.333333333 ┆ 46      ┆ 2           │
│ 00:00:00 UTC ┆           ┆         ┆ 168634       ┆             ┆ 64279773    ┆ 3172548     ┆ 33333326    ┆         ┆             │
│ 2022-01-12   ┆ zecusdt   ┆ 2       ┆ 2.2292949953 ┆ 1           ┆ -0.11183778 ┆ -0.63481664 ┆ 0.25        ┆ 47      ┆ 2           │
│ 00:00:00 UTC ┆           ┆         ┆ 656693       ┆             ┆ 614330515   ┆ 81588624    ┆             ┆         ┆             │
│ 2022-01-13   ┆ aaveusdt  ┆ 3       ┆ -4.282118544 ┆ 0           ┆ -0.12891649 ┆ -1.06682059 ┆ 0.666666666 ┆ 1       ┆ 3           │
│ 00:00:00 UTC ┆           ┆         ┆ 609961       ┆             ┆ 404416425   ┆ 79331093    ┆ 6666667     ┆         ┆             │
│ 2022-01-13   ┆ adausdt   ┆ 3       ┆ -6.137074598 ┆ 0           ┆ 0.708785929 ┆ -0.14372469 ┆ 0.666666666 ┆ 2       ┆ 3           │
│ 00:00:00 UTC ┆           ┆         ┆ 369567       ┆             ┆ 9928528     ┆ 373572572   ┆ 6666667     ┆         ┆             │
└──────────────┴───────────┴─────────┴──────────────┴─────────────┴─────────────┴─────────────┴─────────────┴─────────┴─────────────┘
2026-06-19 18:33:50 INFO crypto_research.ml_cpcv: [ml] X: shape=(31675, 5) columns=['pair_id', 'weekday_enc', 'ema_dev_pair_norm', 'rsi_pair_norm', 'streak_pair_norm'] dtypes={'pair_id': 'category', 'weekday_enc': 'category', 'ema_dev_pair_norm': 'float64', 'rsi_pair_norm': 'float64', 'streak_pair_norm': 'float64'}
2026-06-19 18:33:50 INFO crypto_research.ml_cpcv: [ml] X head (3 rows):
  pair_id weekday_enc  ema_dev_pair_norm  rsi_pair_norm  streak_pair_norm
0       1           1          -1.023010      -2.030835         -0.666667
1       2           1          -1.000000      -1.397337         -1.333333
2       3           1          -0.867434      -1.155518         -0.428571
2026-06-19 18:33:50 INFO crypto_research.ml_cpcv: [ml] y (direction_up): shape=(31675,) dtype=int8 distribution={0: 15733, 1: 15942}
2026-06-19 18:33:50 INFO crypto_research.ml_cpcv: [ml] y head (3 values): [1, 1, 1]
2026-06-19 18:33:50 INFO crypto_research.ml_cpcv: [ml] CV: CombinatorialPurgedCV n_splits=7 n_test_groups=2 embargo_days=1 n_folds=C(7,2)=21 n_days=812
2026-06-19 18:33:50 INFO crypto_research.ml_cpcv: [ml] CV time range: 2022-01-11 00:00:00+00:00 .. 2024-04-01 00:00:00+00:00 (prediction_times=evaluation_times, purge=None)
2026-06-19 18:33:51 INFO crypto_research.ml_cpcv: [ml] CV day splits:
  fold1: train_days=579 test_days=232
  fold2: train_days=578 test_days=232
  fold3: train_days=578 test_days=232
  fold4: train_days=578 test_days=232
  fold5: train_days=578 test_days=232
  fold6: train_days=579 test_days=232
  fold7: train_days=579 test_days=232
  fold8: train_days=578 test_days=232
  fold9: train_days=578 test_days=232
  fold10: train_days=578 test_days=232
  fold11: train_days=579 test_days=232
  fold12: train_days=579 test_days=232
  fold13: train_days=578 test_days=232
  fold14: train_days=578 test_days=232
  fold15: train_days=579 test_days=232
  fold16: train_days=579 test_days=232
  fold17: train_days=578 test_days=232
  fold18: train_days=579 test_days=232
  fold19: train_days=579 test_days=232
  fold20: train_days=579 test_days=232
  fold21: train_days=580 test_days=232
2026-06-19 18:33:51 INFO crypto_research.ml_cpcv: [ml] fold 1/21 → model.fit: X_train=(25474, 5) y_train=(25474,) days=('2022-09-01 00:00:00+00:00', '2024-04-01 00:00:00+00:00') dist={0: 12541, 1: 12933}
2026-06-19 18:33:51 INFO crypto_research.ml_cpcv: [ml] fold 1/21 → model.predict: X_test=(6173, 5) y_test=(6173,) days=('2022-01-11 00:00:00+00:00', '2022-08-30 00:00:00+00:00') dist={0: 3180, 1: 2993}
2026-06-19 18:33:51 INFO crypto_research.ml_cpcv: [ml] fold 1 X_train head:
     pair_id weekday_enc  ema_dev_pair_norm  rsi_pair_norm  streak_pair_norm
6201       1           3          -0.098971      -0.325285          0.333333
6202       2           3          -0.187874      -0.405108         -0.333333
6203       3           3          -0.236484      -0.533941         -0.714286
2026-06-19 18:33:51 INFO crypto_research.ml_cpcv: [ml] fold 1 y_train head: [1, 1, 1]
2026-06-19 18:33:51 INFO crypto_research.ml_cpcv: [ml] fold 1 X_test head:
  pair_id weekday_enc  ema_dev_pair_norm  rsi_pair_norm  streak_pair_norm
0       1           1          -1.023010      -2.030835         -0.666667
1       2           1          -1.000000      -1.397337         -1.333333
2       3           1          -0.867434      -1.155518         -0.428571
2026-06-19 18:33:51 INFO crypto_research.ml_cpcv: [ml] fold 1 y_test head: [1, 1, 1]
2026-06-19 18:33:51 INFO crypto_research.ml_cpcv: [ml] fold 1/21 train=25474 test=6173 acc=0.5336 auc=0.5509
2026-06-19 18:33:51 INFO crypto_research.ml_cpcv: [ml] fold 2/21 → model.fit: X_train=(25372, 5) y_train=(25372,) days=('2022-05-08 00:00:00+00:00', '2024-04-01 00:00:00+00:00') dist={0: 12466, 1: 12906}
2026-06-19 18:33:51 INFO crypto_research.ml_cpcv: [ml] fold 2/21 → model.predict: X_test=(6247, 5) y_test=(6247,) days=('2022-01-11 00:00:00+00:00', '2022-12-24 00:00:00+00:00') dist={0: 3222, 1: 3025}
2026-06-19 18:33:51 INFO crypto_research.ml_cpcv: [ml] fold 2/21 train=25372 test=6247 acc=0.5489 auc=0.5684
2026-06-19 18:33:51 INFO crypto_research.ml_cpcv: [ml] fold 3/21 → model.fit: X_train=(23304, 5) y_train=(23304,) days=('2022-05-08 00:00:00+00:00', '2024-04-01 00:00:00+00:00') dist={0: 11632, 1: 11672}
2026-06-19 18:33:51 INFO crypto_research.ml_cpcv: [ml] fold 3/21 → model.predict: X_test=(8295, 5) y_test=(8295,) days=('2022-01-11 00:00:00+00:00', '2023-04-19 00:00:00+00:00') dist={0: 4031, 1: 4264}
2026-06-19 18:33:51 INFO crypto_research.ml_cpcv: [ml] fold 3/21 train=23304 test=8295 acc=0.5268 auc=0.5427
2026-06-19 18:33:51 INFO crypto_research.ml_cpcv: [ml] fold 4/21 → model.fit: X_train=(22993, 5) y_train=(22993,) days=('2022-05-08 00:00:00+00:00', '2024-04-01 00:00:00+00:00') dist={0: 11208, 1: 11785}
2026-06-19 18:33:51 INFO crypto_research.ml_cpcv: [ml] fold 4/21 → model.predict: X_test=(8606, 5) y_test=(8606,) days=('2022-01-11 00:00:00+00:00', '2023-08-13 00:00:00+00:00') dist={0: 4479, 1: 4127}
2026-06-19 18:33:51 INFO crypto_research.ml_cpcv: [ml] fold 4/21 train=22993 test=8606 acc=0.5538 auc=0.5737
2026-06-19 18:33:51 INFO crypto_research.ml_cpcv: [ml] fold 5/21 → model.fit: X_train=(23003, 5) y_train=(23003,) days=('2022-05-08 00:00:00+00:00', '2024-04-01 00:00:00+00:00') dist={0: 11510, 1: 11493}
2026-06-19 18:33:51 INFO crypto_research.ml_cpcv: [ml] fold 5/21 → model.predict: X_test=(8596, 5) y_test=(8596,) days=('2022-01-11 00:00:00+00:00', '2023-12-07 00:00:00+00:00') dist={0: 4195, 1: 4401}
2026-06-19 18:33:51 INFO crypto_research.ml_cpcv: [ml] fold 5/21 train=23003 test=8596 acc=0.5251 auc=0.5388
2026-06-19 18:33:51 INFO crypto_research.ml_cpcv: [ml] fold 6/21 → model.fit: X_train=(23000, 5) y_train=(23000,) days=('2022-05-08 00:00:00+00:00', '2023-12-07 00:00:00+00:00') dist={0: 11477, 1: 11523}
2026-06-19 18:33:51 INFO crypto_research.ml_cpcv: [ml] fold 6/21 → model.predict: X_test=(8648, 5) y_test=(8648,) days=('2022-01-11 00:00:00+00:00', '2024-04-01 00:00:00+00:00') dist={0: 4231, 1: 4417}
2026-06-19 18:33:51 INFO crypto_research.ml_cpcv: [ml] fold 6/21 train=23000 test=8648 acc=0.5224 auc=0.5351
2026-06-19 18:33:52 INFO crypto_research.ml_cpcv: [ml] fold 7/21 → model.fit: X_train=(25182, 5) y_train=(25182,) days=('2022-01-11 00:00:00+00:00', '2024-04-01 00:00:00+00:00') dist={0: 12353, 1: 12829}
2026-06-19 18:33:52 INFO crypto_research.ml_cpcv: [ml] fold 7/21 → model.predict: X_test=(6464, 5) y_test=(6464,) days=('2022-05-07 00:00:00+00:00', '2022-12-24 00:00:00+00:00') dist={0: 3360, 1: 3104}
2026-06-19 18:33:52 INFO crypto_research.ml_cpcv: [ml] fold 7/21 train=25182 test=6464 acc=0.5147 auc=0.5284
2026-06-19 18:33:52 INFO crypto_research.ml_cpcv: [ml] fold 8/21 → model.fit: X_train=(23086, 5) y_train=(23086,) days=('2022-01-11 00:00:00+00:00', '2024-04-01 00:00:00+00:00') dist={0: 11507, 1: 11579}
2026-06-19 18:33:52 INFO crypto_research.ml_cpcv: [ml] fold 8/21 → model.predict: X_test=(8512, 5) y_test=(8512,) days=('2022-05-07 00:00:00+00:00', '2023-04-19 00:00:00+00:00') dist={0: 4169, 1: 4343}
2026-06-19 18:33:52 INFO crypto_research.ml_cpcv: [ml] fold 8/21 train=23086 test=8512 acc=0.5083 auc=0.5201
2026-06-19 18:33:52 INFO crypto_research.ml_cpcv: [ml] fold 9/21 → model.fit: X_train=(22775, 5) y_train=(22775,) days=('2022-01-11 00:00:00+00:00', '2024-04-01 00:00:00+00:00') dist={0: 11083, 1: 11692}
2026-06-19 18:33:52 INFO crypto_research.ml_cpcv: [ml] fold 9/21 → model.predict: X_test=(8823, 5) y_test=(8823,) days=('2022-05-07 00:00:00+00:00', '2023-08-13 00:00:00+00:00') dist={0: 4617, 1: 4206}
2026-06-19 18:33:52 INFO crypto_research.ml_cpcv: [ml] fold 9/21 train=22775 test=8823 acc=0.5172 auc=0.5486
2026-06-19 18:33:52 INFO crypto_research.ml_cpcv: [ml] fold 10/21 → model.fit: X_train=(22785, 5) y_train=(22785,) days=('2022-01-11 00:00:00+00:00', '2024-04-01 00:00:00+00:00') dist={0: 11385, 1: 11400}
2026-06-19 18:33:52 INFO crypto_research.ml_cpcv: [ml] fold 10/21 → model.predict: X_test=(8813, 5) y_test=(8813,) days=('2022-05-07 00:00:00+00:00', '2023-12-07 00:00:00+00:00') dist={0: 4333, 1: 4480}
2026-06-19 18:33:52 INFO crypto_research.ml_cpcv: [ml] fold 10/21 train=22785 test=8813 acc=0.5116 auc=0.5207
2026-06-19 18:33:52 INFO crypto_research.ml_cpcv: [ml] fold 11/21 → model.fit: X_train=(22782, 5) y_train=(22782,) days=('2022-01-11 00:00:00+00:00', '2023-12-07 00:00:00+00:00') dist={0: 11352, 1: 11430}
2026-06-19 18:33:52 INFO crypto_research.ml_cpcv: [ml] fold 11/21 → model.predict: X_test=(8865, 5) y_test=(8865,) days=('2022-05-07 00:00:00+00:00', '2024-04-01 00:00:00+00:00') dist={0: 4369, 1: 4496}
2026-06-19 18:33:52 INFO crypto_research.ml_cpcv: [ml] fold 11/21 train=22782 test=8865 acc=0.5027 auc=0.4992
2026-06-19 18:33:52 INFO crypto_research.ml_cpcv: [ml] fold 12/21 → model.fit: X_train=(23040, 5) y_train=(23040,) days=('2022-01-11 00:00:00+00:00', '2024-04-01 00:00:00+00:00') dist={0: 11477, 1: 11563}
2026-06-19 18:33:52 INFO crypto_research.ml_cpcv: [ml] fold 12/21 → model.predict: X_test=(8586, 5) y_test=(8586,) days=('2022-08-31 00:00:00+00:00', '2023-04-19 00:00:00+00:00') dist={0: 4211, 1: 4375}
2026-06-19 18:33:52 INFO crypto_research.ml_cpcv: [ml] fold 12/21 train=23040 test=8586 acc=0.5149 auc=0.5235
2026-06-19 18:33:52 INFO crypto_research.ml_cpcv: [ml] fold 13/21 → model.fit: X_train=(22700, 5) y_train=(22700,) days=('2022-01-11 00:00:00+00:00', '2024-04-01 00:00:00+00:00') dist={0: 11033, 1: 11667}
2026-06-19 18:33:52 INFO crypto_research.ml_cpcv: [ml] fold 13/21 → model.predict: X_test=(8897, 5) y_test=(8897,) days=('2022-08-31 00:00:00+00:00', '2023-08-13 00:00:00+00:00') dist={0: 4659, 1: 4238}
2026-06-19 18:33:52 INFO crypto_research.ml_cpcv: [ml] fold 13/21 train=22700 test=8897 acc=0.5355 auc=0.5464
2026-06-19 18:33:52 INFO crypto_research.ml_cpcv: [ml] fold 14/21 → model.fit: X_train=(22710, 5) y_train=(22710,) days=('2022-01-11 00:00:00+00:00', '2024-04-01 00:00:00+00:00') dist={0: 11335, 1: 11375}
2026-06-19 18:33:52 INFO crypto_research.ml_cpcv: [ml] fold 14/21 → model.predict: X_test=(8887, 5) y_test=(8887,) days=('2022-08-31 00:00:00+00:00', '2023-12-07 00:00:00+00:00') dist={0: 4375, 1: 4512}
2026-06-19 18:33:52 INFO crypto_research.ml_cpcv: [ml] fold 14/21 train=22710 test=8887 acc=0.5326 auc=0.5425
2026-06-19 18:33:52 INFO crypto_research.ml_cpcv: [ml] fold 15/21 → model.fit: X_train=(22707, 5) y_train=(22707,) days=('2022-01-11 00:00:00+00:00', '2023-12-07 00:00:00+00:00') dist={0: 11302, 1: 11405}
2026-06-19 18:33:52 INFO crypto_research.ml_cpcv: [ml] fold 15/21 → model.predict: X_test=(8939, 5) y_test=(8939,) days=('2022-08-31 00:00:00+00:00', '2024-04-01 00:00:00+00:00') dist={0: 4411, 1: 4528}
2026-06-19 18:33:52 INFO crypto_research.ml_cpcv: [ml] fold 15/21 train=22707 test=8939 acc=0.5030 auc=0.5148
2026-06-19 18:33:52 INFO crypto_research.ml_cpcv: [ml] fold 16/21 → model.fit: X_train=(20681, 5) y_train=(20681,) days=('2022-01-11 00:00:00+00:00', '2024-04-01 00:00:00+00:00') dist={0: 10244, 1: 10437}
2026-06-19 18:33:52 INFO crypto_research.ml_cpcv: [ml] fold 16/21 → model.predict: X_test=(10945, 5) y_test=(10945,) days=('2022-12-25 00:00:00+00:00', '2023-08-13 00:00:00+00:00') dist={0: 5468, 1: 5477}
2026-06-19 18:33:52 INFO crypto_research.ml_cpcv: [ml] fold 16/21 train=20681 test=10945 acc=0.5117 auc=0.5180
2026-06-19 18:33:52 INFO crypto_research.ml_cpcv: [ml] fold 17/21 → model.fit: X_train=(20642, 5) y_train=(20642,) days=('2022-01-11 00:00:00+00:00', '2024-04-01 00:00:00+00:00') dist={0: 10501, 1: 10141}
2026-06-19 18:33:52 INFO crypto_research.ml_cpcv: [ml] fold 17/21 → model.predict: X_test=(10935, 5) y_test=(10935,) days=('2022-12-25 00:00:00+00:00', '2023-12-07 00:00:00+00:00') dist={0: 5184, 1: 5751}
2026-06-19 18:33:52 INFO crypto_research.ml_cpcv: [ml] fold 17/21 train=20642 test=10935 acc=0.5083 auc=0.5268
2026-06-19 18:33:52 INFO crypto_research.ml_cpcv: [ml] fold 18/21 → model.fit: X_train=(20639, 5) y_train=(20639,) days=('2022-01-11 00:00:00+00:00', '2023-12-07 00:00:00+00:00') dist={0: 10468, 1: 10171}
2026-06-19 18:33:52 INFO crypto_research.ml_cpcv: [ml] fold 18/21 → model.predict: X_test=(10987, 5) y_test=(10987,) days=('2022-12-25 00:00:00+00:00', '2024-04-01 00:00:00+00:00') dist={0: 5220, 1: 5767}
2026-06-19 18:33:52 INFO crypto_research.ml_cpcv: [ml] fold 18/21 train=20639 test=10987 acc=0.5077 auc=0.5355
2026-06-19 18:33:52 INFO crypto_research.ml_cpcv: [ml] fold 19/21 → model.fit: X_train=(20380, 5) y_train=(20380,) days=('2022-01-11 00:00:00+00:00', '2024-04-01 00:00:00+00:00') dist={0: 10098, 1: 10282}
2026-06-19 18:33:52 INFO crypto_research.ml_cpcv: [ml] fold 19/21 → model.predict: X_test=(11246, 5) y_test=(11246,) days=('2023-04-20 00:00:00+00:00', '2023-12-07 00:00:00+00:00') dist={0: 5632, 1: 5614}
2026-06-19 18:33:53 INFO crypto_research.ml_cpcv: [ml] fold 19/21 train=20380 test=11246 acc=0.5357 auc=0.5465
2026-06-19 18:33:53 INFO crypto_research.ml_cpcv: [ml] fold 20/21 → model.fit: X_train=(20328, 5) y_train=(20328,) days=('2022-01-11 00:00:00+00:00', '2023-12-07 00:00:00+00:00') dist={0: 10044, 1: 10284}
2026-06-19 18:33:53 INFO crypto_research.ml_cpcv: [ml] fold 20/21 → model.predict: X_test=(11298, 5) y_test=(11298,) days=('2023-04-20 00:00:00+00:00', '2024-04-01 00:00:00+00:00') dist={0: 5668, 1: 5630}
2026-06-19 18:33:53 INFO crypto_research.ml_cpcv: [ml] fold 20/21 train=20328 test=11298 acc=0.5393 auc=0.5523
2026-06-19 18:33:53 INFO crypto_research.ml_cpcv: [ml] fold 21/21 → model.fit: X_train=(20387, 5) y_train=(20387,) days=('2022-01-11 00:00:00+00:00', '2023-08-13 00:00:00+00:00') dist={0: 10349, 1: 10038}
2026-06-19 18:33:53 INFO crypto_research.ml_cpcv: [ml] fold 21/21 → model.predict: X_test=(11288, 5) y_test=(11288,) days=('2023-08-14 00:00:00+00:00', '2024-04-01 00:00:00+00:00') dist={0: 5384, 1: 5904}
2026-06-19 18:33:53 INFO crypto_research.ml_cpcv: [ml] fold 21/21 train=20387 test=11288 acc=0.4964 auc=0.5112
2026-06-19 18:33:53 INFO crypto_research.ml_cpcv: [ml] CPCV mean: folds=21 acc=0.5214 logloss=0.6947 auc=0.5354
2026-06-19 18:33:53 INFO crypto_research.ml_cpcv: [ml] OOS paths: rows=31675 cols=[time_ns, y_prob, y_true] folds_merged=21
2026-06-19 18:33:53 INFO crypto_research.ml_cpcv: [ml] OOS calibration: brier=0.2500 ece=0.0235
2026-06-19 18:33:53 INFO crypto_research.ml_cpcv: [ml] OOS weekday Пн: n=4514 base_up=0.4920 pred_up=0.4464 acc=0.4860 logloss=0.7014 auc=0.4812
2026-06-19 18:33:53 INFO crypto_research.ml_cpcv: [ml] OOS weekday Вт: n=4528 base_up=0.5172 pred_up=0.5049 acc=0.5375 logloss=0.6865 auc=0.5610
2026-06-19 18:33:53 INFO crypto_research.ml_cpcv: [ml] OOS weekday Ср: n=4527 base_up=0.4950 pred_up=0.4586 acc=0.5253 logloss=0.6940 auc=0.5268
2026-06-19 18:33:53 INFO crypto_research.ml_cpcv: [ml] OOS weekday Чт: n=4533 base_up=0.4584 pred_up=0.2813 acc=0.5237 logloss=0.6956 auc=0.5042
2026-06-19 18:33:53 INFO crypto_research.ml_cpcv: [ml] OOS weekday Пт: n=4535 base_up=0.5605 pred_up=0.9109 acc=0.5535 logloss=0.6889 auc=0.4913
2026-06-19 18:33:53 INFO crypto_research.ml_cpcv: [ml] OOS weekday Сб: n=4529 base_up=0.5235 pred_up=0.7467 acc=0.5114 logloss=0.6963 auc=0.4953
2026-06-19 18:33:53 INFO crypto_research.ml_cpcv: [ml] OOS weekday Вс: n=4509 base_up=0.4762 pred_up=0.3615 acc=0.5309 logloss=0.6902 auc=0.5427
2026-06-19 18:33:54 INFO crypto_research.ml_oos_paths: [ml] OOS plot saved: /home_admin/crypto_bot/crypto_research/research_outputs/combined/dow_ema_rsi_streak/ml/plots/direction_dow_ema_rsi_streak_49pairs_20220101_20240401_oos_prob.png (weekdays=7 calendar_days=812 rows=31675)
2026-06-19 18:33:55 INFO crypto_research.ml_oos_paths: [ml] OOS calibration plot saved: /home_admin/crypto_bot/crypto_research/research_outputs/combined/dow_ema_rsi_streak/ml/plots/direction_dow_ema_rsi_streak_49pairs_20220101_20240401_oos_calibration.png (brier=0.2500 ece=0.0235 rows=31675)
2026-06-19 18:33:55 INFO crypto_research.ml_learning_curve: [ml] early stopping (holdout): fit_rows=31675 eval_rows=38001 best_iteration=36 eval_logloss=0.6911
2026-06-19 18:33:56 INFO crypto_research.ml_learning_curve: [ml] learning curve saved: /home_admin/crypto_bot/crypto_research/research_outputs/combined/dow_ema_rsi_streak/ml/plots/direction_dow_ema_rsi_streak_49pairs_20220101_20260531_learning_curve.png (best_iter=36)
2026-06-19 18:33:56 INFO crypto_research.ml_learning_curve: [ml] learning curve log saved: /home_admin/crypto_bot/crypto_research/research_outputs/combined/dow_ema_rsi_streak/ml/direction_dow_ema_rsi_streak_49pairs_20220101_20260531_learning_curve.log (86 iterations)
2026-06-19 18:33:56 INFO crypto_research.ml_plot_registry: [ml] plot: oos_prob
2026-06-19 18:33:56 INFO crypto_research.ml_oos_paths: [ml] OOS plot saved: /home_admin/crypto_bot/crypto_research/research_outputs/combined/dow_ema_rsi_streak/ml/plots/direction_dow_ema_rsi_streak_49pairs_20240401_20260531_oos_prob.png (weekdays=7 calendar_days=777 rows=38001)
2026-06-19 18:33:56 INFO crypto_research.ml_plot_registry: [ml] plot: oos_calibration
2026-06-19 18:33:57 INFO crypto_research.ml_oos_paths: [ml] OOS calibration plot saved: /home_admin/crypto_bot/crypto_research/research_outputs/combined/dow_ema_rsi_streak/ml/plots/direction_dow_ema_rsi_streak_49pairs_20240401_20260531_oos_calibration.png (brier=0.2490 ece=0.0276 rows=38001)
2026-06-19 18:33:57 INFO crypto_research.ml_plot_registry: [ml] plot: weekday_pair_summary
2026-06-19 18:33:59 INFO crypto_research.ml_oos_paths: [ml] Weekday×pair summary plot saved: /home_admin/crypto_bot/crypto_research/research_outputs/combined/dow_ema_rsi_streak/ml/plots/direction_dow_ema_rsi_streak_49pairs_20240401_20260531_weekday_pair_summary.png (pairs=49 rows=38001)
2026-06-19 18:34:00 INFO crypto_research.ml_oos_paths: [ml] Weekday×pair summary plot saved: /home_admin/crypto_bot/crypto_research/research_outputs/combined/dow_ema_rsi_streak/ml/plots/direction_dow_ema_rsi_streak_49pairs_20220101_20240401_weekday_pair_summary.png (pairs=49 rows=31675)
2026-06-19 18:34:00 INFO crypto_research.ml_plot_registry: [ml] plot: roc_auc
2026-06-19 18:34:00 INFO crypto_research.ml_oos_paths: [ml] ROC AUC comparison plot saved: /home_admin/crypto_bot/crypto_research/research_outputs/combined/dow_ema_rsi_streak/ml/plots/direction_dow_ema_rsi_streak_49pairs_20220101_20260531_roc_auc.png
2026-06-19 18:34:00 INFO crypto_research.ml_plot_registry: [ml] plot: learning_curve
2026-06-19 18:34:00 INFO crypto_research.ml_plot_registry: [ml] plot: correlation_matrix_heatmap
2026-06-19 18:34:01 INFO crypto_research.ml_feature_diagnostic_plots: [ml] feature corr pair_id vs weekday_enc: 0.0001
2026-06-19 18:34:01 INFO crypto_research.ml_feature_diagnostic_plots: [ml] feature corr pair_id vs ema_dev_pair_norm: 0.0157
2026-06-19 18:34:01 INFO crypto_research.ml_feature_diagnostic_plots: [ml] feature corr pair_id vs rsi_pair_norm: 0.0061
2026-06-19 18:34:01 INFO crypto_research.ml_feature_diagnostic_plots: [ml] feature corr pair_id vs streak_pair_norm: -0.0024
2026-06-19 18:34:01 INFO crypto_research.ml_feature_diagnostic_plots: [ml] feature corr weekday_enc vs ema_dev_pair_norm: 0.0171
2026-06-19 18:34:01 INFO crypto_research.ml_feature_diagnostic_plots: [ml] feature corr weekday_enc vs rsi_pair_norm: 0.0154
2026-06-19 18:34:01 INFO crypto_research.ml_feature_diagnostic_plots: [ml] feature corr weekday_enc vs streak_pair_norm: 0.0371
2026-06-19 18:34:01 INFO crypto_research.ml_feature_diagnostic_plots: [ml] feature corr ema_dev_pair_norm vs rsi_pair_norm: 0.8526
2026-06-19 18:34:01 INFO crypto_research.ml_feature_diagnostic_plots: [ml] feature corr ema_dev_pair_norm vs streak_pair_norm: 0.5270
2026-06-19 18:34:01 INFO crypto_research.ml_feature_diagnostic_plots: [ml] feature corr rsi_pair_norm vs streak_pair_norm: 0.4939
2026-06-19 18:34:01 INFO crypto_research.ml_feature_diagnostic_plots: [ml] correlation matrix heatmap saved: /home_admin/crypto_bot/crypto_research/research_outputs/combined/dow_ema_rsi_streak/ml/plots/direction_dow_ema_rsi_streak_49pairs_20240401_20260531_correlation_matrix.png
2026-06-19 18:34:01 INFO crypto_research.ml_plot_registry: [ml] plot: shape_summary_plot
2026-06-19 18:34:01 INFO crypto_research.ml_shap_plots: [ml] SHAP subsample: 3000 / 38001 rows
2026-06-19 18:34:01 INFO crypto_research.ml_shap_plots: [ml] SHAP summary plot saved: /home_admin/crypto_bot/crypto_research/research_outputs/combined/dow_ema_rsi_streak/ml/plots/direction_dow_ema_rsi_streak_49pairs_20240401_20260531_shape_summary.png
2026-06-19 18:34:01 INFO crypto_research.ml_plot_registry: [ml] plot: feature_prob_dependence
2026-06-19 18:34:02 INFO crypto_research.ml_feature_dependence_plot: [ml] feature P(up) dependence plot saved: /home_admin/crypto_bot/crypto_research/research_outputs/combined/dow_ema_rsi_streak/ml/plots/direction_dow_ema_rsi_streak_49pairs_20240401_20260531_feature_prob_dependence.png (features=['weekday_enc', 'ema_dev_pair_norm', 'rsi_pair_norm', 'streak_pair_norm'])
2026-06-19 18:34:02 INFO crypto_research.ml_research: [ml] auto compare_prob_cdf: ['dow_ema_rsi_sp', 'dow_ema_rsi_streak']
2026-06-19 18:34:02 INFO crypto_research.ml_dataset: [ml] ema_dev_pair_norm: min=-4.918 max=15.840 mean=-0.087
2026-06-19 18:34:02 INFO crypto_research.ml_dataset: [ml] rsi_pair_norm: min=-1.864 max=2.022 mean=-0.170
2026-06-19 18:34:02 INFO crypto_research.ml_dataset: [ml] dataset studies=['day_of_week_ml', 'ema_spreads_ml', 'rsi_spreads_ml'] features=['pair_id', 'weekday_enc', 'ema_dev_pair_norm', 'rsi_pair_norm'] rows=38073 pairs=49 up_rate=0.478
2026-06-19 18:34:02 INFO crypto_research.ml_model_compare_plot: [ml] compare plot saved: /home_admin/crypto_bot/crypto_research/research_outputs/combined/dow_ema_rsi_streak/ml/plots/direction_dow_ema_rsi_streak_49pairs_20220101_20260531_compare_prob_cdf.png
2026-06-19 18:34:05 INFO crypto_research.ml_research: [ml] train/test metrics saved: /home_admin/crypto_bot/crypto_research/research_outputs/combined/dow_ema_rsi_streak/ml/metrics/direction_dow_ema_rsi_streak_49pairs_20220101_20260531_train_test.json
2026-06-19 18:49:17 INFO crypto_research.ml_research: [ml] log file: /home_admin/crypto_bot/crypto_research/research_outputs/combined/dow_ema_rsi_streak/ml/direction_dow_ema_rsi_streak_20220101_20260531.log
2026-06-19 18:49:17 INFO crypto_research.ml_dataset: [ml] pair filter: first_candle <= 2023-01-01 → 49 pairs
2026-06-19 18:49:55 INFO crypto_research.load: [1] Загрузка данных: пар=49 строк=46567998 ~1243.5 MB
2026-06-19 18:49:55 INFO crypto_research.load:   1000luncusdt: rows=656821 2022-12-31 .. 2024-04-01
2026-06-19 18:49:55 INFO crypto_research.load:   aaveusdt: rows=1182241 2022-01-01 .. 2024-04-01
2026-06-19 18:49:55 INFO crypto_research.load:   adausdt: rows=1182241 2022-01-01 .. 2024-04-01
2026-06-19 18:49:55 INFO crypto_research.load:   algousdt: rows=1182241 2022-01-01 .. 2024-04-01
2026-06-19 18:49:55 INFO crypto_research.load:   aliceusdt: rows=1182241 2022-01-01 .. 2024-04-01
2026-06-19 18:49:55 INFO crypto_research.load:   apeusdt: rows=656821 2022-12-31 .. 2024-04-01
2026-06-19 18:49:55 INFO crypto_research.load:   api3usdt: rows=1098270 2022-02-28 .. 2024-04-01
2026-06-19 18:49:55 INFO crypto_research.load:   aptusdt: rows=763033 2022-10-19 .. 2024-04-01
2026-06-19 18:49:55 INFO crypto_research.load:   atomusdt: rows=1182241 2022-01-01 .. 2024-04-01
2026-06-19 18:49:55 INFO crypto_research.load:   avaxusdt: rows=1182241 2022-01-01 .. 2024-04-01
2026-06-19 18:49:55 INFO crypto_research.load:   axsusdt: rows=656821 2022-12-31 .. 2024-04-01
2026-06-19 18:49:55 INFO crypto_research.load:   bchusdt: rows=1182241 2022-01-01 .. 2024-04-01
2026-06-19 18:49:55 INFO crypto_research.load:   bnbusdt: rows=1182241 2022-01-01 .. 2024-04-01
2026-06-19 18:49:55 INFO crypto_research.load:   btcusdt: rows=1182241 2022-01-01 .. 2024-04-01
2026-06-19 18:49:55 INFO crypto_research.load:   chzusdt: rows=656821 2022-12-31 .. 2024-04-01
2026-06-19 18:49:55 INFO crypto_research.load:   crvusdt: rows=1182241 2022-01-01 .. 2024-04-01
2026-06-19 18:49:55 INFO crypto_research.load:   dashusdt: rows=656821 2022-12-31 .. 2024-04-01
2026-06-19 18:49:55 INFO crypto_research.load:   dogeusdt: rows=1182241 2022-01-01 .. 2024-04-01
2026-06-19 18:49:55 INFO crypto_research.load:   dotusdt: rows=1182241 2022-01-01 .. 2024-04-01
2026-06-19 18:49:55 INFO crypto_research.load:   dydxusdt: rows=1182241 2022-01-01 .. 2024-04-01
2026-06-19 18:49:55 INFO crypto_research.load:   egldusdt: rows=656821 2022-12-31 .. 2024-04-01
2026-06-19 18:49:55 INFO crypto_research.load:   enjusdt: rows=1182241 2022-01-01 .. 2024-04-01
2026-06-19 18:49:55 INFO crypto_research.load:   etcusdt: rows=656821 2022-12-31 .. 2024-04-01
2026-06-19 18:49:55 INFO crypto_research.load:   ethusdt: rows=1182241 2022-01-01 .. 2024-04-01
2026-06-19 18:49:55 INFO crypto_research.load:   filusdt: rows=1182241 2022-01-01 .. 2024-04-01
2026-06-19 18:49:55 INFO crypto_research.load:   galausdt: rows=1182241 2022-01-01 .. 2024-04-01
2026-06-19 18:49:55 INFO crypto_research.load:   gmtusdt: rows=656821 2022-12-31 .. 2024-04-01
2026-06-19 18:49:55 INFO crypto_research.load:   hbarusdt: rows=656821 2022-12-31 .. 2024-04-01
2026-06-19 18:49:55 INFO crypto_research.load:   icpusdt: rows=656821 2022-12-31 .. 2024-04-01
2026-06-19 18:49:55 INFO crypto_research.load:   injusdt: rows=656821 2022-12-31 .. 2024-04-01
2026-06-19 18:49:55 INFO crypto_research.load:   ldousdt: rows=656821 2022-12-31 .. 2024-04-01
2026-06-19 18:49:55 INFO crypto_research.load:   linkusdt: rows=1182241 2022-01-01 .. 2024-04-01
2026-06-19 18:49:55 INFO crypto_research.load:   ltcusdt: rows=1182241 2022-01-01 .. 2024-04-01
2026-06-19 18:49:55 INFO crypto_research.load:   nearusdt: rows=1182241 2022-01-01 .. 2024-04-01
2026-06-19 18:49:55 INFO crypto_research.load:   ontusdt: rows=957048 2022-06-06 .. 2024-04-01
2026-06-19 18:49:55 INFO crypto_research.load:   opusdt: rows=656821 2022-12-31 .. 2024-04-01
2026-06-19 18:49:55 INFO crypto_research.load:   paxgusdt: rows=1076619 2022-03-15 .. 2024-04-01
2026-06-19 18:49:55 INFO crypto_research.load:   sandusdt: rows=656821 2022-12-31 .. 2024-04-01
2026-06-19 18:49:55 INFO crypto_research.load:   shib1000usdt: rows=656821 2022-12-31 .. 2024-04-01
2026-06-19 18:49:55 INFO crypto_research.load:   solusdt: rows=1182241 2022-01-01 .. 2024-04-01
2026-06-19 18:49:55 INFO crypto_research.load:   storjusdt: rows=656821 2022-12-31 .. 2024-04-01
2026-06-19 18:49:55 INFO crypto_research.load:   stxusdt: rows=656821 2022-12-31 .. 2024-04-01
2026-06-19 18:49:55 INFO crypto_research.load:   trxusdt: rows=656821 2022-12-31 .. 2024-04-01
2026-06-19 18:49:55 INFO crypto_research.load:   uniusdt: rows=1182241 2022-01-01 .. 2024-04-01
2026-06-19 18:49:55 INFO crypto_research.load:   xlmusdt: rows=656821 2022-12-31 .. 2024-04-01
2026-06-19 18:49:55 INFO crypto_research.load:   xmrusdt: rows=1162824 2022-01-14 .. 2024-04-01
2026-06-19 18:49:55 INFO crypto_research.load:   xrpusdt: rows=1182241 2022-01-01 .. 2024-04-01
2026-06-19 18:49:55 INFO crypto_research.load:   zecusdt: rows=1182241 2022-01-01 .. 2024-04-01
2026-06-19 18:49:55 INFO crypto_research.load:   zenusdt: rows=656821 2022-12-31 .. 2024-04-01
2026-06-19 18:49:57 INFO crypto_research.ml_dataset: [ml] pooled daily: pairs=49 rows=32407 period=2022-01-01..2024-04-01
2026-06-19 18:49:57 INFO crypto_research.ml_dataset: [ml] pair filter: first_candle <= 2023-01-01 → 49 pairs
2026-06-19 18:51:37 INFO crypto_research.load: [1] Загрузка данных: пар=49 строк=55515524 ~1482.4 MB
2026-06-19 18:51:37 INFO crypto_research.load:   1000luncusdt: rows=1133280 2024-04-01 .. 2026-05-27
2026-06-19 18:51:37 INFO crypto_research.load:   aaveusdt: rows=1132756 2024-04-01 .. 2026-05-27
2026-06-19 18:51:37 INFO crypto_research.load:   adausdt: rows=1132756 2024-04-01 .. 2026-05-27
2026-06-19 18:51:37 INFO crypto_research.load:   algousdt: rows=1132756 2024-04-01 .. 2026-05-27
2026-06-19 18:51:37 INFO crypto_research.load:   aliceusdt: rows=1132756 2024-04-01 .. 2026-05-27
2026-06-19 18:51:37 INFO crypto_research.load:   apeusdt: rows=1133280 2024-04-01 .. 2026-05-27
2026-06-19 18:51:37 INFO crypto_research.load:   api3usdt: rows=1132756 2024-04-01 .. 2026-05-27
2026-06-19 18:51:37 INFO crypto_research.load:   aptusdt: rows=1132756 2024-04-01 .. 2026-05-27
2026-06-19 18:51:37 INFO crypto_research.load:   atomusdt: rows=1132756 2024-04-01 .. 2026-05-27
2026-06-19 18:51:37 INFO crypto_research.load:   avaxusdt: rows=1132756 2024-04-01 .. 2026-05-27
2026-06-19 18:51:37 INFO crypto_research.load:   axsusdt: rows=1133280 2024-04-01 .. 2026-05-27
2026-06-19 18:51:37 INFO crypto_research.load:   bchusdt: rows=1132756 2024-04-01 .. 2026-05-27
2026-06-19 18:51:37 INFO crypto_research.load:   bnbusdt: rows=1132756 2024-04-01 .. 2026-05-27
2026-06-19 18:51:37 INFO crypto_research.load:   btcusdt: rows=1132756 2024-04-01 .. 2026-05-27
2026-06-19 18:51:37 INFO crypto_research.load:   chzusdt: rows=1133280 2024-04-01 .. 2026-05-27
2026-06-19 18:51:37 INFO crypto_research.load:   crvusdt: rows=1132756 2024-04-01 .. 2026-05-27
2026-06-19 18:51:37 INFO crypto_research.load:   dashusdt: rows=1133280 2024-04-01 .. 2026-05-27
2026-06-19 18:51:37 INFO crypto_research.load:   dogeusdt: rows=1132756 2024-04-01 .. 2026-05-27
2026-06-19 18:51:37 INFO crypto_research.load:   dotusdt: rows=1132756 2024-04-01 .. 2026-05-27
2026-06-19 18:51:37 INFO crypto_research.load:   dydxusdt: rows=1132756 2024-04-01 .. 2026-05-27
2026-06-19 18:51:37 INFO crypto_research.load:   egldusdt: rows=1133280 2024-04-01 .. 2026-05-27
2026-06-19 18:51:37 INFO crypto_research.load:   enjusdt: rows=1132756 2024-04-01 .. 2026-05-27
2026-06-19 18:51:37 INFO crypto_research.load:   etcusdt: rows=1133280 2024-04-01 .. 2026-05-27
2026-06-19 18:51:37 INFO crypto_research.load:   ethusdt: rows=1132756 2024-04-01 .. 2026-05-27
2026-06-19 18:51:37 INFO crypto_research.load:   filusdt: rows=1132756 2024-04-01 .. 2026-05-27
2026-06-19 18:51:37 INFO crypto_research.load:   galausdt: rows=1132756 2024-04-01 .. 2026-05-27
2026-06-19 18:51:37 INFO crypto_research.load:   gmtusdt: rows=1133280 2024-04-01 .. 2026-05-27
2026-06-19 18:51:37 INFO crypto_research.load:   hbarusdt: rows=1133280 2024-04-01 .. 2026-05-27
2026-06-19 18:51:37 INFO crypto_research.load:   icpusdt: rows=1133280 2024-04-01 .. 2026-05-27
2026-06-19 18:51:37 INFO crypto_research.load:   injusdt: rows=1133280 2024-04-01 .. 2026-05-27
2026-06-19 18:51:37 INFO crypto_research.load:   ldousdt: rows=1133280 2024-04-01 .. 2026-05-27
2026-06-19 18:51:37 INFO crypto_research.load:   linkusdt: rows=1132756 2024-04-01 .. 2026-05-27
2026-06-19 18:51:37 INFO crypto_research.load:   ltcusdt: rows=1132756 2024-04-01 .. 2026-05-27
2026-06-19 18:51:37 INFO crypto_research.load:   nearusdt: rows=1132756 2024-04-01 .. 2026-05-27
2026-06-19 18:51:37 INFO crypto_research.load:   ontusdt: rows=1132756 2024-04-01 .. 2026-05-27
2026-06-19 18:51:37 INFO crypto_research.load:   opusdt: rows=1133280 2024-04-01 .. 2026-05-27
2026-06-19 18:51:37 INFO crypto_research.load:   paxgusdt: rows=1132756 2024-04-01 .. 2026-05-27
2026-06-19 18:51:37 INFO crypto_research.load:   sandusdt: rows=1133280 2024-04-01 .. 2026-05-27
2026-06-19 18:51:37 INFO crypto_research.load:   shib1000usdt: rows=1133280 2024-04-01 .. 2026-05-27
2026-06-19 18:51:37 INFO crypto_research.load:   solusdt: rows=1132756 2024-04-01 .. 2026-05-27
2026-06-19 18:51:37 INFO crypto_research.load:   storjusdt: rows=1133280 2024-04-01 .. 2026-05-27
2026-06-19 18:51:37 INFO crypto_research.load:   stxusdt: rows=1133280 2024-04-01 .. 2026-05-27
2026-06-19 18:51:37 INFO crypto_research.load:   trxusdt: rows=1133280 2024-04-01 .. 2026-05-27
2026-06-19 18:51:37 INFO crypto_research.load:   uniusdt: rows=1132756 2024-04-01 .. 2026-05-27
2026-06-19 18:51:37 INFO crypto_research.load:   xlmusdt: rows=1133280 2024-04-01 .. 2026-05-27
2026-06-19 18:51:37 INFO crypto_research.load:   xmrusdt: rows=1132756 2024-04-01 .. 2026-05-27
2026-06-19 18:51:37 INFO crypto_research.load:   xrpusdt: rows=1132756 2024-04-01 .. 2026-05-27
2026-06-19 18:51:37 INFO crypto_research.load:   zecusdt: rows=1132756 2024-04-01 .. 2026-05-27
2026-06-19 18:51:37 INFO crypto_research.load:   zenusdt: rows=1133280 2024-04-01 .. 2026-05-27
2026-06-19 18:51:39 INFO crypto_research.ml_dataset: [ml] pooled daily: pairs=49 rows=38563 period=2024-04-01..2026-05-31
2026-06-19 18:51:39 INFO crypto_research.ml_ema_dev_norm: [ml] ema_dev_pair_norm bounds: pairs=49
2026-06-19 18:51:39 INFO crypto_research.ml_numeric_features: [ml] bounds ema_dev_pair_norm: pairs=49
2026-06-19 18:51:39 INFO crypto_research.ml_numeric_features: [ml] bounds rsi_pair_norm: pairs=49
2026-06-19 18:51:39 INFO crypto_research.ml_numeric_features: [ml] bounds streak_pair_norm: pairs=49
2026-06-19 18:51:39 INFO crypto_research.ml_dataset: [ml] ema_dev_pair_norm: min=-4.914 max=8.584 mean=-0.014
2026-06-19 18:51:39 INFO crypto_research.ml_dataset: [ml] rsi_pair_norm: min=-2.053 max=2.062 mean=-0.081
2026-06-19 18:51:39 INFO crypto_research.ml_dataset: [ml] streak_pair_norm: min=-3.000 max=4.333 mean=-0.012
2026-06-19 18:51:39 INFO crypto_research.ml_dataset: [ml] dataset studies=['day_of_week_ml', 'ema_spreads_ml', 'rsi_spreads_ml', 'price_sequences_ml'] features=['pair_id', 'weekday_enc', 'ema_dev_pair_norm', 'rsi_pair_norm', 'streak_pair_norm'] rows=31675 pairs=49 up_rate=0.503
2026-06-19 18:51:40 INFO crypto_research.ml_dataset: [ml] ema_dev_pair_norm: min=-4.918 max=15.840 mean=-0.087
2026-06-19 18:51:40 INFO crypto_research.ml_dataset: [ml] rsi_pair_norm: min=-1.864 max=2.022 mean=-0.170
2026-06-19 18:51:40 INFO crypto_research.ml_dataset: [ml] streak_pair_norm: min=-3.333 max=3.333 mean=-0.083
2026-06-19 18:51:40 INFO crypto_research.ml_dataset: [ml] dataset studies=['day_of_week_ml', 'ema_spreads_ml', 'rsi_spreads_ml', 'price_sequences_ml'] features=['pair_id', 'weekday_enc', 'ema_dev_pair_norm', 'rsi_pair_norm', 'streak_pair_norm'] rows=38001 pairs=49 up_rate=0.478
2026-06-19 18:51:40 INFO crypto_research.ml_research: Dataset columns (10): ['day_utc', 'pair', 'weekday', 'return_pct', 'direction_up', 'ema_dev_pair_norm', 'rsi_pair_norm', 'streak_pair_norm', 'pair_id', 'weekday_enc']
2026-06-19 18:51:40 INFO crypto_research.ml_research: Dataset head (50 rows):
shape: (50, 10)
┌────────────┬───────────┬─────────┬────────────┬────────────┬───────────┬───────────┬───────────┬─────────┬───────────┐
│ day_utc    ┆ pair      ┆ weekday ┆ return_pct ┆ direction_ ┆ ema_dev_p ┆ rsi_pair_ ┆ streak_pa ┆ pair_id ┆ weekday_e │
│ ---        ┆ ---       ┆ ---     ┆ ---        ┆ up         ┆ air_norm  ┆ norm      ┆ ir_norm   ┆ ---     ┆ nc        │
│ datetime[μ ┆ str       ┆ i64     ┆ f64        ┆ ---        ┆ ---       ┆ ---       ┆ ---       ┆ cat     ┆ ---       │
│ s, UTC]    ┆           ┆         ┆            ┆ i8         ┆ f64       ┆ f64       ┆ f64       ┆         ┆ cat       │
╞════════════╪═══════════╪═════════╪════════════╪════════════╪═══════════╪═══════════╪═══════════╪═════════╪═══════════╡
│ 2022-01-11 ┆ aaveusdt  ┆ 1       ┆ 6.78857083 ┆ 1          ┆ -1.023010 ┆ -2.030834 ┆ -0.666666 ┆ 1       ┆ 1         │
│ 00:00:00   ┆           ┆         ┆ 0975585    ┆            ┆ 436946184 ┆ 987201954 ┆ 666666666 ┆         ┆           │
│ UTC        ┆           ┆         ┆            ┆            ┆ 8         ┆ 4         ┆ 7         ┆         ┆           │
│ 2022-01-11 ┆ adausdt   ┆ 1       ┆ 5.61046960 ┆ 1          ┆ -1        ┆ -1.397337 ┆ -1.333333 ┆ 2       ┆ 1         │
│ 00:00:00   ┆           ┆         ┆ 9646642    ┆            ┆           ┆ 333734323 ┆ 333333333 ┆         ┆           │
│ UTC        ┆           ┆         ┆            ┆            ┆           ┆           ┆ 3         ┆         ┆           │
│ 2022-01-11 ┆ algousdt  ┆ 1       ┆ 6.16287521 ┆ 1          ┆ -0.867434 ┆ -1.155518 ┆ -0.428571 ┆ 3       ┆ 1         │
│ 00:00:00   ┆           ┆         ┆ 9537939    ┆            ┆ 130067308 ┆ 108690493 ┆ 428571428 ┆         ┆           │
│ UTC        ┆           ┆         ┆            ┆            ┆ 1         ┆ 8         ┆ 6         ┆         ┆           │
│ 2022-01-11 ┆ aliceusdt ┆ 1       ┆ 6.37255474 ┆ 1          ┆ -1.027279 ┆ -1.169087 ┆ -0.428571 ┆ 4       ┆ 1         │
│ 00:00:00   ┆           ┆         ┆ 8620328    ┆            ┆ 727767651 ┆ 256261757 ┆ 428571428 ┆         ┆           │
│ UTC        ┆           ┆         ┆            ┆            ┆           ┆ 6         ┆ 6         ┆         ┆           │
│ 2022-01-11 ┆ atomusdt  ┆ 1       ┆ 2.16587343 ┆ 1          ┆ 0.1304044 ┆ 0.1600048 ┆ 0.3333333 ┆ 8       ┆ 1         │
│ 00:00:00   ┆           ┆         ┆ 26592084   ┆            ┆ 808786356 ┆ 040734347 ┆ 333333332 ┆         ┆           │
│ UTC        ┆           ┆         ┆            ┆            ┆ 5         ┆ 6         ┆ 6         ┆         ┆           │
│ 2022-01-11 ┆ avaxusdt  ┆ 1       ┆ 6.07964570 ┆ 1          ┆ -0.961686 ┆ -1.420076 ┆ -0.142857 ┆ 9       ┆ 1         │
│ 00:00:00   ┆           ┆         ┆ 9640859    ┆            ┆ 808320058 ┆ 649346173 ┆ 142857142 ┆         ┆           │
│ UTC        ┆           ┆         ┆            ┆            ┆ 4         ┆ 2         ┆ 9         ┆         ┆           │
│ 2022-01-11 ┆ bchusdt   ┆ 1       ┆ 1.65039202 ┆ 1          ┆ -1.013506 ┆ -1.702198 ┆ -0.333333 ┆ 11      ┆ 1         │
│ 00:00:00   ┆           ┆         ┆ 35081473   ┆            ┆ 078305193 ┆ 467363062 ┆ 333333333 ┆         ┆           │
│ UTC        ┆           ┆         ┆            ┆            ┆ 2         ┆           ┆ 37        ┆         ┆           │
│ 2022-01-11 ┆ bnbusdt   ┆ 1       ┆ 8.94643908 ┆ 1          ┆ -1.333038 ┆ -1.762147 ┆ -0.333333 ┆ 12      ┆ 1         │
│ 00:00:00   ┆           ┆         ┆ 181283     ┆            ┆ 145911323 ┆ 821665872 ┆ 333333333 ┆         ┆           │
│ UTC        ┆           ┆         ┆            ┆            ┆ 4         ┆ 8         ┆ 37        ┆         ┆           │
│ 2022-01-11 ┆ btcusdt   ┆ 1       ┆ 2.13470783 ┆ 1          ┆ -0.631988 ┆ -1.758251 ┆ -0.25     ┆ 13      ┆ 1         │
│ 00:00:00   ┆           ┆         ┆ 80253057   ┆            ┆ 451850316 ┆ 511856533 ┆           ┆         ┆           │
│ UTC        ┆           ┆         ┆            ┆            ┆ 3         ┆ 2         ┆           ┆         ┆           │
│ 2022-01-11 ┆ crvusdt   ┆ 1       ┆ 6.60486312 ┆ 1          ┆ -1.160008 ┆ -1.320540 ┆ -1        ┆ 15      ┆ 1         │
│ 00:00:00   ┆           ┆         ┆ 0110692    ┆            ┆ 995354334 ┆ 003188491 ┆           ┆         ┆           │
│ UTC        ┆           ┆         ┆            ┆            ┆ 9         ┆ 7         ┆           ┆         ┆           │
│ 2022-01-11 ┆ dogeusdt  ┆ 1       ┆ 7.48250833 ┆ 1          ┆ -1.016698 ┆ -1.927608 ┆ -1.333333 ┆ 17      ┆ 1         │
│ 00:00:00   ┆           ┆         ┆ 00613295   ┆            ┆ 420135344 ┆ 334982597 ┆ 333333333 ┆         ┆           │
│ UTC        ┆           ┆         ┆            ┆            ┆ 8         ┆           ┆ 3         ┆         ┆           │
│ 2022-01-11 ┆ dotusdt   ┆ 1       ┆ 7.76699076 ┆ 1          ┆ -1        ┆ -1.123426 ┆ -0.333333 ┆ 18      ┆ 1         │
│ 00:00:00   ┆           ┆         ┆ 02688255   ┆            ┆           ┆ 555186431 ┆ 333333333 ┆         ┆           │
│ UTC        ┆           ┆         ┆            ┆            ┆           ┆           ┆ 37        ┆         ┆           │
│ 2022-01-11 ┆ dydxusdt  ┆ 1       ┆ 11.6169585 ┆ 1          ┆ -0.997105 ┆ -1.842971 ┆ -0.333333 ┆ 19      ┆ 1         │
│ 00:00:00   ┆           ┆         ┆ 75351276   ┆            ┆ 169578935 ┆ 082482642 ┆ 333333333 ┆         ┆           │
│ UTC        ┆           ┆         ┆            ┆            ┆ 5         ┆           ┆ 37        ┆         ┆           │
│ 2022-01-11 ┆ enjusdt   ┆ 1       ┆ 6.76674887 ┆ 1          ┆ -0.921898 ┆ -0.882139 ┆ -0.428571 ┆ 21      ┆ 1         │
│ 00:00:00   ┆           ┆         ┆ 7945984    ┆            ┆ 597589335 ┆ 093032589 ┆ 428571428 ┆         ┆           │
│ UTC        ┆           ┆         ┆            ┆            ┆           ┆ 4         ┆ 6         ┆         ┆           │
│ 2022-01-11 ┆ ethusdt   ┆ 1       ┆ 4.99675535 ┆ 1          ┆ -0.971326 ┆ -1.506164 ┆ -0.25     ┆ 23      ┆ 1         │
│ 00:00:00   ┆           ┆         ┆ 366645     ┆            ┆ 784716670 ┆ 362941293 ┆           ┆         ┆           │
│ UTC        ┆           ┆         ┆            ┆            ┆ 3         ┆ 5         ┆           ┆         ┆           │
│ 2022-01-11 ┆ filusdt   ┆ 1       ┆ 2.55863978 ┆ 1          ┆ -1.010155 ┆ -1.313144 ┆ -0.142857 ┆ 24      ┆ 1         │
│ 00:00:00   ┆           ┆         ┆ 7916926    ┆            ┆ 941858359 ┆ 762922422 ┆ 142857142 ┆         ┆           │
│ UTC        ┆           ┆         ┆            ┆            ┆ 7         ┆ 9         ┆ 9         ┆         ┆           │
│ 2022-01-11 ┆ galausdt  ┆ 1       ┆ 4.52855983 ┆ 1          ┆ -1.303301 ┆ -1.485175 ┆ -0.333333 ┆ 25      ┆ 1         │
│ 00:00:00   ┆           ┆         ┆ 12834034   ┆            ┆ 310944811 ┆ 152592643 ┆ 333333333 ┆         ┆           │
│ UTC        ┆           ┆         ┆            ┆            ┆ 7         ┆ 3         ┆ 37        ┆         ┆           │
│ 2022-01-11 ┆ linkusdt  ┆ 1       ┆ -4.8351308 ┆ 0          ┆ 1.1669379 ┆ 1.6377231 ┆ 0.4285714 ┆ 31      ┆ 1         │
│ 00:00:00   ┆           ┆         ┆ 490143445  ┆            ┆ 52472205  ┆ 109811534 ┆ 285714286 ┆         ┆           │
│ UTC        ┆           ┆         ┆            ┆            ┆           ┆           ┆           ┆         ┆           │
│ 2022-01-11 ┆ ltcusdt   ┆ 1       ┆ 3.91211332 ┆ 1          ┆ -0.790540 ┆ -1.808317 ┆ -0.428571 ┆ 32      ┆ 1         │
│ 00:00:00   ┆           ┆         ┆ 96431494   ┆            ┆ 451107828 ┆ 846092173 ┆ 428571428 ┆         ┆           │
│ UTC        ┆           ┆         ┆            ┆            ┆ 7         ┆ 8         ┆ 6         ┆         ┆           │
│ 2022-01-11 ┆ nearusdt  ┆ 1       ┆ 16.6095944 ┆ 1          ┆ 0.2928105 ┆ 0.0488359 ┆ 0.4285714 ┆ 33      ┆ 1         │
│ 00:00:00   ┆           ┆         ┆ 84794073   ┆            ┆ 80312173  ┆ 746969275 ┆ 285714286 ┆         ┆           │
│ UTC        ┆           ┆         ┆            ┆            ┆           ┆ 75        ┆           ┆         ┆           │
│ 2022-01-11 ┆ solusdt   ┆ 1       ┆ 3.23886175 ┆ 1          ┆ -0.781921 ┆ -1.634870 ┆ -0.5      ┆ 39      ┆ 1         │
│ 00:00:00   ┆           ┆         ┆ 8409968    ┆            ┆ 797976903 ┆ 644591570 ┆           ┆         ┆           │
│ UTC        ┆           ┆         ┆            ┆            ┆ 9         ┆ 2         ┆           ┆         ┆           │
│ 2022-01-11 ┆ uniusdt   ┆ 1       ┆ 5.52577615 ┆ 1          ┆ -0.736007 ┆ -0.853079 ┆ -0.333333 ┆ 43      ┆ 1         │
│ 00:00:00   ┆           ┆         ┆ 49487565   ┆            ┆ 762079298 ┆ 271127047 ┆ 333333333 ┆         ┆           │
│ UTC        ┆           ┆         ┆            ┆            ┆ 1         ┆ 6         ┆ 37        ┆         ┆           │
│ 2022-01-11 ┆ xrpusdt   ┆ 1       ┆ 4.09902886 ┆ 1          ┆ -0.722624 ┆ -1.558346 ┆ -0.333333 ┆ 46      ┆ 1         │
│ 00:00:00   ┆           ┆         ┆ 0356283    ┆            ┆ 237437396 ┆ 268984061 ┆ 333333333 ┆         ┆           │
│ UTC        ┆           ┆         ┆            ┆            ┆ 9         ┆ 5         ┆ 37        ┆         ┆           │
│ 2022-01-11 ┆ zecusdt   ┆ 1       ┆ 0.14174127 ┆ 1          ┆ -0.152282 ┆ -0.657407 ┆ -0.25     ┆ 47      ┆ 1         │
│ 00:00:00   ┆           ┆         ┆ 540112447  ┆            ┆ 424301311 ┆ 839384771 ┆           ┆         ┆           │
│ UTC        ┆           ┆         ┆            ┆            ┆ 14        ┆           ┆           ┆         ┆           │
│ 2022-01-12 ┆ aaveusdt  ┆ 2       ┆ 2.43960232 ┆ 1          ┆ -0.376551 ┆ -1.306695 ┆ 0.3333333 ┆ 1       ┆ 2         │
│ 00:00:00   ┆           ┆         ┆ 50916063   ┆            ┆ 096300480 ┆ 141519008 ┆ 333333332 ┆         ┆           │
│ UTC        ┆           ┆         ┆            ┆            ┆ 34        ┆           ┆ 6         ┆         ┆           │
│ 2022-01-12 ┆ adausdt   ┆ 2       ┆ 10.6079784 ┆ 1          ┆ -0.320385 ┆ -0.867395 ┆ 0.3333333 ┆ 2       ┆ 2         │
│ 00:00:00   ┆           ┆         ┆ 48037555   ┆            ┆ 133667936 ┆ 576713744 ┆ 333333332 ┆         ┆           │
│ UTC        ┆           ┆         ┆            ┆            ┆           ┆ 1         ┆ 6         ┆         ┆           │
│ 2022-01-12 ┆ algousdt  ┆ 2       ┆ 3.66274860 ┆ 1          ┆ -0.284453 ┆ -0.759701 ┆ 0.1428571 ┆ 3       ┆ 2         │
│ 00:00:00   ┆           ┆         ┆ 5325483    ┆            ┆ 668458435 ┆ 631621735 ┆ 428571428 ┆         ┆           │
│ UTC        ┆           ┆         ┆            ┆            ┆ 8         ┆ 4         ┆           ┆         ┆           │
│ 2022-01-12 ┆ aliceusdt ┆ 2       ┆ 5.99077968 ┆ 1          ┆ -0.451225 ┆ -0.791490 ┆ 0.1428571 ┆ 4       ┆ 2         │
│ 00:00:00   ┆           ┆         ┆ 36614065   ┆            ┆ 321727177 ┆ 191507975 ┆ 428571428 ┆         ┆           │
│ UTC        ┆           ┆         ┆            ┆            ┆ 83        ┆           ┆           ┆         ┆           │
│ 2022-01-12 ┆ atomusdt  ┆ 2       ┆ 4.08479318 ┆ 1          ┆ 0.3096692 ┆ 0.2481282 ┆ 0.6666666 ┆ 8       ┆ 2         │
│ 00:00:00   ┆           ┆         ┆ 4828393    ┆            ┆ 009009831 ┆ 040479178 ┆ 666666667 ┆         ┆           │
│ UTC        ┆           ┆         ┆            ┆            ┆ 5         ┆           ┆           ┆         ┆           │
│ 2022-01-12 ┆ avaxusdt  ┆ 2       ┆ 7.32320427 ┆ 1          ┆ -0.361723 ┆ -1.017758 ┆ 0.4285714 ┆ 9       ┆ 2         │
│ 00:00:00   ┆           ┆         ┆ 7438567    ┆            ┆ 171669506 ┆ 796170821 ┆ 285714286 ┆         ┆           │
│ UTC        ┆           ┆         ┆            ┆            ┆ 6         ┆ 9         ┆           ┆         ┆           │
│ 2022-01-12 ┆ bchusdt   ┆ 2       ┆ 3.80192633 ┆ 1          ┆ -0.661132 ┆ -1.460311 ┆ 0.3333333 ┆ 11      ┆ 2         │
│ 00:00:00   ┆           ┆         ┆ 59895037   ┆            ┆ 911172748 ┆ 083132019 ┆ 333333332 ┆         ┆           │
│ UTC        ┆           ┆         ┆            ┆            ┆ 3         ┆ 8         ┆ 6         ┆         ┆           │
│ 2022-01-12 ┆ bnbusdt   ┆ 2       ┆ 5.34846029 ┆ 1          ┆ 0.0141080 ┆ -0.840882 ┆ 0.3333333 ┆ 12      ┆ 2         │
│ 00:00:00   ┆           ┆         ┆ 1734198    ┆            ┆ 148960942 ┆ 548162677 ┆ 333333332 ┆         ┆           │
│ UTC        ┆           ┆         ┆            ┆            ┆ 48        ┆ 9         ┆ 6         ┆         ┆           │
│ 2022-01-12 ┆ btcusdt   ┆ 2       ┆ 2.78210367 ┆ 1          ┆ -0.218018 ┆ -1.308542 ┆ 0.25      ┆ 13      ┆ 2         │
│ 00:00:00   ┆           ┆         ┆ 31730735   ┆            ┆ 047621919 ┆ 177356083 ┆           ┆         ┆           │
│ UTC        ┆           ┆         ┆            ┆            ┆ 15        ┆ 7         ┆           ┆         ┆           │
│ 2022-01-12 ┆ crvusdt   ┆ 2       ┆ 6.54348096 ┆ 1          ┆ -0.605702 ┆ -0.972982 ┆ 0.4285714 ┆ 15      ┆ 2         │
│ 00:00:00   ┆           ┆         ┆ 7303586    ┆            ┆ 746130569 ┆ 660321854 ┆ 285714286 ┆         ┆           │
│ UTC        ┆           ┆         ┆            ┆            ┆ 5         ┆ 5         ┆           ┆         ┆           │
│ 2022-01-12 ┆ dogeusdt  ┆ 2       ┆ 5.79050226 ┆ 1          ┆ -0.167265 ┆ -0.882095 ┆ 0.3333333 ┆ 17      ┆ 2         │
│ 00:00:00   ┆           ┆         ┆ 9009695    ┆            ┆ 469611640 ┆ 839616011 ┆ 333333332 ┆         ┆           │
│ UTC        ┆           ┆         ┆            ┆            ┆ 2         ┆ 5         ┆ 6         ┆         ┆           │
│ 2022-01-12 ┆ dotusdt   ┆ 2       ┆ 6.95260309 ┆ 1          ┆ -0.109554 ┆ -0.537733 ┆ 0.3333333 ┆ 18      ┆ 2         │
│ 00:00:00   ┆           ┆         ┆ 7495247    ┆            ┆ 320070802 ┆ 617697012 ┆ 333333332 ┆         ┆           │
│ UTC        ┆           ┆         ┆            ┆            ┆ 6         ┆ 9         ┆ 6         ┆         ┆           │
│ 2022-01-12 ┆ dydxusdt  ┆ 2       ┆ 9.07172951 ┆ 1          ┆ -0.149129 ┆ -0.870661 ┆ 0.3333333 ┆ 19      ┆ 2         │
│ 00:00:00   ┆           ┆         ┆ 919055     ┆            ┆ 550589178 ┆ 173783342 ┆ 333333332 ┆         ┆           │
│ UTC        ┆           ┆         ┆            ┆            ┆ 73        ┆ 6         ┆ 6         ┆         ┆           │
│ 2022-01-12 ┆ enjusdt   ┆ 2       ┆ 9.17152872 ┆ 1          ┆ -0.306776 ┆ -0.538834 ┆ 0.1428571 ┆ 21      ┆ 2         │
│ 00:00:00   ┆           ┆         ┆ 771021     ┆            ┆ 170069250 ┆ 978135788 ┆ 428571428 ┆         ┆           │
│ UTC        ┆           ┆         ┆            ┆            ┆ 3         ┆ 6         ┆           ┆         ┆           │
│ 2022-01-12 ┆ ethusdt   ┆ 2       ┆ 4.12701016 ┆ 1          ┆ -0.319547 ┆ -1.019378 ┆ 0.25      ┆ 23      ┆ 2         │
│ 00:00:00   ┆           ┆         ┆ 15613415   ┆            ┆ 762033347 ┆ 172950390 ┆           ┆         ┆           │
│ UTC        ┆           ┆         ┆            ┆            ┆ 67        ┆ 3         ┆           ┆         ┆           │
│ 2022-01-12 ┆ filusdt   ┆ 2       ┆ 6.47955264 ┆ 1          ┆ -0.657124 ┆ -1.098485 ┆ 0.4285714 ┆ 24      ┆ 2         │
│ 00:00:00   ┆           ┆         ┆ 14993585   ┆            ┆ 512054624 ┆ 489566754 ┆ 285714286 ┆         ┆           │
│ UTC        ┆           ┆         ┆            ┆            ┆ 4         ┆ 4         ┆           ┆         ┆           │
│ 2022-01-12 ┆ galausdt  ┆ 2       ┆ 12.0582705 ┆ 1          ┆ -0.806331 ┆ -1.227510 ┆ 0.3333333 ┆ 25      ┆ 2         │
│ 00:00:00   ┆           ┆         ┆ 56129708   ┆            ┆ 568226839 ┆ 546765948 ┆ 333333332 ┆         ┆           │
│ UTC        ┆           ┆         ┆            ┆            ┆ 2         ┆ 2         ┆ 6         ┆         ┆           │
│ 2022-01-12 ┆ linkusdt  ┆ 2       ┆ 0.54490246 ┆ 1          ┆ 0.4435130 ┆ 1.0904229 ┆ -0.428571 ┆ 31      ┆ 2         │
│ 00:00:00   ┆           ┆         ┆ 9331899    ┆            ┆ 882443634 ┆ 666528917 ┆ 428571428 ┆         ┆           │
│ UTC        ┆           ┆         ┆            ┆            ┆           ┆           ┆ 6         ┆         ┆           │
│ 2022-01-12 ┆ ltcusdt   ┆ 2       ┆ 7.90995550 ┆ 1          ┆ -0.282563 ┆ -1.171544 ┆ 0.1428571 ┆ 32      ┆ 2         │
│ 00:00:00   ┆           ┆         ┆ 1386672    ┆            ┆ 847892997 ┆ 450197507 ┆ 428571428 ┆         ┆           │
│ UTC        ┆           ┆         ┆            ┆            ┆ 4         ┆ 2         ┆           ┆         ┆           │
│ 2022-01-12 ┆ nearusdt  ┆ 2       ┆ -2.6481925 ┆ 0          ┆ 1.2731978 ┆ 0.5002158 ┆ 0.7142857 ┆ 33      ┆ 2         │
│ 00:00:00   ┆           ┆         ┆ 41410601   ┆            ┆ 291348753 ┆ 957621297 ┆ 142857142 ┆         ┆           │
│ UTC        ┆           ┆         ┆            ┆            ┆           ┆           ┆           ┆         ┆           │
│ 2022-01-12 ┆ solusdt   ┆ 2       ┆ 7.96791661 ┆ 1          ┆ -0.439412 ┆ -1.354695 ┆ 0.25      ┆ 39      ┆ 2         │
│ 00:00:00   ┆           ┆         ┆ 4444073    ┆            ┆ 443011510 ┆ 559596915 ┆           ┆         ┆           │
│ UTC        ┆           ┆         ┆            ┆            ┆ 5         ┆ 5         ┆           ┆         ┆           │
│ 2022-01-12 ┆ uniusdt   ┆ 2       ┆ 2.05067487 ┆ 1          ┆ -0.170718 ┆ -0.456448 ┆ 0.3333333 ┆ 43      ┆ 2         │
│ 00:00:00   ┆           ┆         ┆ 7380246    ┆            ┆ 276818364 ┆ 193787686 ┆ 333333332 ┆         ┆           │
│ UTC        ┆           ┆         ┆            ┆            ┆ 52        ┆ 1         ┆ 6         ┆         ┆           │
│ 2022-01-12 ┆ xrpusdt   ┆ 2       ┆ 3.75568122 ┆ 1          ┆ -0.116482 ┆ -0.895764 ┆ 0.3333333 ┆ 46      ┆ 2         │
│ 00:00:00   ┆           ┆         ┆ 49168634   ┆            ┆ 126427977 ┆ 043172548 ┆ 333333332 ┆         ┆           │
│ UTC        ┆           ┆         ┆            ┆            ┆ 3         ┆           ┆ 6         ┆         ┆           │
│ 2022-01-12 ┆ zecusdt   ┆ 2       ┆ 2.22929499 ┆ 1          ┆ -0.111837 ┆ -0.634816 ┆ 0.25      ┆ 47      ┆ 2         │
│ 00:00:00   ┆           ┆         ┆ 53656693   ┆            ┆ 786143305 ┆ 648158862 ┆           ┆         ┆           │
│ UTC        ┆           ┆         ┆            ┆            ┆ 15        ┆ 4         ┆           ┆         ┆           │
│ 2022-01-13 ┆ aaveusdt  ┆ 3       ┆ -4.2821185 ┆ 0          ┆ -0.128916 ┆ -1.066820 ┆ 0.6666666 ┆ 1       ┆ 3         │
│ 00:00:00   ┆           ┆         ┆ 44609961   ┆            ┆ 494044164 ┆ 597933109 ┆ 666666667 ┆         ┆           │
│ UTC        ┆           ┆         ┆            ┆            ┆ 25        ┆ 3         ┆           ┆         ┆           │
│ 2022-01-13 ┆ adausdt   ┆ 3       ┆ -6.1370745 ┆ 0          ┆ 0.7087859 ┆ -0.143724 ┆ 0.6666666 ┆ 2       ┆ 3         │
│ 00:00:00   ┆           ┆         ┆ 98369567   ┆            ┆ 299928528 ┆ 693735725 ┆ 666666667 ┆         ┆           │
│ UTC        ┆           ┆         ┆            ┆            ┆           ┆ 72        ┆           ┆         ┆           │
└────────────┴───────────┴─────────┴────────────┴────────────┴───────────┴───────────┴───────────┴─────────┴───────────┘
2026-06-19 18:51:40 INFO crypto_research.ml_cpcv: [ml] X: shape=(31675, 5) columns=['pair_id', 'weekday_enc', 'ema_dev_pair_norm', 'rsi_pair_norm', 'streak_pair_norm'] dtypes={'pair_id': 'category', 'weekday_enc': 'category', 'ema_dev_pair_norm': 'float64', 'rsi_pair_norm': 'float64', 'streak_pair_norm': 'float64'}
2026-06-19 18:51:40 INFO crypto_research.ml_cpcv: [ml] X head (3 rows):
  pair_id weekday_enc  ema_dev_pair_norm  rsi_pair_norm  streak_pair_norm
0       1           1          -1.023010      -2.030835         -0.666667
1       2           1          -1.000000      -1.397337         -1.333333
2       3           1          -0.867434      -1.155518         -0.428571
2026-06-19 18:51:40 INFO crypto_research.ml_cpcv: [ml] y (direction_up): shape=(31675,) dtype=int8 distribution={0: 15733, 1: 15942}
2026-06-19 18:51:40 INFO crypto_research.ml_cpcv: [ml] y head (3 values): [1, 1, 1]
2026-06-19 18:51:40 INFO crypto_research.ml_cpcv: [ml] CV: CombinatorialPurgedCV n_splits=7 n_test_groups=2 embargo_days=1 n_folds=C(7,2)=21 n_days=812
2026-06-19 18:51:40 INFO crypto_research.ml_cpcv: [ml] CV time range: 2022-01-11 00:00:00+00:00 .. 2024-04-01 00:00:00+00:00 (prediction_times=evaluation_times, purge=None)
2026-06-19 18:51:40 INFO crypto_research.ml_cpcv: [ml] CV day splits:
  fold1: train_days=579 test_days=232
  fold2: train_days=578 test_days=232
  fold3: train_days=578 test_days=232
  fold4: train_days=578 test_days=232
  fold5: train_days=578 test_days=232
  fold6: train_days=579 test_days=232
  fold7: train_days=579 test_days=232
  fold8: train_days=578 test_days=232
  fold9: train_days=578 test_days=232
  fold10: train_days=578 test_days=232
  fold11: train_days=579 test_days=232
  fold12: train_days=579 test_days=232
  fold13: train_days=578 test_days=232
  fold14: train_days=578 test_days=232
  fold15: train_days=579 test_days=232
  fold16: train_days=579 test_days=232
  fold17: train_days=578 test_days=232
  fold18: train_days=579 test_days=232
  fold19: train_days=579 test_days=232
  fold20: train_days=579 test_days=232
  fold21: train_days=580 test_days=232
2026-06-19 18:51:40 INFO crypto_research.ml_cpcv: [ml] fold 1/21 → model.fit: X_train=(25474, 5) y_train=(25474,) days=('2022-09-01 00:00:00+00:00', '2024-04-01 00:00:00+00:00') dist={0: 12541, 1: 12933}
2026-06-19 18:51:40 INFO crypto_research.ml_cpcv: [ml] fold 1/21 → model.predict: X_test=(6173, 5) y_test=(6173,) days=('2022-01-11 00:00:00+00:00', '2022-08-30 00:00:00+00:00') dist={0: 3180, 1: 2993}
2026-06-19 18:51:40 INFO crypto_research.ml_cpcv: [ml] fold 1 X_train head:
     pair_id weekday_enc  ema_dev_pair_norm  rsi_pair_norm  streak_pair_norm
6201       1           3          -0.098971      -0.325285          0.333333
6202       2           3          -0.187874      -0.405108         -0.333333
6203       3           3          -0.236484      -0.533941         -0.714286
2026-06-19 18:51:40 INFO crypto_research.ml_cpcv: [ml] fold 1 y_train head: [1, 1, 1]
2026-06-19 18:51:40 INFO crypto_research.ml_cpcv: [ml] fold 1 X_test head:
  pair_id weekday_enc  ema_dev_pair_norm  rsi_pair_norm  streak_pair_norm
0       1           1          -1.023010      -2.030835         -0.666667
1       2           1          -1.000000      -1.397337         -1.333333
2       3           1          -0.867434      -1.155518         -0.428571
2026-06-19 18:51:40 INFO crypto_research.ml_cpcv: [ml] fold 1 y_test head: [1, 1, 1]
2026-06-19 18:51:40 INFO crypto_research.ml_cpcv: [ml] fold 1/21 train=25474 test=6173 acc=0.5336 auc=0.5509
2026-06-19 18:51:40 INFO crypto_research.ml_cpcv: [ml] fold 2/21 → model.fit: X_train=(25372, 5) y_train=(25372,) days=('2022-05-08 00:00:00+00:00', '2024-04-01 00:00:00+00:00') dist={0: 12466, 1: 12906}
2026-06-19 18:51:40 INFO crypto_research.ml_cpcv: [ml] fold 2/21 → model.predict: X_test=(6247, 5) y_test=(6247,) days=('2022-01-11 00:00:00+00:00', '2022-12-24 00:00:00+00:00') dist={0: 3222, 1: 3025}
2026-06-19 18:51:40 INFO crypto_research.ml_cpcv: [ml] fold 2/21 train=25372 test=6247 acc=0.5489 auc=0.5684
2026-06-19 18:51:40 INFO crypto_research.ml_cpcv: [ml] fold 3/21 → model.fit: X_train=(23304, 5) y_train=(23304,) days=('2022-05-08 00:00:00+00:00', '2024-04-01 00:00:00+00:00') dist={0: 11632, 1: 11672}
2026-06-19 18:51:40 INFO crypto_research.ml_cpcv: [ml] fold 3/21 → model.predict: X_test=(8295, 5) y_test=(8295,) days=('2022-01-11 00:00:00+00:00', '2023-04-19 00:00:00+00:00') dist={0: 4031, 1: 4264}
2026-06-19 18:51:41 INFO crypto_research.ml_cpcv: [ml] fold 3/21 train=23304 test=8295 acc=0.5268 auc=0.5427
2026-06-19 18:51:41 INFO crypto_research.ml_cpcv: [ml] fold 4/21 → model.fit: X_train=(22993, 5) y_train=(22993,) days=('2022-05-08 00:00:00+00:00', '2024-04-01 00:00:00+00:00') dist={0: 11208, 1: 11785}
2026-06-19 18:51:41 INFO crypto_research.ml_cpcv: [ml] fold 4/21 → model.predict: X_test=(8606, 5) y_test=(8606,) days=('2022-01-11 00:00:00+00:00', '2023-08-13 00:00:00+00:00') dist={0: 4479, 1: 4127}
2026-06-19 18:51:41 INFO crypto_research.ml_cpcv: [ml] fold 4/21 train=22993 test=8606 acc=0.5538 auc=0.5737
2026-06-19 18:51:41 INFO crypto_research.ml_cpcv: [ml] fold 5/21 → model.fit: X_train=(23003, 5) y_train=(23003,) days=('2022-05-08 00:00:00+00:00', '2024-04-01 00:00:00+00:00') dist={0: 11510, 1: 11493}
2026-06-19 18:51:41 INFO crypto_research.ml_cpcv: [ml] fold 5/21 → model.predict: X_test=(8596, 5) y_test=(8596,) days=('2022-01-11 00:00:00+00:00', '2023-12-07 00:00:00+00:00') dist={0: 4195, 1: 4401}
2026-06-19 18:51:41 INFO crypto_research.ml_cpcv: [ml] fold 5/21 train=23003 test=8596 acc=0.5251 auc=0.5388
2026-06-19 18:51:41 INFO crypto_research.ml_cpcv: [ml] fold 6/21 → model.fit: X_train=(23000, 5) y_train=(23000,) days=('2022-05-08 00:00:00+00:00', '2023-12-07 00:00:00+00:00') dist={0: 11477, 1: 11523}
2026-06-19 18:51:41 INFO crypto_research.ml_cpcv: [ml] fold 6/21 → model.predict: X_test=(8648, 5) y_test=(8648,) days=('2022-01-11 00:00:00+00:00', '2024-04-01 00:00:00+00:00') dist={0: 4231, 1: 4417}
2026-06-19 18:51:41 INFO crypto_research.ml_cpcv: [ml] fold 6/21 train=23000 test=8648 acc=0.5224 auc=0.5351
2026-06-19 18:51:41 INFO crypto_research.ml_cpcv: [ml] fold 7/21 → model.fit: X_train=(25182, 5) y_train=(25182,) days=('2022-01-11 00:00:00+00:00', '2024-04-01 00:00:00+00:00') dist={0: 12353, 1: 12829}
2026-06-19 18:51:41 INFO crypto_research.ml_cpcv: [ml] fold 7/21 → model.predict: X_test=(6464, 5) y_test=(6464,) days=('2022-05-07 00:00:00+00:00', '2022-12-24 00:00:00+00:00') dist={0: 3360, 1: 3104}
2026-06-19 18:51:41 INFO crypto_research.ml_cpcv: [ml] fold 7/21 train=25182 test=6464 acc=0.5147 auc=0.5284
2026-06-19 18:51:41 INFO crypto_research.ml_cpcv: [ml] fold 8/21 → model.fit: X_train=(23086, 5) y_train=(23086,) days=('2022-01-11 00:00:00+00:00', '2024-04-01 00:00:00+00:00') dist={0: 11507, 1: 11579}
2026-06-19 18:51:41 INFO crypto_research.ml_cpcv: [ml] fold 8/21 → model.predict: X_test=(8512, 5) y_test=(8512,) days=('2022-05-07 00:00:00+00:00', '2023-04-19 00:00:00+00:00') dist={0: 4169, 1: 4343}
2026-06-19 18:51:41 INFO crypto_research.ml_cpcv: [ml] fold 8/21 train=23086 test=8512 acc=0.5083 auc=0.5201
2026-06-19 18:51:41 INFO crypto_research.ml_cpcv: [ml] fold 9/21 → model.fit: X_train=(22775, 5) y_train=(22775,) days=('2022-01-11 00:00:00+00:00', '2024-04-01 00:00:00+00:00') dist={0: 11083, 1: 11692}
2026-06-19 18:51:41 INFO crypto_research.ml_cpcv: [ml] fold 9/21 → model.predict: X_test=(8823, 5) y_test=(8823,) days=('2022-05-07 00:00:00+00:00', '2023-08-13 00:00:00+00:00') dist={0: 4617, 1: 4206}
2026-06-19 18:51:41 INFO crypto_research.ml_cpcv: [ml] fold 9/21 train=22775 test=8823 acc=0.5172 auc=0.5486
2026-06-19 18:51:41 INFO crypto_research.ml_cpcv: [ml] fold 10/21 → model.fit: X_train=(22785, 5) y_train=(22785,) days=('2022-01-11 00:00:00+00:00', '2024-04-01 00:00:00+00:00') dist={0: 11385, 1: 11400}
2026-06-19 18:51:41 INFO crypto_research.ml_cpcv: [ml] fold 10/21 → model.predict: X_test=(8813, 5) y_test=(8813,) days=('2022-05-07 00:00:00+00:00', '2023-12-07 00:00:00+00:00') dist={0: 4333, 1: 4480}
2026-06-19 18:51:41 INFO crypto_research.ml_cpcv: [ml] fold 10/21 train=22785 test=8813 acc=0.5116 auc=0.5207
2026-06-19 18:51:41 INFO crypto_research.ml_cpcv: [ml] fold 11/21 → model.fit: X_train=(22782, 5) y_train=(22782,) days=('2022-01-11 00:00:00+00:00', '2023-12-07 00:00:00+00:00') dist={0: 11352, 1: 11430}
2026-06-19 18:51:41 INFO crypto_research.ml_cpcv: [ml] fold 11/21 → model.predict: X_test=(8865, 5) y_test=(8865,) days=('2022-05-07 00:00:00+00:00', '2024-04-01 00:00:00+00:00') dist={0: 4369, 1: 4496}
2026-06-19 18:51:41 INFO crypto_research.ml_cpcv: [ml] fold 11/21 train=22782 test=8865 acc=0.5027 auc=0.4992
2026-06-19 18:51:41 INFO crypto_research.ml_cpcv: [ml] fold 12/21 → model.fit: X_train=(23040, 5) y_train=(23040,) days=('2022-01-11 00:00:00+00:00', '2024-04-01 00:00:00+00:00') dist={0: 11477, 1: 11563}
2026-06-19 18:51:41 INFO crypto_research.ml_cpcv: [ml] fold 12/21 → model.predict: X_test=(8586, 5) y_test=(8586,) days=('2022-08-31 00:00:00+00:00', '2023-04-19 00:00:00+00:00') dist={0: 4211, 1: 4375}
2026-06-19 18:51:41 INFO crypto_research.ml_cpcv: [ml] fold 12/21 train=23040 test=8586 acc=0.5149 auc=0.5235
2026-06-19 18:51:41 INFO crypto_research.ml_cpcv: [ml] fold 13/21 → model.fit: X_train=(22700, 5) y_train=(22700,) days=('2022-01-11 00:00:00+00:00', '2024-04-01 00:00:00+00:00') dist={0: 11033, 1: 11667}
2026-06-19 18:51:41 INFO crypto_research.ml_cpcv: [ml] fold 13/21 → model.predict: X_test=(8897, 5) y_test=(8897,) days=('2022-08-31 00:00:00+00:00', '2023-08-13 00:00:00+00:00') dist={0: 4659, 1: 4238}
2026-06-19 18:51:42 INFO crypto_research.ml_cpcv: [ml] fold 13/21 train=22700 test=8897 acc=0.5355 auc=0.5464
2026-06-19 18:51:42 INFO crypto_research.ml_cpcv: [ml] fold 14/21 → model.fit: X_train=(22710, 5) y_train=(22710,) days=('2022-01-11 00:00:00+00:00', '2024-04-01 00:00:00+00:00') dist={0: 11335, 1: 11375}
2026-06-19 18:51:42 INFO crypto_research.ml_cpcv: [ml] fold 14/21 → model.predict: X_test=(8887, 5) y_test=(8887,) days=('2022-08-31 00:00:00+00:00', '2023-12-07 00:00:00+00:00') dist={0: 4375, 1: 4512}
2026-06-19 18:51:42 INFO crypto_research.ml_cpcv: [ml] fold 14/21 train=22710 test=8887 acc=0.5326 auc=0.5425
2026-06-19 18:51:42 INFO crypto_research.ml_cpcv: [ml] fold 15/21 → model.fit: X_train=(22707, 5) y_train=(22707,) days=('2022-01-11 00:00:00+00:00', '2023-12-07 00:00:00+00:00') dist={0: 11302, 1: 11405}
2026-06-19 18:51:42 INFO crypto_research.ml_cpcv: [ml] fold 15/21 → model.predict: X_test=(8939, 5) y_test=(8939,) days=('2022-08-31 00:00:00+00:00', '2024-04-01 00:00:00+00:00') dist={0: 4411, 1: 4528}
2026-06-19 18:51:42 INFO crypto_research.ml_cpcv: [ml] fold 15/21 train=22707 test=8939 acc=0.5030 auc=0.5148
2026-06-19 18:51:42 INFO crypto_research.ml_cpcv: [ml] fold 16/21 → model.fit: X_train=(20681, 5) y_train=(20681,) days=('2022-01-11 00:00:00+00:00', '2024-04-01 00:00:00+00:00') dist={0: 10244, 1: 10437}
2026-06-19 18:51:42 INFO crypto_research.ml_cpcv: [ml] fold 16/21 → model.predict: X_test=(10945, 5) y_test=(10945,) days=('2022-12-25 00:00:00+00:00', '2023-08-13 00:00:00+00:00') dist={0: 5468, 1: 5477}
2026-06-19 18:51:42 INFO crypto_research.ml_cpcv: [ml] fold 16/21 train=20681 test=10945 acc=0.5117 auc=0.5180
2026-06-19 18:51:42 INFO crypto_research.ml_cpcv: [ml] fold 17/21 → model.fit: X_train=(20642, 5) y_train=(20642,) days=('2022-01-11 00:00:00+00:00', '2024-04-01 00:00:00+00:00') dist={0: 10501, 1: 10141}
2026-06-19 18:51:42 INFO crypto_research.ml_cpcv: [ml] fold 17/21 → model.predict: X_test=(10935, 5) y_test=(10935,) days=('2022-12-25 00:00:00+00:00', '2023-12-07 00:00:00+00:00') dist={0: 5184, 1: 5751}
2026-06-19 18:51:42 INFO crypto_research.ml_cpcv: [ml] fold 17/21 train=20642 test=10935 acc=0.5083 auc=0.5268
2026-06-19 18:51:42 INFO crypto_research.ml_cpcv: [ml] fold 18/21 → model.fit: X_train=(20639, 5) y_train=(20639,) days=('2022-01-11 00:00:00+00:00', '2023-12-07 00:00:00+00:00') dist={0: 10468, 1: 10171}
2026-06-19 18:51:42 INFO crypto_research.ml_cpcv: [ml] fold 18/21 → model.predict: X_test=(10987, 5) y_test=(10987,) days=('2022-12-25 00:00:00+00:00', '2024-04-01 00:00:00+00:00') dist={0: 5220, 1: 5767}
2026-06-19 18:51:42 INFO crypto_research.ml_cpcv: [ml] fold 18/21 train=20639 test=10987 acc=0.5077 auc=0.5355
2026-06-19 18:51:42 INFO crypto_research.ml_cpcv: [ml] fold 19/21 → model.fit: X_train=(20380, 5) y_train=(20380,) days=('2022-01-11 00:00:00+00:00', '2024-04-01 00:00:00+00:00') dist={0: 10098, 1: 10282}
2026-06-19 18:51:42 INFO crypto_research.ml_cpcv: [ml] fold 19/21 → model.predict: X_test=(11246, 5) y_test=(11246,) days=('2023-04-20 00:00:00+00:00', '2023-12-07 00:00:00+00:00') dist={0: 5632, 1: 5614}
2026-06-19 18:51:42 INFO crypto_research.ml_cpcv: [ml] fold 19/21 train=20380 test=11246 acc=0.5357 auc=0.5465
2026-06-19 18:51:42 INFO crypto_research.ml_cpcv: [ml] fold 20/21 → model.fit: X_train=(20328, 5) y_train=(20328,) days=('2022-01-11 00:00:00+00:00', '2023-12-07 00:00:00+00:00') dist={0: 10044, 1: 10284}
2026-06-19 18:51:42 INFO crypto_research.ml_cpcv: [ml] fold 20/21 → model.predict: X_test=(11298, 5) y_test=(11298,) days=('2023-04-20 00:00:00+00:00', '2024-04-01 00:00:00+00:00') dist={0: 5668, 1: 5630}
2026-06-19 18:51:42 INFO crypto_research.ml_cpcv: [ml] fold 20/21 train=20328 test=11298 acc=0.5393 auc=0.5523
2026-06-19 18:51:42 INFO crypto_research.ml_cpcv: [ml] fold 21/21 → model.fit: X_train=(20387, 5) y_train=(20387,) days=('2022-01-11 00:00:00+00:00', '2023-08-13 00:00:00+00:00') dist={0: 10349, 1: 10038}
2026-06-19 18:51:42 INFO crypto_research.ml_cpcv: [ml] fold 21/21 → model.predict: X_test=(11288, 5) y_test=(11288,) days=('2023-08-14 00:00:00+00:00', '2024-04-01 00:00:00+00:00') dist={0: 5384, 1: 5904}
2026-06-19 18:51:42 INFO crypto_research.ml_cpcv: [ml] fold 21/21 train=20387 test=11288 acc=0.4964 auc=0.5112
2026-06-19 18:51:42 INFO crypto_research.ml_cpcv: [ml] CPCV mean: folds=21 acc=0.5214 logloss=0.6947 auc=0.5354
2026-06-19 18:51:42 INFO crypto_research.ml_cpcv: [ml] OOS paths: rows=31675 cols=[time_ns, y_prob, y_true] folds_merged=21
2026-06-19 18:51:42 INFO crypto_research.ml_cpcv: [ml] OOS calibration: brier=0.2500 ece=0.0235
2026-06-19 18:51:42 INFO crypto_research.ml_cpcv: [ml] OOS weekday Пн: n=4514 base_up=0.4920 pred_up=0.4464 acc=0.4860 logloss=0.7014 auc=0.4812
2026-06-19 18:51:42 INFO crypto_research.ml_cpcv: [ml] OOS weekday Вт: n=4528 base_up=0.5172 pred_up=0.5049 acc=0.5375 logloss=0.6865 auc=0.5610
2026-06-19 18:51:42 INFO crypto_research.ml_cpcv: [ml] OOS weekday Ср: n=4527 base_up=0.4950 pred_up=0.4586 acc=0.5253 logloss=0.6940 auc=0.5268
2026-06-19 18:51:42 INFO crypto_research.ml_cpcv: [ml] OOS weekday Чт: n=4533 base_up=0.4584 pred_up=0.2813 acc=0.5237 logloss=0.6956 auc=0.5042
2026-06-19 18:51:42 INFO crypto_research.ml_cpcv: [ml] OOS weekday Пт: n=4535 base_up=0.5605 pred_up=0.9109 acc=0.5535 logloss=0.6889 auc=0.4913
2026-06-19 18:51:42 INFO crypto_research.ml_cpcv: [ml] OOS weekday Сб: n=4529 base_up=0.5235 pred_up=0.7467 acc=0.5114 logloss=0.6963 auc=0.4953
2026-06-19 18:51:42 INFO crypto_research.ml_cpcv: [ml] OOS weekday Вс: n=4509 base_up=0.4762 pred_up=0.3615 acc=0.5309 logloss=0.6902 auc=0.5427
2026-06-19 18:51:44 INFO crypto_research.ml_oos_paths: [ml] OOS plot saved: /home_admin/crypto_bot/crypto_research/research_outputs/combined/dow_ema_rsi_streak/ml/plots/direction_dow_ema_rsi_streak_49pairs_20220101_20240401_oos_prob.png (weekdays=7 calendar_days=812 rows=31675)
2026-06-19 18:51:45 INFO crypto_research.ml_oos_paths: [ml] OOS calibration plot saved: /home_admin/crypto_bot/crypto_research/research_outputs/combined/dow_ema_rsi_streak/ml/plots/direction_dow_ema_rsi_streak_49pairs_20220101_20240401_oos_calibration.png (brier=0.2500 ece=0.0235 rows=31675)
2026-06-19 18:51:45 INFO crypto_research.ml_learning_curve: [ml] early stopping (holdout): fit_rows=31675 eval_rows=38001 best_iteration=36 eval_logloss=0.6911
2026-06-19 18:51:45 INFO crypto_research.ml_learning_curve: [ml] learning curve saved: /home_admin/crypto_bot/crypto_research/research_outputs/combined/dow_ema_rsi_streak/ml/plots/direction_dow_ema_rsi_streak_49pairs_20220101_20260531_learning_curve.png (best_iter=36)
2026-06-19 18:51:45 INFO crypto_research.ml_learning_curve: [ml] learning curve log saved: /home_admin/crypto_bot/crypto_research/research_outputs/combined/dow_ema_rsi_streak/ml/direction_dow_ema_rsi_streak_49pairs_20220101_20260531_learning_curve.log (86 iterations)
2026-06-19 18:51:45 INFO crypto_research.ml_plot_registry: [ml] plot: oos_prob
2026-06-19 18:51:46 INFO crypto_research.ml_oos_paths: [ml] OOS plot saved: /home_admin/crypto_bot/crypto_research/research_outputs/combined/dow_ema_rsi_streak/ml/plots/direction_dow_ema_rsi_streak_49pairs_20240401_20260531_oos_prob.png (weekdays=7 calendar_days=777 rows=38001)
2026-06-19 18:51:46 INFO crypto_research.ml_plot_registry: [ml] plot: oos_calibration
2026-06-19 18:51:47 INFO crypto_research.ml_oos_paths: [ml] OOS calibration plot saved: /home_admin/crypto_bot/crypto_research/research_outputs/combined/dow_ema_rsi_streak/ml/plots/direction_dow_ema_rsi_streak_49pairs_20240401_20260531_oos_calibration.png (brier=0.2490 ece=0.0276 rows=38001)
2026-06-19 18:51:47 INFO crypto_research.ml_plot_registry: [ml] plot: weekday_pair_summary
2026-06-19 18:51:48 INFO crypto_research.ml_oos_paths: [ml] Weekday×pair summary plot saved: /home_admin/crypto_bot/crypto_research/research_outputs/combined/dow_ema_rsi_streak/ml/plots/direction_dow_ema_rsi_streak_49pairs_20240401_20260531_weekday_pair_summary.png (pairs=49 rows=38001)
2026-06-19 18:51:49 INFO crypto_research.ml_oos_paths: [ml] Weekday×pair summary plot saved: /home_admin/crypto_bot/crypto_research/research_outputs/combined/dow_ema_rsi_streak/ml/plots/direction_dow_ema_rsi_streak_49pairs_20220101_20240401_weekday_pair_summary.png (pairs=49 rows=31675)
2026-06-19 18:51:49 INFO crypto_research.ml_plot_registry: [ml] plot: roc_auc
2026-06-19 18:51:50 INFO crypto_research.ml_oos_paths: [ml] ROC AUC comparison plot saved: /home_admin/crypto_bot/crypto_research/research_outputs/combined/dow_ema_rsi_streak/ml/plots/direction_dow_ema_rsi_streak_49pairs_20220101_20260531_roc_auc.png
2026-06-19 18:51:50 INFO crypto_research.ml_plot_registry: [ml] plot: learning_curve
2026-06-19 18:51:50 INFO crypto_research.ml_plot_registry: [ml] plot: correlation_matrix_heatmap
2026-06-19 18:51:50 INFO crypto_research.ml_feature_diagnostic_plots: [ml] feature corr pair_id vs weekday_enc: 0.0001
2026-06-19 18:51:50 INFO crypto_research.ml_feature_diagnostic_plots: [ml] feature corr pair_id vs ema_dev_pair_norm: 0.0157
2026-06-19 18:51:50 INFO crypto_research.ml_feature_diagnostic_plots: [ml] feature corr pair_id vs rsi_pair_norm: 0.0061
2026-06-19 18:51:50 INFO crypto_research.ml_feature_diagnostic_plots: [ml] feature corr pair_id vs streak_pair_norm: -0.0024
2026-06-19 18:51:50 INFO crypto_research.ml_feature_diagnostic_plots: [ml] feature corr weekday_enc vs ema_dev_pair_norm: 0.0171
2026-06-19 18:51:50 INFO crypto_research.ml_feature_diagnostic_plots: [ml] feature corr weekday_enc vs rsi_pair_norm: 0.0154
2026-06-19 18:51:50 INFO crypto_research.ml_feature_diagnostic_plots: [ml] feature corr weekday_enc vs streak_pair_norm: 0.0371
2026-06-19 18:51:50 INFO crypto_research.ml_feature_diagnostic_plots: [ml] feature corr ema_dev_pair_norm vs rsi_pair_norm: 0.8526
2026-06-19 18:51:50 INFO crypto_research.ml_feature_diagnostic_plots: [ml] feature corr ema_dev_pair_norm vs streak_pair_norm: 0.5270
2026-06-19 18:51:50 INFO crypto_research.ml_feature_diagnostic_plots: [ml] feature corr rsi_pair_norm vs streak_pair_norm: 0.4939
2026-06-19 18:51:50 INFO crypto_research.ml_feature_diagnostic_plots: [ml] correlation matrix heatmap saved: /home_admin/crypto_bot/crypto_research/research_outputs/combined/dow_ema_rsi_streak/ml/plots/direction_dow_ema_rsi_streak_49pairs_20240401_20260531_correlation_matrix.png
2026-06-19 18:51:50 INFO crypto_research.ml_plot_registry: [ml] plot: shape_summary_plot
2026-06-19 18:51:50 INFO crypto_research.ml_shap_plots: [ml] SHAP subsample: 3000 / 38001 rows
2026-06-19 18:51:50 INFO crypto_research.ml_shap_plots: [ml] SHAP summary plot saved: /home_admin/crypto_bot/crypto_research/research_outputs/combined/dow_ema_rsi_streak/ml/plots/direction_dow_ema_rsi_streak_49pairs_20240401_20260531_shape_summary.png
2026-06-19 18:51:50 INFO crypto_research.ml_plot_registry: [ml] plot: feature_prob_dependence
2026-06-19 18:51:51 INFO crypto_research.ml_feature_dependence_plot: [ml] feature P(up) dependence plot saved: /home_admin/crypto_bot/crypto_research/research_outputs/combined/dow_ema_rsi_streak/ml/plots/direction_dow_ema_rsi_streak_49pairs_20240401_20260531_feature_prob_dependence.png (features=['weekday_enc', 'ema_dev_pair_norm', 'rsi_pair_norm', 'streak_pair_norm'])
2026-06-19 18:51:51 INFO crypto_research.ml_research: [ml] auto compare_prob_cdf: ['dow_ema_rsi_sp', 'dow_ema_rsi_streak']
2026-06-19 18:51:51 INFO crypto_research.ml_dataset: [ml] ema_dev_pair_norm: min=-4.918 max=15.840 mean=-0.087
2026-06-19 18:51:51 INFO crypto_research.ml_dataset: [ml] rsi_pair_norm: min=-1.864 max=2.022 mean=-0.170
2026-06-19 18:51:51 INFO crypto_research.ml_dataset: [ml] dataset studies=['day_of_week_ml', 'ema_spreads_ml', 'rsi_spreads_ml'] features=['pair_id', 'weekday_enc', 'ema_dev_pair_norm', 'rsi_pair_norm'] rows=38073 pairs=49 up_rate=0.478
2026-06-19 18:51:52 INFO crypto_research.ml_model_compare_plot: [ml] compare plot saved: /home_admin/crypto_bot/crypto_research/research_outputs/combined/dow_ema_rsi_streak/ml/plots/direction_dow_ema_rsi_streak_49pairs_20220101_20260531_compare_prob_cdf.png
2026-06-19 18:51:55 INFO crypto_research.ml_research: [ml] train/test metrics saved: /home_admin/crypto_bot/crypto_research/research_outputs/combined/dow_ema_rsi_streak/ml/metrics/direction_dow_ema_rsi_streak_49pairs_20220101_20260531_train_test.json
2026-06-19 18:51:55 INFO crypto_research.ml_research: [ml] metrics summary saved: /home_admin/crypto_bot/crypto_research/research_outputs/combined/dow_ema_rsi_streak/ml/metrics/direction_dow_ema_rsi_streak_49pairs_20220101_20260531_metrics_summary.json
