2026-06-17 22:12:13 INFO crypto_research.ml_research: [ml] log file: /home_admin/crypto_bot/crypto_research/research_outputs/rsi/rsi_quantiles/ml/direction_rsi_20220101_20260531.log
2026-06-17 22:12:13 INFO crypto_research.ml_dataset: [ml] pair filter: first_candle <= 2023-01-01 → 49 pairs
2026-06-17 22:12:38 INFO crypto_research.load: [1] Загрузка данных: пар=49 строк=46567998 ~1243.5 MB
2026-06-17 22:12:38 INFO crypto_research.load:   1000luncusdt: rows=656821 2022-12-31 .. 2024-04-01
2026-06-17 22:12:38 INFO crypto_research.load:   aaveusdt: rows=1182241 2022-01-01 .. 2024-04-01
2026-06-17 22:12:38 INFO crypto_research.load:   adausdt: rows=1182241 2022-01-01 .. 2024-04-01
2026-06-17 22:12:38 INFO crypto_research.load:   algousdt: rows=1182241 2022-01-01 .. 2024-04-01
2026-06-17 22:12:38 INFO crypto_research.load:   aliceusdt: rows=1182241 2022-01-01 .. 2024-04-01
2026-06-17 22:12:38 INFO crypto_research.load:   apeusdt: rows=656821 2022-12-31 .. 2024-04-01
2026-06-17 22:12:38 INFO crypto_research.load:   api3usdt: rows=1098270 2022-02-28 .. 2024-04-01
2026-06-17 22:12:38 INFO crypto_research.load:   aptusdt: rows=763033 2022-10-19 .. 2024-04-01
2026-06-17 22:12:38 INFO crypto_research.load:   atomusdt: rows=1182241 2022-01-01 .. 2024-04-01
2026-06-17 22:12:38 INFO crypto_research.load:   avaxusdt: rows=1182241 2022-01-01 .. 2024-04-01
2026-06-17 22:12:38 INFO crypto_research.load:   axsusdt: rows=656821 2022-12-31 .. 2024-04-01
2026-06-17 22:12:38 INFO crypto_research.load:   bchusdt: rows=1182241 2022-01-01 .. 2024-04-01
2026-06-17 22:12:38 INFO crypto_research.load:   bnbusdt: rows=1182241 2022-01-01 .. 2024-04-01
2026-06-17 22:12:38 INFO crypto_research.load:   btcusdt: rows=1182241 2022-01-01 .. 2024-04-01
2026-06-17 22:12:38 INFO crypto_research.load:   chzusdt: rows=656821 2022-12-31 .. 2024-04-01
2026-06-17 22:12:38 INFO crypto_research.load:   crvusdt: rows=1182241 2022-01-01 .. 2024-04-01
2026-06-17 22:12:38 INFO crypto_research.load:   dashusdt: rows=656821 2022-12-31 .. 2024-04-01
2026-06-17 22:12:38 INFO crypto_research.load:   dogeusdt: rows=1182241 2022-01-01 .. 2024-04-01
2026-06-17 22:12:38 INFO crypto_research.load:   dotusdt: rows=1182241 2022-01-01 .. 2024-04-01
2026-06-17 22:12:38 INFO crypto_research.load:   dydxusdt: rows=1182241 2022-01-01 .. 2024-04-01
2026-06-17 22:12:38 INFO crypto_research.load:   egldusdt: rows=656821 2022-12-31 .. 2024-04-01
2026-06-17 22:12:38 INFO crypto_research.load:   enjusdt: rows=1182241 2022-01-01 .. 2024-04-01
2026-06-17 22:12:38 INFO crypto_research.load:   etcusdt: rows=656821 2022-12-31 .. 2024-04-01
2026-06-17 22:12:38 INFO crypto_research.load:   ethusdt: rows=1182241 2022-01-01 .. 2024-04-01
2026-06-17 22:12:38 INFO crypto_research.load:   filusdt: rows=1182241 2022-01-01 .. 2024-04-01
2026-06-17 22:12:38 INFO crypto_research.load:   galausdt: rows=1182241 2022-01-01 .. 2024-04-01
2026-06-17 22:12:38 INFO crypto_research.load:   gmtusdt: rows=656821 2022-12-31 .. 2024-04-01
2026-06-17 22:12:38 INFO crypto_research.load:   hbarusdt: rows=656821 2022-12-31 .. 2024-04-01
2026-06-17 22:12:38 INFO crypto_research.load:   icpusdt: rows=656821 2022-12-31 .. 2024-04-01
2026-06-17 22:12:38 INFO crypto_research.load:   injusdt: rows=656821 2022-12-31 .. 2024-04-01
2026-06-17 22:12:38 INFO crypto_research.load:   ldousdt: rows=656821 2022-12-31 .. 2024-04-01
2026-06-17 22:12:38 INFO crypto_research.load:   linkusdt: rows=1182241 2022-01-01 .. 2024-04-01
2026-06-17 22:12:38 INFO crypto_research.load:   ltcusdt: rows=1182241 2022-01-01 .. 2024-04-01
2026-06-17 22:12:38 INFO crypto_research.load:   nearusdt: rows=1182241 2022-01-01 .. 2024-04-01
2026-06-17 22:12:38 INFO crypto_research.load:   ontusdt: rows=957048 2022-06-06 .. 2024-04-01
2026-06-17 22:12:38 INFO crypto_research.load:   opusdt: rows=656821 2022-12-31 .. 2024-04-01
2026-06-17 22:12:38 INFO crypto_research.load:   paxgusdt: rows=1076619 2022-03-15 .. 2024-04-01
2026-06-17 22:12:38 INFO crypto_research.load:   sandusdt: rows=656821 2022-12-31 .. 2024-04-01
2026-06-17 22:12:38 INFO crypto_research.load:   shib1000usdt: rows=656821 2022-12-31 .. 2024-04-01
2026-06-17 22:12:38 INFO crypto_research.load:   solusdt: rows=1182241 2022-01-01 .. 2024-04-01
2026-06-17 22:12:38 INFO crypto_research.load:   storjusdt: rows=656821 2022-12-31 .. 2024-04-01
2026-06-17 22:12:38 INFO crypto_research.load:   stxusdt: rows=656821 2022-12-31 .. 2024-04-01
2026-06-17 22:12:38 INFO crypto_research.load:   trxusdt: rows=656821 2022-12-31 .. 2024-04-01
2026-06-17 22:12:38 INFO crypto_research.load:   uniusdt: rows=1182241 2022-01-01 .. 2024-04-01
2026-06-17 22:12:38 INFO crypto_research.load:   xlmusdt: rows=656821 2022-12-31 .. 2024-04-01
2026-06-17 22:12:38 INFO crypto_research.load:   xmrusdt: rows=1162824 2022-01-14 .. 2024-04-01
2026-06-17 22:12:38 INFO crypto_research.load:   xrpusdt: rows=1182241 2022-01-01 .. 2024-04-01
2026-06-17 22:12:38 INFO crypto_research.load:   zecusdt: rows=1182241 2022-01-01 .. 2024-04-01
2026-06-17 22:12:38 INFO crypto_research.load:   zenusdt: rows=656821 2022-12-31 .. 2024-04-01
2026-06-17 22:12:39 INFO crypto_research.ml_dataset: [ml] pooled daily: pairs=49 rows=32407 period=2022-01-01..2024-04-01
2026-06-17 22:12:39 INFO crypto_research.ml_dataset: [ml] pair filter: first_candle <= 2023-01-01 → 49 pairs
2026-06-17 22:13:10 INFO crypto_research.load: [1] Загрузка данных: пар=49 строк=55515524 ~1482.4 MB
2026-06-17 22:13:10 INFO crypto_research.load:   1000luncusdt: rows=1133280 2024-04-01 .. 2026-05-27
2026-06-17 22:13:10 INFO crypto_research.load:   aaveusdt: rows=1132756 2024-04-01 .. 2026-05-27
2026-06-17 22:13:10 INFO crypto_research.load:   adausdt: rows=1132756 2024-04-01 .. 2026-05-27
2026-06-17 22:13:10 INFO crypto_research.load:   algousdt: rows=1132756 2024-04-01 .. 2026-05-27
2026-06-17 22:13:10 INFO crypto_research.load:   aliceusdt: rows=1132756 2024-04-01 .. 2026-05-27
2026-06-17 22:13:10 INFO crypto_research.load:   apeusdt: rows=1133280 2024-04-01 .. 2026-05-27
2026-06-17 22:13:10 INFO crypto_research.load:   api3usdt: rows=1132756 2024-04-01 .. 2026-05-27
2026-06-17 22:13:10 INFO crypto_research.load:   aptusdt: rows=1132756 2024-04-01 .. 2026-05-27
2026-06-17 22:13:10 INFO crypto_research.load:   atomusdt: rows=1132756 2024-04-01 .. 2026-05-27
2026-06-17 22:13:10 INFO crypto_research.load:   avaxusdt: rows=1132756 2024-04-01 .. 2026-05-27
2026-06-17 22:13:10 INFO crypto_research.load:   axsusdt: rows=1133280 2024-04-01 .. 2026-05-27
2026-06-17 22:13:10 INFO crypto_research.load:   bchusdt: rows=1132756 2024-04-01 .. 2026-05-27
2026-06-17 22:13:10 INFO crypto_research.load:   bnbusdt: rows=1132756 2024-04-01 .. 2026-05-27
2026-06-17 22:13:10 INFO crypto_research.load:   btcusdt: rows=1132756 2024-04-01 .. 2026-05-27
2026-06-17 22:13:10 INFO crypto_research.load:   chzusdt: rows=1133280 2024-04-01 .. 2026-05-27
2026-06-17 22:13:10 INFO crypto_research.load:   crvusdt: rows=1132756 2024-04-01 .. 2026-05-27
2026-06-17 22:13:10 INFO crypto_research.load:   dashusdt: rows=1133280 2024-04-01 .. 2026-05-27
2026-06-17 22:13:10 INFO crypto_research.load:   dogeusdt: rows=1132756 2024-04-01 .. 2026-05-27
2026-06-17 22:13:10 INFO crypto_research.load:   dotusdt: rows=1132756 2024-04-01 .. 2026-05-27
2026-06-17 22:13:10 INFO crypto_research.load:   dydxusdt: rows=1132756 2024-04-01 .. 2026-05-27
2026-06-17 22:13:11 INFO crypto_research.load:   egldusdt: rows=1133280 2024-04-01 .. 2026-05-27
2026-06-17 22:13:11 INFO crypto_research.load:   enjusdt: rows=1132756 2024-04-01 .. 2026-05-27
2026-06-17 22:13:11 INFO crypto_research.load:   etcusdt: rows=1133280 2024-04-01 .. 2026-05-27
2026-06-17 22:13:11 INFO crypto_research.load:   ethusdt: rows=1132756 2024-04-01 .. 2026-05-27
2026-06-17 22:13:11 INFO crypto_research.load:   filusdt: rows=1132756 2024-04-01 .. 2026-05-27
2026-06-17 22:13:11 INFO crypto_research.load:   galausdt: rows=1132756 2024-04-01 .. 2026-05-27
2026-06-17 22:13:11 INFO crypto_research.load:   gmtusdt: rows=1133280 2024-04-01 .. 2026-05-27
2026-06-17 22:13:11 INFO crypto_research.load:   hbarusdt: rows=1133280 2024-04-01 .. 2026-05-27
2026-06-17 22:13:11 INFO crypto_research.load:   icpusdt: rows=1133280 2024-04-01 .. 2026-05-27
2026-06-17 22:13:11 INFO crypto_research.load:   injusdt: rows=1133280 2024-04-01 .. 2026-05-27
2026-06-17 22:13:11 INFO crypto_research.load:   ldousdt: rows=1133280 2024-04-01 .. 2026-05-27
2026-06-17 22:13:11 INFO crypto_research.load:   linkusdt: rows=1132756 2024-04-01 .. 2026-05-27
2026-06-17 22:13:11 INFO crypto_research.load:   ltcusdt: rows=1132756 2024-04-01 .. 2026-05-27
2026-06-17 22:13:11 INFO crypto_research.load:   nearusdt: rows=1132756 2024-04-01 .. 2026-05-27
2026-06-17 22:13:11 INFO crypto_research.load:   ontusdt: rows=1132756 2024-04-01 .. 2026-05-27
2026-06-17 22:13:11 INFO crypto_research.load:   opusdt: rows=1133280 2024-04-01 .. 2026-05-27
2026-06-17 22:13:11 INFO crypto_research.load:   paxgusdt: rows=1132756 2024-04-01 .. 2026-05-27
2026-06-17 22:13:11 INFO crypto_research.load:   sandusdt: rows=1133280 2024-04-01 .. 2026-05-27
2026-06-17 22:13:11 INFO crypto_research.load:   shib1000usdt: rows=1133280 2024-04-01 .. 2026-05-27
2026-06-17 22:13:11 INFO crypto_research.load:   solusdt: rows=1132756 2024-04-01 .. 2026-05-27
2026-06-17 22:13:11 INFO crypto_research.load:   storjusdt: rows=1133280 2024-04-01 .. 2026-05-27
2026-06-17 22:13:11 INFO crypto_research.load:   stxusdt: rows=1133280 2024-04-01 .. 2026-05-27
2026-06-17 22:13:11 INFO crypto_research.load:   trxusdt: rows=1133280 2024-04-01 .. 2026-05-27
2026-06-17 22:13:11 INFO crypto_research.load:   uniusdt: rows=1132756 2024-04-01 .. 2026-05-27
2026-06-17 22:13:11 INFO crypto_research.load:   xlmusdt: rows=1133280 2024-04-01 .. 2026-05-27
2026-06-17 22:13:11 INFO crypto_research.load:   xmrusdt: rows=1132756 2024-04-01 .. 2026-05-27
2026-06-17 22:13:11 INFO crypto_research.load:   xrpusdt: rows=1132756 2024-04-01 .. 2026-05-27
2026-06-17 22:13:11 INFO crypto_research.load:   zecusdt: rows=1132756 2024-04-01 .. 2026-05-27
2026-06-17 22:13:11 INFO crypto_research.load:   zenusdt: rows=1133280 2024-04-01 .. 2026-05-27
2026-06-17 22:13:13 INFO crypto_research.ml_dataset: [ml] pooled daily: pairs=49 rows=38563 period=2024-04-01..2026-05-31
2026-06-17 22:13:13 INFO crypto_research.ml_numeric_features: [ml] bounds rsi_pair_norm: pairs=49
2026-06-17 22:13:13 INFO crypto_research.ml_dataset: [ml] rsi_pair_norm: min=-2.053 max=2.062 mean=-0.082
2026-06-17 22:13:13 INFO crypto_research.ml_dataset: [ml] dataset studies=['rsi_spreads_ml'] features=['pair_id', 'rsi_pair_norm'] rows=31917 pairs=49 up_rate=0.503
2026-06-17 22:13:13 INFO crypto_research.ml_dataset: [ml] rsi_pair_norm: min=-1.864 max=2.022 mean=-0.170
2026-06-17 22:13:13 INFO crypto_research.ml_dataset: [ml] dataset studies=['rsi_spreads_ml'] features=['pair_id', 'rsi_pair_norm'] rows=38073 pairs=49 up_rate=0.478
2026-06-17 22:13:13 INFO crypto_research.ml_research: Dataset columns (7): ['day_utc', 'pair', 'weekday', 'return_pct', 'direction_up', 'rsi_pair_norm', 'pair_id']
2026-06-17 22:13:13 INFO crypto_research.ml_research: Dataset head (50 rows):
shape: (50, 7)
┌─────────────────┬───────────┬─────────┬────────────────┬──────────────┬────────────────┬─────────┐
│ day_utc         ┆ pair      ┆ weekday ┆ return_pct     ┆ direction_up ┆ rsi_pair_norm  ┆ pair_id │
│ ---             ┆ ---       ┆ ---     ┆ ---            ┆ ---          ┆ ---            ┆ ---     │
│ datetime[μs,    ┆ str       ┆ i64     ┆ f64            ┆ i8           ┆ f64            ┆ cat     │
│ UTC]            ┆           ┆         ┆                ┆              ┆                ┆         │
╞═════════════════╪═══════════╪═════════╪════════════════╪══════════════╪════════════════╪═════════╡
│ 2022-01-11      ┆ aaveusdt  ┆ 1       ┆ 6.788570830975 ┆ 1            ┆ -2.03083498720 ┆ 1       │
│ 00:00:00 UTC    ┆           ┆         ┆ 585            ┆              ┆ 19544          ┆         │
│ 2022-01-11      ┆ adausdt   ┆ 1       ┆ 5.610469609646 ┆ 1            ┆ -1.39733733373 ┆ 2       │
│ 00:00:00 UTC    ┆           ┆         ┆ 642            ┆              ┆ 4323           ┆         │
│ 2022-01-11      ┆ algousdt  ┆ 1       ┆ 6.162875219537 ┆ 1            ┆ -1.15551810869 ┆ 3       │
│ 00:00:00 UTC    ┆           ┆         ┆ 939            ┆              ┆ 04938          ┆         │
│ 2022-01-11      ┆ aliceusdt ┆ 1       ┆ 6.372554748620 ┆ 1            ┆ -1.16908725626 ┆ 4       │
│ 00:00:00 UTC    ┆           ┆         ┆ 328            ┆              ┆ 17576          ┆         │
│ 2022-01-11      ┆ atomusdt  ┆ 1       ┆ 2.165873432659 ┆ 1            ┆ 0.160004804073 ┆ 8       │
│ 00:00:00 UTC    ┆           ┆         ┆ 2084           ┆              ┆ 43476          ┆         │
│ 2022-01-11      ┆ avaxusdt  ┆ 1       ┆ 6.079645709640 ┆ 1            ┆ -1.42007664934 ┆ 9       │
│ 00:00:00 UTC    ┆           ┆         ┆ 859            ┆              ┆ 61732          ┆         │
│ 2022-01-11      ┆ bchusdt   ┆ 1       ┆ 1.650392023508 ┆ 1            ┆ -1.70219846736 ┆ 11      │
│ 00:00:00 UTC    ┆           ┆         ┆ 1473           ┆              ┆ 3062           ┆         │
│ 2022-01-11      ┆ bnbusdt   ┆ 1       ┆ 8.946439081812 ┆ 1            ┆ -1.76214782166 ┆ 12      │
│ 00:00:00 UTC    ┆           ┆         ┆ 83             ┆              ┆ 58728          ┆         │
│ 2022-01-11      ┆ btcusdt   ┆ 1       ┆ 2.134707838025 ┆ 1            ┆ -1.75825151185 ┆ 13      │
│ 00:00:00 UTC    ┆           ┆         ┆ 3057           ┆              ┆ 65332          ┆         │
│ 2022-01-11      ┆ crvusdt   ┆ 1       ┆ 6.604863120110 ┆ 1            ┆ -1.32054000318 ┆ 15      │
│ 00:00:00 UTC    ┆           ┆         ┆ 692            ┆              ┆ 84917          ┆         │
│ 2022-01-11      ┆ dogeusdt  ┆ 1       ┆ 7.482508330061 ┆ 1            ┆ -1.92760833498 ┆ 17      │
│ 00:00:00 UTC    ┆           ┆         ┆ 3295           ┆              ┆ 2597           ┆         │
│ 2022-01-11      ┆ dotusdt   ┆ 1       ┆ 7.766990760268 ┆ 1            ┆ -1.12342655518 ┆ 18      │
│ 00:00:00 UTC    ┆           ┆         ┆ 8255           ┆              ┆ 6431           ┆         │
│ 2022-01-11      ┆ dydxusdt  ┆ 1       ┆ 11.61695857535 ┆ 1            ┆ -1.84297108248 ┆ 19      │
│ 00:00:00 UTC    ┆           ┆         ┆ 1276           ┆              ┆ 2642           ┆         │
│ 2022-01-11      ┆ enjusdt   ┆ 1       ┆ 6.766748877945 ┆ 1            ┆ -0.88213909303 ┆ 21      │
│ 00:00:00 UTC    ┆           ┆         ┆ 984            ┆              ┆ 25894          ┆         │
│ 2022-01-11      ┆ ethusdt   ┆ 1       ┆ 4.996755353666 ┆ 1            ┆ -1.50616436294 ┆ 23      │
│ 00:00:00 UTC    ┆           ┆         ┆ 45             ┆              ┆ 12935          ┆         │
│ 2022-01-11      ┆ filusdt   ┆ 1       ┆ 2.558639787916 ┆ 1            ┆ -1.31314476292 ┆ 24      │
│ 00:00:00 UTC    ┆           ┆         ┆ 926            ┆              ┆ 24229          ┆         │
│ 2022-01-11      ┆ galausdt  ┆ 1       ┆ 4.528559831283 ┆ 1            ┆ -1.48517515259 ┆ 25      │
│ 00:00:00 UTC    ┆           ┆         ┆ 4034           ┆              ┆ 26433          ┆         │
│ 2022-01-11      ┆ linkusdt  ┆ 1       ┆ -4.83513084901 ┆ 0            ┆ 1.637723110981 ┆ 31      │
│ 00:00:00 UTC    ┆           ┆         ┆ 43445          ┆              ┆ 1534           ┆         │
│ 2022-01-11      ┆ ltcusdt   ┆ 1       ┆ 3.912113329643 ┆ 1            ┆ -1.80831784609 ┆ 32      │
│ 00:00:00 UTC    ┆           ┆         ┆ 1494           ┆              ┆ 21738          ┆         │
│ 2022-01-11      ┆ nearusdt  ┆ 1       ┆ 16.60959448479 ┆ 1            ┆ 0.048835974696 ┆ 33      │
│ 00:00:00 UTC    ┆           ┆         ┆ 4073           ┆              ┆ 927575         ┆         │
│ 2022-01-11      ┆ solusdt   ┆ 1       ┆ 3.238861758409 ┆ 1            ┆ -1.63487064459 ┆ 39      │
│ 00:00:00 UTC    ┆           ┆         ┆ 968            ┆              ┆ 15702          ┆         │
│ 2022-01-11      ┆ uniusdt   ┆ 1       ┆ 5.525776154948 ┆ 1            ┆ -0.85307927112 ┆ 43      │
│ 00:00:00 UTC    ┆           ┆         ┆ 7565           ┆              ┆ 70476          ┆         │
│ 2022-01-11      ┆ xrpusdt   ┆ 1       ┆ 4.099028860356 ┆ 1            ┆ -1.55834626898 ┆ 46      │
│ 00:00:00 UTC    ┆           ┆         ┆ 283            ┆              ┆ 40615          ┆         │
│ 2022-01-11      ┆ zecusdt   ┆ 1       ┆ 0.141741275401 ┆ 1            ┆ -0.65740783938 ┆ 47      │
│ 00:00:00 UTC    ┆           ┆         ┆ 12447          ┆              ┆ 4771           ┆         │
│ 2022-01-12      ┆ aaveusdt  ┆ 2       ┆ 2.439602325091 ┆ 1            ┆ -1.30669514151 ┆ 1       │
│ 00:00:00 UTC    ┆           ┆         ┆ 6063           ┆              ┆ 9008           ┆         │
│ 2022-01-12      ┆ adausdt   ┆ 2       ┆ 10.60797844803 ┆ 1            ┆ -0.86739557671 ┆ 2       │
│ 00:00:00 UTC    ┆           ┆         ┆ 7555           ┆              ┆ 37441          ┆         │
│ 2022-01-12      ┆ algousdt  ┆ 2       ┆ 3.662748605325 ┆ 1            ┆ -0.75970163162 ┆ 3       │
│ 00:00:00 UTC    ┆           ┆         ┆ 483            ┆              ┆ 17354          ┆         │
│ 2022-01-12      ┆ aliceusdt ┆ 2       ┆ 5.990779683661 ┆ 1            ┆ -0.79149019150 ┆ 4       │
│ 00:00:00 UTC    ┆           ┆         ┆ 4065           ┆              ┆ 7975           ┆         │
│ 2022-01-12      ┆ atomusdt  ┆ 2       ┆ 4.084793184828 ┆ 1            ┆ 0.248128204047 ┆ 8       │
│ 00:00:00 UTC    ┆           ┆         ┆ 393            ┆              ┆ 9178           ┆         │
│ 2022-01-12      ┆ avaxusdt  ┆ 2       ┆ 7.323204277438 ┆ 1            ┆ -1.01775879617 ┆ 9       │
│ 00:00:00 UTC    ┆           ┆         ┆ 567            ┆              ┆ 08219          ┆         │
│ 2022-01-12      ┆ bchusdt   ┆ 2       ┆ 3.801926335989 ┆ 1            ┆ -1.46031108313 ┆ 11      │
│ 00:00:00 UTC    ┆           ┆         ┆ 5037           ┆              ┆ 20198          ┆         │
│ 2022-01-12      ┆ bnbusdt   ┆ 2       ┆ 5.348460291734 ┆ 1            ┆ -0.84088254816 ┆ 12      │
│ 00:00:00 UTC    ┆           ┆         ┆ 198            ┆              ┆ 26779          ┆         │
│ 2022-01-12      ┆ btcusdt   ┆ 2       ┆ 2.782103673173 ┆ 1            ┆ -1.30854217735 ┆ 13      │
│ 00:00:00 UTC    ┆           ┆         ┆ 0735           ┆              ┆ 60837          ┆         │
│ 2022-01-12      ┆ crvusdt   ┆ 2       ┆ 6.543480967303 ┆ 1            ┆ -0.97298266032 ┆ 15      │
│ 00:00:00 UTC    ┆           ┆         ┆ 586            ┆              ┆ 18545          ┆         │
│ 2022-01-12      ┆ dogeusdt  ┆ 2       ┆ 5.790502269009 ┆ 1            ┆ -0.88209583961 ┆ 17      │
│ 00:00:00 UTC    ┆           ┆         ┆ 695            ┆              ┆ 60115          ┆         │
│ 2022-01-12      ┆ dotusdt   ┆ 2       ┆ 6.952603097495 ┆ 1            ┆ -0.53773361769 ┆ 18      │
│ 00:00:00 UTC    ┆           ┆         ┆ 247            ┆              ┆ 70129          ┆         │
│ 2022-01-12      ┆ dydxusdt  ┆ 2       ┆ 9.071729519190 ┆ 1            ┆ -0.87066117378 ┆ 19      │
│ 00:00:00 UTC    ┆           ┆         ┆ 55             ┆              ┆ 33426          ┆         │
│ 2022-01-12      ┆ enjusdt   ┆ 2       ┆ 9.171528727710 ┆ 1            ┆ -0.53883497813 ┆ 21      │
│ 00:00:00 UTC    ┆           ┆         ┆ 21             ┆              ┆ 57886          ┆         │
│ 2022-01-12      ┆ ethusdt   ┆ 2       ┆ 4.127010161561 ┆ 1            ┆ -1.01937817295 ┆ 23      │
│ 00:00:00 UTC    ┆           ┆         ┆ 3415           ┆              ┆ 03903          ┆         │
│ 2022-01-12      ┆ filusdt   ┆ 2       ┆ 6.479552641499 ┆ 1            ┆ -1.09848548956 ┆ 24      │
│ 00:00:00 UTC    ┆           ┆         ┆ 3585           ┆              ┆ 67544          ┆         │
│ 2022-01-12      ┆ galausdt  ┆ 2       ┆ 12.05827055612 ┆ 1            ┆ -1.22751054676 ┆ 25      │
│ 00:00:00 UTC    ┆           ┆         ┆ 9708           ┆              ┆ 59482          ┆         │
│ 2022-01-12      ┆ linkusdt  ┆ 2       ┆ 0.544902469331 ┆ 1            ┆ 1.090422966652 ┆ 31      │
│ 00:00:00 UTC    ┆           ┆         ┆ 899            ┆              ┆ 8917           ┆         │
│ 2022-01-12      ┆ ltcusdt   ┆ 2       ┆ 7.909955501386 ┆ 1            ┆ -1.17154445019 ┆ 32      │
│ 00:00:00 UTC    ┆           ┆         ┆ 672            ┆              ┆ 75072          ┆         │
│ 2022-01-12      ┆ nearusdt  ┆ 2       ┆ -2.64819254141 ┆ 0            ┆ 0.500215895762 ┆ 33      │
│ 00:00:00 UTC    ┆           ┆         ┆ 0601           ┆              ┆ 1297           ┆         │
│ 2022-01-12      ┆ solusdt   ┆ 2       ┆ 7.967916614444 ┆ 1            ┆ -1.35469555959 ┆ 39      │
│ 00:00:00 UTC    ┆           ┆         ┆ 073            ┆              ┆ 69155          ┆         │
│ 2022-01-12      ┆ uniusdt   ┆ 2       ┆ 2.050674877380 ┆ 1            ┆ -0.45644819378 ┆ 43      │
│ 00:00:00 UTC    ┆           ┆         ┆ 246            ┆              ┆ 76861          ┆         │
│ 2022-01-12      ┆ xrpusdt   ┆ 2       ┆ 3.755681224916 ┆ 1            ┆ -0.89576404317 ┆ 46      │
│ 00:00:00 UTC    ┆           ┆         ┆ 8634           ┆              ┆ 2548           ┆         │
│ 2022-01-12      ┆ zecusdt   ┆ 2       ┆ 2.229294995365 ┆ 1            ┆ -0.63481664815 ┆ 47      │
│ 00:00:00 UTC    ┆           ┆         ┆ 6693           ┆              ┆ 88624          ┆         │
│ 2022-01-13      ┆ aaveusdt  ┆ 3       ┆ -4.28211854460 ┆ 0            ┆ -1.06682059793 ┆ 1       │
│ 00:00:00 UTC    ┆           ┆         ┆ 9961           ┆              ┆ 31093          ┆         │
│ 2022-01-13      ┆ adausdt   ┆ 3       ┆ -6.13707459836 ┆ 0            ┆ -0.14372469373 ┆ 2       │
│ 00:00:00 UTC    ┆           ┆         ┆ 9567           ┆              ┆ 572572         ┆         │
└─────────────────┴───────────┴─────────┴────────────────┴──────────────┴────────────────┴─────────┘
2026-06-17 22:13:13 INFO crypto_research.ml_cpcv: [ml] X: shape=(31917, 2) columns=['pair_id', 'rsi_pair_norm'] dtypes={'pair_id': 'category', 'rsi_pair_norm': 'float64'}
2026-06-17 22:13:13 INFO crypto_research.ml_cpcv: [ml] X head (3 rows):
  pair_id  rsi_pair_norm
0       1      -2.030835
1       2      -1.397337
2       3      -1.155518
2026-06-17 22:13:13 INFO crypto_research.ml_cpcv: [ml] y (direction_up): shape=(31917,) dtype=int8 distribution={0: 15855, 1: 16062}
2026-06-17 22:13:13 INFO crypto_research.ml_cpcv: [ml] y head (3 values): [1, 1, 1]
2026-06-17 22:13:13 INFO crypto_research.ml_cpcv: [ml] CV: CombinatorialPurgedCV n_splits=7 n_test_groups=2 embargo_days=1 n_folds=C(7,2)=21 n_days=812
2026-06-17 22:13:13 INFO crypto_research.ml_cpcv: [ml] CV time range: 2022-01-11 00:00:00+00:00 .. 2024-04-01 00:00:00+00:00 (prediction_times=evaluation_times, purge=None)
2026-06-17 22:13:14 INFO crypto_research.ml_cpcv: [ml] CV day splits:
  fold1: train_days=579 test_days=232
  fold2: train_days=578 test_days=232
  fold3: train_days=578 test_days=232
  fold4: train_days=578 test_days=232
  fold5: train_days=578 test_days=232
  fold6: train_days=579 test_days=232
  fold7: train_days=579 test_days=232
  fold8: train_days=578 test_days=232
  fold9: train_days=578 test_days=232
  fold10: train_days=578 test_days=232
  fold11: train_days=579 test_days=232
  fold12: train_days=579 test_days=232
  fold13: train_days=578 test_days=232
  fold14: train_days=578 test_days=232
  fold15: train_days=579 test_days=232
  fold16: train_days=579 test_days=232
  fold17: train_days=578 test_days=232
  fold18: train_days=579 test_days=232
  fold19: train_days=579 test_days=232
  fold20: train_days=579 test_days=232
  fold21: train_days=580 test_days=232
2026-06-17 22:13:14 INFO crypto_research.ml_cpcv: [ml] fold 1/21 → model.fit: X_train=(25693, 2) y_train=(25693,) days=('2022-09-01 00:00:00+00:00', '2024-04-01 00:00:00+00:00') dist={0: 12646, 1: 13047}
2026-06-17 22:13:14 INFO crypto_research.ml_cpcv: [ml] fold 1/21 → model.predict: X_test=(6196, 2) y_test=(6196,) days=('2022-01-11 00:00:00+00:00', '2022-08-30 00:00:00+00:00') dist={0: 3197, 1: 2999}
2026-06-17 22:13:14 INFO crypto_research.ml_cpcv: [ml] fold 1 X_train head:
     pair_id  rsi_pair_norm
6224       1      -0.325285
6225       2      -0.405108
6226       3      -0.533941
2026-06-17 22:13:14 INFO crypto_research.ml_cpcv: [ml] fold 1 y_train head: [1, 1, 1]
2026-06-17 22:13:14 INFO crypto_research.ml_cpcv: [ml] fold 1 X_test head:
  pair_id  rsi_pair_norm
0       1      -2.030835
1       2      -1.397337
2       3      -1.155518
2026-06-17 22:13:14 INFO crypto_research.ml_cpcv: [ml] fold 1 y_test head: [1, 1, 1]
2026-06-17 22:13:14 INFO crypto_research.ml_cpcv: [ml] fold 1/21 train=25693 test=6196 acc=0.5163 auc=0.5384
2026-06-17 22:13:14 INFO crypto_research.ml_cpcv: [ml] fold 2/21 → model.fit: X_train=(25568, 2) y_train=(25568,) days=('2022-05-08 00:00:00+00:00', '2024-04-01 00:00:00+00:00') dist={0: 12559, 1: 13009}
2026-06-17 22:13:14 INFO crypto_research.ml_cpcv: [ml] fold 2/21 → model.predict: X_test=(6293, 2) y_test=(6293,) days=('2022-01-11 00:00:00+00:00', '2022-12-24 00:00:00+00:00') dist={0: 3251, 1: 3042}
2026-06-17 22:13:14 INFO crypto_research.ml_cpcv: [ml] fold 2/21 train=25568 test=6293 acc=0.4982 auc=0.5405
2026-06-17 22:13:14 INFO crypto_research.ml_cpcv: [ml] fold 3/21 → model.fit: X_train=(23489, 2) y_train=(23489,) days=('2022-05-08 00:00:00+00:00', '2024-04-01 00:00:00+00:00') dist={0: 11726, 1: 11763}
2026-06-17 22:13:14 INFO crypto_research.ml_cpcv: [ml] fold 3/21 → model.predict: X_test=(8352, 2) y_test=(8352,) days=('2022-01-11 00:00:00+00:00', '2023-04-19 00:00:00+00:00') dist={0: 4059, 1: 4293}
2026-06-17 22:13:14 INFO crypto_research.ml_cpcv: [ml] fold 3/21 train=23489 test=8352 acc=0.5074 auc=0.5090
2026-06-17 22:13:14 INFO crypto_research.ml_cpcv: [ml] fold 4/21 → model.fit: X_train=(23169, 2) y_train=(23169,) days=('2022-05-08 00:00:00+00:00', '2024-04-01 00:00:00+00:00') dist={0: 11297, 1: 11872}
2026-06-17 22:13:14 INFO crypto_research.ml_cpcv: [ml] fold 4/21 → model.predict: X_test=(8672, 2) y_test=(8672,) days=('2022-01-11 00:00:00+00:00', '2023-08-13 00:00:00+00:00') dist={0: 4512, 1: 4160}
2026-06-17 22:13:14 INFO crypto_research.ml_cpcv: [ml] fold 4/21 train=23169 test=8672 acc=0.4871 auc=0.5361
2026-06-17 22:13:14 INFO crypto_research.ml_cpcv: [ml] fold 5/21 → model.fit: X_train=(23169, 2) y_train=(23169,) days=('2022-05-08 00:00:00+00:00', '2024-04-01 00:00:00+00:00') dist={0: 11594, 1: 11575}
2026-06-17 22:13:14 INFO crypto_research.ml_cpcv: [ml] fold 5/21 → model.predict: X_test=(8672, 2) y_test=(8672,) days=('2022-01-11 00:00:00+00:00', '2023-12-07 00:00:00+00:00') dist={0: 4233, 1: 4439}
2026-06-17 22:13:14 INFO crypto_research.ml_cpcv: [ml] fold 5/21 train=23169 test=8672 acc=0.5099 auc=0.5131
2026-06-17 22:13:14 INFO crypto_research.ml_cpcv: [ml] fold 6/21 → model.fit: X_train=(23218, 2) y_train=(23218,) days=('2022-05-08 00:00:00+00:00', '2023-12-07 00:00:00+00:00') dist={0: 11587, 1: 11631}
2026-06-17 22:13:14 INFO crypto_research.ml_cpcv: [ml] fold 6/21 → model.predict: X_test=(8672, 2) y_test=(8672,) days=('2022-01-11 00:00:00+00:00', '2024-04-01 00:00:00+00:00') dist={0: 4243, 1: 4429}
2026-06-17 22:13:14 INFO crypto_research.ml_cpcv: [ml] fold 6/21 train=23218 test=8672 acc=0.5181 auc=0.5269
2026-06-17 22:13:14 INFO crypto_research.ml_cpcv: [ml] fold 7/21 → model.fit: X_train=(25375, 2) y_train=(25375,) days=('2022-01-11 00:00:00+00:00', '2024-04-01 00:00:00+00:00') dist={0: 12443, 1: 12932}
2026-06-17 22:13:14 INFO crypto_research.ml_cpcv: [ml] fold 7/21 → model.predict: X_test=(6513, 2) y_test=(6513,) days=('2022-05-07 00:00:00+00:00', '2022-12-24 00:00:00+00:00') dist={0: 3392, 1: 3121}
2026-06-17 22:13:14 INFO crypto_research.ml_cpcv: [ml] fold 7/21 train=25375 test=6513 acc=0.5008 auc=0.5405
2026-06-17 22:13:14 INFO crypto_research.ml_cpcv: [ml] fold 8/21 → model.fit: X_train=(23268, 2) y_train=(23268,) days=('2022-01-11 00:00:00+00:00', '2024-04-01 00:00:00+00:00') dist={0: 11598, 1: 11670}
2026-06-17 22:13:14 INFO crypto_research.ml_cpcv: [ml] fold 8/21 → model.predict: X_test=(8572, 2) y_test=(8572,) days=('2022-05-07 00:00:00+00:00', '2023-04-19 00:00:00+00:00') dist={0: 4200, 1: 4372}
2026-06-17 22:13:14 INFO crypto_research.ml_cpcv: [ml] fold 8/21 train=23268 test=8572 acc=0.5065 auc=0.5068
2026-06-17 22:13:14 INFO crypto_research.ml_cpcv: [ml] fold 9/21 → model.fit: X_train=(22948, 2) y_train=(22948,) days=('2022-01-11 00:00:00+00:00', '2024-04-01 00:00:00+00:00') dist={0: 11169, 1: 11779}
2026-06-17 22:13:14 INFO crypto_research.ml_cpcv: [ml] fold 9/21 → model.predict: X_test=(8892, 2) y_test=(8892,) days=('2022-05-07 00:00:00+00:00', '2023-08-13 00:00:00+00:00') dist={0: 4653, 1: 4239}
2026-06-17 22:13:14 INFO crypto_research.ml_cpcv: [ml] fold 9/21 train=22948 test=8892 acc=0.4834 auc=0.5442
2026-06-17 22:13:14 INFO crypto_research.ml_cpcv: [ml] fold 10/21 → model.fit: X_train=(22948, 2) y_train=(22948,) days=('2022-01-11 00:00:00+00:00', '2024-04-01 00:00:00+00:00') dist={0: 11466, 1: 11482}
2026-06-17 22:13:14 INFO crypto_research.ml_cpcv: [ml] fold 10/21 → model.predict: X_test=(8892, 2) y_test=(8892,) days=('2022-05-07 00:00:00+00:00', '2023-12-07 00:00:00+00:00') dist={0: 4374, 1: 4518}
2026-06-17 22:13:14 INFO crypto_research.ml_cpcv: [ml] fold 10/21 train=22948 test=8892 acc=0.5107 auc=0.5201
2026-06-17 22:13:14 INFO crypto_research.ml_cpcv: [ml] fold 11/21 → model.fit: X_train=(22997, 2) y_train=(22997,) days=('2022-01-11 00:00:00+00:00', '2023-12-07 00:00:00+00:00') dist={0: 11459, 1: 11538}
2026-06-17 22:13:14 INFO crypto_research.ml_cpcv: [ml] fold 11/21 → model.predict: X_test=(8892, 2) y_test=(8892,) days=('2022-05-07 00:00:00+00:00', '2024-04-01 00:00:00+00:00') dist={0: 4384, 1: 4508}
2026-06-17 22:13:14 INFO crypto_research.ml_cpcv: [ml] fold 11/21 train=22997 test=8892 acc=0.5142 auc=0.5234
2026-06-17 22:13:14 INFO crypto_research.ml_cpcv: [ml] fold 12/21 → model.fit: X_train=(23199, 2) y_train=(23199,) days=('2022-01-11 00:00:00+00:00', '2024-04-01 00:00:00+00:00') dist={0: 11556, 1: 11643}
2026-06-17 22:13:14 INFO crypto_research.ml_cpcv: [ml] fold 12/21 → model.predict: X_test=(8669, 2) y_test=(8669,) days=('2022-08-31 00:00:00+00:00', '2023-04-19 00:00:00+00:00') dist={0: 4254, 1: 4415}
2026-06-17 22:13:14 INFO crypto_research.ml_cpcv: [ml] fold 12/21 train=23199 test=8669 acc=0.5085 auc=0.5091
2026-06-17 22:13:14 INFO crypto_research.ml_cpcv: [ml] fold 13/21 → model.fit: X_train=(22850, 2) y_train=(22850,) days=('2022-01-11 00:00:00+00:00', '2024-04-01 00:00:00+00:00') dist={0: 11107, 1: 11743}
2026-06-17 22:13:14 INFO crypto_research.ml_cpcv: [ml] fold 13/21 → model.predict: X_test=(8989, 2) y_test=(8989,) days=('2022-08-31 00:00:00+00:00', '2023-08-13 00:00:00+00:00') dist={0: 4707, 1: 4282}
2026-06-17 22:13:14 INFO crypto_research.ml_cpcv: [ml] fold 13/21 train=22850 test=8989 acc=0.4817 auc=0.5353
2026-06-17 22:13:14 INFO crypto_research.ml_cpcv: [ml] fold 14/21 → model.fit: X_train=(22850, 2) y_train=(22850,) days=('2022-01-11 00:00:00+00:00', '2024-04-01 00:00:00+00:00') dist={0: 11404, 1: 11446}
2026-06-17 22:13:14 INFO crypto_research.ml_cpcv: [ml] fold 14/21 → model.predict: X_test=(8989, 2) y_test=(8989,) days=('2022-08-31 00:00:00+00:00', '2023-12-07 00:00:00+00:00') dist={0: 4428, 1: 4561}
2026-06-17 22:13:14 INFO crypto_research.ml_cpcv: [ml] fold 14/21 train=22850 test=8989 acc=0.5153 auc=0.5207
2026-06-17 22:13:14 INFO crypto_research.ml_cpcv: [ml] fold 15/21 → model.fit: X_train=(22899, 2) y_train=(22899,) days=('2022-01-11 00:00:00+00:00', '2023-12-07 00:00:00+00:00') dist={0: 11397, 1: 11502}
2026-06-17 22:13:14 INFO crypto_research.ml_cpcv: [ml] fold 15/21 → model.predict: X_test=(8989, 2) y_test=(8989,) days=('2022-08-31 00:00:00+00:00', '2024-04-01 00:00:00+00:00') dist={0: 4438, 1: 4551}
2026-06-17 22:13:14 INFO crypto_research.ml_cpcv: [ml] fold 15/21 train=22899 test=8989 acc=0.5189 auc=0.5219
2026-06-17 22:13:14 INFO crypto_research.ml_cpcv: [ml] fold 16/21 → model.fit: X_train=(20820, 2) y_train=(20820,) days=('2022-01-11 00:00:00+00:00', '2024-04-01 00:00:00+00:00') dist={0: 10319, 1: 10501}
2026-06-17 22:13:14 INFO crypto_research.ml_cpcv: [ml] fold 16/21 → model.predict: X_test=(11048, 2) y_test=(11048,) days=('2022-12-25 00:00:00+00:00', '2023-08-13 00:00:00+00:00') dist={0: 5515, 1: 5533}
2026-06-17 22:13:14 INFO crypto_research.ml_cpcv: [ml] fold 16/21 train=20820 test=11048 acc=0.5121 auc=0.5143
2026-06-17 22:13:14 INFO crypto_research.ml_cpcv: [ml] fold 17/21 → model.fit: X_train=(20771, 2) y_train=(20771,) days=('2022-01-11 00:00:00+00:00', '2024-04-01 00:00:00+00:00') dist={0: 10571, 1: 10200}
2026-06-17 22:13:14 INFO crypto_research.ml_cpcv: [ml] fold 17/21 → model.predict: X_test=(11048, 2) y_test=(11048,) days=('2022-12-25 00:00:00+00:00', '2023-12-07 00:00:00+00:00') dist={0: 5236, 1: 5812}
2026-06-17 22:13:15 INFO crypto_research.ml_cpcv: [ml] fold 17/21 train=20771 test=11048 acc=0.4798 auc=0.5063
2026-06-17 22:13:15 INFO crypto_research.ml_cpcv: [ml] fold 18/21 → model.fit: X_train=(20820, 2) y_train=(20820,) days=('2022-01-11 00:00:00+00:00', '2023-12-07 00:00:00+00:00') dist={0: 10564, 1: 10256}
2026-06-17 22:13:15 INFO crypto_research.ml_cpcv: [ml] fold 18/21 → model.predict: X_test=(11048, 2) y_test=(11048,) days=('2022-12-25 00:00:00+00:00', '2024-04-01 00:00:00+00:00') dist={0: 5246, 1: 5802}
2026-06-17 22:13:15 INFO crypto_research.ml_cpcv: [ml] fold 18/21 train=20820 test=11048 acc=0.4803 auc=0.5082
2026-06-17 22:13:15 INFO crypto_research.ml_cpcv: [ml] fold 19/21 → model.fit: X_train=(20500, 2) y_train=(20500,) days=('2022-01-11 00:00:00+00:00', '2024-04-01 00:00:00+00:00') dist={0: 10163, 1: 10337}
2026-06-17 22:13:15 INFO crypto_research.ml_cpcv: [ml] fold 19/21 → model.predict: X_test=(11368, 2) y_test=(11368,) days=('2023-04-20 00:00:00+00:00', '2023-12-07 00:00:00+00:00') dist={0: 5689, 1: 5679}
2026-06-17 22:13:15 INFO crypto_research.ml_cpcv: [ml] fold 19/21 train=20500 test=11368 acc=0.5224 auc=0.5321
2026-06-17 22:13:15 INFO crypto_research.ml_cpcv: [ml] fold 20/21 → model.fit: X_train=(20500, 2) y_train=(20500,) days=('2022-01-11 00:00:00+00:00', '2023-12-07 00:00:00+00:00') dist={0: 10135, 1: 10365}
2026-06-17 22:13:15 INFO crypto_research.ml_cpcv: [ml] fold 20/21 → model.predict: X_test=(11368, 2) y_test=(11368,) days=('2023-04-20 00:00:00+00:00', '2024-04-01 00:00:00+00:00') dist={0: 5699, 1: 5669}
2026-06-17 22:13:15 INFO crypto_research.ml_cpcv: [ml] fold 20/21 train=20500 test=11368 acc=0.5154 auc=0.5236
2026-06-17 22:13:15 INFO crypto_research.ml_cpcv: [ml] fold 21/21 → model.fit: X_train=(20549, 2) y_train=(20549,) days=('2022-01-11 00:00:00+00:00', '2023-08-13 00:00:00+00:00') dist={0: 10435, 1: 10114}
2026-06-17 22:13:15 INFO crypto_research.ml_cpcv: [ml] fold 21/21 → model.predict: X_test=(11368, 2) y_test=(11368,) days=('2023-08-14 00:00:00+00:00', '2024-04-01 00:00:00+00:00') dist={0: 5420, 1: 5948}
2026-06-17 22:13:15 INFO crypto_research.ml_cpcv: [ml] fold 21/21 train=20549 test=11368 acc=0.4916 auc=0.5145
2026-06-17 22:13:15 INFO crypto_research.ml_cpcv: [ml] CPCV mean: folds=21 acc=0.5037 logloss=0.6929 auc=0.5231
2026-06-17 22:13:15 INFO crypto_research.ml_cpcv: [ml] OOS paths: rows=31917 cols=[time_ns, y_prob, y_true] folds_merged=21
2026-06-17 22:13:15 INFO crypto_research.ml_cpcv: [ml] OOS calibration: brier=0.2498 ece=0.0097
2026-06-17 22:13:15 INFO crypto_research.ml_cpcv: [ml] OOS weekday Пн: n=4562 base_up=0.4908 pred_up=0.4890 acc=0.4713 logloss=0.6950 auc=0.4781
2026-06-17 22:13:15 INFO crypto_research.ml_cpcv: [ml] OOS weekday Вт: n=4557 base_up=0.5177 pred_up=0.4804 acc=0.5616 logloss=0.6878 auc=0.5841
2026-06-17 22:13:15 INFO crypto_research.ml_cpcv: [ml] OOS weekday Ср: n=4557 base_up=0.4955 pred_up=0.4931 acc=0.4845 logloss=0.6938 auc=0.4829
2026-06-17 22:13:15 INFO crypto_research.ml_cpcv: [ml] OOS weekday Чт: n=4559 base_up=0.4587 pred_up=0.4900 acc=0.4896 logloss=0.6954 auc=0.4849
2026-06-17 22:13:15 INFO crypto_research.ml_cpcv: [ml] OOS weekday Пт: n=4560 base_up=0.5610 pred_up=0.4980 acc=0.5072 logloss=0.6919 auc=0.5037
2026-06-17 22:13:15 INFO crypto_research.ml_cpcv: [ml] OOS weekday Сб: n=4561 base_up=0.5227 pred_up=0.5005 acc=0.5170 logloss=0.6924 auc=0.5247
2026-06-17 22:13:15 INFO crypto_research.ml_cpcv: [ml] OOS weekday Вс: n=4561 base_up=0.4764 pred_up=0.4894 acc=0.4889 logloss=0.6931 auc=0.4861
2026-06-17 22:13:16 INFO crypto_research.ml_oos_paths: [ml] OOS plot saved: /home_admin/crypto_bot/crypto_research/research_outputs/rsi/rsi_quantiles/ml/plots/direction_rsi_49pairs_20220101_20240401_oos_prob.png (weekdays=7 calendar_days=812 rows=31917)
2026-06-17 22:13:17 INFO crypto_research.ml_oos_paths: [ml] OOS calibration plot saved: /home_admin/crypto_bot/crypto_research/research_outputs/rsi/rsi_quantiles/ml/plots/direction_rsi_49pairs_20220101_20240401_oos_calibration.png (brier=0.2498 ece=0.0097 rows=31917)
2026-06-17 22:13:17 INFO crypto_research.ml_learning_curve: [ml] full train fit: rows=31917 n_estimators=12
2026-06-17 22:13:18 INFO crypto_research.ml_oos_paths: [ml] OOS plot saved: /home_admin/crypto_bot/crypto_research/research_outputs/rsi/rsi_quantiles/ml/plots/direction_rsi_49pairs_20240401_20260531_oos_prob.png (weekdays=7 calendar_days=777 rows=38073)
2026-06-17 22:13:19 INFO crypto_research.ml_oos_paths: [ml] OOS calibration plot saved: /home_admin/crypto_bot/crypto_research/research_outputs/rsi/rsi_quantiles/ml/plots/direction_rsi_49pairs_20240401_20260531_oos_calibration.png (brier=0.2496 ece=0.0262 rows=38073)
2026-06-17 22:13:21 INFO crypto_research.ml_oos_paths: [ml] Weekday×pair summary plot saved: /home_admin/crypto_bot/crypto_research/research_outputs/rsi/rsi_quantiles/ml/plots/direction_rsi_49pairs_20240401_20260531_weekday_pair_summary.png (pairs=49 rows=38073)
2026-06-17 22:13:22 INFO crypto_research.ml_feature_predictive_plot: [ml] feature curve plot saved: /home_admin/crypto_bot/crypto_research/research_outputs/rsi/rsi_quantiles/ml/plots/direction_rsi_49pairs_20240401_20260531_rsi_predictive.png (rsi_pair_norm)
2026-06-17 22:13:23 INFO crypto_research.ml_oos_paths: [ml] Weekday×pair summary plot saved: /home_admin/crypto_bot/crypto_research/research_outputs/rsi/rsi_quantiles/ml/plots/direction_rsi_49pairs_20220101_20240401_weekday_pair_summary.png (pairs=49 rows=31917)
2026-06-17 22:13:24 INFO crypto_research.ml_oos_paths: [ml] ROC AUC comparison plot saved: /home_admin/crypto_bot/crypto_research/research_outputs/rsi/rsi_quantiles/ml/plots/direction_rsi_49pairs_20220101_20260531_roc_auc.png
2026-06-17 22:13:27 INFO crypto_research.ml_research: [ml] train/test metrics saved: /home_admin/crypto_bot/crypto_research/research_outputs/rsi/rsi_quantiles/ml/metrics/direction_rsi_49pairs_20220101_20260531_train_test.json
2026-06-17 22:30:15 INFO crypto_research.ml_research: [ml] log file: /home_admin/crypto_bot/crypto_research/research_outputs/rsi/rsi_quantiles/ml/direction_rsi_20220101_20260531.log
2026-06-17 22:30:15 INFO crypto_research.ml_dataset: [ml] pair filter: first_candle <= 2023-01-01 → 49 pairs
2026-06-17 22:30:39 INFO crypto_research.load: [1] Загрузка данных: пар=49 строк=46567998 ~1243.5 MB
2026-06-17 22:30:39 INFO crypto_research.load:   1000luncusdt: rows=656821 2022-12-31 .. 2024-04-01
2026-06-17 22:30:39 INFO crypto_research.load:   aaveusdt: rows=1182241 2022-01-01 .. 2024-04-01
2026-06-17 22:30:39 INFO crypto_research.load:   adausdt: rows=1182241 2022-01-01 .. 2024-04-01
2026-06-17 22:30:39 INFO crypto_research.load:   algousdt: rows=1182241 2022-01-01 .. 2024-04-01
2026-06-17 22:30:39 INFO crypto_research.load:   aliceusdt: rows=1182241 2022-01-01 .. 2024-04-01
2026-06-17 22:30:39 INFO crypto_research.load:   apeusdt: rows=656821 2022-12-31 .. 2024-04-01
2026-06-17 22:30:39 INFO crypto_research.load:   api3usdt: rows=1098270 2022-02-28 .. 2024-04-01
2026-06-17 22:30:39 INFO crypto_research.load:   aptusdt: rows=763033 2022-10-19 .. 2024-04-01
2026-06-17 22:30:39 INFO crypto_research.load:   atomusdt: rows=1182241 2022-01-01 .. 2024-04-01
2026-06-17 22:30:39 INFO crypto_research.load:   avaxusdt: rows=1182241 2022-01-01 .. 2024-04-01
2026-06-17 22:30:39 INFO crypto_research.load:   axsusdt: rows=656821 2022-12-31 .. 2024-04-01
2026-06-17 22:30:39 INFO crypto_research.load:   bchusdt: rows=1182241 2022-01-01 .. 2024-04-01
2026-06-17 22:30:39 INFO crypto_research.load:   bnbusdt: rows=1182241 2022-01-01 .. 2024-04-01
2026-06-17 22:30:39 INFO crypto_research.load:   btcusdt: rows=1182241 2022-01-01 .. 2024-04-01
2026-06-17 22:30:39 INFO crypto_research.load:   chzusdt: rows=656821 2022-12-31 .. 2024-04-01
2026-06-17 22:30:39 INFO crypto_research.load:   crvusdt: rows=1182241 2022-01-01 .. 2024-04-01
2026-06-17 22:30:39 INFO crypto_research.load:   dashusdt: rows=656821 2022-12-31 .. 2024-04-01
2026-06-17 22:30:39 INFO crypto_research.load:   dogeusdt: rows=1182241 2022-01-01 .. 2024-04-01
2026-06-17 22:30:39 INFO crypto_research.load:   dotusdt: rows=1182241 2022-01-01 .. 2024-04-01
2026-06-17 22:30:39 INFO crypto_research.load:   dydxusdt: rows=1182241 2022-01-01 .. 2024-04-01
2026-06-17 22:30:39 INFO crypto_research.load:   egldusdt: rows=656821 2022-12-31 .. 2024-04-01
2026-06-17 22:30:39 INFO crypto_research.load:   enjusdt: rows=1182241 2022-01-01 .. 2024-04-01
2026-06-17 22:30:39 INFO crypto_research.load:   etcusdt: rows=656821 2022-12-31 .. 2024-04-01
2026-06-17 22:30:39 INFO crypto_research.load:   ethusdt: rows=1182241 2022-01-01 .. 2024-04-01
2026-06-17 22:30:39 INFO crypto_research.load:   filusdt: rows=1182241 2022-01-01 .. 2024-04-01
2026-06-17 22:30:39 INFO crypto_research.load:   galausdt: rows=1182241 2022-01-01 .. 2024-04-01
2026-06-17 22:30:39 INFO crypto_research.load:   gmtusdt: rows=656821 2022-12-31 .. 2024-04-01
2026-06-17 22:30:39 INFO crypto_research.load:   hbarusdt: rows=656821 2022-12-31 .. 2024-04-01
2026-06-17 22:30:39 INFO crypto_research.load:   icpusdt: rows=656821 2022-12-31 .. 2024-04-01
2026-06-17 22:30:39 INFO crypto_research.load:   injusdt: rows=656821 2022-12-31 .. 2024-04-01
2026-06-17 22:30:39 INFO crypto_research.load:   ldousdt: rows=656821 2022-12-31 .. 2024-04-01
2026-06-17 22:30:39 INFO crypto_research.load:   linkusdt: rows=1182241 2022-01-01 .. 2024-04-01
2026-06-17 22:30:39 INFO crypto_research.load:   ltcusdt: rows=1182241 2022-01-01 .. 2024-04-01
2026-06-17 22:30:39 INFO crypto_research.load:   nearusdt: rows=1182241 2022-01-01 .. 2024-04-01
2026-06-17 22:30:39 INFO crypto_research.load:   ontusdt: rows=957048 2022-06-06 .. 2024-04-01
2026-06-17 22:30:39 INFO crypto_research.load:   opusdt: rows=656821 2022-12-31 .. 2024-04-01
2026-06-17 22:30:39 INFO crypto_research.load:   paxgusdt: rows=1076619 2022-03-15 .. 2024-04-01
2026-06-17 22:30:39 INFO crypto_research.load:   sandusdt: rows=656821 2022-12-31 .. 2024-04-01
2026-06-17 22:30:39 INFO crypto_research.load:   shib1000usdt: rows=656821 2022-12-31 .. 2024-04-01
2026-06-17 22:30:39 INFO crypto_research.load:   solusdt: rows=1182241 2022-01-01 .. 2024-04-01
2026-06-17 22:30:39 INFO crypto_research.load:   storjusdt: rows=656821 2022-12-31 .. 2024-04-01
2026-06-17 22:30:39 INFO crypto_research.load:   stxusdt: rows=656821 2022-12-31 .. 2024-04-01
2026-06-17 22:30:39 INFO crypto_research.load:   trxusdt: rows=656821 2022-12-31 .. 2024-04-01
2026-06-17 22:30:39 INFO crypto_research.load:   uniusdt: rows=1182241 2022-01-01 .. 2024-04-01
2026-06-17 22:30:39 INFO crypto_research.load:   xlmusdt: rows=656821 2022-12-31 .. 2024-04-01
2026-06-17 22:30:39 INFO crypto_research.load:   xmrusdt: rows=1162824 2022-01-14 .. 2024-04-01
2026-06-17 22:30:39 INFO crypto_research.load:   xrpusdt: rows=1182241 2022-01-01 .. 2024-04-01
2026-06-17 22:30:39 INFO crypto_research.load:   zecusdt: rows=1182241 2022-01-01 .. 2024-04-01
2026-06-17 22:30:39 INFO crypto_research.load:   zenusdt: rows=656821 2022-12-31 .. 2024-04-01
2026-06-17 22:30:40 INFO crypto_research.ml_dataset: [ml] pooled daily: pairs=49 rows=32407 period=2022-01-01..2024-04-01
2026-06-17 22:30:40 INFO crypto_research.ml_dataset: [ml] pair filter: first_candle <= 2023-01-01 → 49 pairs
2026-06-17 22:31:20 INFO crypto_research.load: [1] Загрузка данных: пар=49 строк=55515524 ~1482.4 MB
2026-06-17 22:31:20 INFO crypto_research.load:   1000luncusdt: rows=1133280 2024-04-01 .. 2026-05-27
2026-06-17 22:31:20 INFO crypto_research.load:   aaveusdt: rows=1132756 2024-04-01 .. 2026-05-27
2026-06-17 22:31:20 INFO crypto_research.load:   adausdt: rows=1132756 2024-04-01 .. 2026-05-27
2026-06-17 22:31:20 INFO crypto_research.load:   algousdt: rows=1132756 2024-04-01 .. 2026-05-27
2026-06-17 22:31:20 INFO crypto_research.load:   aliceusdt: rows=1132756 2024-04-01 .. 2026-05-27
2026-06-17 22:31:20 INFO crypto_research.load:   apeusdt: rows=1133280 2024-04-01 .. 2026-05-27
2026-06-17 22:31:20 INFO crypto_research.load:   api3usdt: rows=1132756 2024-04-01 .. 2026-05-27
2026-06-17 22:31:20 INFO crypto_research.load:   aptusdt: rows=1132756 2024-04-01 .. 2026-05-27
2026-06-17 22:31:20 INFO crypto_research.load:   atomusdt: rows=1132756 2024-04-01 .. 2026-05-27
2026-06-17 22:31:20 INFO crypto_research.load:   avaxusdt: rows=1132756 2024-04-01 .. 2026-05-27
2026-06-17 22:31:20 INFO crypto_research.load:   axsusdt: rows=1133280 2024-04-01 .. 2026-05-27
2026-06-17 22:31:20 INFO crypto_research.load:   bchusdt: rows=1132756 2024-04-01 .. 2026-05-27
2026-06-17 22:31:20 INFO crypto_research.load:   bnbusdt: rows=1132756 2024-04-01 .. 2026-05-27
2026-06-17 22:31:20 INFO crypto_research.load:   btcusdt: rows=1132756 2024-04-01 .. 2026-05-27
2026-06-17 22:31:20 INFO crypto_research.load:   chzusdt: rows=1133280 2024-04-01 .. 2026-05-27
2026-06-17 22:31:20 INFO crypto_research.load:   crvusdt: rows=1132756 2024-04-01 .. 2026-05-27
2026-06-17 22:31:20 INFO crypto_research.load:   dashusdt: rows=1133280 2024-04-01 .. 2026-05-27
2026-06-17 22:31:20 INFO crypto_research.load:   dogeusdt: rows=1132756 2024-04-01 .. 2026-05-27
2026-06-17 22:31:20 INFO crypto_research.load:   dotusdt: rows=1132756 2024-04-01 .. 2026-05-27
2026-06-17 22:31:20 INFO crypto_research.load:   dydxusdt: rows=1132756 2024-04-01 .. 2026-05-27
2026-06-17 22:31:20 INFO crypto_research.load:   egldusdt: rows=1133280 2024-04-01 .. 2026-05-27
2026-06-17 22:31:20 INFO crypto_research.load:   enjusdt: rows=1132756 2024-04-01 .. 2026-05-27
2026-06-17 22:31:20 INFO crypto_research.load:   etcusdt: rows=1133280 2024-04-01 .. 2026-05-27
2026-06-17 22:31:20 INFO crypto_research.load:   ethusdt: rows=1132756 2024-04-01 .. 2026-05-27
2026-06-17 22:31:20 INFO crypto_research.load:   filusdt: rows=1132756 2024-04-01 .. 2026-05-27
2026-06-17 22:31:20 INFO crypto_research.load:   galausdt: rows=1132756 2024-04-01 .. 2026-05-27
2026-06-17 22:31:20 INFO crypto_research.load:   gmtusdt: rows=1133280 2024-04-01 .. 2026-05-27
2026-06-17 22:31:20 INFO crypto_research.load:   hbarusdt: rows=1133280 2024-04-01 .. 2026-05-27
2026-06-17 22:31:20 INFO crypto_research.load:   icpusdt: rows=1133280 2024-04-01 .. 2026-05-27
2026-06-17 22:31:20 INFO crypto_research.load:   injusdt: rows=1133280 2024-04-01 .. 2026-05-27
2026-06-17 22:31:20 INFO crypto_research.load:   ldousdt: rows=1133280 2024-04-01 .. 2026-05-27
2026-06-17 22:31:20 INFO crypto_research.load:   linkusdt: rows=1132756 2024-04-01 .. 2026-05-27
2026-06-17 22:31:20 INFO crypto_research.load:   ltcusdt: rows=1132756 2024-04-01 .. 2026-05-27
2026-06-17 22:31:20 INFO crypto_research.load:   nearusdt: rows=1132756 2024-04-01 .. 2026-05-27
2026-06-17 22:31:20 INFO crypto_research.load:   ontusdt: rows=1132756 2024-04-01 .. 2026-05-27
2026-06-17 22:31:20 INFO crypto_research.load:   opusdt: rows=1133280 2024-04-01 .. 2026-05-27
2026-06-17 22:31:20 INFO crypto_research.load:   paxgusdt: rows=1132756 2024-04-01 .. 2026-05-27
2026-06-17 22:31:20 INFO crypto_research.load:   sandusdt: rows=1133280 2024-04-01 .. 2026-05-27
2026-06-17 22:31:20 INFO crypto_research.load:   shib1000usdt: rows=1133280 2024-04-01 .. 2026-05-27
2026-06-17 22:31:20 INFO crypto_research.load:   solusdt: rows=1132756 2024-04-01 .. 2026-05-27
2026-06-17 22:31:20 INFO crypto_research.load:   storjusdt: rows=1133280 2024-04-01 .. 2026-05-27
2026-06-17 22:31:20 INFO crypto_research.load:   stxusdt: rows=1133280 2024-04-01 .. 2026-05-27
2026-06-17 22:31:20 INFO crypto_research.load:   trxusdt: rows=1133280 2024-04-01 .. 2026-05-27
2026-06-17 22:31:20 INFO crypto_research.load:   uniusdt: rows=1132756 2024-04-01 .. 2026-05-27
2026-06-17 22:31:20 INFO crypto_research.load:   xlmusdt: rows=1133280 2024-04-01 .. 2026-05-27
2026-06-17 22:31:20 INFO crypto_research.load:   xmrusdt: rows=1132756 2024-04-01 .. 2026-05-27
2026-06-17 22:31:20 INFO crypto_research.load:   xrpusdt: rows=1132756 2024-04-01 .. 2026-05-27
2026-06-17 22:31:20 INFO crypto_research.load:   zecusdt: rows=1132756 2024-04-01 .. 2026-05-27
2026-06-17 22:31:20 INFO crypto_research.load:   zenusdt: rows=1133280 2024-04-01 .. 2026-05-27
2026-06-17 22:31:22 INFO crypto_research.ml_dataset: [ml] pooled daily: pairs=49 rows=38563 period=2024-04-01..2026-05-31
2026-06-17 22:31:22 INFO crypto_research.ml_numeric_features: [ml] bounds rsi_pair_norm: pairs=49
2026-06-17 22:31:22 INFO crypto_research.ml_dataset: [ml] rsi_pair_norm: min=-2.053 max=2.062 mean=-0.082
2026-06-17 22:31:22 INFO crypto_research.ml_dataset: [ml] dataset studies=['rsi_spreads_ml'] features=['pair_id', 'rsi_pair_norm'] rows=31917 pairs=49 up_rate=0.503
2026-06-17 22:31:22 INFO crypto_research.ml_dataset: [ml] rsi_pair_norm: min=-1.864 max=2.022 mean=-0.170
2026-06-17 22:31:22 INFO crypto_research.ml_dataset: [ml] dataset studies=['rsi_spreads_ml'] features=['pair_id', 'rsi_pair_norm'] rows=38073 pairs=49 up_rate=0.478
2026-06-17 22:31:22 INFO crypto_research.ml_research: Dataset columns (7): ['day_utc', 'pair', 'weekday', 'return_pct', 'direction_up', 'rsi_pair_norm', 'pair_id']
2026-06-17 22:31:22 INFO crypto_research.ml_research: Dataset head (50 rows):
shape: (50, 7)
┌─────────────────────────┬───────────┬─────────┬─────────────────────┬──────────────┬──────────────────────┬─────────┐
│ day_utc                 ┆ pair      ┆ weekday ┆ return_pct          ┆ direction_up ┆ rsi_pair_norm        ┆ pair_id │
│ ---                     ┆ ---       ┆ ---     ┆ ---                 ┆ ---          ┆ ---                  ┆ ---     │
│ datetime[μs, UTC]       ┆ str       ┆ i64     ┆ f64                 ┆ i8           ┆ f64                  ┆ cat     │
╞═════════════════════════╪═══════════╪═════════╪═════════════════════╪══════════════╪══════════════════════╪═════════╡
│ 2022-01-11 00:00:00 UTC ┆ aaveusdt  ┆ 1       ┆ 6.788570830975585   ┆ 1            ┆ -2.0308349872019544  ┆ 1       │
│ 2022-01-11 00:00:00 UTC ┆ adausdt   ┆ 1       ┆ 5.610469609646642   ┆ 1            ┆ -1.397337333734323   ┆ 2       │
│ 2022-01-11 00:00:00 UTC ┆ algousdt  ┆ 1       ┆ 6.162875219537939   ┆ 1            ┆ -1.1555181086904938  ┆ 3       │
│ 2022-01-11 00:00:00 UTC ┆ aliceusdt ┆ 1       ┆ 6.372554748620328   ┆ 1            ┆ -1.1690872562617576  ┆ 4       │
│ 2022-01-11 00:00:00 UTC ┆ atomusdt  ┆ 1       ┆ 2.1658734326592084  ┆ 1            ┆ 0.16000480407343476  ┆ 8       │
│ 2022-01-11 00:00:00 UTC ┆ avaxusdt  ┆ 1       ┆ 6.079645709640859   ┆ 1            ┆ -1.4200766493461732  ┆ 9       │
│ 2022-01-11 00:00:00 UTC ┆ bchusdt   ┆ 1       ┆ 1.6503920235081473  ┆ 1            ┆ -1.702198467363062   ┆ 11      │
│ 2022-01-11 00:00:00 UTC ┆ bnbusdt   ┆ 1       ┆ 8.94643908181283    ┆ 1            ┆ -1.7621478216658728  ┆ 12      │
│ 2022-01-11 00:00:00 UTC ┆ btcusdt   ┆ 1       ┆ 2.1347078380253057  ┆ 1            ┆ -1.7582515118565332  ┆ 13      │
│ 2022-01-11 00:00:00 UTC ┆ crvusdt   ┆ 1       ┆ 6.604863120110692   ┆ 1            ┆ -1.3205400031884917  ┆ 15      │
│ 2022-01-11 00:00:00 UTC ┆ dogeusdt  ┆ 1       ┆ 7.4825083300613295  ┆ 1            ┆ -1.927608334982597   ┆ 17      │
│ 2022-01-11 00:00:00 UTC ┆ dotusdt   ┆ 1       ┆ 7.7669907602688255  ┆ 1            ┆ -1.123426555186431   ┆ 18      │
│ 2022-01-11 00:00:00 UTC ┆ dydxusdt  ┆ 1       ┆ 11.616958575351276  ┆ 1            ┆ -1.842971082482642   ┆ 19      │
│ 2022-01-11 00:00:00 UTC ┆ enjusdt   ┆ 1       ┆ 6.766748877945984   ┆ 1            ┆ -0.8821390930325894  ┆ 21      │
│ 2022-01-11 00:00:00 UTC ┆ ethusdt   ┆ 1       ┆ 4.99675535366645    ┆ 1            ┆ -1.5061643629412935  ┆ 23      │
│ 2022-01-11 00:00:00 UTC ┆ filusdt   ┆ 1       ┆ 2.558639787916926   ┆ 1            ┆ -1.3131447629224229  ┆ 24      │
│ 2022-01-11 00:00:00 UTC ┆ galausdt  ┆ 1       ┆ 4.5285598312834034  ┆ 1            ┆ -1.4851751525926433  ┆ 25      │
│ 2022-01-11 00:00:00 UTC ┆ linkusdt  ┆ 1       ┆ -4.8351308490143445 ┆ 0            ┆ 1.6377231109811534   ┆ 31      │
│ 2022-01-11 00:00:00 UTC ┆ ltcusdt   ┆ 1       ┆ 3.9121133296431494  ┆ 1            ┆ -1.8083178460921738  ┆ 32      │
│ 2022-01-11 00:00:00 UTC ┆ nearusdt  ┆ 1       ┆ 16.609594484794073  ┆ 1            ┆ 0.048835974696927575 ┆ 33      │
│ 2022-01-11 00:00:00 UTC ┆ solusdt   ┆ 1       ┆ 3.238861758409968   ┆ 1            ┆ -1.6348706445915702  ┆ 39      │
│ 2022-01-11 00:00:00 UTC ┆ uniusdt   ┆ 1       ┆ 5.5257761549487565  ┆ 1            ┆ -0.8530792711270476  ┆ 43      │
│ 2022-01-11 00:00:00 UTC ┆ xrpusdt   ┆ 1       ┆ 4.099028860356283   ┆ 1            ┆ -1.5583462689840615  ┆ 46      │
│ 2022-01-11 00:00:00 UTC ┆ zecusdt   ┆ 1       ┆ 0.14174127540112447 ┆ 1            ┆ -0.657407839384771   ┆ 47      │
│ 2022-01-12 00:00:00 UTC ┆ aaveusdt  ┆ 2       ┆ 2.4396023250916063  ┆ 1            ┆ -1.306695141519008   ┆ 1       │
│ 2022-01-12 00:00:00 UTC ┆ adausdt   ┆ 2       ┆ 10.607978448037555  ┆ 1            ┆ -0.8673955767137441  ┆ 2       │
│ 2022-01-12 00:00:00 UTC ┆ algousdt  ┆ 2       ┆ 3.662748605325483   ┆ 1            ┆ -0.7597016316217354  ┆ 3       │
│ 2022-01-12 00:00:00 UTC ┆ aliceusdt ┆ 2       ┆ 5.9907796836614065  ┆ 1            ┆ -0.791490191507975   ┆ 4       │
│ 2022-01-12 00:00:00 UTC ┆ atomusdt  ┆ 2       ┆ 4.084793184828393   ┆ 1            ┆ 0.2481282040479178   ┆ 8       │
│ 2022-01-12 00:00:00 UTC ┆ avaxusdt  ┆ 2       ┆ 7.323204277438567   ┆ 1            ┆ -1.0177587961708219  ┆ 9       │
│ 2022-01-12 00:00:00 UTC ┆ bchusdt   ┆ 2       ┆ 3.8019263359895037  ┆ 1            ┆ -1.4603110831320198  ┆ 11      │
│ 2022-01-12 00:00:00 UTC ┆ bnbusdt   ┆ 2       ┆ 5.348460291734198   ┆ 1            ┆ -0.8408825481626779  ┆ 12      │
│ 2022-01-12 00:00:00 UTC ┆ btcusdt   ┆ 2       ┆ 2.7821036731730735  ┆ 1            ┆ -1.3085421773560837  ┆ 13      │
│ 2022-01-12 00:00:00 UTC ┆ crvusdt   ┆ 2       ┆ 6.543480967303586   ┆ 1            ┆ -0.9729826603218545  ┆ 15      │
│ 2022-01-12 00:00:00 UTC ┆ dogeusdt  ┆ 2       ┆ 5.790502269009695   ┆ 1            ┆ -0.8820958396160115  ┆ 17      │
│ 2022-01-12 00:00:00 UTC ┆ dotusdt   ┆ 2       ┆ 6.952603097495247   ┆ 1            ┆ -0.5377336176970129  ┆ 18      │
│ 2022-01-12 00:00:00 UTC ┆ dydxusdt  ┆ 2       ┆ 9.07172951919055    ┆ 1            ┆ -0.8706611737833426  ┆ 19      │
│ 2022-01-12 00:00:00 UTC ┆ enjusdt   ┆ 2       ┆ 9.17152872771021    ┆ 1            ┆ -0.5388349781357886  ┆ 21      │
│ 2022-01-12 00:00:00 UTC ┆ ethusdt   ┆ 2       ┆ 4.1270101615613415  ┆ 1            ┆ -1.0193781729503903  ┆ 23      │
│ 2022-01-12 00:00:00 UTC ┆ filusdt   ┆ 2       ┆ 6.4795526414993585  ┆ 1            ┆ -1.0984854895667544  ┆ 24      │
│ 2022-01-12 00:00:00 UTC ┆ galausdt  ┆ 2       ┆ 12.058270556129708  ┆ 1            ┆ -1.2275105467659482  ┆ 25      │
│ 2022-01-12 00:00:00 UTC ┆ linkusdt  ┆ 2       ┆ 0.544902469331899   ┆ 1            ┆ 1.0904229666528917   ┆ 31      │
│ 2022-01-12 00:00:00 UTC ┆ ltcusdt   ┆ 2       ┆ 7.909955501386672   ┆ 1            ┆ -1.1715444501975072  ┆ 32      │
│ 2022-01-12 00:00:00 UTC ┆ nearusdt  ┆ 2       ┆ -2.648192541410601  ┆ 0            ┆ 0.5002158957621297   ┆ 33      │
│ 2022-01-12 00:00:00 UTC ┆ solusdt   ┆ 2       ┆ 7.967916614444073   ┆ 1            ┆ -1.3546955595969155  ┆ 39      │
│ 2022-01-12 00:00:00 UTC ┆ uniusdt   ┆ 2       ┆ 2.050674877380246   ┆ 1            ┆ -0.4564481937876861  ┆ 43      │
│ 2022-01-12 00:00:00 UTC ┆ xrpusdt   ┆ 2       ┆ 3.7556812249168634  ┆ 1            ┆ -0.895764043172548   ┆ 46      │
│ 2022-01-12 00:00:00 UTC ┆ zecusdt   ┆ 2       ┆ 2.2292949953656693  ┆ 1            ┆ -0.6348166481588624  ┆ 47      │
│ 2022-01-13 00:00:00 UTC ┆ aaveusdt  ┆ 3       ┆ -4.282118544609961  ┆ 0            ┆ -1.0668205979331093  ┆ 1       │
│ 2022-01-13 00:00:00 UTC ┆ adausdt   ┆ 3       ┆ -6.137074598369567  ┆ 0            ┆ -0.14372469373572572 ┆ 2       │
└─────────────────────────┴───────────┴─────────┴─────────────────────┴──────────────┴──────────────────────┴─────────┘
2026-06-17 22:31:22 INFO crypto_research.ml_cpcv: [ml] X: shape=(31917, 2) columns=['pair_id', 'rsi_pair_norm'] dtypes={'pair_id': 'category', 'rsi_pair_norm': 'float64'}
2026-06-17 22:31:22 INFO crypto_research.ml_cpcv: [ml] X head (3 rows):
  pair_id  rsi_pair_norm
0       1      -2.030835
1       2      -1.397337
2       3      -1.155518
2026-06-17 22:31:22 INFO crypto_research.ml_cpcv: [ml] y (direction_up): shape=(31917,) dtype=int8 distribution={0: 15855, 1: 16062}
2026-06-17 22:31:22 INFO crypto_research.ml_cpcv: [ml] y head (3 values): [1, 1, 1]
2026-06-17 22:31:22 INFO crypto_research.ml_cpcv: [ml] CV: CombinatorialPurgedCV n_splits=7 n_test_groups=2 embargo_days=1 n_folds=C(7,2)=21 n_days=812
2026-06-17 22:31:22 INFO crypto_research.ml_cpcv: [ml] CV time range: 2022-01-11 00:00:00+00:00 .. 2024-04-01 00:00:00+00:00 (prediction_times=evaluation_times, purge=None)
2026-06-17 22:31:23 INFO crypto_research.ml_cpcv: [ml] CV day splits:
  fold1: train_days=579 test_days=232
  fold2: train_days=578 test_days=232
  fold3: train_days=578 test_days=232
  fold4: train_days=578 test_days=232
  fold5: train_days=578 test_days=232
  fold6: train_days=579 test_days=232
  fold7: train_days=579 test_days=232
  fold8: train_days=578 test_days=232
  fold9: train_days=578 test_days=232
  fold10: train_days=578 test_days=232
  fold11: train_days=579 test_days=232
  fold12: train_days=579 test_days=232
  fold13: train_days=578 test_days=232
  fold14: train_days=578 test_days=232
  fold15: train_days=579 test_days=232
  fold16: train_days=579 test_days=232
  fold17: train_days=578 test_days=232
  fold18: train_days=579 test_days=232
  fold19: train_days=579 test_days=232
  fold20: train_days=579 test_days=232
  fold21: train_days=580 test_days=232
2026-06-17 22:31:23 INFO crypto_research.ml_cpcv: [ml] fold 1/21 → model.fit: X_train=(25693, 2) y_train=(25693,) days=('2022-09-01 00:00:00+00:00', '2024-04-01 00:00:00+00:00') dist={0: 12646, 1: 13047}
2026-06-17 22:31:23 INFO crypto_research.ml_cpcv: [ml] fold 1/21 → model.predict: X_test=(6196, 2) y_test=(6196,) days=('2022-01-11 00:00:00+00:00', '2022-08-30 00:00:00+00:00') dist={0: 3197, 1: 2999}
2026-06-17 22:31:23 INFO crypto_research.ml_cpcv: [ml] fold 1 X_train head:
     pair_id  rsi_pair_norm
6224       1      -0.325285
6225       2      -0.405108
6226       3      -0.533941
2026-06-17 22:31:23 INFO crypto_research.ml_cpcv: [ml] fold 1 y_train head: [1, 1, 1]
2026-06-17 22:31:23 INFO crypto_research.ml_cpcv: [ml] fold 1 X_test head:
  pair_id  rsi_pair_norm
0       1      -2.030835
1       2      -1.397337
2       3      -1.155518
2026-06-17 22:31:23 INFO crypto_research.ml_cpcv: [ml] fold 1 y_test head: [1, 1, 1]
2026-06-17 22:31:23 INFO crypto_research.ml_cpcv: [ml] fold 1/21 train=25693 test=6196 acc=0.5163 auc=0.5384
2026-06-17 22:31:23 INFO crypto_research.ml_cpcv: [ml] fold 2/21 → model.fit: X_train=(25568, 2) y_train=(25568,) days=('2022-05-08 00:00:00+00:00', '2024-04-01 00:00:00+00:00') dist={0: 12559, 1: 13009}
2026-06-17 22:31:23 INFO crypto_research.ml_cpcv: [ml] fold 2/21 → model.predict: X_test=(6293, 2) y_test=(6293,) days=('2022-01-11 00:00:00+00:00', '2022-12-24 00:00:00+00:00') dist={0: 3251, 1: 3042}
2026-06-17 22:31:23 INFO crypto_research.ml_cpcv: [ml] fold 2/21 train=25568 test=6293 acc=0.4982 auc=0.5405
2026-06-17 22:31:23 INFO crypto_research.ml_cpcv: [ml] fold 3/21 → model.fit: X_train=(23489, 2) y_train=(23489,) days=('2022-05-08 00:00:00+00:00', '2024-04-01 00:00:00+00:00') dist={0: 11726, 1: 11763}
2026-06-17 22:31:23 INFO crypto_research.ml_cpcv: [ml] fold 3/21 → model.predict: X_test=(8352, 2) y_test=(8352,) days=('2022-01-11 00:00:00+00:00', '2023-04-19 00:00:00+00:00') dist={0: 4059, 1: 4293}
2026-06-17 22:31:23 INFO crypto_research.ml_cpcv: [ml] fold 3/21 train=23489 test=8352 acc=0.5074 auc=0.5090
2026-06-17 22:31:23 INFO crypto_research.ml_cpcv: [ml] fold 4/21 → model.fit: X_train=(23169, 2) y_train=(23169,) days=('2022-05-08 00:00:00+00:00', '2024-04-01 00:00:00+00:00') dist={0: 11297, 1: 11872}
2026-06-17 22:31:23 INFO crypto_research.ml_cpcv: [ml] fold 4/21 → model.predict: X_test=(8672, 2) y_test=(8672,) days=('2022-01-11 00:00:00+00:00', '2023-08-13 00:00:00+00:00') dist={0: 4512, 1: 4160}
2026-06-17 22:31:23 INFO crypto_research.ml_cpcv: [ml] fold 4/21 train=23169 test=8672 acc=0.4871 auc=0.5361
2026-06-17 22:31:23 INFO crypto_research.ml_cpcv: [ml] fold 5/21 → model.fit: X_train=(23169, 2) y_train=(23169,) days=('2022-05-08 00:00:00+00:00', '2024-04-01 00:00:00+00:00') dist={0: 11594, 1: 11575}
2026-06-17 22:31:23 INFO crypto_research.ml_cpcv: [ml] fold 5/21 → model.predict: X_test=(8672, 2) y_test=(8672,) days=('2022-01-11 00:00:00+00:00', '2023-12-07 00:00:00+00:00') dist={0: 4233, 1: 4439}
2026-06-17 22:31:23 INFO crypto_research.ml_cpcv: [ml] fold 5/21 train=23169 test=8672 acc=0.5099 auc=0.5131
2026-06-17 22:31:23 INFO crypto_research.ml_cpcv: [ml] fold 6/21 → model.fit: X_train=(23218, 2) y_train=(23218,) days=('2022-05-08 00:00:00+00:00', '2023-12-07 00:00:00+00:00') dist={0: 11587, 1: 11631}
2026-06-17 22:31:23 INFO crypto_research.ml_cpcv: [ml] fold 6/21 → model.predict: X_test=(8672, 2) y_test=(8672,) days=('2022-01-11 00:00:00+00:00', '2024-04-01 00:00:00+00:00') dist={0: 4243, 1: 4429}
2026-06-17 22:31:23 INFO crypto_research.ml_cpcv: [ml] fold 6/21 train=23218 test=8672 acc=0.5181 auc=0.5269
2026-06-17 22:31:23 INFO crypto_research.ml_cpcv: [ml] fold 7/21 → model.fit: X_train=(25375, 2) y_train=(25375,) days=('2022-01-11 00:00:00+00:00', '2024-04-01 00:00:00+00:00') dist={0: 12443, 1: 12932}
2026-06-17 22:31:23 INFO crypto_research.ml_cpcv: [ml] fold 7/21 → model.predict: X_test=(6513, 2) y_test=(6513,) days=('2022-05-07 00:00:00+00:00', '2022-12-24 00:00:00+00:00') dist={0: 3392, 1: 3121}
2026-06-17 22:31:23 INFO crypto_research.ml_cpcv: [ml] fold 7/21 train=25375 test=6513 acc=0.5008 auc=0.5405
2026-06-17 22:31:23 INFO crypto_research.ml_cpcv: [ml] fold 8/21 → model.fit: X_train=(23268, 2) y_train=(23268,) days=('2022-01-11 00:00:00+00:00', '2024-04-01 00:00:00+00:00') dist={0: 11598, 1: 11670}
2026-06-17 22:31:23 INFO crypto_research.ml_cpcv: [ml] fold 8/21 → model.predict: X_test=(8572, 2) y_test=(8572,) days=('2022-05-07 00:00:00+00:00', '2023-04-19 00:00:00+00:00') dist={0: 4200, 1: 4372}
2026-06-17 22:31:23 INFO crypto_research.ml_cpcv: [ml] fold 8/21 train=23268 test=8572 acc=0.5065 auc=0.5068
2026-06-17 22:31:23 INFO crypto_research.ml_cpcv: [ml] fold 9/21 → model.fit: X_train=(22948, 2) y_train=(22948,) days=('2022-01-11 00:00:00+00:00', '2024-04-01 00:00:00+00:00') dist={0: 11169, 1: 11779}
2026-06-17 22:31:23 INFO crypto_research.ml_cpcv: [ml] fold 9/21 → model.predict: X_test=(8892, 2) y_test=(8892,) days=('2022-05-07 00:00:00+00:00', '2023-08-13 00:00:00+00:00') dist={0: 4653, 1: 4239}
2026-06-17 22:31:23 INFO crypto_research.ml_cpcv: [ml] fold 9/21 train=22948 test=8892 acc=0.4834 auc=0.5442
2026-06-17 22:31:23 INFO crypto_research.ml_cpcv: [ml] fold 10/21 → model.fit: X_train=(22948, 2) y_train=(22948,) days=('2022-01-11 00:00:00+00:00', '2024-04-01 00:00:00+00:00') dist={0: 11466, 1: 11482}
2026-06-17 22:31:23 INFO crypto_research.ml_cpcv: [ml] fold 10/21 → model.predict: X_test=(8892, 2) y_test=(8892,) days=('2022-05-07 00:00:00+00:00', '2023-12-07 00:00:00+00:00') dist={0: 4374, 1: 4518}
2026-06-17 22:31:23 INFO crypto_research.ml_cpcv: [ml] fold 10/21 train=22948 test=8892 acc=0.5107 auc=0.5201
2026-06-17 22:31:24 INFO crypto_research.ml_cpcv: [ml] fold 11/21 → model.fit: X_train=(22997, 2) y_train=(22997,) days=('2022-01-11 00:00:00+00:00', '2023-12-07 00:00:00+00:00') dist={0: 11459, 1: 11538}
2026-06-17 22:31:24 INFO crypto_research.ml_cpcv: [ml] fold 11/21 → model.predict: X_test=(8892, 2) y_test=(8892,) days=('2022-05-07 00:00:00+00:00', '2024-04-01 00:00:00+00:00') dist={0: 4384, 1: 4508}
2026-06-17 22:31:24 INFO crypto_research.ml_cpcv: [ml] fold 11/21 train=22997 test=8892 acc=0.5142 auc=0.5234
2026-06-17 22:31:24 INFO crypto_research.ml_cpcv: [ml] fold 12/21 → model.fit: X_train=(23199, 2) y_train=(23199,) days=('2022-01-11 00:00:00+00:00', '2024-04-01 00:00:00+00:00') dist={0: 11556, 1: 11643}
2026-06-17 22:31:24 INFO crypto_research.ml_cpcv: [ml] fold 12/21 → model.predict: X_test=(8669, 2) y_test=(8669,) days=('2022-08-31 00:00:00+00:00', '2023-04-19 00:00:00+00:00') dist={0: 4254, 1: 4415}
2026-06-17 22:31:24 INFO crypto_research.ml_cpcv: [ml] fold 12/21 train=23199 test=8669 acc=0.5085 auc=0.5091
2026-06-17 22:31:24 INFO crypto_research.ml_cpcv: [ml] fold 13/21 → model.fit: X_train=(22850, 2) y_train=(22850,) days=('2022-01-11 00:00:00+00:00', '2024-04-01 00:00:00+00:00') dist={0: 11107, 1: 11743}
2026-06-17 22:31:24 INFO crypto_research.ml_cpcv: [ml] fold 13/21 → model.predict: X_test=(8989, 2) y_test=(8989,) days=('2022-08-31 00:00:00+00:00', '2023-08-13 00:00:00+00:00') dist={0: 4707, 1: 4282}
2026-06-17 22:31:24 INFO crypto_research.ml_cpcv: [ml] fold 13/21 train=22850 test=8989 acc=0.4817 auc=0.5353
2026-06-17 22:31:24 INFO crypto_research.ml_cpcv: [ml] fold 14/21 → model.fit: X_train=(22850, 2) y_train=(22850,) days=('2022-01-11 00:00:00+00:00', '2024-04-01 00:00:00+00:00') dist={0: 11404, 1: 11446}
2026-06-17 22:31:24 INFO crypto_research.ml_cpcv: [ml] fold 14/21 → model.predict: X_test=(8989, 2) y_test=(8989,) days=('2022-08-31 00:00:00+00:00', '2023-12-07 00:00:00+00:00') dist={0: 4428, 1: 4561}
2026-06-17 22:31:24 INFO crypto_research.ml_cpcv: [ml] fold 14/21 train=22850 test=8989 acc=0.5153 auc=0.5207
2026-06-17 22:31:24 INFO crypto_research.ml_cpcv: [ml] fold 15/21 → model.fit: X_train=(22899, 2) y_train=(22899,) days=('2022-01-11 00:00:00+00:00', '2023-12-07 00:00:00+00:00') dist={0: 11397, 1: 11502}
2026-06-17 22:31:24 INFO crypto_research.ml_cpcv: [ml] fold 15/21 → model.predict: X_test=(8989, 2) y_test=(8989,) days=('2022-08-31 00:00:00+00:00', '2024-04-01 00:00:00+00:00') dist={0: 4438, 1: 4551}
2026-06-17 22:31:24 INFO crypto_research.ml_cpcv: [ml] fold 15/21 train=22899 test=8989 acc=0.5189 auc=0.5219
2026-06-17 22:31:24 INFO crypto_research.ml_cpcv: [ml] fold 16/21 → model.fit: X_train=(20820, 2) y_train=(20820,) days=('2022-01-11 00:00:00+00:00', '2024-04-01 00:00:00+00:00') dist={0: 10319, 1: 10501}
2026-06-17 22:31:24 INFO crypto_research.ml_cpcv: [ml] fold 16/21 → model.predict: X_test=(11048, 2) y_test=(11048,) days=('2022-12-25 00:00:00+00:00', '2023-08-13 00:00:00+00:00') dist={0: 5515, 1: 5533}
2026-06-17 22:31:24 INFO crypto_research.ml_cpcv: [ml] fold 16/21 train=20820 test=11048 acc=0.5121 auc=0.5143
2026-06-17 22:31:24 INFO crypto_research.ml_cpcv: [ml] fold 17/21 → model.fit: X_train=(20771, 2) y_train=(20771,) days=('2022-01-11 00:00:00+00:00', '2024-04-01 00:00:00+00:00') dist={0: 10571, 1: 10200}
2026-06-17 22:31:24 INFO crypto_research.ml_cpcv: [ml] fold 17/21 → model.predict: X_test=(11048, 2) y_test=(11048,) days=('2022-12-25 00:00:00+00:00', '2023-12-07 00:00:00+00:00') dist={0: 5236, 1: 5812}
2026-06-17 22:31:24 INFO crypto_research.ml_cpcv: [ml] fold 17/21 train=20771 test=11048 acc=0.4798 auc=0.5063
2026-06-17 22:31:24 INFO crypto_research.ml_cpcv: [ml] fold 18/21 → model.fit: X_train=(20820, 2) y_train=(20820,) days=('2022-01-11 00:00:00+00:00', '2023-12-07 00:00:00+00:00') dist={0: 10564, 1: 10256}
2026-06-17 22:31:24 INFO crypto_research.ml_cpcv: [ml] fold 18/21 → model.predict: X_test=(11048, 2) y_test=(11048,) days=('2022-12-25 00:00:00+00:00', '2024-04-01 00:00:00+00:00') dist={0: 5246, 1: 5802}
2026-06-17 22:31:24 INFO crypto_research.ml_cpcv: [ml] fold 18/21 train=20820 test=11048 acc=0.4803 auc=0.5082
2026-06-17 22:31:24 INFO crypto_research.ml_cpcv: [ml] fold 19/21 → model.fit: X_train=(20500, 2) y_train=(20500,) days=('2022-01-11 00:00:00+00:00', '2024-04-01 00:00:00+00:00') dist={0: 10163, 1: 10337}
2026-06-17 22:31:24 INFO crypto_research.ml_cpcv: [ml] fold 19/21 → model.predict: X_test=(11368, 2) y_test=(11368,) days=('2023-04-20 00:00:00+00:00', '2023-12-07 00:00:00+00:00') dist={0: 5689, 1: 5679}
2026-06-17 22:31:24 INFO crypto_research.ml_cpcv: [ml] fold 19/21 train=20500 test=11368 acc=0.5224 auc=0.5321
2026-06-17 22:31:24 INFO crypto_research.ml_cpcv: [ml] fold 20/21 → model.fit: X_train=(20500, 2) y_train=(20500,) days=('2022-01-11 00:00:00+00:00', '2023-12-07 00:00:00+00:00') dist={0: 10135, 1: 10365}
2026-06-17 22:31:24 INFO crypto_research.ml_cpcv: [ml] fold 20/21 → model.predict: X_test=(11368, 2) y_test=(11368,) days=('2023-04-20 00:00:00+00:00', '2024-04-01 00:00:00+00:00') dist={0: 5699, 1: 5669}
2026-06-17 22:31:24 INFO crypto_research.ml_cpcv: [ml] fold 20/21 train=20500 test=11368 acc=0.5154 auc=0.5236
2026-06-17 22:31:24 INFO crypto_research.ml_cpcv: [ml] fold 21/21 → model.fit: X_train=(20549, 2) y_train=(20549,) days=('2022-01-11 00:00:00+00:00', '2023-08-13 00:00:00+00:00') dist={0: 10435, 1: 10114}
2026-06-17 22:31:24 INFO crypto_research.ml_cpcv: [ml] fold 21/21 → model.predict: X_test=(11368, 2) y_test=(11368,) days=('2023-08-14 00:00:00+00:00', '2024-04-01 00:00:00+00:00') dist={0: 5420, 1: 5948}
2026-06-17 22:31:24 INFO crypto_research.ml_cpcv: [ml] fold 21/21 train=20549 test=11368 acc=0.4916 auc=0.5145
2026-06-17 22:31:24 INFO crypto_research.ml_cpcv: [ml] CPCV mean: folds=21 acc=0.5037 logloss=0.6929 auc=0.5231
2026-06-17 22:31:24 INFO crypto_research.ml_cpcv: [ml] OOS paths: rows=31917 cols=[time_ns, y_prob, y_true] folds_merged=21
2026-06-17 22:31:24 INFO crypto_research.ml_cpcv: [ml] OOS calibration: brier=0.2498 ece=0.0097
2026-06-17 22:31:24 INFO crypto_research.ml_cpcv: [ml] OOS weekday Пн: n=4562 base_up=0.4908 pred_up=0.4890 acc=0.4713 logloss=0.6950 auc=0.4781
2026-06-17 22:31:24 INFO crypto_research.ml_cpcv: [ml] OOS weekday Вт: n=4557 base_up=0.5177 pred_up=0.4804 acc=0.5616 logloss=0.6878 auc=0.5841
2026-06-17 22:31:24 INFO crypto_research.ml_cpcv: [ml] OOS weekday Ср: n=4557 base_up=0.4955 pred_up=0.4931 acc=0.4845 logloss=0.6938 auc=0.4829
2026-06-17 22:31:24 INFO crypto_research.ml_cpcv: [ml] OOS weekday Чт: n=4559 base_up=0.4587 pred_up=0.4900 acc=0.4896 logloss=0.6954 auc=0.4849
2026-06-17 22:31:24 INFO crypto_research.ml_cpcv: [ml] OOS weekday Пт: n=4560 base_up=0.5610 pred_up=0.4980 acc=0.5072 logloss=0.6919 auc=0.5037
2026-06-17 22:31:24 INFO crypto_research.ml_cpcv: [ml] OOS weekday Сб: n=4561 base_up=0.5227 pred_up=0.5005 acc=0.5170 logloss=0.6924 auc=0.5247
2026-06-17 22:31:24 INFO crypto_research.ml_cpcv: [ml] OOS weekday Вс: n=4561 base_up=0.4764 pred_up=0.4894 acc=0.4889 logloss=0.6931 auc=0.4861
2026-06-17 22:31:25 INFO crypto_research.ml_oos_paths: [ml] OOS plot saved: /home_admin/crypto_bot/crypto_research/research_outputs/rsi/rsi_quantiles/ml/plots/direction_rsi_49pairs_20220101_20240401_oos_prob.png (weekdays=7 calendar_days=812 rows=31917)
2026-06-17 22:31:26 INFO crypto_research.ml_oos_paths: [ml] OOS calibration plot saved: /home_admin/crypto_bot/crypto_research/research_outputs/rsi/rsi_quantiles/ml/plots/direction_rsi_49pairs_20220101_20240401_oos_calibration.png (brier=0.2498 ece=0.0097 rows=31917)
2026-06-17 22:31:26 INFO crypto_research.ml_learning_curve: [ml] full train fit: rows=31917 n_estimators=12
2026-06-17 22:31:27 INFO crypto_research.ml_oos_paths: [ml] OOS plot saved: /home_admin/crypto_bot/crypto_research/research_outputs/rsi/rsi_quantiles/ml/plots/direction_rsi_49pairs_20240401_20260531_oos_prob.png (weekdays=7 calendar_days=777 rows=38073)
2026-06-17 22:31:28 INFO crypto_research.ml_oos_paths: [ml] OOS calibration plot saved: /home_admin/crypto_bot/crypto_research/research_outputs/rsi/rsi_quantiles/ml/plots/direction_rsi_49pairs_20240401_20260531_oos_calibration.png (brier=0.2496 ece=0.0262 rows=38073)
2026-06-17 22:31:30 INFO crypto_research.ml_oos_paths: [ml] Weekday×pair summary plot saved: /home_admin/crypto_bot/crypto_research/research_outputs/rsi/rsi_quantiles/ml/plots/direction_rsi_49pairs_20240401_20260531_weekday_pair_summary.png (pairs=49 rows=38073)
2026-06-17 22:31:30 INFO crypto_research.ml_feature_predictive_plot: [ml] feature curve plot saved: /home_admin/crypto_bot/crypto_research/research_outputs/rsi/rsi_quantiles/ml/plots/direction_rsi_49pairs_20240401_20260531_rsi_predictive.png (rsi_pair_norm)
2026-06-17 22:31:32 INFO crypto_research.ml_oos_paths: [ml] Weekday×pair summary plot saved: /home_admin/crypto_bot/crypto_research/research_outputs/rsi/rsi_quantiles/ml/plots/direction_rsi_49pairs_20220101_20240401_weekday_pair_summary.png (pairs=49 rows=31917)
2026-06-17 22:31:32 INFO crypto_research.ml_oos_paths: [ml] ROC AUC comparison plot saved: /home_admin/crypto_bot/crypto_research/research_outputs/rsi/rsi_quantiles/ml/plots/direction_rsi_49pairs_20220101_20260531_roc_auc.png
2026-06-17 22:31:35 INFO crypto_research.ml_research: [ml] train/test metrics saved: /home_admin/crypto_bot/crypto_research/research_outputs/rsi/rsi_quantiles/ml/metrics/direction_rsi_49pairs_20220101_20260531_train_test.json
2026-06-17 22:41:35 INFO crypto_research.ml_research: [ml] log file: /home_admin/crypto_bot/crypto_research/research_outputs/rsi/rsi_quantiles/ml/direction_rsi_20220101_20260531.log
2026-06-17 22:41:35 INFO crypto_research.ml_dataset: [ml] pair filter: first_candle <= 2023-01-01 → 49 pairs
2026-06-17 22:41:51 INFO crypto_research.load: [1] Загрузка данных: пар=49 строк=46567998 ~1243.5 MB
2026-06-17 22:41:51 INFO crypto_research.load:   1000luncusdt: rows=656821 2022-12-31 .. 2024-04-01
2026-06-17 22:41:51 INFO crypto_research.load:   aaveusdt: rows=1182241 2022-01-01 .. 2024-04-01
2026-06-17 22:41:51 INFO crypto_research.load:   adausdt: rows=1182241 2022-01-01 .. 2024-04-01
2026-06-17 22:41:51 INFO crypto_research.load:   algousdt: rows=1182241 2022-01-01 .. 2024-04-01
2026-06-17 22:41:51 INFO crypto_research.load:   aliceusdt: rows=1182241 2022-01-01 .. 2024-04-01
2026-06-17 22:41:51 INFO crypto_research.load:   apeusdt: rows=656821 2022-12-31 .. 2024-04-01
2026-06-17 22:41:51 INFO crypto_research.load:   api3usdt: rows=1098270 2022-02-28 .. 2024-04-01
2026-06-17 22:41:51 INFO crypto_research.load:   aptusdt: rows=763033 2022-10-19 .. 2024-04-01
2026-06-17 22:41:51 INFO crypto_research.load:   atomusdt: rows=1182241 2022-01-01 .. 2024-04-01
2026-06-17 22:41:51 INFO crypto_research.load:   avaxusdt: rows=1182241 2022-01-01 .. 2024-04-01
2026-06-17 22:41:51 INFO crypto_research.load:   axsusdt: rows=656821 2022-12-31 .. 2024-04-01
2026-06-17 22:41:51 INFO crypto_research.load:   bchusdt: rows=1182241 2022-01-01 .. 2024-04-01
2026-06-17 22:41:51 INFO crypto_research.load:   bnbusdt: rows=1182241 2022-01-01 .. 2024-04-01
2026-06-17 22:41:51 INFO crypto_research.load:   btcusdt: rows=1182241 2022-01-01 .. 2024-04-01
2026-06-17 22:41:51 INFO crypto_research.load:   chzusdt: rows=656821 2022-12-31 .. 2024-04-01
2026-06-17 22:41:51 INFO crypto_research.load:   crvusdt: rows=1182241 2022-01-01 .. 2024-04-01
2026-06-17 22:41:51 INFO crypto_research.load:   dashusdt: rows=656821 2022-12-31 .. 2024-04-01
2026-06-17 22:41:51 INFO crypto_research.load:   dogeusdt: rows=1182241 2022-01-01 .. 2024-04-01
2026-06-17 22:41:51 INFO crypto_research.load:   dotusdt: rows=1182241 2022-01-01 .. 2024-04-01
2026-06-17 22:41:51 INFO crypto_research.load:   dydxusdt: rows=1182241 2022-01-01 .. 2024-04-01
2026-06-17 22:41:51 INFO crypto_research.load:   egldusdt: rows=656821 2022-12-31 .. 2024-04-01
2026-06-17 22:41:51 INFO crypto_research.load:   enjusdt: rows=1182241 2022-01-01 .. 2024-04-01
2026-06-17 22:41:51 INFO crypto_research.load:   etcusdt: rows=656821 2022-12-31 .. 2024-04-01
2026-06-17 22:41:51 INFO crypto_research.load:   ethusdt: rows=1182241 2022-01-01 .. 2024-04-01
2026-06-17 22:41:51 INFO crypto_research.load:   filusdt: rows=1182241 2022-01-01 .. 2024-04-01
2026-06-17 22:41:51 INFO crypto_research.load:   galausdt: rows=1182241 2022-01-01 .. 2024-04-01
2026-06-17 22:41:51 INFO crypto_research.load:   gmtusdt: rows=656821 2022-12-31 .. 2024-04-01
2026-06-17 22:41:51 INFO crypto_research.load:   hbarusdt: rows=656821 2022-12-31 .. 2024-04-01
2026-06-17 22:41:51 INFO crypto_research.load:   icpusdt: rows=656821 2022-12-31 .. 2024-04-01
2026-06-17 22:41:51 INFO crypto_research.load:   injusdt: rows=656821 2022-12-31 .. 2024-04-01
2026-06-17 22:41:51 INFO crypto_research.load:   ldousdt: rows=656821 2022-12-31 .. 2024-04-01
2026-06-17 22:41:51 INFO crypto_research.load:   linkusdt: rows=1182241 2022-01-01 .. 2024-04-01
2026-06-17 22:41:51 INFO crypto_research.load:   ltcusdt: rows=1182241 2022-01-01 .. 2024-04-01
2026-06-17 22:41:51 INFO crypto_research.load:   nearusdt: rows=1182241 2022-01-01 .. 2024-04-01
2026-06-17 22:41:51 INFO crypto_research.load:   ontusdt: rows=957048 2022-06-06 .. 2024-04-01
2026-06-17 22:41:51 INFO crypto_research.load:   opusdt: rows=656821 2022-12-31 .. 2024-04-01
2026-06-17 22:41:51 INFO crypto_research.load:   paxgusdt: rows=1076619 2022-03-15 .. 2024-04-01
2026-06-17 22:41:51 INFO crypto_research.load:   sandusdt: rows=656821 2022-12-31 .. 2024-04-01
2026-06-17 22:41:51 INFO crypto_research.load:   shib1000usdt: rows=656821 2022-12-31 .. 2024-04-01
2026-06-17 22:41:51 INFO crypto_research.load:   solusdt: rows=1182241 2022-01-01 .. 2024-04-01
2026-06-17 22:41:51 INFO crypto_research.load:   storjusdt: rows=656821 2022-12-31 .. 2024-04-01
2026-06-17 22:41:51 INFO crypto_research.load:   stxusdt: rows=656821 2022-12-31 .. 2024-04-01
2026-06-17 22:41:51 INFO crypto_research.load:   trxusdt: rows=656821 2022-12-31 .. 2024-04-01
2026-06-17 22:41:51 INFO crypto_research.load:   uniusdt: rows=1182241 2022-01-01 .. 2024-04-01
2026-06-17 22:41:51 INFO crypto_research.load:   xlmusdt: rows=656821 2022-12-31 .. 2024-04-01
2026-06-17 22:41:51 INFO crypto_research.load:   xmrusdt: rows=1162824 2022-01-14 .. 2024-04-01
2026-06-17 22:41:51 INFO crypto_research.load:   xrpusdt: rows=1182241 2022-01-01 .. 2024-04-01
2026-06-17 22:41:51 INFO crypto_research.load:   zecusdt: rows=1182241 2022-01-01 .. 2024-04-01
2026-06-17 22:41:51 INFO crypto_research.load:   zenusdt: rows=656821 2022-12-31 .. 2024-04-01
2026-06-17 22:41:53 INFO crypto_research.ml_dataset: [ml] pooled daily: pairs=49 rows=32407 period=2022-01-01..2024-04-01
2026-06-17 22:41:53 INFO crypto_research.ml_dataset: [ml] pair filter: first_candle <= 2023-01-01 → 49 pairs
2026-06-17 22:42:11 INFO crypto_research.load: [1] Загрузка данных: пар=49 строк=55515524 ~1482.4 MB
2026-06-17 22:42:11 INFO crypto_research.load:   1000luncusdt: rows=1133280 2024-04-01 .. 2026-05-27
2026-06-17 22:42:11 INFO crypto_research.load:   aaveusdt: rows=1132756 2024-04-01 .. 2026-05-27
2026-06-17 22:42:11 INFO crypto_research.load:   adausdt: rows=1132756 2024-04-01 .. 2026-05-27
2026-06-17 22:42:11 INFO crypto_research.load:   algousdt: rows=1132756 2024-04-01 .. 2026-05-27
2026-06-17 22:42:11 INFO crypto_research.load:   aliceusdt: rows=1132756 2024-04-01 .. 2026-05-27
2026-06-17 22:42:11 INFO crypto_research.load:   apeusdt: rows=1133280 2024-04-01 .. 2026-05-27
2026-06-17 22:42:11 INFO crypto_research.load:   api3usdt: rows=1132756 2024-04-01 .. 2026-05-27
2026-06-17 22:42:11 INFO crypto_research.load:   aptusdt: rows=1132756 2024-04-01 .. 2026-05-27
2026-06-17 22:42:11 INFO crypto_research.load:   atomusdt: rows=1132756 2024-04-01 .. 2026-05-27
2026-06-17 22:42:11 INFO crypto_research.load:   avaxusdt: rows=1132756 2024-04-01 .. 2026-05-27
2026-06-17 22:42:11 INFO crypto_research.load:   axsusdt: rows=1133280 2024-04-01 .. 2026-05-27
2026-06-17 22:42:11 INFO crypto_research.load:   bchusdt: rows=1132756 2024-04-01 .. 2026-05-27
2026-06-17 22:42:11 INFO crypto_research.load:   bnbusdt: rows=1132756 2024-04-01 .. 2026-05-27
2026-06-17 22:42:11 INFO crypto_research.load:   btcusdt: rows=1132756 2024-04-01 .. 2026-05-27
2026-06-17 22:42:11 INFO crypto_research.load:   chzusdt: rows=1133280 2024-04-01 .. 2026-05-27
2026-06-17 22:42:11 INFO crypto_research.load:   crvusdt: rows=1132756 2024-04-01 .. 2026-05-27
2026-06-17 22:42:11 INFO crypto_research.load:   dashusdt: rows=1133280 2024-04-01 .. 2026-05-27
2026-06-17 22:42:11 INFO crypto_research.load:   dogeusdt: rows=1132756 2024-04-01 .. 2026-05-27
2026-06-17 22:42:11 INFO crypto_research.load:   dotusdt: rows=1132756 2024-04-01 .. 2026-05-27
2026-06-17 22:42:11 INFO crypto_research.load:   dydxusdt: rows=1132756 2024-04-01 .. 2026-05-27
2026-06-17 22:42:11 INFO crypto_research.load:   egldusdt: rows=1133280 2024-04-01 .. 2026-05-27
2026-06-17 22:42:11 INFO crypto_research.load:   enjusdt: rows=1132756 2024-04-01 .. 2026-05-27
2026-06-17 22:42:11 INFO crypto_research.load:   etcusdt: rows=1133280 2024-04-01 .. 2026-05-27
2026-06-17 22:42:11 INFO crypto_research.load:   ethusdt: rows=1132756 2024-04-01 .. 2026-05-27
2026-06-17 22:42:11 INFO crypto_research.load:   filusdt: rows=1132756 2024-04-01 .. 2026-05-27
2026-06-17 22:42:11 INFO crypto_research.load:   galausdt: rows=1132756 2024-04-01 .. 2026-05-27
2026-06-17 22:42:11 INFO crypto_research.load:   gmtusdt: rows=1133280 2024-04-01 .. 2026-05-27
2026-06-17 22:42:11 INFO crypto_research.load:   hbarusdt: rows=1133280 2024-04-01 .. 2026-05-27
2026-06-17 22:42:11 INFO crypto_research.load:   icpusdt: rows=1133280 2024-04-01 .. 2026-05-27
2026-06-17 22:42:11 INFO crypto_research.load:   injusdt: rows=1133280 2024-04-01 .. 2026-05-27
2026-06-17 22:42:11 INFO crypto_research.load:   ldousdt: rows=1133280 2024-04-01 .. 2026-05-27
2026-06-17 22:42:11 INFO crypto_research.load:   linkusdt: rows=1132756 2024-04-01 .. 2026-05-27
2026-06-17 22:42:11 INFO crypto_research.load:   ltcusdt: rows=1132756 2024-04-01 .. 2026-05-27
2026-06-17 22:42:11 INFO crypto_research.load:   nearusdt: rows=1132756 2024-04-01 .. 2026-05-27
2026-06-17 22:42:11 INFO crypto_research.load:   ontusdt: rows=1132756 2024-04-01 .. 2026-05-27
2026-06-17 22:42:11 INFO crypto_research.load:   opusdt: rows=1133280 2024-04-01 .. 2026-05-27
2026-06-17 22:42:11 INFO crypto_research.load:   paxgusdt: rows=1132756 2024-04-01 .. 2026-05-27
2026-06-17 22:42:11 INFO crypto_research.load:   sandusdt: rows=1133280 2024-04-01 .. 2026-05-27
2026-06-17 22:42:11 INFO crypto_research.load:   shib1000usdt: rows=1133280 2024-04-01 .. 2026-05-27
2026-06-17 22:42:11 INFO crypto_research.load:   solusdt: rows=1132756 2024-04-01 .. 2026-05-27
2026-06-17 22:42:11 INFO crypto_research.load:   storjusdt: rows=1133280 2024-04-01 .. 2026-05-27
2026-06-17 22:42:11 INFO crypto_research.load:   stxusdt: rows=1133280 2024-04-01 .. 2026-05-27
2026-06-17 22:42:11 INFO crypto_research.load:   trxusdt: rows=1133280 2024-04-01 .. 2026-05-27
2026-06-17 22:42:11 INFO crypto_research.load:   uniusdt: rows=1132756 2024-04-01 .. 2026-05-27
2026-06-17 22:42:11 INFO crypto_research.load:   xlmusdt: rows=1133280 2024-04-01 .. 2026-05-27
2026-06-17 22:42:11 INFO crypto_research.load:   xmrusdt: rows=1132756 2024-04-01 .. 2026-05-27
2026-06-17 22:42:11 INFO crypto_research.load:   xrpusdt: rows=1132756 2024-04-01 .. 2026-05-27
2026-06-17 22:42:11 INFO crypto_research.load:   zecusdt: rows=1132756 2024-04-01 .. 2026-05-27
2026-06-17 22:42:11 INFO crypto_research.load:   zenusdt: rows=1133280 2024-04-01 .. 2026-05-27
2026-06-17 22:42:13 INFO crypto_research.ml_dataset: [ml] pooled daily: pairs=49 rows=38563 period=2024-04-01..2026-05-31
2026-06-17 22:42:13 INFO crypto_research.ml_numeric_features: [ml] bounds rsi_pair_norm: pairs=49
2026-06-17 22:42:13 INFO crypto_research.ml_dataset: [ml] rsi_pair_norm: min=-2.053 max=2.062 mean=-0.082
2026-06-17 22:42:13 INFO crypto_research.ml_dataset: [ml] dataset studies=['rsi_spreads_ml'] features=['pair_id', 'rsi_pair_norm'] rows=31917 pairs=49 up_rate=0.503
2026-06-17 22:42:13 INFO crypto_research.ml_dataset: [ml] rsi_pair_norm: min=-1.864 max=2.022 mean=-0.170
2026-06-17 22:42:13 INFO crypto_research.ml_dataset: [ml] dataset studies=['rsi_spreads_ml'] features=['pair_id', 'rsi_pair_norm'] rows=38073 pairs=49 up_rate=0.478
2026-06-17 22:42:13 INFO crypto_research.ml_research: Dataset columns (7): ['day_utc', 'pair', 'weekday', 'return_pct', 'direction_up', 'rsi_pair_norm', 'pair_id']
2026-06-17 22:42:13 INFO crypto_research.ml_research: Dataset head (50 rows):
shape: (50, 7)
┌─────────────────────────┬───────────┬─────────┬─────────────────────┬──────────────┬──────────────────────┬─────────┐
│ day_utc                 ┆ pair      ┆ weekday ┆ return_pct          ┆ direction_up ┆ rsi_pair_norm        ┆ pair_id │
│ ---                     ┆ ---       ┆ ---     ┆ ---                 ┆ ---          ┆ ---                  ┆ ---     │
│ datetime[μs, UTC]       ┆ str       ┆ i64     ┆ f64                 ┆ i8           ┆ f64                  ┆ cat     │
╞═════════════════════════╪═══════════╪═════════╪═════════════════════╪══════════════╪══════════════════════╪═════════╡
│ 2022-01-11 00:00:00 UTC ┆ aaveusdt  ┆ 1       ┆ 6.788570830975585   ┆ 1            ┆ -2.0308349872019544  ┆ 1       │
│ 2022-01-11 00:00:00 UTC ┆ adausdt   ┆ 1       ┆ 5.610469609646642   ┆ 1            ┆ -1.397337333734323   ┆ 2       │
│ 2022-01-11 00:00:00 UTC ┆ algousdt  ┆ 1       ┆ 6.162875219537939   ┆ 1            ┆ -1.1555181086904938  ┆ 3       │
│ 2022-01-11 00:00:00 UTC ┆ aliceusdt ┆ 1       ┆ 6.372554748620328   ┆ 1            ┆ -1.1690872562617576  ┆ 4       │
│ 2022-01-11 00:00:00 UTC ┆ atomusdt  ┆ 1       ┆ 2.1658734326592084  ┆ 1            ┆ 0.16000480407343476  ┆ 8       │
│ 2022-01-11 00:00:00 UTC ┆ avaxusdt  ┆ 1       ┆ 6.079645709640859   ┆ 1            ┆ -1.4200766493461732  ┆ 9       │
│ 2022-01-11 00:00:00 UTC ┆ bchusdt   ┆ 1       ┆ 1.6503920235081473  ┆ 1            ┆ -1.702198467363062   ┆ 11      │
│ 2022-01-11 00:00:00 UTC ┆ bnbusdt   ┆ 1       ┆ 8.94643908181283    ┆ 1            ┆ -1.7621478216658728  ┆ 12      │
│ 2022-01-11 00:00:00 UTC ┆ btcusdt   ┆ 1       ┆ 2.1347078380253057  ┆ 1            ┆ -1.7582515118565332  ┆ 13      │
│ 2022-01-11 00:00:00 UTC ┆ crvusdt   ┆ 1       ┆ 6.604863120110692   ┆ 1            ┆ -1.3205400031884917  ┆ 15      │
│ 2022-01-11 00:00:00 UTC ┆ dogeusdt  ┆ 1       ┆ 7.4825083300613295  ┆ 1            ┆ -1.927608334982597   ┆ 17      │
│ 2022-01-11 00:00:00 UTC ┆ dotusdt   ┆ 1       ┆ 7.7669907602688255  ┆ 1            ┆ -1.123426555186431   ┆ 18      │
│ 2022-01-11 00:00:00 UTC ┆ dydxusdt  ┆ 1       ┆ 11.616958575351276  ┆ 1            ┆ -1.842971082482642   ┆ 19      │
│ 2022-01-11 00:00:00 UTC ┆ enjusdt   ┆ 1       ┆ 6.766748877945984   ┆ 1            ┆ -0.8821390930325894  ┆ 21      │
│ 2022-01-11 00:00:00 UTC ┆ ethusdt   ┆ 1       ┆ 4.99675535366645    ┆ 1            ┆ -1.5061643629412935  ┆ 23      │
│ 2022-01-11 00:00:00 UTC ┆ filusdt   ┆ 1       ┆ 2.558639787916926   ┆ 1            ┆ -1.3131447629224229  ┆ 24      │
│ 2022-01-11 00:00:00 UTC ┆ galausdt  ┆ 1       ┆ 4.5285598312834034  ┆ 1            ┆ -1.4851751525926433  ┆ 25      │
│ 2022-01-11 00:00:00 UTC ┆ linkusdt  ┆ 1       ┆ -4.8351308490143445 ┆ 0            ┆ 1.6377231109811534   ┆ 31      │
│ 2022-01-11 00:00:00 UTC ┆ ltcusdt   ┆ 1       ┆ 3.9121133296431494  ┆ 1            ┆ -1.8083178460921738  ┆ 32      │
│ 2022-01-11 00:00:00 UTC ┆ nearusdt  ┆ 1       ┆ 16.609594484794073  ┆ 1            ┆ 0.048835974696927575 ┆ 33      │
│ 2022-01-11 00:00:00 UTC ┆ solusdt   ┆ 1       ┆ 3.238861758409968   ┆ 1            ┆ -1.6348706445915702  ┆ 39      │
│ 2022-01-11 00:00:00 UTC ┆ uniusdt   ┆ 1       ┆ 5.5257761549487565  ┆ 1            ┆ -0.8530792711270476  ┆ 43      │
│ 2022-01-11 00:00:00 UTC ┆ xrpusdt   ┆ 1       ┆ 4.099028860356283   ┆ 1            ┆ -1.5583462689840615  ┆ 46      │
│ 2022-01-11 00:00:00 UTC ┆ zecusdt   ┆ 1       ┆ 0.14174127540112447 ┆ 1            ┆ -0.657407839384771   ┆ 47      │
│ 2022-01-12 00:00:00 UTC ┆ aaveusdt  ┆ 2       ┆ 2.4396023250916063  ┆ 1            ┆ -1.306695141519008   ┆ 1       │
│ 2022-01-12 00:00:00 UTC ┆ adausdt   ┆ 2       ┆ 10.607978448037555  ┆ 1            ┆ -0.8673955767137441  ┆ 2       │
│ 2022-01-12 00:00:00 UTC ┆ algousdt  ┆ 2       ┆ 3.662748605325483   ┆ 1            ┆ -0.7597016316217354  ┆ 3       │
│ 2022-01-12 00:00:00 UTC ┆ aliceusdt ┆ 2       ┆ 5.9907796836614065  ┆ 1            ┆ -0.791490191507975   ┆ 4       │
│ 2022-01-12 00:00:00 UTC ┆ atomusdt  ┆ 2       ┆ 4.084793184828393   ┆ 1            ┆ 0.2481282040479178   ┆ 8       │
│ 2022-01-12 00:00:00 UTC ┆ avaxusdt  ┆ 2       ┆ 7.323204277438567   ┆ 1            ┆ -1.0177587961708219  ┆ 9       │
│ 2022-01-12 00:00:00 UTC ┆ bchusdt   ┆ 2       ┆ 3.8019263359895037  ┆ 1            ┆ -1.4603110831320198  ┆ 11      │
│ 2022-01-12 00:00:00 UTC ┆ bnbusdt   ┆ 2       ┆ 5.348460291734198   ┆ 1            ┆ -0.8408825481626779  ┆ 12      │
│ 2022-01-12 00:00:00 UTC ┆ btcusdt   ┆ 2       ┆ 2.7821036731730735  ┆ 1            ┆ -1.3085421773560837  ┆ 13      │
│ 2022-01-12 00:00:00 UTC ┆ crvusdt   ┆ 2       ┆ 6.543480967303586   ┆ 1            ┆ -0.9729826603218545  ┆ 15      │
│ 2022-01-12 00:00:00 UTC ┆ dogeusdt  ┆ 2       ┆ 5.790502269009695   ┆ 1            ┆ -0.8820958396160115  ┆ 17      │
│ 2022-01-12 00:00:00 UTC ┆ dotusdt   ┆ 2       ┆ 6.952603097495247   ┆ 1            ┆ -0.5377336176970129  ┆ 18      │
│ 2022-01-12 00:00:00 UTC ┆ dydxusdt  ┆ 2       ┆ 9.07172951919055    ┆ 1            ┆ -0.8706611737833426  ┆ 19      │
│ 2022-01-12 00:00:00 UTC ┆ enjusdt   ┆ 2       ┆ 9.17152872771021    ┆ 1            ┆ -0.5388349781357886  ┆ 21      │
│ 2022-01-12 00:00:00 UTC ┆ ethusdt   ┆ 2       ┆ 4.1270101615613415  ┆ 1            ┆ -1.0193781729503903  ┆ 23      │
│ 2022-01-12 00:00:00 UTC ┆ filusdt   ┆ 2       ┆ 6.4795526414993585  ┆ 1            ┆ -1.0984854895667544  ┆ 24      │
│ 2022-01-12 00:00:00 UTC ┆ galausdt  ┆ 2       ┆ 12.058270556129708  ┆ 1            ┆ -1.2275105467659482  ┆ 25      │
│ 2022-01-12 00:00:00 UTC ┆ linkusdt  ┆ 2       ┆ 0.544902469331899   ┆ 1            ┆ 1.0904229666528917   ┆ 31      │
│ 2022-01-12 00:00:00 UTC ┆ ltcusdt   ┆ 2       ┆ 7.909955501386672   ┆ 1            ┆ -1.1715444501975072  ┆ 32      │
│ 2022-01-12 00:00:00 UTC ┆ nearusdt  ┆ 2       ┆ -2.648192541410601  ┆ 0            ┆ 0.5002158957621297   ┆ 33      │
│ 2022-01-12 00:00:00 UTC ┆ solusdt   ┆ 2       ┆ 7.967916614444073   ┆ 1            ┆ -1.3546955595969155  ┆ 39      │
│ 2022-01-12 00:00:00 UTC ┆ uniusdt   ┆ 2       ┆ 2.050674877380246   ┆ 1            ┆ -0.4564481937876861  ┆ 43      │
│ 2022-01-12 00:00:00 UTC ┆ xrpusdt   ┆ 2       ┆ 3.7556812249168634  ┆ 1            ┆ -0.895764043172548   ┆ 46      │
│ 2022-01-12 00:00:00 UTC ┆ zecusdt   ┆ 2       ┆ 2.2292949953656693  ┆ 1            ┆ -0.6348166481588624  ┆ 47      │
│ 2022-01-13 00:00:00 UTC ┆ aaveusdt  ┆ 3       ┆ -4.282118544609961  ┆ 0            ┆ -1.0668205979331093  ┆ 1       │
│ 2022-01-13 00:00:00 UTC ┆ adausdt   ┆ 3       ┆ -6.137074598369567  ┆ 0            ┆ -0.14372469373572572 ┆ 2       │
└─────────────────────────┴───────────┴─────────┴─────────────────────┴──────────────┴──────────────────────┴─────────┘
2026-06-17 22:42:13 INFO crypto_research.ml_cpcv: [ml] X: shape=(31917, 2) columns=['pair_id', 'rsi_pair_norm'] dtypes={'pair_id': 'category', 'rsi_pair_norm': 'float64'}
2026-06-17 22:42:13 INFO crypto_research.ml_cpcv: [ml] X head (3 rows):
  pair_id  rsi_pair_norm
0       1      -2.030835
1       2      -1.397337
2       3      -1.155518
2026-06-17 22:42:13 INFO crypto_research.ml_cpcv: [ml] y (direction_up): shape=(31917,) dtype=int8 distribution={0: 15855, 1: 16062}
2026-06-17 22:42:13 INFO crypto_research.ml_cpcv: [ml] y head (3 values): [1, 1, 1]
2026-06-17 22:42:13 INFO crypto_research.ml_cpcv: [ml] CV: CombinatorialPurgedCV n_splits=7 n_test_groups=2 embargo_days=1 n_folds=C(7,2)=21 n_days=812
2026-06-17 22:42:13 INFO crypto_research.ml_cpcv: [ml] CV time range: 2022-01-11 00:00:00+00:00 .. 2024-04-01 00:00:00+00:00 (prediction_times=evaluation_times, purge=None)
2026-06-17 22:42:14 INFO crypto_research.ml_cpcv: [ml] CV day splits:
  fold1: train_days=579 test_days=232
  fold2: train_days=578 test_days=232
  fold3: train_days=578 test_days=232
  fold4: train_days=578 test_days=232
  fold5: train_days=578 test_days=232
  fold6: train_days=579 test_days=232
  fold7: train_days=579 test_days=232
  fold8: train_days=578 test_days=232
  fold9: train_days=578 test_days=232
  fold10: train_days=578 test_days=232
  fold11: train_days=579 test_days=232
  fold12: train_days=579 test_days=232
  fold13: train_days=578 test_days=232
  fold14: train_days=578 test_days=232
  fold15: train_days=579 test_days=232
  fold16: train_days=579 test_days=232
  fold17: train_days=578 test_days=232
  fold18: train_days=579 test_days=232
  fold19: train_days=579 test_days=232
  fold20: train_days=579 test_days=232
  fold21: train_days=580 test_days=232
2026-06-17 22:42:14 INFO crypto_research.ml_cpcv: [ml] fold 1/21 → model.fit: X_train=(25693, 2) y_train=(25693,) days=('2022-09-01 00:00:00+00:00', '2024-04-01 00:00:00+00:00') dist={0: 12646, 1: 13047}
2026-06-17 22:42:14 INFO crypto_research.ml_cpcv: [ml] fold 1/21 → model.predict: X_test=(6196, 2) y_test=(6196,) days=('2022-01-11 00:00:00+00:00', '2022-08-30 00:00:00+00:00') dist={0: 3197, 1: 2999}
2026-06-17 22:42:14 INFO crypto_research.ml_cpcv: [ml] fold 1 X_train head:
     pair_id  rsi_pair_norm
6224       1      -0.325285
6225       2      -0.405108
6226       3      -0.533941
2026-06-17 22:42:14 INFO crypto_research.ml_cpcv: [ml] fold 1 y_train head: [1, 1, 1]
2026-06-17 22:42:14 INFO crypto_research.ml_cpcv: [ml] fold 1 X_test head:
  pair_id  rsi_pair_norm
0       1      -2.030835
1       2      -1.397337
2       3      -1.155518
2026-06-17 22:42:14 INFO crypto_research.ml_cpcv: [ml] fold 1 y_test head: [1, 1, 1]
2026-06-17 22:42:14 INFO crypto_research.ml_cpcv: [ml] fold 1/21 train=25693 test=6196 acc=0.5163 auc=0.5384
2026-06-17 22:42:14 INFO crypto_research.ml_cpcv: [ml] fold 2/21 → model.fit: X_train=(25568, 2) y_train=(25568,) days=('2022-05-08 00:00:00+00:00', '2024-04-01 00:00:00+00:00') dist={0: 12559, 1: 13009}
2026-06-17 22:42:14 INFO crypto_research.ml_cpcv: [ml] fold 2/21 → model.predict: X_test=(6293, 2) y_test=(6293,) days=('2022-01-11 00:00:00+00:00', '2022-12-24 00:00:00+00:00') dist={0: 3251, 1: 3042}
2026-06-17 22:42:14 INFO crypto_research.ml_cpcv: [ml] fold 2/21 train=25568 test=6293 acc=0.4982 auc=0.5405
2026-06-17 22:42:14 INFO crypto_research.ml_cpcv: [ml] fold 3/21 → model.fit: X_train=(23489, 2) y_train=(23489,) days=('2022-05-08 00:00:00+00:00', '2024-04-01 00:00:00+00:00') dist={0: 11726, 1: 11763}
2026-06-17 22:42:14 INFO crypto_research.ml_cpcv: [ml] fold 3/21 → model.predict: X_test=(8352, 2) y_test=(8352,) days=('2022-01-11 00:00:00+00:00', '2023-04-19 00:00:00+00:00') dist={0: 4059, 1: 4293}
2026-06-17 22:42:14 INFO crypto_research.ml_cpcv: [ml] fold 3/21 train=23489 test=8352 acc=0.5074 auc=0.5090
2026-06-17 22:42:14 INFO crypto_research.ml_cpcv: [ml] fold 4/21 → model.fit: X_train=(23169, 2) y_train=(23169,) days=('2022-05-08 00:00:00+00:00', '2024-04-01 00:00:00+00:00') dist={0: 11297, 1: 11872}
2026-06-17 22:42:14 INFO crypto_research.ml_cpcv: [ml] fold 4/21 → model.predict: X_test=(8672, 2) y_test=(8672,) days=('2022-01-11 00:00:00+00:00', '2023-08-13 00:00:00+00:00') dist={0: 4512, 1: 4160}
2026-06-17 22:42:14 INFO crypto_research.ml_cpcv: [ml] fold 4/21 train=23169 test=8672 acc=0.4871 auc=0.5361
2026-06-17 22:42:14 INFO crypto_research.ml_cpcv: [ml] fold 5/21 → model.fit: X_train=(23169, 2) y_train=(23169,) days=('2022-05-08 00:00:00+00:00', '2024-04-01 00:00:00+00:00') dist={0: 11594, 1: 11575}
2026-06-17 22:42:14 INFO crypto_research.ml_cpcv: [ml] fold 5/21 → model.predict: X_test=(8672, 2) y_test=(8672,) days=('2022-01-11 00:00:00+00:00', '2023-12-07 00:00:00+00:00') dist={0: 4233, 1: 4439}
2026-06-17 22:42:14 INFO crypto_research.ml_cpcv: [ml] fold 5/21 train=23169 test=8672 acc=0.5099 auc=0.5131
2026-06-17 22:42:14 INFO crypto_research.ml_cpcv: [ml] fold 6/21 → model.fit: X_train=(23218, 2) y_train=(23218,) days=('2022-05-08 00:00:00+00:00', '2023-12-07 00:00:00+00:00') dist={0: 11587, 1: 11631}
2026-06-17 22:42:14 INFO crypto_research.ml_cpcv: [ml] fold 6/21 → model.predict: X_test=(8672, 2) y_test=(8672,) days=('2022-01-11 00:00:00+00:00', '2024-04-01 00:00:00+00:00') dist={0: 4243, 1: 4429}
2026-06-17 22:42:14 INFO crypto_research.ml_cpcv: [ml] fold 6/21 train=23218 test=8672 acc=0.5181 auc=0.5269
2026-06-17 22:42:14 INFO crypto_research.ml_cpcv: [ml] fold 7/21 → model.fit: X_train=(25375, 2) y_train=(25375,) days=('2022-01-11 00:00:00+00:00', '2024-04-01 00:00:00+00:00') dist={0: 12443, 1: 12932}
2026-06-17 22:42:14 INFO crypto_research.ml_cpcv: [ml] fold 7/21 → model.predict: X_test=(6513, 2) y_test=(6513,) days=('2022-05-07 00:00:00+00:00', '2022-12-24 00:00:00+00:00') dist={0: 3392, 1: 3121}
2026-06-17 22:42:14 INFO crypto_research.ml_cpcv: [ml] fold 7/21 train=25375 test=6513 acc=0.5008 auc=0.5405
2026-06-17 22:42:14 INFO crypto_research.ml_cpcv: [ml] fold 8/21 → model.fit: X_train=(23268, 2) y_train=(23268,) days=('2022-01-11 00:00:00+00:00', '2024-04-01 00:00:00+00:00') dist={0: 11598, 1: 11670}
2026-06-17 22:42:14 INFO crypto_research.ml_cpcv: [ml] fold 8/21 → model.predict: X_test=(8572, 2) y_test=(8572,) days=('2022-05-07 00:00:00+00:00', '2023-04-19 00:00:00+00:00') dist={0: 4200, 1: 4372}
2026-06-17 22:42:14 INFO crypto_research.ml_cpcv: [ml] fold 8/21 train=23268 test=8572 acc=0.5065 auc=0.5068
2026-06-17 22:42:14 INFO crypto_research.ml_cpcv: [ml] fold 9/21 → model.fit: X_train=(22948, 2) y_train=(22948,) days=('2022-01-11 00:00:00+00:00', '2024-04-01 00:00:00+00:00') dist={0: 11169, 1: 11779}
2026-06-17 22:42:14 INFO crypto_research.ml_cpcv: [ml] fold 9/21 → model.predict: X_test=(8892, 2) y_test=(8892,) days=('2022-05-07 00:00:00+00:00', '2023-08-13 00:00:00+00:00') dist={0: 4653, 1: 4239}
2026-06-17 22:42:14 INFO crypto_research.ml_cpcv: [ml] fold 9/21 train=22948 test=8892 acc=0.4834 auc=0.5442
2026-06-17 22:42:14 INFO crypto_research.ml_cpcv: [ml] fold 10/21 → model.fit: X_train=(22948, 2) y_train=(22948,) days=('2022-01-11 00:00:00+00:00', '2024-04-01 00:00:00+00:00') dist={0: 11466, 1: 11482}
2026-06-17 22:42:14 INFO crypto_research.ml_cpcv: [ml] fold 10/21 → model.predict: X_test=(8892, 2) y_test=(8892,) days=('2022-05-07 00:00:00+00:00', '2023-12-07 00:00:00+00:00') dist={0: 4374, 1: 4518}
2026-06-17 22:42:14 INFO crypto_research.ml_cpcv: [ml] fold 10/21 train=22948 test=8892 acc=0.5107 auc=0.5201
2026-06-17 22:42:14 INFO crypto_research.ml_cpcv: [ml] fold 11/21 → model.fit: X_train=(22997, 2) y_train=(22997,) days=('2022-01-11 00:00:00+00:00', '2023-12-07 00:00:00+00:00') dist={0: 11459, 1: 11538}
2026-06-17 22:42:14 INFO crypto_research.ml_cpcv: [ml] fold 11/21 → model.predict: X_test=(8892, 2) y_test=(8892,) days=('2022-05-07 00:00:00+00:00', '2024-04-01 00:00:00+00:00') dist={0: 4384, 1: 4508}
2026-06-17 22:42:14 INFO crypto_research.ml_cpcv: [ml] fold 11/21 train=22997 test=8892 acc=0.5142 auc=0.5234
2026-06-17 22:42:14 INFO crypto_research.ml_cpcv: [ml] fold 12/21 → model.fit: X_train=(23199, 2) y_train=(23199,) days=('2022-01-11 00:00:00+00:00', '2024-04-01 00:00:00+00:00') dist={0: 11556, 1: 11643}
2026-06-17 22:42:14 INFO crypto_research.ml_cpcv: [ml] fold 12/21 → model.predict: X_test=(8669, 2) y_test=(8669,) days=('2022-08-31 00:00:00+00:00', '2023-04-19 00:00:00+00:00') dist={0: 4254, 1: 4415}
2026-06-17 22:42:14 INFO crypto_research.ml_cpcv: [ml] fold 12/21 train=23199 test=8669 acc=0.5085 auc=0.5091
2026-06-17 22:42:14 INFO crypto_research.ml_cpcv: [ml] fold 13/21 → model.fit: X_train=(22850, 2) y_train=(22850,) days=('2022-01-11 00:00:00+00:00', '2024-04-01 00:00:00+00:00') dist={0: 11107, 1: 11743}
2026-06-17 22:42:14 INFO crypto_research.ml_cpcv: [ml] fold 13/21 → model.predict: X_test=(8989, 2) y_test=(8989,) days=('2022-08-31 00:00:00+00:00', '2023-08-13 00:00:00+00:00') dist={0: 4707, 1: 4282}
2026-06-17 22:42:14 INFO crypto_research.ml_cpcv: [ml] fold 13/21 train=22850 test=8989 acc=0.4817 auc=0.5353
2026-06-17 22:42:14 INFO crypto_research.ml_cpcv: [ml] fold 14/21 → model.fit: X_train=(22850, 2) y_train=(22850,) days=('2022-01-11 00:00:00+00:00', '2024-04-01 00:00:00+00:00') dist={0: 11404, 1: 11446}
2026-06-17 22:42:14 INFO crypto_research.ml_cpcv: [ml] fold 14/21 → model.predict: X_test=(8989, 2) y_test=(8989,) days=('2022-08-31 00:00:00+00:00', '2023-12-07 00:00:00+00:00') dist={0: 4428, 1: 4561}
2026-06-17 22:42:14 INFO crypto_research.ml_cpcv: [ml] fold 14/21 train=22850 test=8989 acc=0.5153 auc=0.5207
2026-06-17 22:42:14 INFO crypto_research.ml_cpcv: [ml] fold 15/21 → model.fit: X_train=(22899, 2) y_train=(22899,) days=('2022-01-11 00:00:00+00:00', '2023-12-07 00:00:00+00:00') dist={0: 11397, 1: 11502}
2026-06-17 22:42:14 INFO crypto_research.ml_cpcv: [ml] fold 15/21 → model.predict: X_test=(8989, 2) y_test=(8989,) days=('2022-08-31 00:00:00+00:00', '2024-04-01 00:00:00+00:00') dist={0: 4438, 1: 4551}
2026-06-17 22:42:14 INFO crypto_research.ml_cpcv: [ml] fold 15/21 train=22899 test=8989 acc=0.5189 auc=0.5219
2026-06-17 22:42:14 INFO crypto_research.ml_cpcv: [ml] fold 16/21 → model.fit: X_train=(20820, 2) y_train=(20820,) days=('2022-01-11 00:00:00+00:00', '2024-04-01 00:00:00+00:00') dist={0: 10319, 1: 10501}
2026-06-17 22:42:14 INFO crypto_research.ml_cpcv: [ml] fold 16/21 → model.predict: X_test=(11048, 2) y_test=(11048,) days=('2022-12-25 00:00:00+00:00', '2023-08-13 00:00:00+00:00') dist={0: 5515, 1: 5533}
2026-06-17 22:42:14 INFO crypto_research.ml_cpcv: [ml] fold 16/21 train=20820 test=11048 acc=0.5121 auc=0.5143
2026-06-17 22:42:14 INFO crypto_research.ml_cpcv: [ml] fold 17/21 → model.fit: X_train=(20771, 2) y_train=(20771,) days=('2022-01-11 00:00:00+00:00', '2024-04-01 00:00:00+00:00') dist={0: 10571, 1: 10200}
2026-06-17 22:42:14 INFO crypto_research.ml_cpcv: [ml] fold 17/21 → model.predict: X_test=(11048, 2) y_test=(11048,) days=('2022-12-25 00:00:00+00:00', '2023-12-07 00:00:00+00:00') dist={0: 5236, 1: 5812}
2026-06-17 22:42:14 INFO crypto_research.ml_cpcv: [ml] fold 17/21 train=20771 test=11048 acc=0.4798 auc=0.5063
2026-06-17 22:42:14 INFO crypto_research.ml_cpcv: [ml] fold 18/21 → model.fit: X_train=(20820, 2) y_train=(20820,) days=('2022-01-11 00:00:00+00:00', '2023-12-07 00:00:00+00:00') dist={0: 10564, 1: 10256}
2026-06-17 22:42:14 INFO crypto_research.ml_cpcv: [ml] fold 18/21 → model.predict: X_test=(11048, 2) y_test=(11048,) days=('2022-12-25 00:00:00+00:00', '2024-04-01 00:00:00+00:00') dist={0: 5246, 1: 5802}
2026-06-17 22:42:14 INFO crypto_research.ml_cpcv: [ml] fold 18/21 train=20820 test=11048 acc=0.4803 auc=0.5082
2026-06-17 22:42:15 INFO crypto_research.ml_cpcv: [ml] fold 19/21 → model.fit: X_train=(20500, 2) y_train=(20500,) days=('2022-01-11 00:00:00+00:00', '2024-04-01 00:00:00+00:00') dist={0: 10163, 1: 10337}
2026-06-17 22:42:15 INFO crypto_research.ml_cpcv: [ml] fold 19/21 → model.predict: X_test=(11368, 2) y_test=(11368,) days=('2023-04-20 00:00:00+00:00', '2023-12-07 00:00:00+00:00') dist={0: 5689, 1: 5679}
2026-06-17 22:42:15 INFO crypto_research.ml_cpcv: [ml] fold 19/21 train=20500 test=11368 acc=0.5224 auc=0.5321
2026-06-17 22:42:15 INFO crypto_research.ml_cpcv: [ml] fold 20/21 → model.fit: X_train=(20500, 2) y_train=(20500,) days=('2022-01-11 00:00:00+00:00', '2023-12-07 00:00:00+00:00') dist={0: 10135, 1: 10365}
2026-06-17 22:42:15 INFO crypto_research.ml_cpcv: [ml] fold 20/21 → model.predict: X_test=(11368, 2) y_test=(11368,) days=('2023-04-20 00:00:00+00:00', '2024-04-01 00:00:00+00:00') dist={0: 5699, 1: 5669}
2026-06-17 22:42:15 INFO crypto_research.ml_cpcv: [ml] fold 20/21 train=20500 test=11368 acc=0.5154 auc=0.5236
2026-06-17 22:42:15 INFO crypto_research.ml_cpcv: [ml] fold 21/21 → model.fit: X_train=(20549, 2) y_train=(20549,) days=('2022-01-11 00:00:00+00:00', '2023-08-13 00:00:00+00:00') dist={0: 10435, 1: 10114}
2026-06-17 22:42:15 INFO crypto_research.ml_cpcv: [ml] fold 21/21 → model.predict: X_test=(11368, 2) y_test=(11368,) days=('2023-08-14 00:00:00+00:00', '2024-04-01 00:00:00+00:00') dist={0: 5420, 1: 5948}
2026-06-17 22:42:15 INFO crypto_research.ml_cpcv: [ml] fold 21/21 train=20549 test=11368 acc=0.4916 auc=0.5145
2026-06-17 22:42:15 INFO crypto_research.ml_cpcv: [ml] CPCV mean: folds=21 acc=0.5037 logloss=0.6929 auc=0.5231
2026-06-17 22:42:15 INFO crypto_research.ml_cpcv: [ml] OOS paths: rows=31917 cols=[time_ns, y_prob, y_true] folds_merged=21
2026-06-17 22:42:15 INFO crypto_research.ml_cpcv: [ml] OOS calibration: brier=0.2498 ece=0.0097
2026-06-17 22:42:15 INFO crypto_research.ml_cpcv: [ml] OOS weekday Пн: n=4562 base_up=0.4908 pred_up=0.4890 acc=0.4713 logloss=0.6950 auc=0.4781
2026-06-17 22:42:15 INFO crypto_research.ml_cpcv: [ml] OOS weekday Вт: n=4557 base_up=0.5177 pred_up=0.4804 acc=0.5616 logloss=0.6878 auc=0.5841
2026-06-17 22:42:15 INFO crypto_research.ml_cpcv: [ml] OOS weekday Ср: n=4557 base_up=0.4955 pred_up=0.4931 acc=0.4845 logloss=0.6938 auc=0.4829
2026-06-17 22:42:15 INFO crypto_research.ml_cpcv: [ml] OOS weekday Чт: n=4559 base_up=0.4587 pred_up=0.4900 acc=0.4896 logloss=0.6954 auc=0.4849
2026-06-17 22:42:15 INFO crypto_research.ml_cpcv: [ml] OOS weekday Пт: n=4560 base_up=0.5610 pred_up=0.4980 acc=0.5072 logloss=0.6919 auc=0.5037
2026-06-17 22:42:15 INFO crypto_research.ml_cpcv: [ml] OOS weekday Сб: n=4561 base_up=0.5227 pred_up=0.5005 acc=0.5170 logloss=0.6924 auc=0.5247
2026-06-17 22:42:15 INFO crypto_research.ml_cpcv: [ml] OOS weekday Вс: n=4561 base_up=0.4764 pred_up=0.4894 acc=0.4889 logloss=0.6931 auc=0.4861
2026-06-17 22:42:16 INFO crypto_research.ml_oos_paths: [ml] OOS plot saved: /home_admin/crypto_bot/crypto_research/research_outputs/rsi/rsi_quantiles/ml/plots/direction_rsi_49pairs_20220101_20240401_oos_prob.png (weekdays=7 calendar_days=812 rows=31917)
2026-06-17 22:42:17 INFO crypto_research.ml_oos_paths: [ml] OOS calibration plot saved: /home_admin/crypto_bot/crypto_research/research_outputs/rsi/rsi_quantiles/ml/plots/direction_rsi_49pairs_20220101_20240401_oos_calibration.png (brier=0.2498 ece=0.0097 rows=31917)
2026-06-17 22:42:17 INFO crypto_research.ml_learning_curve: [ml] full train fit: rows=31917 n_estimators=12
2026-06-17 22:42:18 INFO crypto_research.ml_oos_paths: [ml] OOS plot saved: /home_admin/crypto_bot/crypto_research/research_outputs/rsi/rsi_quantiles/ml/plots/direction_rsi_49pairs_20240401_20260531_oos_prob.png (weekdays=7 calendar_days=777 rows=38073)
2026-06-17 22:42:19 INFO crypto_research.ml_oos_paths: [ml] OOS calibration plot saved: /home_admin/crypto_bot/crypto_research/research_outputs/rsi/rsi_quantiles/ml/plots/direction_rsi_49pairs_20240401_20260531_oos_calibration.png (brier=0.2496 ece=0.0262 rows=38073)
2026-06-17 22:42:20 INFO crypto_research.ml_oos_paths: [ml] Weekday×pair summary plot saved: /home_admin/crypto_bot/crypto_research/research_outputs/rsi/rsi_quantiles/ml/plots/direction_rsi_49pairs_20240401_20260531_weekday_pair_summary.png (pairs=49 rows=38073)
2026-06-17 22:42:21 INFO crypto_research.ml_feature_predictive_plot: [ml] feature curve plot saved: /home_admin/crypto_bot/crypto_research/research_outputs/rsi/rsi_quantiles/ml/plots/direction_rsi_49pairs_20240401_20260531_rsi_predictive.png (rsi_pair_norm)
2026-06-17 22:42:22 INFO crypto_research.ml_oos_paths: [ml] Weekday×pair summary plot saved: /home_admin/crypto_bot/crypto_research/research_outputs/rsi/rsi_quantiles/ml/plots/direction_rsi_49pairs_20220101_20240401_weekday_pair_summary.png (pairs=49 rows=31917)
2026-06-17 22:42:23 INFO crypto_research.ml_oos_paths: [ml] ROC AUC comparison plot saved: /home_admin/crypto_bot/crypto_research/research_outputs/rsi/rsi_quantiles/ml/plots/direction_rsi_49pairs_20220101_20260531_roc_auc.png
2026-06-17 22:42:26 INFO crypto_research.ml_research: [ml] train/test metrics saved: /home_admin/crypto_bot/crypto_research/research_outputs/rsi/rsi_quantiles/ml/metrics/direction_rsi_49pairs_20220101_20260531_train_test.json
2026-06-17 22:45:08 INFO crypto_research.ml_research: [ml] log file: /home_admin/crypto_bot/crypto_research/research_outputs/rsi/rsi_quantiles/ml/direction_rsi_20220101_20260531.log
2026-06-17 22:45:08 INFO crypto_research.ml_dataset: [ml] pair filter: first_candle <= 2023-01-01 → 49 pairs
2026-06-17 22:45:26 INFO crypto_research.load: [1] Загрузка данных: пар=49 строк=46567998 ~1243.5 MB
2026-06-17 22:45:26 INFO crypto_research.load:   1000luncusdt: rows=656821 2022-12-31 .. 2024-04-01
2026-06-17 22:45:26 INFO crypto_research.load:   aaveusdt: rows=1182241 2022-01-01 .. 2024-04-01
2026-06-17 22:45:26 INFO crypto_research.load:   adausdt: rows=1182241 2022-01-01 .. 2024-04-01
2026-06-17 22:45:26 INFO crypto_research.load:   algousdt: rows=1182241 2022-01-01 .. 2024-04-01
2026-06-17 22:45:26 INFO crypto_research.load:   aliceusdt: rows=1182241 2022-01-01 .. 2024-04-01
2026-06-17 22:45:26 INFO crypto_research.load:   apeusdt: rows=656821 2022-12-31 .. 2024-04-01
2026-06-17 22:45:26 INFO crypto_research.load:   api3usdt: rows=1098270 2022-02-28 .. 2024-04-01
2026-06-17 22:45:26 INFO crypto_research.load:   aptusdt: rows=763033 2022-10-19 .. 2024-04-01
2026-06-17 22:45:26 INFO crypto_research.load:   atomusdt: rows=1182241 2022-01-01 .. 2024-04-01
2026-06-17 22:45:26 INFO crypto_research.load:   avaxusdt: rows=1182241 2022-01-01 .. 2024-04-01
2026-06-17 22:45:26 INFO crypto_research.load:   axsusdt: rows=656821 2022-12-31 .. 2024-04-01
2026-06-17 22:45:26 INFO crypto_research.load:   bchusdt: rows=1182241 2022-01-01 .. 2024-04-01
2026-06-17 22:45:26 INFO crypto_research.load:   bnbusdt: rows=1182241 2022-01-01 .. 2024-04-01
2026-06-17 22:45:26 INFO crypto_research.load:   btcusdt: rows=1182241 2022-01-01 .. 2024-04-01
2026-06-17 22:45:26 INFO crypto_research.load:   chzusdt: rows=656821 2022-12-31 .. 2024-04-01
2026-06-17 22:45:26 INFO crypto_research.load:   crvusdt: rows=1182241 2022-01-01 .. 2024-04-01
2026-06-17 22:45:26 INFO crypto_research.load:   dashusdt: rows=656821 2022-12-31 .. 2024-04-01
2026-06-17 22:45:26 INFO crypto_research.load:   dogeusdt: rows=1182241 2022-01-01 .. 2024-04-01
2026-06-17 22:45:26 INFO crypto_research.load:   dotusdt: rows=1182241 2022-01-01 .. 2024-04-01
2026-06-17 22:45:26 INFO crypto_research.load:   dydxusdt: rows=1182241 2022-01-01 .. 2024-04-01
2026-06-17 22:45:26 INFO crypto_research.load:   egldusdt: rows=656821 2022-12-31 .. 2024-04-01
2026-06-17 22:45:26 INFO crypto_research.load:   enjusdt: rows=1182241 2022-01-01 .. 2024-04-01
2026-06-17 22:45:26 INFO crypto_research.load:   etcusdt: rows=656821 2022-12-31 .. 2024-04-01
2026-06-17 22:45:26 INFO crypto_research.load:   ethusdt: rows=1182241 2022-01-01 .. 2024-04-01
2026-06-17 22:45:26 INFO crypto_research.load:   filusdt: rows=1182241 2022-01-01 .. 2024-04-01
2026-06-17 22:45:26 INFO crypto_research.load:   galausdt: rows=1182241 2022-01-01 .. 2024-04-01
2026-06-17 22:45:26 INFO crypto_research.load:   gmtusdt: rows=656821 2022-12-31 .. 2024-04-01
2026-06-17 22:45:26 INFO crypto_research.load:   hbarusdt: rows=656821 2022-12-31 .. 2024-04-01
2026-06-17 22:45:26 INFO crypto_research.load:   icpusdt: rows=656821 2022-12-31 .. 2024-04-01
2026-06-17 22:45:26 INFO crypto_research.load:   injusdt: rows=656821 2022-12-31 .. 2024-04-01
2026-06-17 22:45:26 INFO crypto_research.load:   ldousdt: rows=656821 2022-12-31 .. 2024-04-01
2026-06-17 22:45:26 INFO crypto_research.load:   linkusdt: rows=1182241 2022-01-01 .. 2024-04-01
2026-06-17 22:45:26 INFO crypto_research.load:   ltcusdt: rows=1182241 2022-01-01 .. 2024-04-01
2026-06-17 22:45:26 INFO crypto_research.load:   nearusdt: rows=1182241 2022-01-01 .. 2024-04-01
2026-06-17 22:45:26 INFO crypto_research.load:   ontusdt: rows=957048 2022-06-06 .. 2024-04-01
2026-06-17 22:45:26 INFO crypto_research.load:   opusdt: rows=656821 2022-12-31 .. 2024-04-01
2026-06-17 22:45:26 INFO crypto_research.load:   paxgusdt: rows=1076619 2022-03-15 .. 2024-04-01
2026-06-17 22:45:26 INFO crypto_research.load:   sandusdt: rows=656821 2022-12-31 .. 2024-04-01
2026-06-17 22:45:26 INFO crypto_research.load:   shib1000usdt: rows=656821 2022-12-31 .. 2024-04-01
2026-06-17 22:45:26 INFO crypto_research.load:   solusdt: rows=1182241 2022-01-01 .. 2024-04-01
2026-06-17 22:45:26 INFO crypto_research.load:   storjusdt: rows=656821 2022-12-31 .. 2024-04-01
2026-06-17 22:45:26 INFO crypto_research.load:   stxusdt: rows=656821 2022-12-31 .. 2024-04-01
2026-06-17 22:45:26 INFO crypto_research.load:   trxusdt: rows=656821 2022-12-31 .. 2024-04-01
2026-06-17 22:45:26 INFO crypto_research.load:   uniusdt: rows=1182241 2022-01-01 .. 2024-04-01
2026-06-17 22:45:26 INFO crypto_research.load:   xlmusdt: rows=656821 2022-12-31 .. 2024-04-01
2026-06-17 22:45:26 INFO crypto_research.load:   xmrusdt: rows=1162824 2022-01-14 .. 2024-04-01
2026-06-17 22:45:26 INFO crypto_research.load:   xrpusdt: rows=1182241 2022-01-01 .. 2024-04-01
2026-06-17 22:45:26 INFO crypto_research.load:   zecusdt: rows=1182241 2022-01-01 .. 2024-04-01
2026-06-17 22:45:26 INFO crypto_research.load:   zenusdt: rows=656821 2022-12-31 .. 2024-04-01
2026-06-17 22:45:28 INFO crypto_research.ml_dataset: [ml] pooled daily: pairs=49 rows=32407 period=2022-01-01..2024-04-01
2026-06-17 22:45:28 INFO crypto_research.ml_dataset: [ml] pair filter: first_candle <= 2023-01-01 → 49 pairs
2026-06-17 22:45:50 INFO crypto_research.load: [1] Загрузка данных: пар=49 строк=55515524 ~1482.4 MB
2026-06-17 22:45:50 INFO crypto_research.load:   1000luncusdt: rows=1133280 2024-04-01 .. 2026-05-27
2026-06-17 22:45:50 INFO crypto_research.load:   aaveusdt: rows=1132756 2024-04-01 .. 2026-05-27
2026-06-17 22:45:50 INFO crypto_research.load:   adausdt: rows=1132756 2024-04-01 .. 2026-05-27
2026-06-17 22:45:50 INFO crypto_research.load:   algousdt: rows=1132756 2024-04-01 .. 2026-05-27
2026-06-17 22:45:50 INFO crypto_research.load:   aliceusdt: rows=1132756 2024-04-01 .. 2026-05-27
2026-06-17 22:45:50 INFO crypto_research.load:   apeusdt: rows=1133280 2024-04-01 .. 2026-05-27
2026-06-17 22:45:50 INFO crypto_research.load:   api3usdt: rows=1132756 2024-04-01 .. 2026-05-27
2026-06-17 22:45:50 INFO crypto_research.load:   aptusdt: rows=1132756 2024-04-01 .. 2026-05-27
2026-06-17 22:45:50 INFO crypto_research.load:   atomusdt: rows=1132756 2024-04-01 .. 2026-05-27
2026-06-17 22:45:50 INFO crypto_research.load:   avaxusdt: rows=1132756 2024-04-01 .. 2026-05-27
2026-06-17 22:45:50 INFO crypto_research.load:   axsusdt: rows=1133280 2024-04-01 .. 2026-05-27
2026-06-17 22:45:50 INFO crypto_research.load:   bchusdt: rows=1132756 2024-04-01 .. 2026-05-27
2026-06-17 22:45:50 INFO crypto_research.load:   bnbusdt: rows=1132756 2024-04-01 .. 2026-05-27
2026-06-17 22:45:50 INFO crypto_research.load:   btcusdt: rows=1132756 2024-04-01 .. 2026-05-27
2026-06-17 22:45:50 INFO crypto_research.load:   chzusdt: rows=1133280 2024-04-01 .. 2026-05-27
2026-06-17 22:45:50 INFO crypto_research.load:   crvusdt: rows=1132756 2024-04-01 .. 2026-05-27
2026-06-17 22:45:50 INFO crypto_research.load:   dashusdt: rows=1133280 2024-04-01 .. 2026-05-27
2026-06-17 22:45:50 INFO crypto_research.load:   dogeusdt: rows=1132756 2024-04-01 .. 2026-05-27
2026-06-17 22:45:50 INFO crypto_research.load:   dotusdt: rows=1132756 2024-04-01 .. 2026-05-27
2026-06-17 22:45:50 INFO crypto_research.load:   dydxusdt: rows=1132756 2024-04-01 .. 2026-05-27
2026-06-17 22:45:50 INFO crypto_research.load:   egldusdt: rows=1133280 2024-04-01 .. 2026-05-27
2026-06-17 22:45:50 INFO crypto_research.load:   enjusdt: rows=1132756 2024-04-01 .. 2026-05-27
2026-06-17 22:45:50 INFO crypto_research.load:   etcusdt: rows=1133280 2024-04-01 .. 2026-05-27
2026-06-17 22:45:50 INFO crypto_research.load:   ethusdt: rows=1132756 2024-04-01 .. 2026-05-27
2026-06-17 22:45:50 INFO crypto_research.load:   filusdt: rows=1132756 2024-04-01 .. 2026-05-27
2026-06-17 22:45:50 INFO crypto_research.load:   galausdt: rows=1132756 2024-04-01 .. 2026-05-27
2026-06-17 22:45:50 INFO crypto_research.load:   gmtusdt: rows=1133280 2024-04-01 .. 2026-05-27
2026-06-17 22:45:50 INFO crypto_research.load:   hbarusdt: rows=1133280 2024-04-01 .. 2026-05-27
2026-06-17 22:45:50 INFO crypto_research.load:   icpusdt: rows=1133280 2024-04-01 .. 2026-05-27
2026-06-17 22:45:50 INFO crypto_research.load:   injusdt: rows=1133280 2024-04-01 .. 2026-05-27
2026-06-17 22:45:50 INFO crypto_research.load:   ldousdt: rows=1133280 2024-04-01 .. 2026-05-27
2026-06-17 22:45:50 INFO crypto_research.load:   linkusdt: rows=1132756 2024-04-01 .. 2026-05-27
2026-06-17 22:45:50 INFO crypto_research.load:   ltcusdt: rows=1132756 2024-04-01 .. 2026-05-27
2026-06-17 22:45:50 INFO crypto_research.load:   nearusdt: rows=1132756 2024-04-01 .. 2026-05-27
2026-06-17 22:45:50 INFO crypto_research.load:   ontusdt: rows=1132756 2024-04-01 .. 2026-05-27
2026-06-17 22:45:50 INFO crypto_research.load:   opusdt: rows=1133280 2024-04-01 .. 2026-05-27
2026-06-17 22:45:50 INFO crypto_research.load:   paxgusdt: rows=1132756 2024-04-01 .. 2026-05-27
2026-06-17 22:45:50 INFO crypto_research.load:   sandusdt: rows=1133280 2024-04-01 .. 2026-05-27
2026-06-17 22:45:50 INFO crypto_research.load:   shib1000usdt: rows=1133280 2024-04-01 .. 2026-05-27
2026-06-17 22:45:50 INFO crypto_research.load:   solusdt: rows=1132756 2024-04-01 .. 2026-05-27
2026-06-17 22:45:50 INFO crypto_research.load:   storjusdt: rows=1133280 2024-04-01 .. 2026-05-27
2026-06-17 22:45:50 INFO crypto_research.load:   stxusdt: rows=1133280 2024-04-01 .. 2026-05-27
2026-06-17 22:45:50 INFO crypto_research.load:   trxusdt: rows=1133280 2024-04-01 .. 2026-05-27
2026-06-17 22:45:50 INFO crypto_research.load:   uniusdt: rows=1132756 2024-04-01 .. 2026-05-27
2026-06-17 22:45:50 INFO crypto_research.load:   xlmusdt: rows=1133280 2024-04-01 .. 2026-05-27
2026-06-17 22:45:50 INFO crypto_research.load:   xmrusdt: rows=1132756 2024-04-01 .. 2026-05-27
2026-06-17 22:45:50 INFO crypto_research.load:   xrpusdt: rows=1132756 2024-04-01 .. 2026-05-27
2026-06-17 22:45:50 INFO crypto_research.load:   zecusdt: rows=1132756 2024-04-01 .. 2026-05-27
2026-06-17 22:45:50 INFO crypto_research.load:   zenusdt: rows=1133280 2024-04-01 .. 2026-05-27
2026-06-17 22:45:52 INFO crypto_research.ml_dataset: [ml] pooled daily: pairs=49 rows=38563 period=2024-04-01..2026-05-31
2026-06-17 22:45:52 INFO crypto_research.ml_numeric_features: [ml] bounds rsi_pair_norm: pairs=49
2026-06-17 22:45:52 INFO crypto_research.ml_dataset: [ml] rsi_pair_norm: min=-2.053 max=2.062 mean=-0.082
2026-06-17 22:45:52 INFO crypto_research.ml_dataset: [ml] dataset studies=['rsi_spreads_ml'] features=['pair_id', 'rsi_pair_norm'] rows=31917 pairs=49 up_rate=0.503
2026-06-17 22:45:52 INFO crypto_research.ml_dataset: [ml] rsi_pair_norm: min=-1.864 max=2.022 mean=-0.170
2026-06-17 22:45:52 INFO crypto_research.ml_dataset: [ml] dataset studies=['rsi_spreads_ml'] features=['pair_id', 'rsi_pair_norm'] rows=38073 pairs=49 up_rate=0.478
2026-06-17 22:45:52 INFO crypto_research.ml_research: Dataset columns (7): ['day_utc', 'pair', 'weekday', 'return_pct', 'direction_up', 'rsi_pair_norm', 'pair_id']
2026-06-17 22:45:52 INFO crypto_research.ml_research: Dataset head (50 rows):
shape: (50, 7)
┌─────────────────────────┬───────────┬─────────┬─────────────────────┬──────────────┬──────────────────────┬─────────┐
│ day_utc                 ┆ pair      ┆ weekday ┆ return_pct          ┆ direction_up ┆ rsi_pair_norm        ┆ pair_id │
│ ---                     ┆ ---       ┆ ---     ┆ ---                 ┆ ---          ┆ ---                  ┆ ---     │
│ datetime[μs, UTC]       ┆ str       ┆ i64     ┆ f64                 ┆ i8           ┆ f64                  ┆ cat     │
╞═════════════════════════╪═══════════╪═════════╪═════════════════════╪══════════════╪══════════════════════╪═════════╡
│ 2022-01-11 00:00:00 UTC ┆ aaveusdt  ┆ 1       ┆ 6.788570830975585   ┆ 1            ┆ -2.0308349872019544  ┆ 1       │
│ 2022-01-11 00:00:00 UTC ┆ adausdt   ┆ 1       ┆ 5.610469609646642   ┆ 1            ┆ -1.397337333734323   ┆ 2       │
│ 2022-01-11 00:00:00 UTC ┆ algousdt  ┆ 1       ┆ 6.162875219537939   ┆ 1            ┆ -1.1555181086904938  ┆ 3       │
│ 2022-01-11 00:00:00 UTC ┆ aliceusdt ┆ 1       ┆ 6.372554748620328   ┆ 1            ┆ -1.1690872562617576  ┆ 4       │
│ 2022-01-11 00:00:00 UTC ┆ atomusdt  ┆ 1       ┆ 2.1658734326592084  ┆ 1            ┆ 0.16000480407343476  ┆ 8       │
│ 2022-01-11 00:00:00 UTC ┆ avaxusdt  ┆ 1       ┆ 6.079645709640859   ┆ 1            ┆ -1.4200766493461732  ┆ 9       │
│ 2022-01-11 00:00:00 UTC ┆ bchusdt   ┆ 1       ┆ 1.6503920235081473  ┆ 1            ┆ -1.702198467363062   ┆ 11      │
│ 2022-01-11 00:00:00 UTC ┆ bnbusdt   ┆ 1       ┆ 8.94643908181283    ┆ 1            ┆ -1.7621478216658728  ┆ 12      │
│ 2022-01-11 00:00:00 UTC ┆ btcusdt   ┆ 1       ┆ 2.1347078380253057  ┆ 1            ┆ -1.7582515118565332  ┆ 13      │
│ 2022-01-11 00:00:00 UTC ┆ crvusdt   ┆ 1       ┆ 6.604863120110692   ┆ 1            ┆ -1.3205400031884917  ┆ 15      │
│ 2022-01-11 00:00:00 UTC ┆ dogeusdt  ┆ 1       ┆ 7.4825083300613295  ┆ 1            ┆ -1.927608334982597   ┆ 17      │
│ 2022-01-11 00:00:00 UTC ┆ dotusdt   ┆ 1       ┆ 7.7669907602688255  ┆ 1            ┆ -1.123426555186431   ┆ 18      │
│ 2022-01-11 00:00:00 UTC ┆ dydxusdt  ┆ 1       ┆ 11.616958575351276  ┆ 1            ┆ -1.842971082482642   ┆ 19      │
│ 2022-01-11 00:00:00 UTC ┆ enjusdt   ┆ 1       ┆ 6.766748877945984   ┆ 1            ┆ -0.8821390930325894  ┆ 21      │
│ 2022-01-11 00:00:00 UTC ┆ ethusdt   ┆ 1       ┆ 4.99675535366645    ┆ 1            ┆ -1.5061643629412935  ┆ 23      │
│ 2022-01-11 00:00:00 UTC ┆ filusdt   ┆ 1       ┆ 2.558639787916926   ┆ 1            ┆ -1.3131447629224229  ┆ 24      │
│ 2022-01-11 00:00:00 UTC ┆ galausdt  ┆ 1       ┆ 4.5285598312834034  ┆ 1            ┆ -1.4851751525926433  ┆ 25      │
│ 2022-01-11 00:00:00 UTC ┆ linkusdt  ┆ 1       ┆ -4.8351308490143445 ┆ 0            ┆ 1.6377231109811534   ┆ 31      │
│ 2022-01-11 00:00:00 UTC ┆ ltcusdt   ┆ 1       ┆ 3.9121133296431494  ┆ 1            ┆ -1.8083178460921738  ┆ 32      │
│ 2022-01-11 00:00:00 UTC ┆ nearusdt  ┆ 1       ┆ 16.609594484794073  ┆ 1            ┆ 0.048835974696927575 ┆ 33      │
│ 2022-01-11 00:00:00 UTC ┆ solusdt   ┆ 1       ┆ 3.238861758409968   ┆ 1            ┆ -1.6348706445915702  ┆ 39      │
│ 2022-01-11 00:00:00 UTC ┆ uniusdt   ┆ 1       ┆ 5.5257761549487565  ┆ 1            ┆ -0.8530792711270476  ┆ 43      │
│ 2022-01-11 00:00:00 UTC ┆ xrpusdt   ┆ 1       ┆ 4.099028860356283   ┆ 1            ┆ -1.5583462689840615  ┆ 46      │
│ 2022-01-11 00:00:00 UTC ┆ zecusdt   ┆ 1       ┆ 0.14174127540112447 ┆ 1            ┆ -0.657407839384771   ┆ 47      │
│ 2022-01-12 00:00:00 UTC ┆ aaveusdt  ┆ 2       ┆ 2.4396023250916063  ┆ 1            ┆ -1.306695141519008   ┆ 1       │
│ 2022-01-12 00:00:00 UTC ┆ adausdt   ┆ 2       ┆ 10.607978448037555  ┆ 1            ┆ -0.8673955767137441  ┆ 2       │
│ 2022-01-12 00:00:00 UTC ┆ algousdt  ┆ 2       ┆ 3.662748605325483   ┆ 1            ┆ -0.7597016316217354  ┆ 3       │
│ 2022-01-12 00:00:00 UTC ┆ aliceusdt ┆ 2       ┆ 5.9907796836614065  ┆ 1            ┆ -0.791490191507975   ┆ 4       │
│ 2022-01-12 00:00:00 UTC ┆ atomusdt  ┆ 2       ┆ 4.084793184828393   ┆ 1            ┆ 0.2481282040479178   ┆ 8       │
│ 2022-01-12 00:00:00 UTC ┆ avaxusdt  ┆ 2       ┆ 7.323204277438567   ┆ 1            ┆ -1.0177587961708219  ┆ 9       │
│ 2022-01-12 00:00:00 UTC ┆ bchusdt   ┆ 2       ┆ 3.8019263359895037  ┆ 1            ┆ -1.4603110831320198  ┆ 11      │
│ 2022-01-12 00:00:00 UTC ┆ bnbusdt   ┆ 2       ┆ 5.348460291734198   ┆ 1            ┆ -0.8408825481626779  ┆ 12      │
│ 2022-01-12 00:00:00 UTC ┆ btcusdt   ┆ 2       ┆ 2.7821036731730735  ┆ 1            ┆ -1.3085421773560837  ┆ 13      │
│ 2022-01-12 00:00:00 UTC ┆ crvusdt   ┆ 2       ┆ 6.543480967303586   ┆ 1            ┆ -0.9729826603218545  ┆ 15      │
│ 2022-01-12 00:00:00 UTC ┆ dogeusdt  ┆ 2       ┆ 5.790502269009695   ┆ 1            ┆ -0.8820958396160115  ┆ 17      │
│ 2022-01-12 00:00:00 UTC ┆ dotusdt   ┆ 2       ┆ 6.952603097495247   ┆ 1            ┆ -0.5377336176970129  ┆ 18      │
│ 2022-01-12 00:00:00 UTC ┆ dydxusdt  ┆ 2       ┆ 9.07172951919055    ┆ 1            ┆ -0.8706611737833426  ┆ 19      │
│ 2022-01-12 00:00:00 UTC ┆ enjusdt   ┆ 2       ┆ 9.17152872771021    ┆ 1            ┆ -0.5388349781357886  ┆ 21      │
│ 2022-01-12 00:00:00 UTC ┆ ethusdt   ┆ 2       ┆ 4.1270101615613415  ┆ 1            ┆ -1.0193781729503903  ┆ 23      │
│ 2022-01-12 00:00:00 UTC ┆ filusdt   ┆ 2       ┆ 6.4795526414993585  ┆ 1            ┆ -1.0984854895667544  ┆ 24      │
│ 2022-01-12 00:00:00 UTC ┆ galausdt  ┆ 2       ┆ 12.058270556129708  ┆ 1            ┆ -1.2275105467659482  ┆ 25      │
│ 2022-01-12 00:00:00 UTC ┆ linkusdt  ┆ 2       ┆ 0.544902469331899   ┆ 1            ┆ 1.0904229666528917   ┆ 31      │
│ 2022-01-12 00:00:00 UTC ┆ ltcusdt   ┆ 2       ┆ 7.909955501386672   ┆ 1            ┆ -1.1715444501975072  ┆ 32      │
│ 2022-01-12 00:00:00 UTC ┆ nearusdt  ┆ 2       ┆ -2.648192541410601  ┆ 0            ┆ 0.5002158957621297   ┆ 33      │
│ 2022-01-12 00:00:00 UTC ┆ solusdt   ┆ 2       ┆ 7.967916614444073   ┆ 1            ┆ -1.3546955595969155  ┆ 39      │
│ 2022-01-12 00:00:00 UTC ┆ uniusdt   ┆ 2       ┆ 2.050674877380246   ┆ 1            ┆ -0.4564481937876861  ┆ 43      │
│ 2022-01-12 00:00:00 UTC ┆ xrpusdt   ┆ 2       ┆ 3.7556812249168634  ┆ 1            ┆ -0.895764043172548   ┆ 46      │
│ 2022-01-12 00:00:00 UTC ┆ zecusdt   ┆ 2       ┆ 2.2292949953656693  ┆ 1            ┆ -0.6348166481588624  ┆ 47      │
│ 2022-01-13 00:00:00 UTC ┆ aaveusdt  ┆ 3       ┆ -4.282118544609961  ┆ 0            ┆ -1.0668205979331093  ┆ 1       │
│ 2022-01-13 00:00:00 UTC ┆ adausdt   ┆ 3       ┆ -6.137074598369567  ┆ 0            ┆ -0.14372469373572572 ┆ 2       │
└─────────────────────────┴───────────┴─────────┴─────────────────────┴──────────────┴──────────────────────┴─────────┘
2026-06-17 22:45:52 INFO crypto_research.ml_cpcv: [ml] X: shape=(31917, 2) columns=['pair_id', 'rsi_pair_norm'] dtypes={'pair_id': 'category', 'rsi_pair_norm': 'float64'}
2026-06-17 22:45:52 INFO crypto_research.ml_cpcv: [ml] X head (3 rows):
  pair_id  rsi_pair_norm
0       1      -2.030835
1       2      -1.397337
2       3      -1.155518
2026-06-17 22:45:52 INFO crypto_research.ml_cpcv: [ml] y (direction_up): shape=(31917,) dtype=int8 distribution={0: 15855, 1: 16062}
2026-06-17 22:45:52 INFO crypto_research.ml_cpcv: [ml] y head (3 values): [1, 1, 1]
2026-06-17 22:45:52 INFO crypto_research.ml_cpcv: [ml] CV: CombinatorialPurgedCV n_splits=7 n_test_groups=2 embargo_days=1 n_folds=C(7,2)=21 n_days=812
2026-06-17 22:45:52 INFO crypto_research.ml_cpcv: [ml] CV time range: 2022-01-11 00:00:00+00:00 .. 2024-04-01 00:00:00+00:00 (prediction_times=evaluation_times, purge=None)
2026-06-17 22:45:53 INFO crypto_research.ml_cpcv: [ml] CV day splits:
  fold1: train_days=579 test_days=232
  fold2: train_days=578 test_days=232
  fold3: train_days=578 test_days=232
  fold4: train_days=578 test_days=232
  fold5: train_days=578 test_days=232
  fold6: train_days=579 test_days=232
  fold7: train_days=579 test_days=232
  fold8: train_days=578 test_days=232
  fold9: train_days=578 test_days=232
  fold10: train_days=578 test_days=232
  fold11: train_days=579 test_days=232
  fold12: train_days=579 test_days=232
  fold13: train_days=578 test_days=232
  fold14: train_days=578 test_days=232
  fold15: train_days=579 test_days=232
  fold16: train_days=579 test_days=232
  fold17: train_days=578 test_days=232
  fold18: train_days=579 test_days=232
  fold19: train_days=579 test_days=232
  fold20: train_days=579 test_days=232
  fold21: train_days=580 test_days=232
2026-06-17 22:45:53 INFO crypto_research.ml_cpcv: [ml] fold 1/21 → model.fit: X_train=(25693, 2) y_train=(25693,) days=('2022-09-01 00:00:00+00:00', '2024-04-01 00:00:00+00:00') dist={0: 12646, 1: 13047}
2026-06-17 22:45:53 INFO crypto_research.ml_cpcv: [ml] fold 1/21 → model.predict: X_test=(6196, 2) y_test=(6196,) days=('2022-01-11 00:00:00+00:00', '2022-08-30 00:00:00+00:00') dist={0: 3197, 1: 2999}
2026-06-17 22:45:53 INFO crypto_research.ml_cpcv: [ml] fold 1 X_train head:
     pair_id  rsi_pair_norm
6224       1      -0.325285
6225       2      -0.405108
6226       3      -0.533941
2026-06-17 22:45:53 INFO crypto_research.ml_cpcv: [ml] fold 1 y_train head: [1, 1, 1]
2026-06-17 22:45:53 INFO crypto_research.ml_cpcv: [ml] fold 1 X_test head:
  pair_id  rsi_pair_norm
0       1      -2.030835
1       2      -1.397337
2       3      -1.155518
2026-06-17 22:45:53 INFO crypto_research.ml_cpcv: [ml] fold 1 y_test head: [1, 1, 1]
2026-06-17 22:45:53 INFO crypto_research.ml_cpcv: [ml] fold 1/21 train=25693 test=6196 acc=0.5163 auc=0.5384
2026-06-17 22:45:53 INFO crypto_research.ml_cpcv: [ml] fold 2/21 → model.fit: X_train=(25568, 2) y_train=(25568,) days=('2022-05-08 00:00:00+00:00', '2024-04-01 00:00:00+00:00') dist={0: 12559, 1: 13009}
2026-06-17 22:45:53 INFO crypto_research.ml_cpcv: [ml] fold 2/21 → model.predict: X_test=(6293, 2) y_test=(6293,) days=('2022-01-11 00:00:00+00:00', '2022-12-24 00:00:00+00:00') dist={0: 3251, 1: 3042}
2026-06-17 22:45:53 INFO crypto_research.ml_cpcv: [ml] fold 2/21 train=25568 test=6293 acc=0.4982 auc=0.5405
2026-06-17 22:45:53 INFO crypto_research.ml_cpcv: [ml] fold 3/21 → model.fit: X_train=(23489, 2) y_train=(23489,) days=('2022-05-08 00:00:00+00:00', '2024-04-01 00:00:00+00:00') dist={0: 11726, 1: 11763}
2026-06-17 22:45:53 INFO crypto_research.ml_cpcv: [ml] fold 3/21 → model.predict: X_test=(8352, 2) y_test=(8352,) days=('2022-01-11 00:00:00+00:00', '2023-04-19 00:00:00+00:00') dist={0: 4059, 1: 4293}
2026-06-17 22:45:53 INFO crypto_research.ml_cpcv: [ml] fold 3/21 train=23489 test=8352 acc=0.5074 auc=0.5090
2026-06-17 22:45:53 INFO crypto_research.ml_cpcv: [ml] fold 4/21 → model.fit: X_train=(23169, 2) y_train=(23169,) days=('2022-05-08 00:00:00+00:00', '2024-04-01 00:00:00+00:00') dist={0: 11297, 1: 11872}
2026-06-17 22:45:53 INFO crypto_research.ml_cpcv: [ml] fold 4/21 → model.predict: X_test=(8672, 2) y_test=(8672,) days=('2022-01-11 00:00:00+00:00', '2023-08-13 00:00:00+00:00') dist={0: 4512, 1: 4160}
2026-06-17 22:45:53 INFO crypto_research.ml_cpcv: [ml] fold 4/21 train=23169 test=8672 acc=0.4871 auc=0.5361
2026-06-17 22:45:53 INFO crypto_research.ml_cpcv: [ml] fold 5/21 → model.fit: X_train=(23169, 2) y_train=(23169,) days=('2022-05-08 00:00:00+00:00', '2024-04-01 00:00:00+00:00') dist={0: 11594, 1: 11575}
2026-06-17 22:45:53 INFO crypto_research.ml_cpcv: [ml] fold 5/21 → model.predict: X_test=(8672, 2) y_test=(8672,) days=('2022-01-11 00:00:00+00:00', '2023-12-07 00:00:00+00:00') dist={0: 4233, 1: 4439}
2026-06-17 22:45:53 INFO crypto_research.ml_cpcv: [ml] fold 5/21 train=23169 test=8672 acc=0.5099 auc=0.5131
2026-06-17 22:45:53 INFO crypto_research.ml_cpcv: [ml] fold 6/21 → model.fit: X_train=(23218, 2) y_train=(23218,) days=('2022-05-08 00:00:00+00:00', '2023-12-07 00:00:00+00:00') dist={0: 11587, 1: 11631}
2026-06-17 22:45:53 INFO crypto_research.ml_cpcv: [ml] fold 6/21 → model.predict: X_test=(8672, 2) y_test=(8672,) days=('2022-01-11 00:00:00+00:00', '2024-04-01 00:00:00+00:00') dist={0: 4243, 1: 4429}
2026-06-17 22:45:53 INFO crypto_research.ml_cpcv: [ml] fold 6/21 train=23218 test=8672 acc=0.5181 auc=0.5269
2026-06-17 22:45:53 INFO crypto_research.ml_cpcv: [ml] fold 7/21 → model.fit: X_train=(25375, 2) y_train=(25375,) days=('2022-01-11 00:00:00+00:00', '2024-04-01 00:00:00+00:00') dist={0: 12443, 1: 12932}
2026-06-17 22:45:53 INFO crypto_research.ml_cpcv: [ml] fold 7/21 → model.predict: X_test=(6513, 2) y_test=(6513,) days=('2022-05-07 00:00:00+00:00', '2022-12-24 00:00:00+00:00') dist={0: 3392, 1: 3121}
2026-06-17 22:45:53 INFO crypto_research.ml_cpcv: [ml] fold 7/21 train=25375 test=6513 acc=0.5008 auc=0.5405
2026-06-17 22:45:53 INFO crypto_research.ml_cpcv: [ml] fold 8/21 → model.fit: X_train=(23268, 2) y_train=(23268,) days=('2022-01-11 00:00:00+00:00', '2024-04-01 00:00:00+00:00') dist={0: 11598, 1: 11670}
2026-06-17 22:45:53 INFO crypto_research.ml_cpcv: [ml] fold 8/21 → model.predict: X_test=(8572, 2) y_test=(8572,) days=('2022-05-07 00:00:00+00:00', '2023-04-19 00:00:00+00:00') dist={0: 4200, 1: 4372}
2026-06-17 22:45:53 INFO crypto_research.ml_cpcv: [ml] fold 8/21 train=23268 test=8572 acc=0.5065 auc=0.5068
2026-06-17 22:45:53 INFO crypto_research.ml_cpcv: [ml] fold 9/21 → model.fit: X_train=(22948, 2) y_train=(22948,) days=('2022-01-11 00:00:00+00:00', '2024-04-01 00:00:00+00:00') dist={0: 11169, 1: 11779}
2026-06-17 22:45:53 INFO crypto_research.ml_cpcv: [ml] fold 9/21 → model.predict: X_test=(8892, 2) y_test=(8892,) days=('2022-05-07 00:00:00+00:00', '2023-08-13 00:00:00+00:00') dist={0: 4653, 1: 4239}
2026-06-17 22:45:53 INFO crypto_research.ml_cpcv: [ml] fold 9/21 train=22948 test=8892 acc=0.4834 auc=0.5442
2026-06-17 22:45:53 INFO crypto_research.ml_cpcv: [ml] fold 10/21 → model.fit: X_train=(22948, 2) y_train=(22948,) days=('2022-01-11 00:00:00+00:00', '2024-04-01 00:00:00+00:00') dist={0: 11466, 1: 11482}
2026-06-17 22:45:53 INFO crypto_research.ml_cpcv: [ml] fold 10/21 → model.predict: X_test=(8892, 2) y_test=(8892,) days=('2022-05-07 00:00:00+00:00', '2023-12-07 00:00:00+00:00') dist={0: 4374, 1: 4518}
2026-06-17 22:45:53 INFO crypto_research.ml_cpcv: [ml] fold 10/21 train=22948 test=8892 acc=0.5107 auc=0.5201
2026-06-17 22:45:53 INFO crypto_research.ml_cpcv: [ml] fold 11/21 → model.fit: X_train=(22997, 2) y_train=(22997,) days=('2022-01-11 00:00:00+00:00', '2023-12-07 00:00:00+00:00') dist={0: 11459, 1: 11538}
2026-06-17 22:45:53 INFO crypto_research.ml_cpcv: [ml] fold 11/21 → model.predict: X_test=(8892, 2) y_test=(8892,) days=('2022-05-07 00:00:00+00:00', '2024-04-01 00:00:00+00:00') dist={0: 4384, 1: 4508}
2026-06-17 22:45:53 INFO crypto_research.ml_cpcv: [ml] fold 11/21 train=22997 test=8892 acc=0.5142 auc=0.5234
2026-06-17 22:45:53 INFO crypto_research.ml_cpcv: [ml] fold 12/21 → model.fit: X_train=(23199, 2) y_train=(23199,) days=('2022-01-11 00:00:00+00:00', '2024-04-01 00:00:00+00:00') dist={0: 11556, 1: 11643}
2026-06-17 22:45:53 INFO crypto_research.ml_cpcv: [ml] fold 12/21 → model.predict: X_test=(8669, 2) y_test=(8669,) days=('2022-08-31 00:00:00+00:00', '2023-04-19 00:00:00+00:00') dist={0: 4254, 1: 4415}
2026-06-17 22:45:53 INFO crypto_research.ml_cpcv: [ml] fold 12/21 train=23199 test=8669 acc=0.5085 auc=0.5091
2026-06-17 22:45:53 INFO crypto_research.ml_cpcv: [ml] fold 13/21 → model.fit: X_train=(22850, 2) y_train=(22850,) days=('2022-01-11 00:00:00+00:00', '2024-04-01 00:00:00+00:00') dist={0: 11107, 1: 11743}
2026-06-17 22:45:53 INFO crypto_research.ml_cpcv: [ml] fold 13/21 → model.predict: X_test=(8989, 2) y_test=(8989,) days=('2022-08-31 00:00:00+00:00', '2023-08-13 00:00:00+00:00') dist={0: 4707, 1: 4282}
2026-06-17 22:45:53 INFO crypto_research.ml_cpcv: [ml] fold 13/21 train=22850 test=8989 acc=0.4817 auc=0.5353
2026-06-17 22:45:53 INFO crypto_research.ml_cpcv: [ml] fold 14/21 → model.fit: X_train=(22850, 2) y_train=(22850,) days=('2022-01-11 00:00:00+00:00', '2024-04-01 00:00:00+00:00') dist={0: 11404, 1: 11446}
2026-06-17 22:45:53 INFO crypto_research.ml_cpcv: [ml] fold 14/21 → model.predict: X_test=(8989, 2) y_test=(8989,) days=('2022-08-31 00:00:00+00:00', '2023-12-07 00:00:00+00:00') dist={0: 4428, 1: 4561}
2026-06-17 22:45:53 INFO crypto_research.ml_cpcv: [ml] fold 14/21 train=22850 test=8989 acc=0.5153 auc=0.5207
2026-06-17 22:45:53 INFO crypto_research.ml_cpcv: [ml] fold 15/21 → model.fit: X_train=(22899, 2) y_train=(22899,) days=('2022-01-11 00:00:00+00:00', '2023-12-07 00:00:00+00:00') dist={0: 11397, 1: 11502}
2026-06-17 22:45:53 INFO crypto_research.ml_cpcv: [ml] fold 15/21 → model.predict: X_test=(8989, 2) y_test=(8989,) days=('2022-08-31 00:00:00+00:00', '2024-04-01 00:00:00+00:00') dist={0: 4438, 1: 4551}
2026-06-17 22:45:53 INFO crypto_research.ml_cpcv: [ml] fold 15/21 train=22899 test=8989 acc=0.5189 auc=0.5219
2026-06-17 22:45:53 INFO crypto_research.ml_cpcv: [ml] fold 16/21 → model.fit: X_train=(20820, 2) y_train=(20820,) days=('2022-01-11 00:00:00+00:00', '2024-04-01 00:00:00+00:00') dist={0: 10319, 1: 10501}
2026-06-17 22:45:53 INFO crypto_research.ml_cpcv: [ml] fold 16/21 → model.predict: X_test=(11048, 2) y_test=(11048,) days=('2022-12-25 00:00:00+00:00', '2023-08-13 00:00:00+00:00') dist={0: 5515, 1: 5533}
2026-06-17 22:45:54 INFO crypto_research.ml_cpcv: [ml] fold 16/21 train=20820 test=11048 acc=0.5121 auc=0.5143
2026-06-17 22:45:54 INFO crypto_research.ml_cpcv: [ml] fold 17/21 → model.fit: X_train=(20771, 2) y_train=(20771,) days=('2022-01-11 00:00:00+00:00', '2024-04-01 00:00:00+00:00') dist={0: 10571, 1: 10200}
2026-06-17 22:45:54 INFO crypto_research.ml_cpcv: [ml] fold 17/21 → model.predict: X_test=(11048, 2) y_test=(11048,) days=('2022-12-25 00:00:00+00:00', '2023-12-07 00:00:00+00:00') dist={0: 5236, 1: 5812}
2026-06-17 22:45:54 INFO crypto_research.ml_cpcv: [ml] fold 17/21 train=20771 test=11048 acc=0.4798 auc=0.5063
2026-06-17 22:45:54 INFO crypto_research.ml_cpcv: [ml] fold 18/21 → model.fit: X_train=(20820, 2) y_train=(20820,) days=('2022-01-11 00:00:00+00:00', '2023-12-07 00:00:00+00:00') dist={0: 10564, 1: 10256}
2026-06-17 22:45:54 INFO crypto_research.ml_cpcv: [ml] fold 18/21 → model.predict: X_test=(11048, 2) y_test=(11048,) days=('2022-12-25 00:00:00+00:00', '2024-04-01 00:00:00+00:00') dist={0: 5246, 1: 5802}
2026-06-17 22:45:54 INFO crypto_research.ml_cpcv: [ml] fold 18/21 train=20820 test=11048 acc=0.4803 auc=0.5082
2026-06-17 22:45:54 INFO crypto_research.ml_cpcv: [ml] fold 19/21 → model.fit: X_train=(20500, 2) y_train=(20500,) days=('2022-01-11 00:00:00+00:00', '2024-04-01 00:00:00+00:00') dist={0: 10163, 1: 10337}
2026-06-17 22:45:54 INFO crypto_research.ml_cpcv: [ml] fold 19/21 → model.predict: X_test=(11368, 2) y_test=(11368,) days=('2023-04-20 00:00:00+00:00', '2023-12-07 00:00:00+00:00') dist={0: 5689, 1: 5679}
2026-06-17 22:45:54 INFO crypto_research.ml_cpcv: [ml] fold 19/21 train=20500 test=11368 acc=0.5224 auc=0.5321
2026-06-17 22:45:54 INFO crypto_research.ml_cpcv: [ml] fold 20/21 → model.fit: X_train=(20500, 2) y_train=(20500,) days=('2022-01-11 00:00:00+00:00', '2023-12-07 00:00:00+00:00') dist={0: 10135, 1: 10365}
2026-06-17 22:45:54 INFO crypto_research.ml_cpcv: [ml] fold 20/21 → model.predict: X_test=(11368, 2) y_test=(11368,) days=('2023-04-20 00:00:00+00:00', '2024-04-01 00:00:00+00:00') dist={0: 5699, 1: 5669}
2026-06-17 22:45:54 INFO crypto_research.ml_cpcv: [ml] fold 20/21 train=20500 test=11368 acc=0.5154 auc=0.5236
2026-06-17 22:45:54 INFO crypto_research.ml_cpcv: [ml] fold 21/21 → model.fit: X_train=(20549, 2) y_train=(20549,) days=('2022-01-11 00:00:00+00:00', '2023-08-13 00:00:00+00:00') dist={0: 10435, 1: 10114}
2026-06-17 22:45:54 INFO crypto_research.ml_cpcv: [ml] fold 21/21 → model.predict: X_test=(11368, 2) y_test=(11368,) days=('2023-08-14 00:00:00+00:00', '2024-04-01 00:00:00+00:00') dist={0: 5420, 1: 5948}
2026-06-17 22:45:54 INFO crypto_research.ml_cpcv: [ml] fold 21/21 train=20549 test=11368 acc=0.4916 auc=0.5145
2026-06-17 22:45:54 INFO crypto_research.ml_cpcv: [ml] CPCV mean: folds=21 acc=0.5037 logloss=0.6929 auc=0.5231
2026-06-17 22:45:54 INFO crypto_research.ml_cpcv: [ml] OOS paths: rows=31917 cols=[time_ns, y_prob, y_true] folds_merged=21
2026-06-17 22:45:54 INFO crypto_research.ml_cpcv: [ml] OOS calibration: brier=0.2498 ece=0.0097
2026-06-17 22:45:54 INFO crypto_research.ml_cpcv: [ml] OOS weekday Пн: n=4562 base_up=0.4908 pred_up=0.4890 acc=0.4713 logloss=0.6950 auc=0.4781
2026-06-17 22:45:54 INFO crypto_research.ml_cpcv: [ml] OOS weekday Вт: n=4557 base_up=0.5177 pred_up=0.4804 acc=0.5616 logloss=0.6878 auc=0.5841
2026-06-17 22:45:54 INFO crypto_research.ml_cpcv: [ml] OOS weekday Ср: n=4557 base_up=0.4955 pred_up=0.4931 acc=0.4845 logloss=0.6938 auc=0.4829
2026-06-17 22:45:54 INFO crypto_research.ml_cpcv: [ml] OOS weekday Чт: n=4559 base_up=0.4587 pred_up=0.4900 acc=0.4896 logloss=0.6954 auc=0.4849
2026-06-17 22:45:54 INFO crypto_research.ml_cpcv: [ml] OOS weekday Пт: n=4560 base_up=0.5610 pred_up=0.4980 acc=0.5072 logloss=0.6919 auc=0.5037
2026-06-17 22:45:54 INFO crypto_research.ml_cpcv: [ml] OOS weekday Сб: n=4561 base_up=0.5227 pred_up=0.5005 acc=0.5170 logloss=0.6924 auc=0.5247
2026-06-17 22:45:54 INFO crypto_research.ml_cpcv: [ml] OOS weekday Вс: n=4561 base_up=0.4764 pred_up=0.4894 acc=0.4889 logloss=0.6931 auc=0.4861
2026-06-17 22:45:55 INFO crypto_research.ml_oos_paths: [ml] OOS plot saved: /home_admin/crypto_bot/crypto_research/research_outputs/rsi/rsi_quantiles/ml/plots/direction_rsi_49pairs_20220101_20240401_oos_prob.png (weekdays=7 calendar_days=812 rows=31917)
2026-06-17 22:45:56 INFO crypto_research.ml_oos_paths: [ml] OOS calibration plot saved: /home_admin/crypto_bot/crypto_research/research_outputs/rsi/rsi_quantiles/ml/plots/direction_rsi_49pairs_20220101_20240401_oos_calibration.png (brier=0.2498 ece=0.0097 rows=31917)
2026-06-17 22:45:56 INFO crypto_research.ml_learning_curve: [ml] full train fit: rows=31917 n_estimators=12
2026-06-17 22:45:57 INFO crypto_research.ml_oos_paths: [ml] OOS plot saved: /home_admin/crypto_bot/crypto_research/research_outputs/rsi/rsi_quantiles/ml/plots/direction_rsi_49pairs_20240401_20260531_oos_prob.png (weekdays=7 calendar_days=777 rows=38073)
2026-06-17 22:45:58 INFO crypto_research.ml_oos_paths: [ml] OOS calibration plot saved: /home_admin/crypto_bot/crypto_research/research_outputs/rsi/rsi_quantiles/ml/plots/direction_rsi_49pairs_20240401_20260531_oos_calibration.png (brier=0.2496 ece=0.0262 rows=38073)
2026-06-17 22:45:59 INFO crypto_research.ml_oos_paths: [ml] Weekday×pair summary plot saved: /home_admin/crypto_bot/crypto_research/research_outputs/rsi/rsi_quantiles/ml/plots/direction_rsi_49pairs_20240401_20260531_weekday_pair_summary.png (pairs=49 rows=38073)
2026-06-17 22:46:00 INFO crypto_research.ml_feature_predictive_plot: [ml] feature curve plot saved: /home_admin/crypto_bot/crypto_research/research_outputs/rsi/rsi_quantiles/ml/plots/direction_rsi_49pairs_20240401_20260531_rsi_predictive.png (rsi_pair_norm)
2026-06-17 22:46:01 INFO crypto_research.ml_oos_paths: [ml] Weekday×pair summary plot saved: /home_admin/crypto_bot/crypto_research/research_outputs/rsi/rsi_quantiles/ml/plots/direction_rsi_49pairs_20220101_20240401_weekday_pair_summary.png (pairs=49 rows=31917)
2026-06-17 22:46:01 INFO crypto_research.ml_oos_paths: [ml] ROC AUC comparison plot saved: /home_admin/crypto_bot/crypto_research/research_outputs/rsi/rsi_quantiles/ml/plots/direction_rsi_49pairs_20220101_20260531_roc_auc.png
2026-06-17 22:46:04 INFO crypto_research.ml_research: [ml] train/test metrics saved: /home_admin/crypto_bot/crypto_research/research_outputs/rsi/rsi_quantiles/ml/metrics/direction_rsi_49pairs_20220101_20260531_train_test.json
