2026-06-19 19:25:05 INFO crypto_research.ml_research: [ml] log file: /home_admin/crypto_bot/crypto_research/research_outputs/combined/dow_ema_rsi_streak/ml/direction_dow_ema_rsi_streak_20220101_20260531.log
2026-06-19 19:25:05 INFO crypto_research.ml_dataset: [ml] pair filter: first_candle <= 2023-01-01 → 49 pairs
2026-06-19 19:25:33 INFO crypto_research.load: [1] Загрузка данных: пар=49 строк=46567998 ~1243.5 MB
2026-06-19 19:25:33 INFO crypto_research.load:   1000luncusdt: rows=656821 2022-12-31 .. 2024-04-01
2026-06-19 19:25:33 INFO crypto_research.load:   aaveusdt: rows=1182241 2022-01-01 .. 2024-04-01
2026-06-19 19:25:33 INFO crypto_research.load:   adausdt: rows=1182241 2022-01-01 .. 2024-04-01
2026-06-19 19:25:33 INFO crypto_research.load:   algousdt: rows=1182241 2022-01-01 .. 2024-04-01
2026-06-19 19:25:33 INFO crypto_research.load:   aliceusdt: rows=1182241 2022-01-01 .. 2024-04-01
2026-06-19 19:25:33 INFO crypto_research.load:   apeusdt: rows=656821 2022-12-31 .. 2024-04-01
2026-06-19 19:25:33 INFO crypto_research.load:   api3usdt: rows=1098270 2022-02-28 .. 2024-04-01
2026-06-19 19:25:33 INFO crypto_research.load:   aptusdt: rows=763033 2022-10-19 .. 2024-04-01
2026-06-19 19:25:33 INFO crypto_research.load:   atomusdt: rows=1182241 2022-01-01 .. 2024-04-01
2026-06-19 19:25:33 INFO crypto_research.load:   avaxusdt: rows=1182241 2022-01-01 .. 2024-04-01
2026-06-19 19:25:33 INFO crypto_research.load:   axsusdt: rows=656821 2022-12-31 .. 2024-04-01
2026-06-19 19:25:33 INFO crypto_research.load:   bchusdt: rows=1182241 2022-01-01 .. 2024-04-01
2026-06-19 19:25:33 INFO crypto_research.load:   bnbusdt: rows=1182241 2022-01-01 .. 2024-04-01
2026-06-19 19:25:33 INFO crypto_research.load:   btcusdt: rows=1182241 2022-01-01 .. 2024-04-01
2026-06-19 19:25:33 INFO crypto_research.load:   chzusdt: rows=656821 2022-12-31 .. 2024-04-01
2026-06-19 19:25:33 INFO crypto_research.load:   crvusdt: rows=1182241 2022-01-01 .. 2024-04-01
2026-06-19 19:25:33 INFO crypto_research.load:   dashusdt: rows=656821 2022-12-31 .. 2024-04-01
2026-06-19 19:25:33 INFO crypto_research.load:   dogeusdt: rows=1182241 2022-01-01 .. 2024-04-01
2026-06-19 19:25:33 INFO crypto_research.load:   dotusdt: rows=1182241 2022-01-01 .. 2024-04-01
2026-06-19 19:25:33 INFO crypto_research.load:   dydxusdt: rows=1182241 2022-01-01 .. 2024-04-01
2026-06-19 19:25:33 INFO crypto_research.load:   egldusdt: rows=656821 2022-12-31 .. 2024-04-01
2026-06-19 19:25:33 INFO crypto_research.load:   enjusdt: rows=1182241 2022-01-01 .. 2024-04-01
2026-06-19 19:25:33 INFO crypto_research.load:   etcusdt: rows=656821 2022-12-31 .. 2024-04-01
2026-06-19 19:25:33 INFO crypto_research.load:   ethusdt: rows=1182241 2022-01-01 .. 2024-04-01
2026-06-19 19:25:33 INFO crypto_research.load:   filusdt: rows=1182241 2022-01-01 .. 2024-04-01
2026-06-19 19:25:33 INFO crypto_research.load:   galausdt: rows=1182241 2022-01-01 .. 2024-04-01
2026-06-19 19:25:33 INFO crypto_research.load:   gmtusdt: rows=656821 2022-12-31 .. 2024-04-01
2026-06-19 19:25:33 INFO crypto_research.load:   hbarusdt: rows=656821 2022-12-31 .. 2024-04-01
2026-06-19 19:25:33 INFO crypto_research.load:   icpusdt: rows=656821 2022-12-31 .. 2024-04-01
2026-06-19 19:25:33 INFO crypto_research.load:   injusdt: rows=656821 2022-12-31 .. 2024-04-01
2026-06-19 19:25:33 INFO crypto_research.load:   ldousdt: rows=656821 2022-12-31 .. 2024-04-01
2026-06-19 19:25:33 INFO crypto_research.load:   linkusdt: rows=1182241 2022-01-01 .. 2024-04-01
2026-06-19 19:25:33 INFO crypto_research.load:   ltcusdt: rows=1182241 2022-01-01 .. 2024-04-01
2026-06-19 19:25:33 INFO crypto_research.load:   nearusdt: rows=1182241 2022-01-01 .. 2024-04-01
2026-06-19 19:25:33 INFO crypto_research.load:   ontusdt: rows=957048 2022-06-06 .. 2024-04-01
2026-06-19 19:25:33 INFO crypto_research.load:   opusdt: rows=656821 2022-12-31 .. 2024-04-01
2026-06-19 19:25:33 INFO crypto_research.load:   paxgusdt: rows=1076619 2022-03-15 .. 2024-04-01
2026-06-19 19:25:33 INFO crypto_research.load:   sandusdt: rows=656821 2022-12-31 .. 2024-04-01
2026-06-19 19:25:33 INFO crypto_research.load:   shib1000usdt: rows=656821 2022-12-31 .. 2024-04-01
2026-06-19 19:25:33 INFO crypto_research.load:   solusdt: rows=1182241 2022-01-01 .. 2024-04-01
2026-06-19 19:25:33 INFO crypto_research.load:   storjusdt: rows=656821 2022-12-31 .. 2024-04-01
2026-06-19 19:25:33 INFO crypto_research.load:   stxusdt: rows=656821 2022-12-31 .. 2024-04-01
2026-06-19 19:25:33 INFO crypto_research.load:   trxusdt: rows=656821 2022-12-31 .. 2024-04-01
2026-06-19 19:25:33 INFO crypto_research.load:   uniusdt: rows=1182241 2022-01-01 .. 2024-04-01
2026-06-19 19:25:33 INFO crypto_research.load:   xlmusdt: rows=656821 2022-12-31 .. 2024-04-01
2026-06-19 19:25:33 INFO crypto_research.load:   xmrusdt: rows=1162824 2022-01-14 .. 2024-04-01
2026-06-19 19:25:33 INFO crypto_research.load:   xrpusdt: rows=1182241 2022-01-01 .. 2024-04-01
2026-06-19 19:25:33 INFO crypto_research.load:   zecusdt: rows=1182241 2022-01-01 .. 2024-04-01
2026-06-19 19:25:33 INFO crypto_research.load:   zenusdt: rows=656821 2022-12-31 .. 2024-04-01
2026-06-19 19:25:34 INFO crypto_research.ml_dataset: [ml] pooled daily: pairs=49 rows=32407 period=2022-01-01..2024-04-01
2026-06-19 19:25:34 INFO crypto_research.ml_dataset: [ml] pair filter: first_candle <= 2023-01-01 → 49 pairs
2026-06-19 19:26:17 INFO crypto_research.load: [1] Загрузка данных: пар=49 строк=55515524 ~1482.4 MB
2026-06-19 19:26:17 INFO crypto_research.load:   1000luncusdt: rows=1133280 2024-04-01 .. 2026-05-27
2026-06-19 19:26:17 INFO crypto_research.load:   aaveusdt: rows=1132756 2024-04-01 .. 2026-05-27
2026-06-19 19:26:17 INFO crypto_research.load:   adausdt: rows=1132756 2024-04-01 .. 2026-05-27
2026-06-19 19:26:17 INFO crypto_research.load:   algousdt: rows=1132756 2024-04-01 .. 2026-05-27
2026-06-19 19:26:17 INFO crypto_research.load:   aliceusdt: rows=1132756 2024-04-01 .. 2026-05-27
2026-06-19 19:26:17 INFO crypto_research.load:   apeusdt: rows=1133280 2024-04-01 .. 2026-05-27
2026-06-19 19:26:17 INFO crypto_research.load:   api3usdt: rows=1132756 2024-04-01 .. 2026-05-27
2026-06-19 19:26:17 INFO crypto_research.load:   aptusdt: rows=1132756 2024-04-01 .. 2026-05-27
2026-06-19 19:26:17 INFO crypto_research.load:   atomusdt: rows=1132756 2024-04-01 .. 2026-05-27
2026-06-19 19:26:17 INFO crypto_research.load:   avaxusdt: rows=1132756 2024-04-01 .. 2026-05-27
2026-06-19 19:26:17 INFO crypto_research.load:   axsusdt: rows=1133280 2024-04-01 .. 2026-05-27
2026-06-19 19:26:17 INFO crypto_research.load:   bchusdt: rows=1132756 2024-04-01 .. 2026-05-27
2026-06-19 19:26:17 INFO crypto_research.load:   bnbusdt: rows=1132756 2024-04-01 .. 2026-05-27
2026-06-19 19:26:17 INFO crypto_research.load:   btcusdt: rows=1132756 2024-04-01 .. 2026-05-27
2026-06-19 19:26:17 INFO crypto_research.load:   chzusdt: rows=1133280 2024-04-01 .. 2026-05-27
2026-06-19 19:26:17 INFO crypto_research.load:   crvusdt: rows=1132756 2024-04-01 .. 2026-05-27
2026-06-19 19:26:17 INFO crypto_research.load:   dashusdt: rows=1133280 2024-04-01 .. 2026-05-27
2026-06-19 19:26:17 INFO crypto_research.load:   dogeusdt: rows=1132756 2024-04-01 .. 2026-05-27
2026-06-19 19:26:17 INFO crypto_research.load:   dotusdt: rows=1132756 2024-04-01 .. 2026-05-27
2026-06-19 19:26:17 INFO crypto_research.load:   dydxusdt: rows=1132756 2024-04-01 .. 2026-05-27
2026-06-19 19:26:17 INFO crypto_research.load:   egldusdt: rows=1133280 2024-04-01 .. 2026-05-27
2026-06-19 19:26:17 INFO crypto_research.load:   enjusdt: rows=1132756 2024-04-01 .. 2026-05-27
2026-06-19 19:26:17 INFO crypto_research.load:   etcusdt: rows=1133280 2024-04-01 .. 2026-05-27
2026-06-19 19:26:17 INFO crypto_research.load:   ethusdt: rows=1132756 2024-04-01 .. 2026-05-27
2026-06-19 19:26:17 INFO crypto_research.load:   filusdt: rows=1132756 2024-04-01 .. 2026-05-27
2026-06-19 19:26:17 INFO crypto_research.load:   galausdt: rows=1132756 2024-04-01 .. 2026-05-27
2026-06-19 19:26:17 INFO crypto_research.load:   gmtusdt: rows=1133280 2024-04-01 .. 2026-05-27
2026-06-19 19:26:17 INFO crypto_research.load:   hbarusdt: rows=1133280 2024-04-01 .. 2026-05-27
2026-06-19 19:26:17 INFO crypto_research.load:   icpusdt: rows=1133280 2024-04-01 .. 2026-05-27
2026-06-19 19:26:17 INFO crypto_research.load:   injusdt: rows=1133280 2024-04-01 .. 2026-05-27
2026-06-19 19:26:17 INFO crypto_research.load:   ldousdt: rows=1133280 2024-04-01 .. 2026-05-27
2026-06-19 19:26:17 INFO crypto_research.load:   linkusdt: rows=1132756 2024-04-01 .. 2026-05-27
2026-06-19 19:26:17 INFO crypto_research.load:   ltcusdt: rows=1132756 2024-04-01 .. 2026-05-27
2026-06-19 19:26:17 INFO crypto_research.load:   nearusdt: rows=1132756 2024-04-01 .. 2026-05-27
2026-06-19 19:26:17 INFO crypto_research.load:   ontusdt: rows=1132756 2024-04-01 .. 2026-05-27
2026-06-19 19:26:17 INFO crypto_research.load:   opusdt: rows=1133280 2024-04-01 .. 2026-05-27
2026-06-19 19:26:17 INFO crypto_research.load:   paxgusdt: rows=1132756 2024-04-01 .. 2026-05-27
2026-06-19 19:26:17 INFO crypto_research.load:   sandusdt: rows=1133280 2024-04-01 .. 2026-05-27
2026-06-19 19:26:17 INFO crypto_research.load:   shib1000usdt: rows=1133280 2024-04-01 .. 2026-05-27
2026-06-19 19:26:17 INFO crypto_research.load:   solusdt: rows=1132756 2024-04-01 .. 2026-05-27
2026-06-19 19:26:17 INFO crypto_research.load:   storjusdt: rows=1133280 2024-04-01 .. 2026-05-27
2026-06-19 19:26:17 INFO crypto_research.load:   stxusdt: rows=1133280 2024-04-01 .. 2026-05-27
2026-06-19 19:26:17 INFO crypto_research.load:   trxusdt: rows=1133280 2024-04-01 .. 2026-05-27
2026-06-19 19:26:17 INFO crypto_research.load:   uniusdt: rows=1132756 2024-04-01 .. 2026-05-27
2026-06-19 19:26:17 INFO crypto_research.load:   xlmusdt: rows=1133280 2024-04-01 .. 2026-05-27
2026-06-19 19:26:17 INFO crypto_research.load:   xmrusdt: rows=1132756 2024-04-01 .. 2026-05-27
2026-06-19 19:26:17 INFO crypto_research.load:   xrpusdt: rows=1132756 2024-04-01 .. 2026-05-27
2026-06-19 19:26:17 INFO crypto_research.load:   zecusdt: rows=1132756 2024-04-01 .. 2026-05-27
2026-06-19 19:26:17 INFO crypto_research.load:   zenusdt: rows=1133280 2024-04-01 .. 2026-05-27
2026-06-19 19:26:19 INFO crypto_research.ml_dataset: [ml] pooled daily: pairs=49 rows=38563 period=2024-04-01..2026-05-31
2026-06-19 19:26:19 INFO crypto_research.ml_ema_dev_norm: [ml] ema_dev_pair_norm bounds: pairs=49
2026-06-19 19:26:19 INFO crypto_research.ml_numeric_features: [ml] bounds ema_dev_pair_norm: pairs=49
2026-06-19 19:26:19 INFO crypto_research.ml_numeric_features: [ml] bounds rsi_pair_norm: pairs=49
2026-06-19 19:26:19 INFO crypto_research.ml_numeric_features: [ml] bounds streak_pair_norm: pairs=49
2026-06-19 19:26:20 INFO crypto_research.ml_dataset: [ml] ema_dev_pair_norm: min=-4.914 max=8.584 mean=-0.014
2026-06-19 19:26:20 INFO crypto_research.ml_dataset: [ml] rsi_pair_norm: min=-2.053 max=2.062 mean=-0.081
2026-06-19 19:26:20 INFO crypto_research.ml_dataset: [ml] streak_pair_norm: min=-3.000 max=4.333 mean=-0.012
2026-06-19 19:26:20 INFO crypto_research.ml_dataset: [ml] dataset studies=['day_of_week_ml', 'ema_spreads_ml', 'rsi_spreads_ml', 'price_sequences_ml'] features=['pair_id', 'weekday_enc', 'ema_dev_pair_norm', 'rsi_pair_norm', 'streak_pair_norm'] rows=31675 pairs=49 up_rate=0.503
2026-06-19 19:26:20 INFO crypto_research.ml_dataset: [ml] ema_dev_pair_norm: min=-4.918 max=15.840 mean=-0.087
2026-06-19 19:26:20 INFO crypto_research.ml_dataset: [ml] rsi_pair_norm: min=-1.864 max=2.022 mean=-0.170
2026-06-19 19:26:20 INFO crypto_research.ml_dataset: [ml] streak_pair_norm: min=-3.333 max=3.333 mean=-0.083
2026-06-19 19:26:20 INFO crypto_research.ml_dataset: [ml] dataset studies=['day_of_week_ml', 'ema_spreads_ml', 'rsi_spreads_ml', 'price_sequences_ml'] features=['pair_id', 'weekday_enc', 'ema_dev_pair_norm', 'rsi_pair_norm', 'streak_pair_norm'] rows=38001 pairs=49 up_rate=0.478
2026-06-19 19:26:20 INFO crypto_research.ml_research: Dataset columns (10): ['day_utc', 'pair', 'weekday', 'return_pct', 'direction_up', 'ema_dev_pair_norm', 'rsi_pair_norm', 'streak_pair_norm', 'pair_id', 'weekday_enc']
2026-06-19 19:26:20 INFO crypto_research.ml_research: Dataset head (50 rows):
shape: (50, 10)
┌─────────────┬───────────┬─────────┬────────────┬────────────┬────────────┬────────────┬────────────┬─────────┬────────────┐
│ day_utc     ┆ pair      ┆ weekday ┆ return_pct ┆ direction_ ┆ ema_dev_pa ┆ rsi_pair_n ┆ streak_pai ┆ pair_id ┆ weekday_en │
│ ---         ┆ ---       ┆ ---     ┆ ---        ┆ up         ┆ ir_norm    ┆ orm        ┆ r_norm     ┆ ---     ┆ c          │
│ datetime[μs ┆ str       ┆ i64     ┆ f64        ┆ ---        ┆ ---        ┆ ---        ┆ ---        ┆ cat     ┆ ---        │
│ , UTC]      ┆           ┆         ┆            ┆ i8         ┆ f64        ┆ f64        ┆ f64        ┆         ┆ cat        │
╞═════════════╪═══════════╪═════════╪════════════╪════════════╪════════════╪════════════╪════════════╪═════════╪════════════╡
│ 2022-01-11  ┆ aaveusdt  ┆ 1       ┆ 6.78857083 ┆ 1          ┆ -1.0230104 ┆ -2.0308349 ┆ -0.6666666 ┆ 1       ┆ 1          │
│ 00:00:00    ┆           ┆         ┆ 0975585    ┆            ┆ 369461848  ┆ 872019544  ┆ 666666667  ┆         ┆            │
│ UTC         ┆           ┆         ┆            ┆            ┆            ┆            ┆            ┆         ┆            │
│ 2022-01-11  ┆ adausdt   ┆ 1       ┆ 5.61046960 ┆ 1          ┆ -1         ┆ -1.3973373 ┆ -1.3333333 ┆ 2       ┆ 1          │
│ 00:00:00    ┆           ┆         ┆ 9646642    ┆            ┆            ┆ 33734323   ┆ 333333333  ┆         ┆            │
│ UTC         ┆           ┆         ┆            ┆            ┆            ┆            ┆            ┆         ┆            │
│ 2022-01-11  ┆ algousdt  ┆ 1       ┆ 6.16287521 ┆ 1          ┆ -0.8674341 ┆ -1.1555181 ┆ -0.4285714 ┆ 3       ┆ 1          │
│ 00:00:00    ┆           ┆         ┆ 9537939    ┆            ┆ 300673081  ┆ 086904938  ┆ 285714286  ┆         ┆            │
│ UTC         ┆           ┆         ┆            ┆            ┆            ┆            ┆            ┆         ┆            │
│ 2022-01-11  ┆ aliceusdt ┆ 1       ┆ 6.37255474 ┆ 1          ┆ -1.0272797 ┆ -1.1690872 ┆ -0.4285714 ┆ 4       ┆ 1          │
│ 00:00:00    ┆           ┆         ┆ 8620328    ┆            ┆ 27767651   ┆ 562617576  ┆ 285714286  ┆         ┆            │
│ UTC         ┆           ┆         ┆            ┆            ┆            ┆            ┆            ┆         ┆            │
│ 2022-01-11  ┆ atomusdt  ┆ 1       ┆ 2.16587343 ┆ 1          ┆ 0.13040448 ┆ 0.16000480 ┆ 0.33333333 ┆ 8       ┆ 1          │
│ 00:00:00    ┆           ┆         ┆ 26592084   ┆            ┆ 087863565  ┆ 407343476  ┆ 333333326  ┆         ┆            │
│ UTC         ┆           ┆         ┆            ┆            ┆            ┆            ┆            ┆         ┆            │
│ 2022-01-11  ┆ avaxusdt  ┆ 1       ┆ 6.07964570 ┆ 1          ┆ -0.9616868 ┆ -1.4200766 ┆ -0.1428571 ┆ 9       ┆ 1          │
│ 00:00:00    ┆           ┆         ┆ 9640859    ┆            ┆ 083200584  ┆ 493461732  ┆ 428571429  ┆         ┆            │
│ UTC         ┆           ┆         ┆            ┆            ┆            ┆            ┆            ┆         ┆            │
│ 2022-01-11  ┆ bchusdt   ┆ 1       ┆ 1.65039202 ┆ 1          ┆ -1.0135060 ┆ -1.7021984 ┆ -0.3333333 ┆ 11      ┆ 1          │
│ 00:00:00    ┆           ┆         ┆ 35081473   ┆            ┆ 783051932  ┆ 67363062   ┆ 3333333337 ┆         ┆            │
│ UTC         ┆           ┆         ┆            ┆            ┆            ┆            ┆            ┆         ┆            │
│ 2022-01-11  ┆ bnbusdt   ┆ 1       ┆ 8.94643908 ┆ 1          ┆ -1.3330381 ┆ -1.7621478 ┆ -0.3333333 ┆ 12      ┆ 1          │
│ 00:00:00    ┆           ┆         ┆ 181283     ┆            ┆ 459113234  ┆ 216658728  ┆ 3333333337 ┆         ┆            │
│ UTC         ┆           ┆         ┆            ┆            ┆            ┆            ┆            ┆         ┆            │
│ 2022-01-11  ┆ btcusdt   ┆ 1       ┆ 2.13470783 ┆ 1          ┆ -0.6319884 ┆ -1.7582515 ┆ -0.25      ┆ 13      ┆ 1          │
│ 00:00:00    ┆           ┆         ┆ 80253057   ┆            ┆ 518503163  ┆ 118565332  ┆            ┆         ┆            │
│ UTC         ┆           ┆         ┆            ┆            ┆            ┆            ┆            ┆         ┆            │
│ 2022-01-11  ┆ crvusdt   ┆ 1       ┆ 6.60486312 ┆ 1          ┆ -1.1600089 ┆ -1.3205400 ┆ -1         ┆ 15      ┆ 1          │
│ 00:00:00    ┆           ┆         ┆ 0110692    ┆            ┆ 953543349  ┆ 031884917  ┆            ┆         ┆            │
│ UTC         ┆           ┆         ┆            ┆            ┆            ┆            ┆            ┆         ┆            │
│ 2022-01-11  ┆ dogeusdt  ┆ 1       ┆ 7.48250833 ┆ 1          ┆ -1.0166984 ┆ -1.9276083 ┆ -1.3333333 ┆ 17      ┆ 1          │
│ 00:00:00    ┆           ┆         ┆ 00613295   ┆            ┆ 201353448  ┆ 34982597   ┆ 333333333  ┆         ┆            │
│ UTC         ┆           ┆         ┆            ┆            ┆            ┆            ┆            ┆         ┆            │
│ 2022-01-11  ┆ dotusdt   ┆ 1       ┆ 7.76699076 ┆ 1          ┆ -1         ┆ -1.1234265 ┆ -0.3333333 ┆ 18      ┆ 1          │
│ 00:00:00    ┆           ┆         ┆ 02688255   ┆            ┆            ┆ 55186431   ┆ 3333333337 ┆         ┆            │
│ UTC         ┆           ┆         ┆            ┆            ┆            ┆            ┆            ┆         ┆            │
│ 2022-01-11  ┆ dydxusdt  ┆ 1       ┆ 11.6169585 ┆ 1          ┆ -0.9971051 ┆ -1.8429710 ┆ -0.3333333 ┆ 19      ┆ 1          │
│ 00:00:00    ┆           ┆         ┆ 75351276   ┆            ┆ 695789355  ┆ 82482642   ┆ 3333333337 ┆         ┆            │
│ UTC         ┆           ┆         ┆            ┆            ┆            ┆            ┆            ┆         ┆            │
│ 2022-01-11  ┆ enjusdt   ┆ 1       ┆ 6.76674887 ┆ 1          ┆ -0.9218985 ┆ -0.8821390 ┆ -0.4285714 ┆ 21      ┆ 1          │
│ 00:00:00    ┆           ┆         ┆ 7945984    ┆            ┆ 97589335   ┆ 930325894  ┆ 285714286  ┆         ┆            │
│ UTC         ┆           ┆         ┆            ┆            ┆            ┆            ┆            ┆         ┆            │
│ 2022-01-11  ┆ ethusdt   ┆ 1       ┆ 4.99675535 ┆ 1          ┆ -0.9713267 ┆ -1.5061643 ┆ -0.25      ┆ 23      ┆ 1          │
│ 00:00:00    ┆           ┆         ┆ 366645     ┆            ┆ 847166703  ┆ 629412935  ┆            ┆         ┆            │
│ UTC         ┆           ┆         ┆            ┆            ┆            ┆            ┆            ┆         ┆            │
│ 2022-01-11  ┆ filusdt   ┆ 1       ┆ 2.55863978 ┆ 1          ┆ -1.0101559 ┆ -1.3131447 ┆ -0.1428571 ┆ 24      ┆ 1          │
│ 00:00:00    ┆           ┆         ┆ 7916926    ┆            ┆ 418583597  ┆ 629224229  ┆ 428571429  ┆         ┆            │
│ UTC         ┆           ┆         ┆            ┆            ┆            ┆            ┆            ┆         ┆            │
│ 2022-01-11  ┆ galausdt  ┆ 1       ┆ 4.52855983 ┆ 1          ┆ -1.3033013 ┆ -1.4851751 ┆ -0.3333333 ┆ 25      ┆ 1          │
│ 00:00:00    ┆           ┆         ┆ 12834034   ┆            ┆ 109448117  ┆ 525926433  ┆ 3333333337 ┆         ┆            │
│ UTC         ┆           ┆         ┆            ┆            ┆            ┆            ┆            ┆         ┆            │
│ 2022-01-11  ┆ linkusdt  ┆ 1       ┆ -4.8351308 ┆ 0          ┆ 1.16693795 ┆ 1.63772311 ┆ 0.42857142 ┆ 31      ┆ 1          │
│ 00:00:00    ┆           ┆         ┆ 490143445  ┆            ┆ 2472205    ┆ 09811534   ┆ 85714286   ┆         ┆            │
│ UTC         ┆           ┆         ┆            ┆            ┆            ┆            ┆            ┆         ┆            │
│ 2022-01-11  ┆ ltcusdt   ┆ 1       ┆ 3.91211332 ┆ 1          ┆ -0.7905404 ┆ -1.8083178 ┆ -0.4285714 ┆ 32      ┆ 1          │
│ 00:00:00    ┆           ┆         ┆ 96431494   ┆            ┆ 511078287  ┆ 460921738  ┆ 285714286  ┆         ┆            │
│ UTC         ┆           ┆         ┆            ┆            ┆            ┆            ┆            ┆         ┆            │
│ 2022-01-11  ┆ nearusdt  ┆ 1       ┆ 16.6095944 ┆ 1          ┆ 0.29281058 ┆ 0.04883597 ┆ 0.42857142 ┆ 33      ┆ 1          │
│ 00:00:00    ┆           ┆         ┆ 84794073   ┆            ┆ 0312173    ┆ 4696927575 ┆ 85714286   ┆         ┆            │
│ UTC         ┆           ┆         ┆            ┆            ┆            ┆            ┆            ┆         ┆            │
│ 2022-01-11  ┆ solusdt   ┆ 1       ┆ 3.23886175 ┆ 1          ┆ -0.7819217 ┆ -1.6348706 ┆ -0.5       ┆ 39      ┆ 1          │
│ 00:00:00    ┆           ┆         ┆ 8409968    ┆            ┆ 979769039  ┆ 445915702  ┆            ┆         ┆            │
│ UTC         ┆           ┆         ┆            ┆            ┆            ┆            ┆            ┆         ┆            │
│ 2022-01-11  ┆ uniusdt   ┆ 1       ┆ 5.52577615 ┆ 1          ┆ -0.7360077 ┆ -0.8530792 ┆ -0.3333333 ┆ 43      ┆ 1          │
│ 00:00:00    ┆           ┆         ┆ 49487565   ┆            ┆ 620792981  ┆ 711270476  ┆ 3333333337 ┆         ┆            │
│ UTC         ┆           ┆         ┆            ┆            ┆            ┆            ┆            ┆         ┆            │
│ 2022-01-11  ┆ xrpusdt   ┆ 1       ┆ 4.09902886 ┆ 1          ┆ -0.7226242 ┆ -1.5583462 ┆ -0.3333333 ┆ 46      ┆ 1          │
│ 00:00:00    ┆           ┆         ┆ 0356283    ┆            ┆ 374373969  ┆ 689840615  ┆ 3333333337 ┆         ┆            │
│ UTC         ┆           ┆         ┆            ┆            ┆            ┆            ┆            ┆         ┆            │
│ 2022-01-11  ┆ zecusdt   ┆ 1       ┆ 0.14174127 ┆ 1          ┆ -0.1522824 ┆ -0.6574078 ┆ -0.25      ┆ 47      ┆ 1          │
│ 00:00:00    ┆           ┆         ┆ 540112447  ┆            ┆ 2430131114 ┆ 39384771   ┆            ┆         ┆            │
│ UTC         ┆           ┆         ┆            ┆            ┆            ┆            ┆            ┆         ┆            │
│ 2022-01-12  ┆ aaveusdt  ┆ 2       ┆ 2.43960232 ┆ 1          ┆ -0.3765510 ┆ -1.3066951 ┆ 0.33333333 ┆ 1       ┆ 2          │
│ 00:00:00    ┆           ┆         ┆ 50916063   ┆            ┆ 9630048034 ┆ 41519008   ┆ 333333326  ┆         ┆            │
│ UTC         ┆           ┆         ┆            ┆            ┆            ┆            ┆            ┆         ┆            │
│ 2022-01-12  ┆ adausdt   ┆ 2       ┆ 10.6079784 ┆ 1          ┆ -0.3203851 ┆ -0.8673955 ┆ 0.33333333 ┆ 2       ┆ 2          │
│ 00:00:00    ┆           ┆         ┆ 48037555   ┆            ┆ 33667936   ┆ 767137441  ┆ 333333326  ┆         ┆            │
│ UTC         ┆           ┆         ┆            ┆            ┆            ┆            ┆            ┆         ┆            │
│ 2022-01-12  ┆ algousdt  ┆ 2       ┆ 3.66274860 ┆ 1          ┆ -0.2844536 ┆ -0.7597016 ┆ 0.14285714 ┆ 3       ┆ 2          │
│ 00:00:00    ┆           ┆         ┆ 5325483    ┆            ┆ 684584358  ┆ 316217354  ┆ 28571428   ┆         ┆            │
│ UTC         ┆           ┆         ┆            ┆            ┆            ┆            ┆            ┆         ┆            │
│ 2022-01-12  ┆ aliceusdt ┆ 2       ┆ 5.99077968 ┆ 1          ┆ -0.4512253 ┆ -0.7914901 ┆ 0.14285714 ┆ 4       ┆ 2          │
│ 00:00:00    ┆           ┆         ┆ 36614065   ┆            ┆ 2172717783 ┆ 91507975   ┆ 28571428   ┆         ┆            │
│ UTC         ┆           ┆         ┆            ┆            ┆            ┆            ┆            ┆         ┆            │
│ 2022-01-12  ┆ atomusdt  ┆ 2       ┆ 4.08479318 ┆ 1          ┆ 0.30966920 ┆ 0.24812820 ┆ 0.66666666 ┆ 8       ┆ 2          │
│ 00:00:00    ┆           ┆         ┆ 4828393    ┆            ┆ 090098315  ┆ 40479178   ┆ 66666667   ┆         ┆            │
│ UTC         ┆           ┆         ┆            ┆            ┆            ┆            ┆            ┆         ┆            │
│ 2022-01-12  ┆ avaxusdt  ┆ 2       ┆ 7.32320427 ┆ 1          ┆ -0.3617231 ┆ -1.0177587 ┆ 0.42857142 ┆ 9       ┆ 2          │
│ 00:00:00    ┆           ┆         ┆ 7438567    ┆            ┆ 716695066  ┆ 961708219  ┆ 85714286   ┆         ┆            │
│ UTC         ┆           ┆         ┆            ┆            ┆            ┆            ┆            ┆         ┆            │
│ 2022-01-12  ┆ bchusdt   ┆ 2       ┆ 3.80192633 ┆ 1          ┆ -0.6611329 ┆ -1.4603110 ┆ 0.33333333 ┆ 11      ┆ 2          │
│ 00:00:00    ┆           ┆         ┆ 59895037   ┆            ┆ 111727483  ┆ 831320198  ┆ 333333326  ┆         ┆            │
│ UTC         ┆           ┆         ┆            ┆            ┆            ┆            ┆            ┆         ┆            │
│ 2022-01-12  ┆ bnbusdt   ┆ 2       ┆ 5.34846029 ┆ 1          ┆ 0.01410801 ┆ -0.8408825 ┆ 0.33333333 ┆ 12      ┆ 2          │
│ 00:00:00    ┆           ┆         ┆ 1734198    ┆            ┆ 4896094248 ┆ 481626779  ┆ 333333326  ┆         ┆            │
│ UTC         ┆           ┆         ┆            ┆            ┆            ┆            ┆            ┆         ┆            │
│ 2022-01-12  ┆ btcusdt   ┆ 2       ┆ 2.78210367 ┆ 1          ┆ -0.2180180 ┆ -1.3085421 ┆ 0.25       ┆ 13      ┆ 2          │
│ 00:00:00    ┆           ┆         ┆ 31730735   ┆            ┆ 4762191915 ┆ 773560837  ┆            ┆         ┆            │
│ UTC         ┆           ┆         ┆            ┆            ┆            ┆            ┆            ┆         ┆            │
│ 2022-01-12  ┆ crvusdt   ┆ 2       ┆ 6.54348096 ┆ 1          ┆ -0.6057027 ┆ -0.9729826 ┆ 0.42857142 ┆ 15      ┆ 2          │
│ 00:00:00    ┆           ┆         ┆ 7303586    ┆            ┆ 461305695  ┆ 603218545  ┆ 85714286   ┆         ┆            │
│ UTC         ┆           ┆         ┆            ┆            ┆            ┆            ┆            ┆         ┆            │
│ 2022-01-12  ┆ dogeusdt  ┆ 2       ┆ 5.79050226 ┆ 1          ┆ -0.1672654 ┆ -0.8820958 ┆ 0.33333333 ┆ 17      ┆ 2          │
│ 00:00:00    ┆           ┆         ┆ 9009695    ┆            ┆ 696116402  ┆ 396160115  ┆ 333333326  ┆         ┆            │
│ UTC         ┆           ┆         ┆            ┆            ┆            ┆            ┆            ┆         ┆            │
│ 2022-01-12  ┆ dotusdt   ┆ 2       ┆ 6.95260309 ┆ 1          ┆ -0.1095543 ┆ -0.5377336 ┆ 0.33333333 ┆ 18      ┆ 2          │
│ 00:00:00    ┆           ┆         ┆ 7495247    ┆            ┆ 200708026  ┆ 176970129  ┆ 333333326  ┆         ┆            │
│ UTC         ┆           ┆         ┆            ┆            ┆            ┆            ┆            ┆         ┆            │
│ 2022-01-12  ┆ dydxusdt  ┆ 2       ┆ 9.07172951 ┆ 1          ┆ -0.1491295 ┆ -0.8706611 ┆ 0.33333333 ┆ 19      ┆ 2          │
│ 00:00:00    ┆           ┆         ┆ 919055     ┆            ┆ 5058917873 ┆ 737833426  ┆ 333333326  ┆         ┆            │
│ UTC         ┆           ┆         ┆            ┆            ┆            ┆            ┆            ┆         ┆            │
│ 2022-01-12  ┆ enjusdt   ┆ 2       ┆ 9.17152872 ┆ 1          ┆ -0.3067761 ┆ -0.5388349 ┆ 0.14285714 ┆ 21      ┆ 2          │
│ 00:00:00    ┆           ┆         ┆ 771021     ┆            ┆ 700692503  ┆ 781357886  ┆ 28571428   ┆         ┆            │
│ UTC         ┆           ┆         ┆            ┆            ┆            ┆            ┆            ┆         ┆            │
│ 2022-01-12  ┆ ethusdt   ┆ 2       ┆ 4.12701016 ┆ 1          ┆ -0.3195477 ┆ -1.0193781 ┆ 0.25       ┆ 23      ┆ 2          │
│ 00:00:00    ┆           ┆         ┆ 15613415   ┆            ┆ 6203334767 ┆ 729503903  ┆            ┆         ┆            │
│ UTC         ┆           ┆         ┆            ┆            ┆            ┆            ┆            ┆         ┆            │
│ 2022-01-12  ┆ filusdt   ┆ 2       ┆ 6.47955264 ┆ 1          ┆ -0.6571245 ┆ -1.0984854 ┆ 0.42857142 ┆ 24      ┆ 2          │
│ 00:00:00    ┆           ┆         ┆ 14993585   ┆            ┆ 120546244  ┆ 895667544  ┆ 85714286   ┆         ┆            │
│ UTC         ┆           ┆         ┆            ┆            ┆            ┆            ┆            ┆         ┆            │
│ 2022-01-12  ┆ galausdt  ┆ 2       ┆ 12.0582705 ┆ 1          ┆ -0.8063315 ┆ -1.2275105 ┆ 0.33333333 ┆ 25      ┆ 2          │
│ 00:00:00    ┆           ┆         ┆ 56129708   ┆            ┆ 682268392  ┆ 467659482  ┆ 333333326  ┆         ┆            │
│ UTC         ┆           ┆         ┆            ┆            ┆            ┆            ┆            ┆         ┆            │
│ 2022-01-12  ┆ linkusdt  ┆ 2       ┆ 0.54490246 ┆ 1          ┆ 0.44351308 ┆ 1.09042296 ┆ -0.4285714 ┆ 31      ┆ 2          │
│ 00:00:00    ┆           ┆         ┆ 9331899    ┆            ┆ 82443634   ┆ 66528917   ┆ 285714286  ┆         ┆            │
│ UTC         ┆           ┆         ┆            ┆            ┆            ┆            ┆            ┆         ┆            │
│ 2022-01-12  ┆ ltcusdt   ┆ 2       ┆ 7.90995550 ┆ 1          ┆ -0.2825638 ┆ -1.1715444 ┆ 0.14285714 ┆ 32      ┆ 2          │
│ 00:00:00    ┆           ┆         ┆ 1386672    ┆            ┆ 478929974  ┆ 501975072  ┆ 28571428   ┆         ┆            │
│ UTC         ┆           ┆         ┆            ┆            ┆            ┆            ┆            ┆         ┆            │
│ 2022-01-12  ┆ nearusdt  ┆ 2       ┆ -2.6481925 ┆ 0          ┆ 1.27319782 ┆ 0.50021589 ┆ 0.71428571 ┆ 33      ┆ 2          │
│ 00:00:00    ┆           ┆         ┆ 41410601   ┆            ┆ 91348753   ┆ 57621297   ┆ 42857142   ┆         ┆            │
│ UTC         ┆           ┆         ┆            ┆            ┆            ┆            ┆            ┆         ┆            │
│ 2022-01-12  ┆ solusdt   ┆ 2       ┆ 7.96791661 ┆ 1          ┆ -0.4394124 ┆ -1.3546955 ┆ 0.25       ┆ 39      ┆ 2          │
│ 00:00:00    ┆           ┆         ┆ 4444073    ┆            ┆ 430115105  ┆ 595969155  ┆            ┆         ┆            │
│ UTC         ┆           ┆         ┆            ┆            ┆            ┆            ┆            ┆         ┆            │
│ 2022-01-12  ┆ uniusdt   ┆ 2       ┆ 2.05067487 ┆ 1          ┆ -0.1707182 ┆ -0.4564481 ┆ 0.33333333 ┆ 43      ┆ 2          │
│ 00:00:00    ┆           ┆         ┆ 7380246    ┆            ┆ 7681836452 ┆ 937876861  ┆ 333333326  ┆         ┆            │
│ UTC         ┆           ┆         ┆            ┆            ┆            ┆            ┆            ┆         ┆            │
│ 2022-01-12  ┆ xrpusdt   ┆ 2       ┆ 3.75568122 ┆ 1          ┆ -0.1164821 ┆ -0.8957640 ┆ 0.33333333 ┆ 46      ┆ 2          │
│ 00:00:00    ┆           ┆         ┆ 49168634   ┆            ┆ 264279773  ┆ 43172548   ┆ 333333326  ┆         ┆            │
│ UTC         ┆           ┆         ┆            ┆            ┆            ┆            ┆            ┆         ┆            │
│ 2022-01-12  ┆ zecusdt   ┆ 2       ┆ 2.22929499 ┆ 1          ┆ -0.1118377 ┆ -0.6348166 ┆ 0.25       ┆ 47      ┆ 2          │
│ 00:00:00    ┆           ┆         ┆ 53656693   ┆            ┆ 8614330515 ┆ 481588624  ┆            ┆         ┆            │
│ UTC         ┆           ┆         ┆            ┆            ┆            ┆            ┆            ┆         ┆            │
│ 2022-01-13  ┆ aaveusdt  ┆ 3       ┆ -4.2821185 ┆ 0          ┆ -0.1289164 ┆ -1.0668205 ┆ 0.66666666 ┆ 1       ┆ 3          │
│ 00:00:00    ┆           ┆         ┆ 44609961   ┆            ┆ 9404416425 ┆ 979331093  ┆ 66666667   ┆         ┆            │
│ UTC         ┆           ┆         ┆            ┆            ┆            ┆            ┆            ┆         ┆            │
│ 2022-01-13  ┆ adausdt   ┆ 3       ┆ -6.1370745 ┆ 0          ┆ 0.70878592 ┆ -0.1437246 ┆ 0.66666666 ┆ 2       ┆ 3          │
│ 00:00:00    ┆           ┆         ┆ 98369567   ┆            ┆ 99928528   ┆ 9373572572 ┆ 66666667   ┆         ┆            │
│ UTC         ┆           ┆         ┆            ┆            ┆            ┆            ┆            ┆         ┆            │
└─────────────┴───────────┴─────────┴────────────┴────────────┴────────────┴────────────┴────────────┴─────────┴────────────┘
2026-06-19 19:26:20 INFO crypto_research.ml_cpcv: [ml] X: shape=(31675, 5) columns=['pair_id', 'weekday_enc', 'ema_dev_pair_norm', 'rsi_pair_norm', 'streak_pair_norm'] dtypes={'pair_id': 'category', 'weekday_enc': 'category', 'ema_dev_pair_norm': 'float64', 'rsi_pair_norm': 'float64', 'streak_pair_norm': 'float64'}
2026-06-19 19:26:20 INFO crypto_research.ml_cpcv: [ml] X head (3 rows):
  pair_id weekday_enc  ema_dev_pair_norm  rsi_pair_norm  streak_pair_norm
0       1           1          -1.023010      -2.030835         -0.666667
1       2           1          -1.000000      -1.397337         -1.333333
2       3           1          -0.867434      -1.155518         -0.428571
2026-06-19 19:26:20 INFO crypto_research.ml_cpcv: [ml] y (direction_up): shape=(31675,) dtype=int8 distribution={0: 15733, 1: 15942}
2026-06-19 19:26:20 INFO crypto_research.ml_cpcv: [ml] y head (3 values): [1, 1, 1]
2026-06-19 19:26:20 INFO crypto_research.ml_cpcv: [ml] CV: CombinatorialPurgedCV n_splits=7 n_test_groups=2 embargo_days=1 n_folds=C(7,2)=21 n_days=812
2026-06-19 19:26:20 INFO crypto_research.ml_cpcv: [ml] CV time range: 2022-01-11 00:00:00+00:00 .. 2024-04-01 00:00:00+00:00 (prediction_times=evaluation_times, purge=None)
2026-06-19 19:26:20 INFO crypto_research.ml_cpcv: [ml] CV day splits:
  fold1: train_days=579 test_days=232
  fold2: train_days=578 test_days=232
  fold3: train_days=578 test_days=232
  fold4: train_days=578 test_days=232
  fold5: train_days=578 test_days=232
  fold6: train_days=579 test_days=232
  fold7: train_days=579 test_days=232
  fold8: train_days=578 test_days=232
  fold9: train_days=578 test_days=232
  fold10: train_days=578 test_days=232
  fold11: train_days=579 test_days=232
  fold12: train_days=579 test_days=232
  fold13: train_days=578 test_days=232
  fold14: train_days=578 test_days=232
  fold15: train_days=579 test_days=232
  fold16: train_days=579 test_days=232
  fold17: train_days=578 test_days=232
  fold18: train_days=579 test_days=232
  fold19: train_days=579 test_days=232
  fold20: train_days=579 test_days=232
  fold21: train_days=580 test_days=232
2026-06-19 19:26:20 INFO crypto_research.ml_cpcv: [ml] fold 1/21 → model.fit: X_train=(25474, 5) y_train=(25474,) days=('2022-09-01 00:00:00+00:00', '2024-04-01 00:00:00+00:00') dist={0: 12541, 1: 12933}
2026-06-19 19:26:20 INFO crypto_research.ml_cpcv: [ml] fold 1/21 → model.predict: X_test=(6173, 5) y_test=(6173,) days=('2022-01-11 00:00:00+00:00', '2022-08-30 00:00:00+00:00') dist={0: 3180, 1: 2993}
2026-06-19 19:26:20 INFO crypto_research.ml_cpcv: [ml] fold 1 X_train head:
     pair_id weekday_enc  ema_dev_pair_norm  rsi_pair_norm  streak_pair_norm
6201       1           3          -0.098971      -0.325285          0.333333
6202       2           3          -0.187874      -0.405108         -0.333333
6203       3           3          -0.236484      -0.533941         -0.714286
2026-06-19 19:26:20 INFO crypto_research.ml_cpcv: [ml] fold 1 y_train head: [1, 1, 1]
2026-06-19 19:26:20 INFO crypto_research.ml_cpcv: [ml] fold 1 X_test head:
  pair_id weekday_enc  ema_dev_pair_norm  rsi_pair_norm  streak_pair_norm
0       1           1          -1.023010      -2.030835         -0.666667
1       2           1          -1.000000      -1.397337         -1.333333
2       3           1          -0.867434      -1.155518         -0.428571
2026-06-19 19:26:20 INFO crypto_research.ml_cpcv: [ml] fold 1 y_test head: [1, 1, 1]
2026-06-19 19:26:21 INFO crypto_research.ml_cpcv: [ml] fold 1/21 train=25474 test=6173 acc=0.5331 auc=0.5495
2026-06-19 19:26:21 INFO crypto_research.ml_cpcv: [ml] fold 2/21 → model.fit: X_train=(25372, 5) y_train=(25372,) days=('2022-05-08 00:00:00+00:00', '2024-04-01 00:00:00+00:00') dist={0: 12466, 1: 12906}
2026-06-19 19:26:21 INFO crypto_research.ml_cpcv: [ml] fold 2/21 → model.predict: X_test=(6247, 5) y_test=(6247,) days=('2022-01-11 00:00:00+00:00', '2022-12-24 00:00:00+00:00') dist={0: 3222, 1: 3025}
2026-06-19 19:26:21 INFO crypto_research.ml_cpcv: [ml] fold 2/21 train=25372 test=6247 acc=0.5433 auc=0.5677
2026-06-19 19:26:21 INFO crypto_research.ml_cpcv: [ml] fold 3/21 → model.fit: X_train=(23304, 5) y_train=(23304,) days=('2022-05-08 00:00:00+00:00', '2024-04-01 00:00:00+00:00') dist={0: 11632, 1: 11672}
2026-06-19 19:26:21 INFO crypto_research.ml_cpcv: [ml] fold 3/21 → model.predict: X_test=(8295, 5) y_test=(8295,) days=('2022-01-11 00:00:00+00:00', '2023-04-19 00:00:00+00:00') dist={0: 4031, 1: 4264}
2026-06-19 19:26:21 INFO crypto_research.ml_cpcv: [ml] fold 3/21 train=23304 test=8295 acc=0.5290 auc=0.5420
2026-06-19 19:26:21 INFO crypto_research.ml_cpcv: [ml] fold 4/21 → model.fit: X_train=(22993, 5) y_train=(22993,) days=('2022-05-08 00:00:00+00:00', '2024-04-01 00:00:00+00:00') dist={0: 11208, 1: 11785}
2026-06-19 19:26:21 INFO crypto_research.ml_cpcv: [ml] fold 4/21 → model.predict: X_test=(8606, 5) y_test=(8606,) days=('2022-01-11 00:00:00+00:00', '2023-08-13 00:00:00+00:00') dist={0: 4479, 1: 4127}
2026-06-19 19:26:21 INFO crypto_research.ml_cpcv: [ml] fold 4/21 train=22993 test=8606 acc=0.5526 auc=0.5759
2026-06-19 19:26:21 INFO crypto_research.ml_cpcv: [ml] fold 5/21 → model.fit: X_train=(23003, 5) y_train=(23003,) days=('2022-05-08 00:00:00+00:00', '2024-04-01 00:00:00+00:00') dist={0: 11510, 1: 11493}
2026-06-19 19:26:21 INFO crypto_research.ml_cpcv: [ml] fold 5/21 → model.predict: X_test=(8596, 5) y_test=(8596,) days=('2022-01-11 00:00:00+00:00', '2023-12-07 00:00:00+00:00') dist={0: 4195, 1: 4401}
2026-06-19 19:26:21 INFO crypto_research.ml_cpcv: [ml] fold 5/21 train=23003 test=8596 acc=0.5279 auc=0.5405
2026-06-19 19:26:21 INFO crypto_research.ml_cpcv: [ml] fold 6/21 → model.fit: X_train=(23000, 5) y_train=(23000,) days=('2022-05-08 00:00:00+00:00', '2023-12-07 00:00:00+00:00') dist={0: 11477, 1: 11523}
2026-06-19 19:26:21 INFO crypto_research.ml_cpcv: [ml] fold 6/21 → model.predict: X_test=(8648, 5) y_test=(8648,) days=('2022-01-11 00:00:00+00:00', '2024-04-01 00:00:00+00:00') dist={0: 4231, 1: 4417}
2026-06-19 19:26:21 INFO crypto_research.ml_cpcv: [ml] fold 6/21 train=23000 test=8648 acc=0.5234 auc=0.5334
2026-06-19 19:26:21 INFO crypto_research.ml_cpcv: [ml] fold 7/21 → model.fit: X_train=(25182, 5) y_train=(25182,) days=('2022-01-11 00:00:00+00:00', '2024-04-01 00:00:00+00:00') dist={0: 12353, 1: 12829}
2026-06-19 19:26:21 INFO crypto_research.ml_cpcv: [ml] fold 7/21 → model.predict: X_test=(6464, 5) y_test=(6464,) days=('2022-05-07 00:00:00+00:00', '2022-12-24 00:00:00+00:00') dist={0: 3360, 1: 3104}
2026-06-19 19:26:21 INFO crypto_research.ml_cpcv: [ml] fold 7/21 train=25182 test=6464 acc=0.5124 auc=0.5284
2026-06-19 19:26:21 INFO crypto_research.ml_cpcv: [ml] fold 8/21 → model.fit: X_train=(23086, 5) y_train=(23086,) days=('2022-01-11 00:00:00+00:00', '2024-04-01 00:00:00+00:00') dist={0: 11507, 1: 11579}
2026-06-19 19:26:21 INFO crypto_research.ml_cpcv: [ml] fold 8/21 → model.predict: X_test=(8512, 5) y_test=(8512,) days=('2022-05-07 00:00:00+00:00', '2023-04-19 00:00:00+00:00') dist={0: 4169, 1: 4343}
2026-06-19 19:26:21 INFO crypto_research.ml_cpcv: [ml] fold 8/21 train=23086 test=8512 acc=0.5049 auc=0.5187
2026-06-19 19:26:21 INFO crypto_research.ml_cpcv: [ml] fold 9/21 → model.fit: X_train=(22775, 5) y_train=(22775,) days=('2022-01-11 00:00:00+00:00', '2024-04-01 00:00:00+00:00') dist={0: 11083, 1: 11692}
2026-06-19 19:26:21 INFO crypto_research.ml_cpcv: [ml] fold 9/21 → model.predict: X_test=(8823, 5) y_test=(8823,) days=('2022-05-07 00:00:00+00:00', '2023-08-13 00:00:00+00:00') dist={0: 4617, 1: 4206}
2026-06-19 19:26:22 INFO crypto_research.ml_cpcv: [ml] fold 9/21 train=22775 test=8823 acc=0.5156 auc=0.5478
2026-06-19 19:26:22 INFO crypto_research.ml_cpcv: [ml] fold 10/21 → model.fit: X_train=(22785, 5) y_train=(22785,) days=('2022-01-11 00:00:00+00:00', '2024-04-01 00:00:00+00:00') dist={0: 11385, 1: 11400}
2026-06-19 19:26:22 INFO crypto_research.ml_cpcv: [ml] fold 10/21 → model.predict: X_test=(8813, 5) y_test=(8813,) days=('2022-05-07 00:00:00+00:00', '2023-12-07 00:00:00+00:00') dist={0: 4333, 1: 4480}
2026-06-19 19:26:22 INFO crypto_research.ml_cpcv: [ml] fold 10/21 train=22785 test=8813 acc=0.5182 auc=0.5234
2026-06-19 19:26:22 INFO crypto_research.ml_cpcv: [ml] fold 11/21 → model.fit: X_train=(22782, 5) y_train=(22782,) days=('2022-01-11 00:00:00+00:00', '2023-12-07 00:00:00+00:00') dist={0: 11352, 1: 11430}
2026-06-19 19:26:22 INFO crypto_research.ml_cpcv: [ml] fold 11/21 → model.predict: X_test=(8865, 5) y_test=(8865,) days=('2022-05-07 00:00:00+00:00', '2024-04-01 00:00:00+00:00') dist={0: 4369, 1: 4496}
2026-06-19 19:26:22 INFO crypto_research.ml_cpcv: [ml] fold 11/21 train=22782 test=8865 acc=0.4989 auc=0.4991
2026-06-19 19:26:22 INFO crypto_research.ml_cpcv: [ml] fold 12/21 → model.fit: X_train=(23040, 5) y_train=(23040,) days=('2022-01-11 00:00:00+00:00', '2024-04-01 00:00:00+00:00') dist={0: 11477, 1: 11563}
2026-06-19 19:26:22 INFO crypto_research.ml_cpcv: [ml] fold 12/21 → model.predict: X_test=(8586, 5) y_test=(8586,) days=('2022-08-31 00:00:00+00:00', '2023-04-19 00:00:00+00:00') dist={0: 4211, 1: 4375}
2026-06-19 19:26:22 INFO crypto_research.ml_cpcv: [ml] fold 12/21 train=23040 test=8586 acc=0.5162 auc=0.5241
2026-06-19 19:26:22 INFO crypto_research.ml_cpcv: [ml] fold 13/21 → model.fit: X_train=(22700, 5) y_train=(22700,) days=('2022-01-11 00:00:00+00:00', '2024-04-01 00:00:00+00:00') dist={0: 11033, 1: 11667}
2026-06-19 19:26:22 INFO crypto_research.ml_cpcv: [ml] fold 13/21 → model.predict: X_test=(8897, 5) y_test=(8897,) days=('2022-08-31 00:00:00+00:00', '2023-08-13 00:00:00+00:00') dist={0: 4659, 1: 4238}
2026-06-19 19:26:22 INFO crypto_research.ml_cpcv: [ml] fold 13/21 train=22700 test=8897 acc=0.5348 auc=0.5460
2026-06-19 19:26:22 INFO crypto_research.ml_cpcv: [ml] fold 14/21 → model.fit: X_train=(22710, 5) y_train=(22710,) days=('2022-01-11 00:00:00+00:00', '2024-04-01 00:00:00+00:00') dist={0: 11335, 1: 11375}
2026-06-19 19:26:22 INFO crypto_research.ml_cpcv: [ml] fold 14/21 → model.predict: X_test=(8887, 5) y_test=(8887,) days=('2022-08-31 00:00:00+00:00', '2023-12-07 00:00:00+00:00') dist={0: 4375, 1: 4512}
2026-06-19 19:26:22 INFO crypto_research.ml_cpcv: [ml] fold 14/21 train=22710 test=8887 acc=0.5313 auc=0.5422
2026-06-19 19:26:22 INFO crypto_research.ml_cpcv: [ml] fold 15/21 → model.fit: X_train=(22707, 5) y_train=(22707,) days=('2022-01-11 00:00:00+00:00', '2023-12-07 00:00:00+00:00') dist={0: 11302, 1: 11405}
2026-06-19 19:26:22 INFO crypto_research.ml_cpcv: [ml] fold 15/21 → model.predict: X_test=(8939, 5) y_test=(8939,) days=('2022-08-31 00:00:00+00:00', '2024-04-01 00:00:00+00:00') dist={0: 4411, 1: 4528}
2026-06-19 19:26:22 INFO crypto_research.ml_cpcv: [ml] fold 15/21 train=22707 test=8939 acc=0.5070 auc=0.5171
2026-06-19 19:26:22 INFO crypto_research.ml_cpcv: [ml] fold 16/21 → model.fit: X_train=(20681, 5) y_train=(20681,) days=('2022-01-11 00:00:00+00:00', '2024-04-01 00:00:00+00:00') dist={0: 10244, 1: 10437}
2026-06-19 19:26:22 INFO crypto_research.ml_cpcv: [ml] fold 16/21 → model.predict: X_test=(10945, 5) y_test=(10945,) days=('2022-12-25 00:00:00+00:00', '2023-08-13 00:00:00+00:00') dist={0: 5468, 1: 5477}
2026-06-19 19:26:22 INFO crypto_research.ml_cpcv: [ml] fold 16/21 train=20681 test=10945 acc=0.5100 auc=0.5152
2026-06-19 19:26:22 INFO crypto_research.ml_cpcv: [ml] fold 17/21 → model.fit: X_train=(20642, 5) y_train=(20642,) days=('2022-01-11 00:00:00+00:00', '2024-04-01 00:00:00+00:00') dist={0: 10501, 1: 10141}
2026-06-19 19:26:22 INFO crypto_research.ml_cpcv: [ml] fold 17/21 → model.predict: X_test=(10935, 5) y_test=(10935,) days=('2022-12-25 00:00:00+00:00', '2023-12-07 00:00:00+00:00') dist={0: 5184, 1: 5751}
2026-06-19 19:26:22 INFO crypto_research.ml_cpcv: [ml] fold 17/21 train=20642 test=10935 acc=0.5098 auc=0.5277
2026-06-19 19:26:22 INFO crypto_research.ml_cpcv: [ml] fold 18/21 → model.fit: X_train=(20639, 5) y_train=(20639,) days=('2022-01-11 00:00:00+00:00', '2023-12-07 00:00:00+00:00') dist={0: 10468, 1: 10171}
2026-06-19 19:26:22 INFO crypto_research.ml_cpcv: [ml] fold 18/21 → model.predict: X_test=(10987, 5) y_test=(10987,) days=('2022-12-25 00:00:00+00:00', '2024-04-01 00:00:00+00:00') dist={0: 5220, 1: 5767}
2026-06-19 19:26:22 INFO crypto_research.ml_cpcv: [ml] fold 18/21 train=20639 test=10987 acc=0.5097 auc=0.5348
2026-06-19 19:26:22 INFO crypto_research.ml_cpcv: [ml] fold 19/21 → model.fit: X_train=(20380, 5) y_train=(20380,) days=('2022-01-11 00:00:00+00:00', '2024-04-01 00:00:00+00:00') dist={0: 10098, 1: 10282}
2026-06-19 19:26:22 INFO crypto_research.ml_cpcv: [ml] fold 19/21 → model.predict: X_test=(11246, 5) y_test=(11246,) days=('2023-04-20 00:00:00+00:00', '2023-12-07 00:00:00+00:00') dist={0: 5632, 1: 5614}
2026-06-19 19:26:22 INFO crypto_research.ml_cpcv: [ml] fold 19/21 train=20380 test=11246 acc=0.5322 auc=0.5449
2026-06-19 19:26:22 INFO crypto_research.ml_cpcv: [ml] fold 20/21 → model.fit: X_train=(20328, 5) y_train=(20328,) days=('2022-01-11 00:00:00+00:00', '2023-12-07 00:00:00+00:00') dist={0: 10044, 1: 10284}
2026-06-19 19:26:22 INFO crypto_research.ml_cpcv: [ml] fold 20/21 → model.predict: X_test=(11298, 5) y_test=(11298,) days=('2023-04-20 00:00:00+00:00', '2024-04-01 00:00:00+00:00') dist={0: 5668, 1: 5630}
2026-06-19 19:26:22 INFO crypto_research.ml_cpcv: [ml] fold 20/21 train=20328 test=11298 acc=0.5381 auc=0.5504
2026-06-19 19:26:22 INFO crypto_research.ml_cpcv: [ml] fold 21/21 → model.fit: X_train=(20387, 5) y_train=(20387,) days=('2022-01-11 00:00:00+00:00', '2023-08-13 00:00:00+00:00') dist={0: 10349, 1: 10038}
2026-06-19 19:26:22 INFO crypto_research.ml_cpcv: [ml] fold 21/21 → model.predict: X_test=(11288, 5) y_test=(11288,) days=('2023-08-14 00:00:00+00:00', '2024-04-01 00:00:00+00:00') dist={0: 5384, 1: 5904}
2026-06-19 19:26:23 INFO crypto_research.ml_cpcv: [ml] fold 21/21 train=20387 test=11288 acc=0.4950 auc=0.5129
2026-06-19 19:26:23 INFO crypto_research.ml_cpcv: [ml] CPCV mean: folds=21 acc=0.5211 logloss=0.6946 auc=0.5353
2026-06-19 19:26:23 INFO crypto_research.ml_cpcv: [ml] OOS paths: rows=31675 cols=[time_ns, y_prob, y_true] folds_merged=21
2026-06-19 19:26:23 INFO crypto_research.ml_cpcv: [ml] OOS calibration: brier=0.2500 ece=0.0240
2026-06-19 19:26:23 INFO crypto_research.ml_cpcv: [ml] OOS weekday Пн: n=4514 base_up=0.4920 pred_up=0.4422 acc=0.4867 logloss=0.7015 auc=0.4805
2026-06-19 19:26:23 INFO crypto_research.ml_cpcv: [ml] OOS weekday Вт: n=4528 base_up=0.5172 pred_up=0.5062 acc=0.5393 logloss=0.6858 auc=0.5636
2026-06-19 19:26:23 INFO crypto_research.ml_cpcv: [ml] OOS weekday Ср: n=4527 base_up=0.4950 pred_up=0.4610 acc=0.5246 logloss=0.6944 auc=0.5252
2026-06-19 19:26:23 INFO crypto_research.ml_cpcv: [ml] OOS weekday Чт: n=4533 base_up=0.4584 pred_up=0.2808 acc=0.5211 logloss=0.6957 auc=0.5026
2026-06-19 19:26:23 INFO crypto_research.ml_cpcv: [ml] OOS weekday Пт: n=4535 base_up=0.5605 pred_up=0.9114 acc=0.5517 logloss=0.6892 auc=0.4900
2026-06-19 19:26:23 INFO crypto_research.ml_cpcv: [ml] OOS weekday Сб: n=4529 base_up=0.5235 pred_up=0.7403 acc=0.5094 logloss=0.6963 auc=0.4948
2026-06-19 19:26:23 INFO crypto_research.ml_cpcv: [ml] OOS weekday Вс: n=4509 base_up=0.4762 pred_up=0.3642 acc=0.5345 logloss=0.6900 auc=0.5437
2026-06-19 19:26:24 INFO crypto_research.ml_oos_paths: [ml] OOS plot saved: /home_admin/crypto_bot/crypto_research/research_outputs/combined/dow_ema_rsi_streak/ml/plots/direction_dow_ema_rsi_streak_49pairs_20220101_20240401_oos_prob.png (weekdays=7 calendar_days=812 rows=31675)
2026-06-19 19:26:25 INFO crypto_research.ml_oos_paths: [ml] OOS calibration plot saved: /home_admin/crypto_bot/crypto_research/research_outputs/combined/dow_ema_rsi_streak/ml/plots/direction_dow_ema_rsi_streak_49pairs_20220101_20240401_oos_calibration.png (brier=0.2500 ece=0.0240 rows=31675)
2026-06-19 19:26:25 INFO crypto_research.ml_learning_curve: [ml] early stopping (holdout): fit_rows=31675 eval_rows=38001 best_iteration=23 eval_logloss=0.6911
2026-06-19 19:26:25 INFO crypto_research.ml_learning_curve: [ml] learning curve saved: /home_admin/crypto_bot/crypto_research/research_outputs/combined/dow_ema_rsi_streak/ml/plots/direction_dow_ema_rsi_streak_49pairs_20220101_20260531_learning_curve.png (best_iter=23)
2026-06-19 19:26:25 INFO crypto_research.ml_learning_curve: [ml] learning curve log saved: /home_admin/crypto_bot/crypto_research/research_outputs/combined/dow_ema_rsi_streak/ml/direction_dow_ema_rsi_streak_49pairs_20220101_20260531_learning_curve.log (73 iterations)
2026-06-19 19:26:25 INFO crypto_research.ml_plot_registry: [ml] plot: oos_prob
2026-06-19 19:26:26 INFO crypto_research.ml_oos_paths: [ml] OOS plot saved: /home_admin/crypto_bot/crypto_research/research_outputs/combined/dow_ema_rsi_streak/ml/plots/direction_dow_ema_rsi_streak_49pairs_20240401_20260531_oos_prob.png (weekdays=7 calendar_days=777 rows=38001)
2026-06-19 19:26:26 INFO crypto_research.ml_plot_registry: [ml] plot: oos_calibration
2026-06-19 19:26:27 INFO crypto_research.ml_oos_paths: [ml] OOS calibration plot saved: /home_admin/crypto_bot/crypto_research/research_outputs/combined/dow_ema_rsi_streak/ml/plots/direction_dow_ema_rsi_streak_49pairs_20240401_20260531_oos_calibration.png (brier=0.2490 ece=0.0284 rows=38001)
2026-06-19 19:26:27 INFO crypto_research.ml_plot_registry: [ml] plot: weekday_pair_summary
2026-06-19 19:26:28 INFO crypto_research.ml_oos_paths: [ml] Weekday×pair summary plot saved: /home_admin/crypto_bot/crypto_research/research_outputs/combined/dow_ema_rsi_streak/ml/plots/direction_dow_ema_rsi_streak_49pairs_20240401_20260531_weekday_pair_summary.png (pairs=49 rows=38001)
2026-06-19 19:26:30 INFO crypto_research.ml_oos_paths: [ml] Weekday×pair summary plot saved: /home_admin/crypto_bot/crypto_research/research_outputs/combined/dow_ema_rsi_streak/ml/plots/direction_dow_ema_rsi_streak_49pairs_20220101_20240401_weekday_pair_summary.png (pairs=49 rows=31675)
2026-06-19 19:26:30 INFO crypto_research.ml_plot_registry: [ml] plot: roc_auc
2026-06-19 19:26:30 INFO crypto_research.ml_oos_paths: [ml] ROC AUC comparison plot saved: /home_admin/crypto_bot/crypto_research/research_outputs/combined/dow_ema_rsi_streak/ml/plots/direction_dow_ema_rsi_streak_49pairs_20220101_20260531_roc_auc.png
2026-06-19 19:26:30 INFO crypto_research.ml_plot_registry: [ml] plot: learning_curve
2026-06-19 19:26:30 INFO crypto_research.ml_plot_registry: [ml] plot: correlation_matrix_heatmap
2026-06-19 19:26:30 INFO crypto_research.ml_feature_diagnostic_plots: [ml] feature corr pair_id vs weekday_enc: 0.0001
2026-06-19 19:26:30 INFO crypto_research.ml_feature_diagnostic_plots: [ml] feature corr pair_id vs ema_dev_pair_norm: 0.0157
2026-06-19 19:26:30 INFO crypto_research.ml_feature_diagnostic_plots: [ml] feature corr pair_id vs rsi_pair_norm: 0.0061
2026-06-19 19:26:30 INFO crypto_research.ml_feature_diagnostic_plots: [ml] feature corr pair_id vs streak_pair_norm: -0.0024
2026-06-19 19:26:30 INFO crypto_research.ml_feature_diagnostic_plots: [ml] feature corr weekday_enc vs ema_dev_pair_norm: 0.0171
2026-06-19 19:26:30 INFO crypto_research.ml_feature_diagnostic_plots: [ml] feature corr weekday_enc vs rsi_pair_norm: 0.0154
2026-06-19 19:26:30 INFO crypto_research.ml_feature_diagnostic_plots: [ml] feature corr weekday_enc vs streak_pair_norm: 0.0371
2026-06-19 19:26:30 INFO crypto_research.ml_feature_diagnostic_plots: [ml] feature corr ema_dev_pair_norm vs rsi_pair_norm: 0.8526
2026-06-19 19:26:30 INFO crypto_research.ml_feature_diagnostic_plots: [ml] feature corr ema_dev_pair_norm vs streak_pair_norm: 0.5270
2026-06-19 19:26:30 INFO crypto_research.ml_feature_diagnostic_plots: [ml] feature corr rsi_pair_norm vs streak_pair_norm: 0.4939
2026-06-19 19:26:30 INFO crypto_research.ml_feature_diagnostic_plots: [ml] correlation matrix heatmap saved: /home_admin/crypto_bot/crypto_research/research_outputs/combined/dow_ema_rsi_streak/ml/plots/direction_dow_ema_rsi_streak_49pairs_20240401_20260531_correlation_matrix.png
2026-06-19 19:26:30 INFO crypto_research.ml_plot_registry: [ml] plot: shape_summary_plot
2026-06-19 19:26:30 INFO crypto_research.ml_shap_plots: [ml] SHAP subsample: 3000 / 38001 rows
2026-06-19 19:26:31 INFO crypto_research.ml_shap_plots: [ml] SHAP summary plot saved: /home_admin/crypto_bot/crypto_research/research_outputs/combined/dow_ema_rsi_streak/ml/plots/direction_dow_ema_rsi_streak_49pairs_20240401_20260531_shape_summary.png
2026-06-19 19:26:31 INFO crypto_research.ml_plot_registry: [ml] plot: feature_prob_dependence
2026-06-19 19:26:31 INFO crypto_research.ml_feature_dependence_plot: [ml] feature P(up) dependence plot saved: /home_admin/crypto_bot/crypto_research/research_outputs/combined/dow_ema_rsi_streak/ml/plots/direction_dow_ema_rsi_streak_49pairs_20240401_20260531_feature_prob_dependence.png (features=['weekday_enc', 'ema_dev_pair_norm', 'rsi_pair_norm', 'streak_pair_norm'])
2026-06-19 19:26:31 INFO crypto_research.ml_research: [ml] auto compare_prob_cdf: ['dow_ema_rsi_sp', 'dow_ema_rsi_streak']
2026-06-19 19:26:32 INFO crypto_research.ml_dataset: [ml] ema_dev_pair_norm: min=-4.918 max=15.840 mean=-0.087
2026-06-19 19:26:32 INFO crypto_research.ml_dataset: [ml] rsi_pair_norm: min=-1.864 max=2.022 mean=-0.170
2026-06-19 19:26:32 INFO crypto_research.ml_dataset: [ml] dataset studies=['day_of_week_ml', 'ema_spreads_ml', 'rsi_spreads_ml'] features=['pair_id', 'weekday_enc', 'ema_dev_pair_norm', 'rsi_pair_norm'] rows=38073 pairs=49 up_rate=0.478
2026-06-19 19:26:32 INFO crypto_research.ml_model_compare_plot: [ml] compare plot saved: /home_admin/crypto_bot/crypto_research/research_outputs/combined/dow_ema_rsi_streak/ml/plots/direction_dow_ema_rsi_streak_49pairs_20220101_20260531_compare_prob_cdf.png
2026-06-19 19:26:35 INFO crypto_research.ml_research: [ml] train/test metrics saved: /home_admin/crypto_bot/crypto_research/research_outputs/combined/dow_ema_rsi_streak/ml/metrics/direction_dow_ema_rsi_streak_49pairs_20220101_20260531_train_test.json
2026-06-19 19:26:35 INFO crypto_research.ml_research: [ml] metrics summary saved: /home_admin/crypto_bot/crypto_research/research_outputs/combined/dow_ema_rsi_streak/ml/metrics/direction_dow_ema_rsi_streak_49pairs_20220101_20260531_metrics_summary.json
2026-06-19 19:27:52 INFO crypto_research.ml_research: [ml] log file: /home_admin/crypto_bot/crypto_research/research_outputs/combined/dow_ema_rsi_streak/ml/direction_dow_ema_rsi_streak_20220101_20260531.log
2026-06-19 19:27:52 INFO crypto_research.ml_dataset: [ml] pair filter: first_candle <= 2023-01-01 → 49 pairs
2026-06-19 19:28:41 INFO crypto_research.load: [1] Загрузка данных: пар=49 строк=46567998 ~1243.5 MB
2026-06-19 19:28:41 INFO crypto_research.load:   1000luncusdt: rows=656821 2022-12-31 .. 2024-04-01
2026-06-19 19:28:41 INFO crypto_research.load:   aaveusdt: rows=1182241 2022-01-01 .. 2024-04-01
2026-06-19 19:28:41 INFO crypto_research.load:   adausdt: rows=1182241 2022-01-01 .. 2024-04-01
2026-06-19 19:28:41 INFO crypto_research.load:   algousdt: rows=1182241 2022-01-01 .. 2024-04-01
2026-06-19 19:28:41 INFO crypto_research.load:   aliceusdt: rows=1182241 2022-01-01 .. 2024-04-01
2026-06-19 19:28:41 INFO crypto_research.load:   apeusdt: rows=656821 2022-12-31 .. 2024-04-01
2026-06-19 19:28:41 INFO crypto_research.load:   api3usdt: rows=1098270 2022-02-28 .. 2024-04-01
2026-06-19 19:28:41 INFO crypto_research.load:   aptusdt: rows=763033 2022-10-19 .. 2024-04-01
2026-06-19 19:28:41 INFO crypto_research.load:   atomusdt: rows=1182241 2022-01-01 .. 2024-04-01
2026-06-19 19:28:41 INFO crypto_research.load:   avaxusdt: rows=1182241 2022-01-01 .. 2024-04-01
2026-06-19 19:28:41 INFO crypto_research.load:   axsusdt: rows=656821 2022-12-31 .. 2024-04-01
2026-06-19 19:28:41 INFO crypto_research.load:   bchusdt: rows=1182241 2022-01-01 .. 2024-04-01
2026-06-19 19:28:41 INFO crypto_research.load:   bnbusdt: rows=1182241 2022-01-01 .. 2024-04-01
2026-06-19 19:28:41 INFO crypto_research.load:   btcusdt: rows=1182241 2022-01-01 .. 2024-04-01
2026-06-19 19:28:41 INFO crypto_research.load:   chzusdt: rows=656821 2022-12-31 .. 2024-04-01
2026-06-19 19:28:41 INFO crypto_research.load:   crvusdt: rows=1182241 2022-01-01 .. 2024-04-01
2026-06-19 19:28:41 INFO crypto_research.load:   dashusdt: rows=656821 2022-12-31 .. 2024-04-01
2026-06-19 19:28:41 INFO crypto_research.load:   dogeusdt: rows=1182241 2022-01-01 .. 2024-04-01
2026-06-19 19:28:41 INFO crypto_research.load:   dotusdt: rows=1182241 2022-01-01 .. 2024-04-01
2026-06-19 19:28:41 INFO crypto_research.load:   dydxusdt: rows=1182241 2022-01-01 .. 2024-04-01
2026-06-19 19:28:41 INFO crypto_research.load:   egldusdt: rows=656821 2022-12-31 .. 2024-04-01
2026-06-19 19:28:41 INFO crypto_research.load:   enjusdt: rows=1182241 2022-01-01 .. 2024-04-01
2026-06-19 19:28:41 INFO crypto_research.load:   etcusdt: rows=656821 2022-12-31 .. 2024-04-01
2026-06-19 19:28:41 INFO crypto_research.load:   ethusdt: rows=1182241 2022-01-01 .. 2024-04-01
2026-06-19 19:28:41 INFO crypto_research.load:   filusdt: rows=1182241 2022-01-01 .. 2024-04-01
2026-06-19 19:28:41 INFO crypto_research.load:   galausdt: rows=1182241 2022-01-01 .. 2024-04-01
2026-06-19 19:28:41 INFO crypto_research.load:   gmtusdt: rows=656821 2022-12-31 .. 2024-04-01
2026-06-19 19:28:41 INFO crypto_research.load:   hbarusdt: rows=656821 2022-12-31 .. 2024-04-01
2026-06-19 19:28:41 INFO crypto_research.load:   icpusdt: rows=656821 2022-12-31 .. 2024-04-01
2026-06-19 19:28:41 INFO crypto_research.load:   injusdt: rows=656821 2022-12-31 .. 2024-04-01
2026-06-19 19:28:41 INFO crypto_research.load:   ldousdt: rows=656821 2022-12-31 .. 2024-04-01
2026-06-19 19:28:41 INFO crypto_research.load:   linkusdt: rows=1182241 2022-01-01 .. 2024-04-01
2026-06-19 19:28:41 INFO crypto_research.load:   ltcusdt: rows=1182241 2022-01-01 .. 2024-04-01
2026-06-19 19:28:41 INFO crypto_research.load:   nearusdt: rows=1182241 2022-01-01 .. 2024-04-01
2026-06-19 19:28:41 INFO crypto_research.load:   ontusdt: rows=957048 2022-06-06 .. 2024-04-01
2026-06-19 19:28:41 INFO crypto_research.load:   opusdt: rows=656821 2022-12-31 .. 2024-04-01
2026-06-19 19:28:41 INFO crypto_research.load:   paxgusdt: rows=1076619 2022-03-15 .. 2024-04-01
2026-06-19 19:28:41 INFO crypto_research.load:   sandusdt: rows=656821 2022-12-31 .. 2024-04-01
2026-06-19 19:28:41 INFO crypto_research.load:   shib1000usdt: rows=656821 2022-12-31 .. 2024-04-01
2026-06-19 19:28:41 INFO crypto_research.load:   solusdt: rows=1182241 2022-01-01 .. 2024-04-01
2026-06-19 19:28:41 INFO crypto_research.load:   storjusdt: rows=656821 2022-12-31 .. 2024-04-01
2026-06-19 19:28:41 INFO crypto_research.load:   stxusdt: rows=656821 2022-12-31 .. 2024-04-01
2026-06-19 19:28:41 INFO crypto_research.load:   trxusdt: rows=656821 2022-12-31 .. 2024-04-01
2026-06-19 19:28:41 INFO crypto_research.load:   uniusdt: rows=1182241 2022-01-01 .. 2024-04-01
2026-06-19 19:28:41 INFO crypto_research.load:   xlmusdt: rows=656821 2022-12-31 .. 2024-04-01
2026-06-19 19:28:41 INFO crypto_research.load:   xmrusdt: rows=1162824 2022-01-14 .. 2024-04-01
2026-06-19 19:28:41 INFO crypto_research.load:   xrpusdt: rows=1182241 2022-01-01 .. 2024-04-01
2026-06-19 19:28:41 INFO crypto_research.load:   zecusdt: rows=1182241 2022-01-01 .. 2024-04-01
2026-06-19 19:28:41 INFO crypto_research.load:   zenusdt: rows=656821 2022-12-31 .. 2024-04-01
2026-06-19 19:28:43 INFO crypto_research.ml_dataset: [ml] pooled daily: pairs=49 rows=32407 period=2022-01-01..2024-04-01
2026-06-19 19:28:43 INFO crypto_research.ml_dataset: [ml] pair filter: first_candle <= 2023-01-01 → 49 pairs
2026-06-19 19:29:02 INFO crypto_research.load: [1] Загрузка данных: пар=49 строк=55515524 ~1482.4 MB
2026-06-19 19:29:02 INFO crypto_research.load:   1000luncusdt: rows=1133280 2024-04-01 .. 2026-05-27
2026-06-19 19:29:02 INFO crypto_research.load:   aaveusdt: rows=1132756 2024-04-01 .. 2026-05-27
2026-06-19 19:29:02 INFO crypto_research.load:   adausdt: rows=1132756 2024-04-01 .. 2026-05-27
2026-06-19 19:29:02 INFO crypto_research.load:   algousdt: rows=1132756 2024-04-01 .. 2026-05-27
2026-06-19 19:29:02 INFO crypto_research.load:   aliceusdt: rows=1132756 2024-04-01 .. 2026-05-27
2026-06-19 19:29:02 INFO crypto_research.load:   apeusdt: rows=1133280 2024-04-01 .. 2026-05-27
2026-06-19 19:29:02 INFO crypto_research.load:   api3usdt: rows=1132756 2024-04-01 .. 2026-05-27
2026-06-19 19:29:02 INFO crypto_research.load:   aptusdt: rows=1132756 2024-04-01 .. 2026-05-27
2026-06-19 19:29:02 INFO crypto_research.load:   atomusdt: rows=1132756 2024-04-01 .. 2026-05-27
2026-06-19 19:29:02 INFO crypto_research.load:   avaxusdt: rows=1132756 2024-04-01 .. 2026-05-27
2026-06-19 19:29:02 INFO crypto_research.load:   axsusdt: rows=1133280 2024-04-01 .. 2026-05-27
2026-06-19 19:29:02 INFO crypto_research.load:   bchusdt: rows=1132756 2024-04-01 .. 2026-05-27
2026-06-19 19:29:02 INFO crypto_research.load:   bnbusdt: rows=1132756 2024-04-01 .. 2026-05-27
2026-06-19 19:29:02 INFO crypto_research.load:   btcusdt: rows=1132756 2024-04-01 .. 2026-05-27
2026-06-19 19:29:02 INFO crypto_research.load:   chzusdt: rows=1133280 2024-04-01 .. 2026-05-27
2026-06-19 19:29:02 INFO crypto_research.load:   crvusdt: rows=1132756 2024-04-01 .. 2026-05-27
2026-06-19 19:29:02 INFO crypto_research.load:   dashusdt: rows=1133280 2024-04-01 .. 2026-05-27
2026-06-19 19:29:02 INFO crypto_research.load:   dogeusdt: rows=1132756 2024-04-01 .. 2026-05-27
2026-06-19 19:29:02 INFO crypto_research.load:   dotusdt: rows=1132756 2024-04-01 .. 2026-05-27
2026-06-19 19:29:02 INFO crypto_research.load:   dydxusdt: rows=1132756 2024-04-01 .. 2026-05-27
2026-06-19 19:29:02 INFO crypto_research.load:   egldusdt: rows=1133280 2024-04-01 .. 2026-05-27
2026-06-19 19:29:02 INFO crypto_research.load:   enjusdt: rows=1132756 2024-04-01 .. 2026-05-27
2026-06-19 19:29:02 INFO crypto_research.load:   etcusdt: rows=1133280 2024-04-01 .. 2026-05-27
2026-06-19 19:29:02 INFO crypto_research.load:   ethusdt: rows=1132756 2024-04-01 .. 2026-05-27
2026-06-19 19:29:02 INFO crypto_research.load:   filusdt: rows=1132756 2024-04-01 .. 2026-05-27
2026-06-19 19:29:02 INFO crypto_research.load:   galausdt: rows=1132756 2024-04-01 .. 2026-05-27
2026-06-19 19:29:02 INFO crypto_research.load:   gmtusdt: rows=1133280 2024-04-01 .. 2026-05-27
2026-06-19 19:29:02 INFO crypto_research.load:   hbarusdt: rows=1133280 2024-04-01 .. 2026-05-27
2026-06-19 19:29:02 INFO crypto_research.load:   icpusdt: rows=1133280 2024-04-01 .. 2026-05-27
2026-06-19 19:29:02 INFO crypto_research.load:   injusdt: rows=1133280 2024-04-01 .. 2026-05-27
2026-06-19 19:29:02 INFO crypto_research.load:   ldousdt: rows=1133280 2024-04-01 .. 2026-05-27
2026-06-19 19:29:02 INFO crypto_research.load:   linkusdt: rows=1132756 2024-04-01 .. 2026-05-27
2026-06-19 19:29:02 INFO crypto_research.load:   ltcusdt: rows=1132756 2024-04-01 .. 2026-05-27
2026-06-19 19:29:02 INFO crypto_research.load:   nearusdt: rows=1132756 2024-04-01 .. 2026-05-27
2026-06-19 19:29:02 INFO crypto_research.load:   ontusdt: rows=1132756 2024-04-01 .. 2026-05-27
2026-06-19 19:29:02 INFO crypto_research.load:   opusdt: rows=1133280 2024-04-01 .. 2026-05-27
2026-06-19 19:29:02 INFO crypto_research.load:   paxgusdt: rows=1132756 2024-04-01 .. 2026-05-27
2026-06-19 19:29:02 INFO crypto_research.load:   sandusdt: rows=1133280 2024-04-01 .. 2026-05-27
2026-06-19 19:29:02 INFO crypto_research.load:   shib1000usdt: rows=1133280 2024-04-01 .. 2026-05-27
2026-06-19 19:29:02 INFO crypto_research.load:   solusdt: rows=1132756 2024-04-01 .. 2026-05-27
2026-06-19 19:29:02 INFO crypto_research.load:   storjusdt: rows=1133280 2024-04-01 .. 2026-05-27
2026-06-19 19:29:02 INFO crypto_research.load:   stxusdt: rows=1133280 2024-04-01 .. 2026-05-27
2026-06-19 19:29:02 INFO crypto_research.load:   trxusdt: rows=1133280 2024-04-01 .. 2026-05-27
2026-06-19 19:29:02 INFO crypto_research.load:   uniusdt: rows=1132756 2024-04-01 .. 2026-05-27
2026-06-19 19:29:02 INFO crypto_research.load:   xlmusdt: rows=1133280 2024-04-01 .. 2026-05-27
2026-06-19 19:29:02 INFO crypto_research.load:   xmrusdt: rows=1132756 2024-04-01 .. 2026-05-27
2026-06-19 19:29:02 INFO crypto_research.load:   xrpusdt: rows=1132756 2024-04-01 .. 2026-05-27
2026-06-19 19:29:02 INFO crypto_research.load:   zecusdt: rows=1132756 2024-04-01 .. 2026-05-27
2026-06-19 19:29:02 INFO crypto_research.load:   zenusdt: rows=1133280 2024-04-01 .. 2026-05-27
2026-06-19 19:29:03 INFO crypto_research.ml_dataset: [ml] pooled daily: pairs=49 rows=38563 period=2024-04-01..2026-05-31
2026-06-19 19:29:03 INFO crypto_research.ml_ema_dev_norm: [ml] ema_dev_pair_norm bounds: pairs=49
2026-06-19 19:29:03 INFO crypto_research.ml_numeric_features: [ml] bounds ema_dev_pair_norm: pairs=49
2026-06-19 19:29:03 INFO crypto_research.ml_numeric_features: [ml] bounds rsi_pair_norm: pairs=49
2026-06-19 19:29:04 INFO crypto_research.ml_numeric_features: [ml] bounds streak_pair_norm: pairs=49
2026-06-19 19:29:04 INFO crypto_research.ml_dataset: [ml] ema_dev_pair_norm: min=-4.914 max=8.584 mean=-0.014
2026-06-19 19:29:04 INFO crypto_research.ml_dataset: [ml] rsi_pair_norm: min=-2.053 max=2.062 mean=-0.081
2026-06-19 19:29:04 INFO crypto_research.ml_dataset: [ml] streak_pair_norm: min=-3.000 max=4.333 mean=-0.012
2026-06-19 19:29:04 INFO crypto_research.ml_dataset: [ml] dataset studies=['day_of_week_ml', 'ema_spreads_ml', 'rsi_spreads_ml', 'price_sequences_ml'] features=['pair_id', 'weekday_enc', 'ema_dev_pair_norm', 'rsi_pair_norm', 'streak_pair_norm'] rows=31675 pairs=49 up_rate=0.503
2026-06-19 19:29:04 INFO crypto_research.ml_dataset: [ml] ema_dev_pair_norm: min=-4.918 max=15.840 mean=-0.087
2026-06-19 19:29:04 INFO crypto_research.ml_dataset: [ml] rsi_pair_norm: min=-1.864 max=2.022 mean=-0.170
2026-06-19 19:29:04 INFO crypto_research.ml_dataset: [ml] streak_pair_norm: min=-3.333 max=3.333 mean=-0.083
2026-06-19 19:29:04 INFO crypto_research.ml_dataset: [ml] dataset studies=['day_of_week_ml', 'ema_spreads_ml', 'rsi_spreads_ml', 'price_sequences_ml'] features=['pair_id', 'weekday_enc', 'ema_dev_pair_norm', 'rsi_pair_norm', 'streak_pair_norm'] rows=38001 pairs=49 up_rate=0.478
2026-06-19 19:29:04 INFO crypto_research.ml_research: Dataset columns (10): ['day_utc', 'pair', 'weekday', 'return_pct', 'direction_up', 'ema_dev_pair_norm', 'rsi_pair_norm', 'streak_pair_norm', 'pair_id', 'weekday_enc']
2026-06-19 19:29:04 INFO crypto_research.ml_research: Dataset head (50 rows):
shape: (50, 10)
┌─────────────┬───────────┬─────────┬────────────┬────────────┬────────────┬────────────┬────────────┬─────────┬────────────┐
│ day_utc     ┆ pair      ┆ weekday ┆ return_pct ┆ direction_ ┆ ema_dev_pa ┆ rsi_pair_n ┆ streak_pai ┆ pair_id ┆ weekday_en │
│ ---         ┆ ---       ┆ ---     ┆ ---        ┆ up         ┆ ir_norm    ┆ orm        ┆ r_norm     ┆ ---     ┆ c          │
│ datetime[μs ┆ str       ┆ i64     ┆ f64        ┆ ---        ┆ ---        ┆ ---        ┆ ---        ┆ cat     ┆ ---        │
│ , UTC]      ┆           ┆         ┆            ┆ i8         ┆ f64        ┆ f64        ┆ f64        ┆         ┆ cat        │
╞═════════════╪═══════════╪═════════╪════════════╪════════════╪════════════╪════════════╪════════════╪═════════╪════════════╡
│ 2022-01-11  ┆ aaveusdt  ┆ 1       ┆ 6.78857083 ┆ 1          ┆ -1.0230104 ┆ -2.0308349 ┆ -0.6666666 ┆ 1       ┆ 1          │
│ 00:00:00    ┆           ┆         ┆ 0975585    ┆            ┆ 369461848  ┆ 872019544  ┆ 666666667  ┆         ┆            │
│ UTC         ┆           ┆         ┆            ┆            ┆            ┆            ┆            ┆         ┆            │
│ 2022-01-11  ┆ adausdt   ┆ 1       ┆ 5.61046960 ┆ 1          ┆ -1         ┆ -1.3973373 ┆ -1.3333333 ┆ 2       ┆ 1          │
│ 00:00:00    ┆           ┆         ┆ 9646642    ┆            ┆            ┆ 33734323   ┆ 333333333  ┆         ┆            │
│ UTC         ┆           ┆         ┆            ┆            ┆            ┆            ┆            ┆         ┆            │
│ 2022-01-11  ┆ algousdt  ┆ 1       ┆ 6.16287521 ┆ 1          ┆ -0.8674341 ┆ -1.1555181 ┆ -0.4285714 ┆ 3       ┆ 1          │
│ 00:00:00    ┆           ┆         ┆ 9537939    ┆            ┆ 300673081  ┆ 086904938  ┆ 285714286  ┆         ┆            │
│ UTC         ┆           ┆         ┆            ┆            ┆            ┆            ┆            ┆         ┆            │
│ 2022-01-11  ┆ aliceusdt ┆ 1       ┆ 6.37255474 ┆ 1          ┆ -1.0272797 ┆ -1.1690872 ┆ -0.4285714 ┆ 4       ┆ 1          │
│ 00:00:00    ┆           ┆         ┆ 8620328    ┆            ┆ 27767651   ┆ 562617576  ┆ 285714286  ┆         ┆            │
│ UTC         ┆           ┆         ┆            ┆            ┆            ┆            ┆            ┆         ┆            │
│ 2022-01-11  ┆ atomusdt  ┆ 1       ┆ 2.16587343 ┆ 1          ┆ 0.13040448 ┆ 0.16000480 ┆ 0.33333333 ┆ 8       ┆ 1          │
│ 00:00:00    ┆           ┆         ┆ 26592084   ┆            ┆ 087863565  ┆ 407343476  ┆ 333333326  ┆         ┆            │
│ UTC         ┆           ┆         ┆            ┆            ┆            ┆            ┆            ┆         ┆            │
│ 2022-01-11  ┆ avaxusdt  ┆ 1       ┆ 6.07964570 ┆ 1          ┆ -0.9616868 ┆ -1.4200766 ┆ -0.1428571 ┆ 9       ┆ 1          │
│ 00:00:00    ┆           ┆         ┆ 9640859    ┆            ┆ 083200584  ┆ 493461732  ┆ 428571429  ┆         ┆            │
│ UTC         ┆           ┆         ┆            ┆            ┆            ┆            ┆            ┆         ┆            │
│ 2022-01-11  ┆ bchusdt   ┆ 1       ┆ 1.65039202 ┆ 1          ┆ -1.0135060 ┆ -1.7021984 ┆ -0.3333333 ┆ 11      ┆ 1          │
│ 00:00:00    ┆           ┆         ┆ 35081473   ┆            ┆ 783051932  ┆ 67363062   ┆ 3333333337 ┆         ┆            │
│ UTC         ┆           ┆         ┆            ┆            ┆            ┆            ┆            ┆         ┆            │
│ 2022-01-11  ┆ bnbusdt   ┆ 1       ┆ 8.94643908 ┆ 1          ┆ -1.3330381 ┆ -1.7621478 ┆ -0.3333333 ┆ 12      ┆ 1          │
│ 00:00:00    ┆           ┆         ┆ 181283     ┆            ┆ 459113234  ┆ 216658728  ┆ 3333333337 ┆         ┆            │
│ UTC         ┆           ┆         ┆            ┆            ┆            ┆            ┆            ┆         ┆            │
│ 2022-01-11  ┆ btcusdt   ┆ 1       ┆ 2.13470783 ┆ 1          ┆ -0.6319884 ┆ -1.7582515 ┆ -0.25      ┆ 13      ┆ 1          │
│ 00:00:00    ┆           ┆         ┆ 80253057   ┆            ┆ 518503163  ┆ 118565332  ┆            ┆         ┆            │
│ UTC         ┆           ┆         ┆            ┆            ┆            ┆            ┆            ┆         ┆            │
│ 2022-01-11  ┆ crvusdt   ┆ 1       ┆ 6.60486312 ┆ 1          ┆ -1.1600089 ┆ -1.3205400 ┆ -1         ┆ 15      ┆ 1          │
│ 00:00:00    ┆           ┆         ┆ 0110692    ┆            ┆ 953543349  ┆ 031884917  ┆            ┆         ┆            │
│ UTC         ┆           ┆         ┆            ┆            ┆            ┆            ┆            ┆         ┆            │
│ 2022-01-11  ┆ dogeusdt  ┆ 1       ┆ 7.48250833 ┆ 1          ┆ -1.0166984 ┆ -1.9276083 ┆ -1.3333333 ┆ 17      ┆ 1          │
│ 00:00:00    ┆           ┆         ┆ 00613295   ┆            ┆ 201353448  ┆ 34982597   ┆ 333333333  ┆         ┆            │
│ UTC         ┆           ┆         ┆            ┆            ┆            ┆            ┆            ┆         ┆            │
│ 2022-01-11  ┆ dotusdt   ┆ 1       ┆ 7.76699076 ┆ 1          ┆ -1         ┆ -1.1234265 ┆ -0.3333333 ┆ 18      ┆ 1          │
│ 00:00:00    ┆           ┆         ┆ 02688255   ┆            ┆            ┆ 55186431   ┆ 3333333337 ┆         ┆            │
│ UTC         ┆           ┆         ┆            ┆            ┆            ┆            ┆            ┆         ┆            │
│ 2022-01-11  ┆ dydxusdt  ┆ 1       ┆ 11.6169585 ┆ 1          ┆ -0.9971051 ┆ -1.8429710 ┆ -0.3333333 ┆ 19      ┆ 1          │
│ 00:00:00    ┆           ┆         ┆ 75351276   ┆            ┆ 695789355  ┆ 82482642   ┆ 3333333337 ┆         ┆            │
│ UTC         ┆           ┆         ┆            ┆            ┆            ┆            ┆            ┆         ┆            │
│ 2022-01-11  ┆ enjusdt   ┆ 1       ┆ 6.76674887 ┆ 1          ┆ -0.9218985 ┆ -0.8821390 ┆ -0.4285714 ┆ 21      ┆ 1          │
│ 00:00:00    ┆           ┆         ┆ 7945984    ┆            ┆ 97589335   ┆ 930325894  ┆ 285714286  ┆         ┆            │
│ UTC         ┆           ┆         ┆            ┆            ┆            ┆            ┆            ┆         ┆            │
│ 2022-01-11  ┆ ethusdt   ┆ 1       ┆ 4.99675535 ┆ 1          ┆ -0.9713267 ┆ -1.5061643 ┆ -0.25      ┆ 23      ┆ 1          │
│ 00:00:00    ┆           ┆         ┆ 366645     ┆            ┆ 847166703  ┆ 629412935  ┆            ┆         ┆            │
│ UTC         ┆           ┆         ┆            ┆            ┆            ┆            ┆            ┆         ┆            │
│ 2022-01-11  ┆ filusdt   ┆ 1       ┆ 2.55863978 ┆ 1          ┆ -1.0101559 ┆ -1.3131447 ┆ -0.1428571 ┆ 24      ┆ 1          │
│ 00:00:00    ┆           ┆         ┆ 7916926    ┆            ┆ 418583597  ┆ 629224229  ┆ 428571429  ┆         ┆            │
│ UTC         ┆           ┆         ┆            ┆            ┆            ┆            ┆            ┆         ┆            │
│ 2022-01-11  ┆ galausdt  ┆ 1       ┆ 4.52855983 ┆ 1          ┆ -1.3033013 ┆ -1.4851751 ┆ -0.3333333 ┆ 25      ┆ 1          │
│ 00:00:00    ┆           ┆         ┆ 12834034   ┆            ┆ 109448117  ┆ 525926433  ┆ 3333333337 ┆         ┆            │
│ UTC         ┆           ┆         ┆            ┆            ┆            ┆            ┆            ┆         ┆            │
│ 2022-01-11  ┆ linkusdt  ┆ 1       ┆ -4.8351308 ┆ 0          ┆ 1.16693795 ┆ 1.63772311 ┆ 0.42857142 ┆ 31      ┆ 1          │
│ 00:00:00    ┆           ┆         ┆ 490143445  ┆            ┆ 2472205    ┆ 09811534   ┆ 85714286   ┆         ┆            │
│ UTC         ┆           ┆         ┆            ┆            ┆            ┆            ┆            ┆         ┆            │
│ 2022-01-11  ┆ ltcusdt   ┆ 1       ┆ 3.91211332 ┆ 1          ┆ -0.7905404 ┆ -1.8083178 ┆ -0.4285714 ┆ 32      ┆ 1          │
│ 00:00:00    ┆           ┆         ┆ 96431494   ┆            ┆ 511078287  ┆ 460921738  ┆ 285714286  ┆         ┆            │
│ UTC         ┆           ┆         ┆            ┆            ┆            ┆            ┆            ┆         ┆            │
│ 2022-01-11  ┆ nearusdt  ┆ 1       ┆ 16.6095944 ┆ 1          ┆ 0.29281058 ┆ 0.04883597 ┆ 0.42857142 ┆ 33      ┆ 1          │
│ 00:00:00    ┆           ┆         ┆ 84794073   ┆            ┆ 0312173    ┆ 4696927575 ┆ 85714286   ┆         ┆            │
│ UTC         ┆           ┆         ┆            ┆            ┆            ┆            ┆            ┆         ┆            │
│ 2022-01-11  ┆ solusdt   ┆ 1       ┆ 3.23886175 ┆ 1          ┆ -0.7819217 ┆ -1.6348706 ┆ -0.5       ┆ 39      ┆ 1          │
│ 00:00:00    ┆           ┆         ┆ 8409968    ┆            ┆ 979769039  ┆ 445915702  ┆            ┆         ┆            │
│ UTC         ┆           ┆         ┆            ┆            ┆            ┆            ┆            ┆         ┆            │
│ 2022-01-11  ┆ uniusdt   ┆ 1       ┆ 5.52577615 ┆ 1          ┆ -0.7360077 ┆ -0.8530792 ┆ -0.3333333 ┆ 43      ┆ 1          │
│ 00:00:00    ┆           ┆         ┆ 49487565   ┆            ┆ 620792981  ┆ 711270476  ┆ 3333333337 ┆         ┆            │
│ UTC         ┆           ┆         ┆            ┆            ┆            ┆            ┆            ┆         ┆            │
│ 2022-01-11  ┆ xrpusdt   ┆ 1       ┆ 4.09902886 ┆ 1          ┆ -0.7226242 ┆ -1.5583462 ┆ -0.3333333 ┆ 46      ┆ 1          │
│ 00:00:00    ┆           ┆         ┆ 0356283    ┆            ┆ 374373969  ┆ 689840615  ┆ 3333333337 ┆         ┆            │
│ UTC         ┆           ┆         ┆            ┆            ┆            ┆            ┆            ┆         ┆            │
│ 2022-01-11  ┆ zecusdt   ┆ 1       ┆ 0.14174127 ┆ 1          ┆ -0.1522824 ┆ -0.6574078 ┆ -0.25      ┆ 47      ┆ 1          │
│ 00:00:00    ┆           ┆         ┆ 540112447  ┆            ┆ 2430131114 ┆ 39384771   ┆            ┆         ┆            │
│ UTC         ┆           ┆         ┆            ┆            ┆            ┆            ┆            ┆         ┆            │
│ 2022-01-12  ┆ aaveusdt  ┆ 2       ┆ 2.43960232 ┆ 1          ┆ -0.3765510 ┆ -1.3066951 ┆ 0.33333333 ┆ 1       ┆ 2          │
│ 00:00:00    ┆           ┆         ┆ 50916063   ┆            ┆ 9630048034 ┆ 41519008   ┆ 333333326  ┆         ┆            │
│ UTC         ┆           ┆         ┆            ┆            ┆            ┆            ┆            ┆         ┆            │
│ 2022-01-12  ┆ adausdt   ┆ 2       ┆ 10.6079784 ┆ 1          ┆ -0.3203851 ┆ -0.8673955 ┆ 0.33333333 ┆ 2       ┆ 2          │
│ 00:00:00    ┆           ┆         ┆ 48037555   ┆            ┆ 33667936   ┆ 767137441  ┆ 333333326  ┆         ┆            │
│ UTC         ┆           ┆         ┆            ┆            ┆            ┆            ┆            ┆         ┆            │
│ 2022-01-12  ┆ algousdt  ┆ 2       ┆ 3.66274860 ┆ 1          ┆ -0.2844536 ┆ -0.7597016 ┆ 0.14285714 ┆ 3       ┆ 2          │
│ 00:00:00    ┆           ┆         ┆ 5325483    ┆            ┆ 684584358  ┆ 316217354  ┆ 28571428   ┆         ┆            │
│ UTC         ┆           ┆         ┆            ┆            ┆            ┆            ┆            ┆         ┆            │
│ 2022-01-12  ┆ aliceusdt ┆ 2       ┆ 5.99077968 ┆ 1          ┆ -0.4512253 ┆ -0.7914901 ┆ 0.14285714 ┆ 4       ┆ 2          │
│ 00:00:00    ┆           ┆         ┆ 36614065   ┆            ┆ 2172717783 ┆ 91507975   ┆ 28571428   ┆         ┆            │
│ UTC         ┆           ┆         ┆            ┆            ┆            ┆            ┆            ┆         ┆            │
│ 2022-01-12  ┆ atomusdt  ┆ 2       ┆ 4.08479318 ┆ 1          ┆ 0.30966920 ┆ 0.24812820 ┆ 0.66666666 ┆ 8       ┆ 2          │
│ 00:00:00    ┆           ┆         ┆ 4828393    ┆            ┆ 090098315  ┆ 40479178   ┆ 66666667   ┆         ┆            │
│ UTC         ┆           ┆         ┆            ┆            ┆            ┆            ┆            ┆         ┆            │
│ 2022-01-12  ┆ avaxusdt  ┆ 2       ┆ 7.32320427 ┆ 1          ┆ -0.3617231 ┆ -1.0177587 ┆ 0.42857142 ┆ 9       ┆ 2          │
│ 00:00:00    ┆           ┆         ┆ 7438567    ┆            ┆ 716695066  ┆ 961708219  ┆ 85714286   ┆         ┆            │
│ UTC         ┆           ┆         ┆            ┆            ┆            ┆            ┆            ┆         ┆            │
│ 2022-01-12  ┆ bchusdt   ┆ 2       ┆ 3.80192633 ┆ 1          ┆ -0.6611329 ┆ -1.4603110 ┆ 0.33333333 ┆ 11      ┆ 2          │
│ 00:00:00    ┆           ┆         ┆ 59895037   ┆            ┆ 111727483  ┆ 831320198  ┆ 333333326  ┆         ┆            │
│ UTC         ┆           ┆         ┆            ┆            ┆            ┆            ┆            ┆         ┆            │
│ 2022-01-12  ┆ bnbusdt   ┆ 2       ┆ 5.34846029 ┆ 1          ┆ 0.01410801 ┆ -0.8408825 ┆ 0.33333333 ┆ 12      ┆ 2          │
│ 00:00:00    ┆           ┆         ┆ 1734198    ┆            ┆ 4896094248 ┆ 481626779  ┆ 333333326  ┆         ┆            │
│ UTC         ┆           ┆         ┆            ┆            ┆            ┆            ┆            ┆         ┆            │
│ 2022-01-12  ┆ btcusdt   ┆ 2       ┆ 2.78210367 ┆ 1          ┆ -0.2180180 ┆ -1.3085421 ┆ 0.25       ┆ 13      ┆ 2          │
│ 00:00:00    ┆           ┆         ┆ 31730735   ┆            ┆ 4762191915 ┆ 773560837  ┆            ┆         ┆            │
│ UTC         ┆           ┆         ┆            ┆            ┆            ┆            ┆            ┆         ┆            │
│ 2022-01-12  ┆ crvusdt   ┆ 2       ┆ 6.54348096 ┆ 1          ┆ -0.6057027 ┆ -0.9729826 ┆ 0.42857142 ┆ 15      ┆ 2          │
│ 00:00:00    ┆           ┆         ┆ 7303586    ┆            ┆ 461305695  ┆ 603218545  ┆ 85714286   ┆         ┆            │
│ UTC         ┆           ┆         ┆            ┆            ┆            ┆            ┆            ┆         ┆            │
│ 2022-01-12  ┆ dogeusdt  ┆ 2       ┆ 5.79050226 ┆ 1          ┆ -0.1672654 ┆ -0.8820958 ┆ 0.33333333 ┆ 17      ┆ 2          │
│ 00:00:00    ┆           ┆         ┆ 9009695    ┆            ┆ 696116402  ┆ 396160115  ┆ 333333326  ┆         ┆            │
│ UTC         ┆           ┆         ┆            ┆            ┆            ┆            ┆            ┆         ┆            │
│ 2022-01-12  ┆ dotusdt   ┆ 2       ┆ 6.95260309 ┆ 1          ┆ -0.1095543 ┆ -0.5377336 ┆ 0.33333333 ┆ 18      ┆ 2          │
│ 00:00:00    ┆           ┆         ┆ 7495247    ┆            ┆ 200708026  ┆ 176970129  ┆ 333333326  ┆         ┆            │
│ UTC         ┆           ┆         ┆            ┆            ┆            ┆            ┆            ┆         ┆            │
│ 2022-01-12  ┆ dydxusdt  ┆ 2       ┆ 9.07172951 ┆ 1          ┆ -0.1491295 ┆ -0.8706611 ┆ 0.33333333 ┆ 19      ┆ 2          │
│ 00:00:00    ┆           ┆         ┆ 919055     ┆            ┆ 5058917873 ┆ 737833426  ┆ 333333326  ┆         ┆            │
│ UTC         ┆           ┆         ┆            ┆            ┆            ┆            ┆            ┆         ┆            │
│ 2022-01-12  ┆ enjusdt   ┆ 2       ┆ 9.17152872 ┆ 1          ┆ -0.3067761 ┆ -0.5388349 ┆ 0.14285714 ┆ 21      ┆ 2          │
│ 00:00:00    ┆           ┆         ┆ 771021     ┆            ┆ 700692503  ┆ 781357886  ┆ 28571428   ┆         ┆            │
│ UTC         ┆           ┆         ┆            ┆            ┆            ┆            ┆            ┆         ┆            │
│ 2022-01-12  ┆ ethusdt   ┆ 2       ┆ 4.12701016 ┆ 1          ┆ -0.3195477 ┆ -1.0193781 ┆ 0.25       ┆ 23      ┆ 2          │
│ 00:00:00    ┆           ┆         ┆ 15613415   ┆            ┆ 6203334767 ┆ 729503903  ┆            ┆         ┆            │
│ UTC         ┆           ┆         ┆            ┆            ┆            ┆            ┆            ┆         ┆            │
│ 2022-01-12  ┆ filusdt   ┆ 2       ┆ 6.47955264 ┆ 1          ┆ -0.6571245 ┆ -1.0984854 ┆ 0.42857142 ┆ 24      ┆ 2          │
│ 00:00:00    ┆           ┆         ┆ 14993585   ┆            ┆ 120546244  ┆ 895667544  ┆ 85714286   ┆         ┆            │
│ UTC         ┆           ┆         ┆            ┆            ┆            ┆            ┆            ┆         ┆            │
│ 2022-01-12  ┆ galausdt  ┆ 2       ┆ 12.0582705 ┆ 1          ┆ -0.8063315 ┆ -1.2275105 ┆ 0.33333333 ┆ 25      ┆ 2          │
│ 00:00:00    ┆           ┆         ┆ 56129708   ┆            ┆ 682268392  ┆ 467659482  ┆ 333333326  ┆         ┆            │
│ UTC         ┆           ┆         ┆            ┆            ┆            ┆            ┆            ┆         ┆            │
│ 2022-01-12  ┆ linkusdt  ┆ 2       ┆ 0.54490246 ┆ 1          ┆ 0.44351308 ┆ 1.09042296 ┆ -0.4285714 ┆ 31      ┆ 2          │
│ 00:00:00    ┆           ┆         ┆ 9331899    ┆            ┆ 82443634   ┆ 66528917   ┆ 285714286  ┆         ┆            │
│ UTC         ┆           ┆         ┆            ┆            ┆            ┆            ┆            ┆         ┆            │
│ 2022-01-12  ┆ ltcusdt   ┆ 2       ┆ 7.90995550 ┆ 1          ┆ -0.2825638 ┆ -1.1715444 ┆ 0.14285714 ┆ 32      ┆ 2          │
│ 00:00:00    ┆           ┆         ┆ 1386672    ┆            ┆ 478929974  ┆ 501975072  ┆ 28571428   ┆         ┆            │
│ UTC         ┆           ┆         ┆            ┆            ┆            ┆            ┆            ┆         ┆            │
│ 2022-01-12  ┆ nearusdt  ┆ 2       ┆ -2.6481925 ┆ 0          ┆ 1.27319782 ┆ 0.50021589 ┆ 0.71428571 ┆ 33      ┆ 2          │
│ 00:00:00    ┆           ┆         ┆ 41410601   ┆            ┆ 91348753   ┆ 57621297   ┆ 42857142   ┆         ┆            │
│ UTC         ┆           ┆         ┆            ┆            ┆            ┆            ┆            ┆         ┆            │
│ 2022-01-12  ┆ solusdt   ┆ 2       ┆ 7.96791661 ┆ 1          ┆ -0.4394124 ┆ -1.3546955 ┆ 0.25       ┆ 39      ┆ 2          │
│ 00:00:00    ┆           ┆         ┆ 4444073    ┆            ┆ 430115105  ┆ 595969155  ┆            ┆         ┆            │
│ UTC         ┆           ┆         ┆            ┆            ┆            ┆            ┆            ┆         ┆            │
│ 2022-01-12  ┆ uniusdt   ┆ 2       ┆ 2.05067487 ┆ 1          ┆ -0.1707182 ┆ -0.4564481 ┆ 0.33333333 ┆ 43      ┆ 2          │
│ 00:00:00    ┆           ┆         ┆ 7380246    ┆            ┆ 7681836452 ┆ 937876861  ┆ 333333326  ┆         ┆            │
│ UTC         ┆           ┆         ┆            ┆            ┆            ┆            ┆            ┆         ┆            │
│ 2022-01-12  ┆ xrpusdt   ┆ 2       ┆ 3.75568122 ┆ 1          ┆ -0.1164821 ┆ -0.8957640 ┆ 0.33333333 ┆ 46      ┆ 2          │
│ 00:00:00    ┆           ┆         ┆ 49168634   ┆            ┆ 264279773  ┆ 43172548   ┆ 333333326  ┆         ┆            │
│ UTC         ┆           ┆         ┆            ┆            ┆            ┆            ┆            ┆         ┆            │
│ 2022-01-12  ┆ zecusdt   ┆ 2       ┆ 2.22929499 ┆ 1          ┆ -0.1118377 ┆ -0.6348166 ┆ 0.25       ┆ 47      ┆ 2          │
│ 00:00:00    ┆           ┆         ┆ 53656693   ┆            ┆ 8614330515 ┆ 481588624  ┆            ┆         ┆            │
│ UTC         ┆           ┆         ┆            ┆            ┆            ┆            ┆            ┆         ┆            │
│ 2022-01-13  ┆ aaveusdt  ┆ 3       ┆ -4.2821185 ┆ 0          ┆ -0.1289164 ┆ -1.0668205 ┆ 0.66666666 ┆ 1       ┆ 3          │
│ 00:00:00    ┆           ┆         ┆ 44609961   ┆            ┆ 9404416425 ┆ 979331093  ┆ 66666667   ┆         ┆            │
│ UTC         ┆           ┆         ┆            ┆            ┆            ┆            ┆            ┆         ┆            │
│ 2022-01-13  ┆ adausdt   ┆ 3       ┆ -6.1370745 ┆ 0          ┆ 0.70878592 ┆ -0.1437246 ┆ 0.66666666 ┆ 2       ┆ 3          │
│ 00:00:00    ┆           ┆         ┆ 98369567   ┆            ┆ 99928528   ┆ 9373572572 ┆ 66666667   ┆         ┆            │
│ UTC         ┆           ┆         ┆            ┆            ┆            ┆            ┆            ┆         ┆            │
└─────────────┴───────────┴─────────┴────────────┴────────────┴────────────┴────────────┴────────────┴─────────┴────────────┘
2026-06-19 19:29:04 INFO crypto_research.ml_cpcv: [ml] X: shape=(31675, 5) columns=['pair_id', 'weekday_enc', 'ema_dev_pair_norm', 'rsi_pair_norm', 'streak_pair_norm'] dtypes={'pair_id': 'category', 'weekday_enc': 'category', 'ema_dev_pair_norm': 'float64', 'rsi_pair_norm': 'float64', 'streak_pair_norm': 'float64'}
2026-06-19 19:29:04 INFO crypto_research.ml_cpcv: [ml] X head (3 rows):
  pair_id weekday_enc  ema_dev_pair_norm  rsi_pair_norm  streak_pair_norm
0       1           1          -1.023010      -2.030835         -0.666667
1       2           1          -1.000000      -1.397337         -1.333333
2       3           1          -0.867434      -1.155518         -0.428571
2026-06-19 19:29:04 INFO crypto_research.ml_cpcv: [ml] y (direction_up): shape=(31675,) dtype=int8 distribution={0: 15733, 1: 15942}
2026-06-19 19:29:04 INFO crypto_research.ml_cpcv: [ml] y head (3 values): [1, 1, 1]
2026-06-19 19:29:04 INFO crypto_research.ml_cpcv: [ml] CV: CombinatorialPurgedCV n_splits=7 n_test_groups=2 embargo_days=1 n_folds=C(7,2)=21 n_days=812
2026-06-19 19:29:04 INFO crypto_research.ml_cpcv: [ml] CV time range: 2022-01-11 00:00:00+00:00 .. 2024-04-01 00:00:00+00:00 (prediction_times=evaluation_times, purge=None)
2026-06-19 19:29:04 INFO crypto_research.ml_cpcv: [ml] CV day splits:
  fold1: train_days=579 test_days=232
  fold2: train_days=578 test_days=232
  fold3: train_days=578 test_days=232
  fold4: train_days=578 test_days=232
  fold5: train_days=578 test_days=232
  fold6: train_days=579 test_days=232
  fold7: train_days=579 test_days=232
  fold8: train_days=578 test_days=232
  fold9: train_days=578 test_days=232
  fold10: train_days=578 test_days=232
  fold11: train_days=579 test_days=232
  fold12: train_days=579 test_days=232
  fold13: train_days=578 test_days=232
  fold14: train_days=578 test_days=232
  fold15: train_days=579 test_days=232
  fold16: train_days=579 test_days=232
  fold17: train_days=578 test_days=232
  fold18: train_days=579 test_days=232
  fold19: train_days=579 test_days=232
  fold20: train_days=579 test_days=232
  fold21: train_days=580 test_days=232
2026-06-19 19:29:04 INFO crypto_research.ml_cpcv: [ml] fold 1/21 → model.fit: X_train=(25474, 5) y_train=(25474,) days=('2022-09-01 00:00:00+00:00', '2024-04-01 00:00:00+00:00') dist={0: 12541, 1: 12933}
2026-06-19 19:29:04 INFO crypto_research.ml_cpcv: [ml] fold 1/21 → model.predict: X_test=(6173, 5) y_test=(6173,) days=('2022-01-11 00:00:00+00:00', '2022-08-30 00:00:00+00:00') dist={0: 3180, 1: 2993}
2026-06-19 19:29:04 INFO crypto_research.ml_cpcv: [ml] fold 1 X_train head:
     pair_id weekday_enc  ema_dev_pair_norm  rsi_pair_norm  streak_pair_norm
6201       1           3          -0.098971      -0.325285          0.333333
6202       2           3          -0.187874      -0.405108         -0.333333
6203       3           3          -0.236484      -0.533941         -0.714286
2026-06-19 19:29:04 INFO crypto_research.ml_cpcv: [ml] fold 1 y_train head: [1, 1, 1]
2026-06-19 19:29:04 INFO crypto_research.ml_cpcv: [ml] fold 1 X_test head:
  pair_id weekday_enc  ema_dev_pair_norm  rsi_pair_norm  streak_pair_norm
0       1           1          -1.023010      -2.030835         -0.666667
1       2           1          -1.000000      -1.397337         -1.333333
2       3           1          -0.867434      -1.155518         -0.428571
2026-06-19 19:29:04 INFO crypto_research.ml_cpcv: [ml] fold 1 y_test head: [1, 1, 1]
2026-06-19 19:29:05 INFO crypto_research.ml_cpcv: [ml] fold 1/21 train=25474 test=6173 acc=0.5367 auc=0.5527
2026-06-19 19:29:05 INFO crypto_research.ml_cpcv: [ml] fold 2/21 → model.fit: X_train=(25372, 5) y_train=(25372,) days=('2022-05-08 00:00:00+00:00', '2024-04-01 00:00:00+00:00') dist={0: 12466, 1: 12906}
2026-06-19 19:29:05 INFO crypto_research.ml_cpcv: [ml] fold 2/21 → model.predict: X_test=(6247, 5) y_test=(6247,) days=('2022-01-11 00:00:00+00:00', '2022-12-24 00:00:00+00:00') dist={0: 3222, 1: 3025}
2026-06-19 19:29:05 INFO crypto_research.ml_cpcv: [ml] fold 2/21 train=25372 test=6247 acc=0.5411 auc=0.5672
2026-06-19 19:29:05 INFO crypto_research.ml_cpcv: [ml] fold 3/21 → model.fit: X_train=(23304, 5) y_train=(23304,) days=('2022-05-08 00:00:00+00:00', '2024-04-01 00:00:00+00:00') dist={0: 11632, 1: 11672}
2026-06-19 19:29:05 INFO crypto_research.ml_cpcv: [ml] fold 3/21 → model.predict: X_test=(8295, 5) y_test=(8295,) days=('2022-01-11 00:00:00+00:00', '2023-04-19 00:00:00+00:00') dist={0: 4031, 1: 4264}
2026-06-19 19:29:05 INFO crypto_research.ml_cpcv: [ml] fold 3/21 train=23304 test=8295 acc=0.5283 auc=0.5419
2026-06-19 19:29:05 INFO crypto_research.ml_cpcv: [ml] fold 4/21 → model.fit: X_train=(22993, 5) y_train=(22993,) days=('2022-05-08 00:00:00+00:00', '2024-04-01 00:00:00+00:00') dist={0: 11208, 1: 11785}
2026-06-19 19:29:05 INFO crypto_research.ml_cpcv: [ml] fold 4/21 → model.predict: X_test=(8606, 5) y_test=(8606,) days=('2022-01-11 00:00:00+00:00', '2023-08-13 00:00:00+00:00') dist={0: 4479, 1: 4127}
2026-06-19 19:29:05 INFO crypto_research.ml_cpcv: [ml] fold 4/21 train=22993 test=8606 acc=0.5511 auc=0.5768
2026-06-19 19:29:05 INFO crypto_research.ml_cpcv: [ml] fold 5/21 → model.fit: X_train=(23003, 5) y_train=(23003,) days=('2022-05-08 00:00:00+00:00', '2024-04-01 00:00:00+00:00') dist={0: 11510, 1: 11493}
2026-06-19 19:29:05 INFO crypto_research.ml_cpcv: [ml] fold 5/21 → model.predict: X_test=(8596, 5) y_test=(8596,) days=('2022-01-11 00:00:00+00:00', '2023-12-07 00:00:00+00:00') dist={0: 4195, 1: 4401}
2026-06-19 19:29:05 INFO crypto_research.ml_cpcv: [ml] fold 5/21 train=23003 test=8596 acc=0.5280 auc=0.5416
2026-06-19 19:29:05 INFO crypto_research.ml_cpcv: [ml] fold 6/21 → model.fit: X_train=(23000, 5) y_train=(23000,) days=('2022-05-08 00:00:00+00:00', '2023-12-07 00:00:00+00:00') dist={0: 11477, 1: 11523}
2026-06-19 19:29:05 INFO crypto_research.ml_cpcv: [ml] fold 6/21 → model.predict: X_test=(8648, 5) y_test=(8648,) days=('2022-01-11 00:00:00+00:00', '2024-04-01 00:00:00+00:00') dist={0: 4231, 1: 4417}
2026-06-19 19:29:05 INFO crypto_research.ml_cpcv: [ml] fold 6/21 train=23000 test=8648 acc=0.5175 auc=0.5302
2026-06-19 19:29:05 INFO crypto_research.ml_cpcv: [ml] fold 7/21 → model.fit: X_train=(25182, 5) y_train=(25182,) days=('2022-01-11 00:00:00+00:00', '2024-04-01 00:00:00+00:00') dist={0: 12353, 1: 12829}
2026-06-19 19:29:05 INFO crypto_research.ml_cpcv: [ml] fold 7/21 → model.predict: X_test=(6464, 5) y_test=(6464,) days=('2022-05-07 00:00:00+00:00', '2022-12-24 00:00:00+00:00') dist={0: 3360, 1: 3104}
2026-06-19 19:29:05 INFO crypto_research.ml_cpcv: [ml] fold 7/21 train=25182 test=6464 acc=0.5135 auc=0.5309
2026-06-19 19:29:05 INFO crypto_research.ml_cpcv: [ml] fold 8/21 → model.fit: X_train=(23086, 5) y_train=(23086,) days=('2022-01-11 00:00:00+00:00', '2024-04-01 00:00:00+00:00') dist={0: 11507, 1: 11579}
2026-06-19 19:29:05 INFO crypto_research.ml_cpcv: [ml] fold 8/21 → model.predict: X_test=(8512, 5) y_test=(8512,) days=('2022-05-07 00:00:00+00:00', '2023-04-19 00:00:00+00:00') dist={0: 4169, 1: 4343}
2026-06-19 19:29:05 INFO crypto_research.ml_cpcv: [ml] fold 8/21 train=23086 test=8512 acc=0.5075 auc=0.5194
2026-06-19 19:29:05 INFO crypto_research.ml_cpcv: [ml] fold 9/21 → model.fit: X_train=(22775, 5) y_train=(22775,) days=('2022-01-11 00:00:00+00:00', '2024-04-01 00:00:00+00:00') dist={0: 11083, 1: 11692}
2026-06-19 19:29:05 INFO crypto_research.ml_cpcv: [ml] fold 9/21 → model.predict: X_test=(8823, 5) y_test=(8823,) days=('2022-05-07 00:00:00+00:00', '2023-08-13 00:00:00+00:00') dist={0: 4617, 1: 4206}
2026-06-19 19:29:05 INFO crypto_research.ml_cpcv: [ml] fold 9/21 train=22775 test=8823 acc=0.5202 auc=0.5507
2026-06-19 19:29:05 INFO crypto_research.ml_cpcv: [ml] fold 10/21 → model.fit: X_train=(22785, 5) y_train=(22785,) days=('2022-01-11 00:00:00+00:00', '2024-04-01 00:00:00+00:00') dist={0: 11385, 1: 11400}
2026-06-19 19:29:05 INFO crypto_research.ml_cpcv: [ml] fold 10/21 → model.predict: X_test=(8813, 5) y_test=(8813,) days=('2022-05-07 00:00:00+00:00', '2023-12-07 00:00:00+00:00') dist={0: 4333, 1: 4480}
2026-06-19 19:29:05 INFO crypto_research.ml_cpcv: [ml] fold 10/21 train=22785 test=8813 acc=0.5188 auc=0.5223
2026-06-19 19:29:05 INFO crypto_research.ml_cpcv: [ml] fold 11/21 → model.fit: X_train=(22782, 5) y_train=(22782,) days=('2022-01-11 00:00:00+00:00', '2023-12-07 00:00:00+00:00') dist={0: 11352, 1: 11430}
2026-06-19 19:29:05 INFO crypto_research.ml_cpcv: [ml] fold 11/21 → model.predict: X_test=(8865, 5) y_test=(8865,) days=('2022-05-07 00:00:00+00:00', '2024-04-01 00:00:00+00:00') dist={0: 4369, 1: 4496}
2026-06-19 19:29:05 INFO crypto_research.ml_cpcv: [ml] fold 11/21 train=22782 test=8865 acc=0.4989 auc=0.4987
2026-06-19 19:29:05 INFO crypto_research.ml_cpcv: [ml] fold 12/21 → model.fit: X_train=(23040, 5) y_train=(23040,) days=('2022-01-11 00:00:00+00:00', '2024-04-01 00:00:00+00:00') dist={0: 11477, 1: 11563}
2026-06-19 19:29:05 INFO crypto_research.ml_cpcv: [ml] fold 12/21 → model.predict: X_test=(8586, 5) y_test=(8586,) days=('2022-08-31 00:00:00+00:00', '2023-04-19 00:00:00+00:00') dist={0: 4211, 1: 4375}
2026-06-19 19:29:05 INFO crypto_research.ml_cpcv: [ml] fold 12/21 train=23040 test=8586 acc=0.5178 auc=0.5243
2026-06-19 19:29:05 INFO crypto_research.ml_cpcv: [ml] fold 13/21 → model.fit: X_train=(22700, 5) y_train=(22700,) days=('2022-01-11 00:00:00+00:00', '2024-04-01 00:00:00+00:00') dist={0: 11033, 1: 11667}
2026-06-19 19:29:05 INFO crypto_research.ml_cpcv: [ml] fold 13/21 → model.predict: X_test=(8897, 5) y_test=(8897,) days=('2022-08-31 00:00:00+00:00', '2023-08-13 00:00:00+00:00') dist={0: 4659, 1: 4238}
2026-06-19 19:29:05 INFO crypto_research.ml_cpcv: [ml] fold 13/21 train=22700 test=8897 acc=0.5353 auc=0.5493
2026-06-19 19:29:06 INFO crypto_research.ml_cpcv: [ml] fold 14/21 → model.fit: X_train=(22710, 5) y_train=(22710,) days=('2022-01-11 00:00:00+00:00', '2024-04-01 00:00:00+00:00') dist={0: 11335, 1: 11375}
2026-06-19 19:29:06 INFO crypto_research.ml_cpcv: [ml] fold 14/21 → model.predict: X_test=(8887, 5) y_test=(8887,) days=('2022-08-31 00:00:00+00:00', '2023-12-07 00:00:00+00:00') dist={0: 4375, 1: 4512}
2026-06-19 19:29:06 INFO crypto_research.ml_cpcv: [ml] fold 14/21 train=22710 test=8887 acc=0.5376 auc=0.5434
2026-06-19 19:29:06 INFO crypto_research.ml_cpcv: [ml] fold 15/21 → model.fit: X_train=(22707, 5) y_train=(22707,) days=('2022-01-11 00:00:00+00:00', '2023-12-07 00:00:00+00:00') dist={0: 11302, 1: 11405}
2026-06-19 19:29:06 INFO crypto_research.ml_cpcv: [ml] fold 15/21 → model.predict: X_test=(8939, 5) y_test=(8939,) days=('2022-08-31 00:00:00+00:00', '2024-04-01 00:00:00+00:00') dist={0: 4411, 1: 4528}
2026-06-19 19:29:06 INFO crypto_research.ml_cpcv: [ml] fold 15/21 train=22707 test=8939 acc=0.5084 auc=0.5185
2026-06-19 19:29:06 INFO crypto_research.ml_cpcv: [ml] fold 16/21 → model.fit: X_train=(20681, 5) y_train=(20681,) days=('2022-01-11 00:00:00+00:00', '2024-04-01 00:00:00+00:00') dist={0: 10244, 1: 10437}
2026-06-19 19:29:06 INFO crypto_research.ml_cpcv: [ml] fold 16/21 → model.predict: X_test=(10945, 5) y_test=(10945,) days=('2022-12-25 00:00:00+00:00', '2023-08-13 00:00:00+00:00') dist={0: 5468, 1: 5477}
2026-06-19 19:29:06 INFO crypto_research.ml_cpcv: [ml] fold 16/21 train=20681 test=10945 acc=0.5130 auc=0.5178
2026-06-19 19:29:06 INFO crypto_research.ml_cpcv: [ml] fold 17/21 → model.fit: X_train=(20642, 5) y_train=(20642,) days=('2022-01-11 00:00:00+00:00', '2024-04-01 00:00:00+00:00') dist={0: 10501, 1: 10141}
2026-06-19 19:29:06 INFO crypto_research.ml_cpcv: [ml] fold 17/21 → model.predict: X_test=(10935, 5) y_test=(10935,) days=('2022-12-25 00:00:00+00:00', '2023-12-07 00:00:00+00:00') dist={0: 5184, 1: 5751}
2026-06-19 19:29:06 INFO crypto_research.ml_cpcv: [ml] fold 17/21 train=20642 test=10935 acc=0.5102 auc=0.5271
2026-06-19 19:29:06 INFO crypto_research.ml_cpcv: [ml] fold 18/21 → model.fit: X_train=(20639, 5) y_train=(20639,) days=('2022-01-11 00:00:00+00:00', '2023-12-07 00:00:00+00:00') dist={0: 10468, 1: 10171}
2026-06-19 19:29:06 INFO crypto_research.ml_cpcv: [ml] fold 18/21 → model.predict: X_test=(10987, 5) y_test=(10987,) days=('2022-12-25 00:00:00+00:00', '2024-04-01 00:00:00+00:00') dist={0: 5220, 1: 5767}
2026-06-19 19:29:06 INFO crypto_research.ml_cpcv: [ml] fold 18/21 train=20639 test=10987 acc=0.5083 auc=0.5321
2026-06-19 19:29:06 INFO crypto_research.ml_cpcv: [ml] fold 19/21 → model.fit: X_train=(20380, 5) y_train=(20380,) days=('2022-01-11 00:00:00+00:00', '2024-04-01 00:00:00+00:00') dist={0: 10098, 1: 10282}
2026-06-19 19:29:06 INFO crypto_research.ml_cpcv: [ml] fold 19/21 → model.predict: X_test=(11246, 5) y_test=(11246,) days=('2023-04-20 00:00:00+00:00', '2023-12-07 00:00:00+00:00') dist={0: 5632, 1: 5614}
2026-06-19 19:29:06 INFO crypto_research.ml_cpcv: [ml] fold 19/21 train=20380 test=11246 acc=0.5311 auc=0.5466
2026-06-19 19:29:06 INFO crypto_research.ml_cpcv: [ml] fold 20/21 → model.fit: X_train=(20328, 5) y_train=(20328,) days=('2022-01-11 00:00:00+00:00', '2023-12-07 00:00:00+00:00') dist={0: 10044, 1: 10284}
2026-06-19 19:29:06 INFO crypto_research.ml_cpcv: [ml] fold 20/21 → model.predict: X_test=(11298, 5) y_test=(11298,) days=('2023-04-20 00:00:00+00:00', '2024-04-01 00:00:00+00:00') dist={0: 5668, 1: 5630}
2026-06-19 19:29:06 INFO crypto_research.ml_cpcv: [ml] fold 20/21 train=20328 test=11298 acc=0.5422 auc=0.5564
2026-06-19 19:29:06 INFO crypto_research.ml_cpcv: [ml] fold 21/21 → model.fit: X_train=(20387, 5) y_train=(20387,) days=('2022-01-11 00:00:00+00:00', '2023-08-13 00:00:00+00:00') dist={0: 10349, 1: 10038}
2026-06-19 19:29:06 INFO crypto_research.ml_cpcv: [ml] fold 21/21 → model.predict: X_test=(11288, 5) y_test=(11288,) days=('2023-08-14 00:00:00+00:00', '2024-04-01 00:00:00+00:00') dist={0: 5384, 1: 5904}
2026-06-19 19:29:06 INFO crypto_research.ml_cpcv: [ml] fold 21/21 train=20387 test=11288 acc=0.4982 auc=0.5103
2026-06-19 19:29:06 INFO crypto_research.ml_cpcv: [ml] CPCV mean: folds=21 acc=0.5221 logloss=0.6946 auc=0.5361
2026-06-19 19:29:06 INFO crypto_research.ml_cpcv: [ml] OOS paths: rows=31675 cols=[time_ns, y_prob, y_true] folds_merged=21
2026-06-19 19:29:06 INFO crypto_research.ml_cpcv: [ml] OOS calibration: brier=0.2500 ece=0.0245
2026-06-19 19:29:06 INFO crypto_research.ml_cpcv: [ml] OOS weekday Пн: n=4514 base_up=0.4920 pred_up=0.4389 acc=0.4887 logloss=0.7018 auc=0.4791
2026-06-19 19:29:06 INFO crypto_research.ml_cpcv: [ml] OOS weekday Вт: n=4528 base_up=0.5172 pred_up=0.5099 acc=0.5364 logloss=0.6858 auc=0.5636
2026-06-19 19:29:06 INFO crypto_research.ml_cpcv: [ml] OOS weekday Ср: n=4527 base_up=0.4950 pred_up=0.4648 acc=0.5218 logloss=0.6945 auc=0.5249
2026-06-19 19:29:06 INFO crypto_research.ml_cpcv: [ml] OOS weekday Чт: n=4533 base_up=0.4584 pred_up=0.2795 acc=0.5233 logloss=0.6953 auc=0.5065
2026-06-19 19:29:06 INFO crypto_research.ml_cpcv: [ml] OOS weekday Пт: n=4535 base_up=0.5605 pred_up=0.9021 acc=0.5521 logloss=0.6893 auc=0.4918
2026-06-19 19:29:06 INFO crypto_research.ml_cpcv: [ml] OOS weekday Сб: n=4529 base_up=0.5235 pred_up=0.7333 acc=0.5098 logloss=0.6959 auc=0.4995
2026-06-19 19:29:06 INFO crypto_research.ml_cpcv: [ml] OOS weekday Вс: n=4509 base_up=0.4762 pred_up=0.3659 acc=0.5349 logloss=0.6898 auc=0.5452
2026-06-19 19:29:08 INFO crypto_research.ml_oos_paths: [ml] OOS plot saved: /home_admin/crypto_bot/crypto_research/research_outputs/combined/dow_ema_rsi_streak/ml/plots/direction_dow_ema_rsi_streak_49pairs_20220101_20240401_oos_prob.png (weekdays=7 calendar_days=812 rows=31675)
2026-06-19 19:29:08 INFO crypto_research.ml_oos_paths: [ml] OOS calibration plot saved: /home_admin/crypto_bot/crypto_research/research_outputs/combined/dow_ema_rsi_streak/ml/plots/direction_dow_ema_rsi_streak_49pairs_20220101_20240401_oos_calibration.png (brier=0.2500 ece=0.0245 rows=31675)
2026-06-19 19:29:09 INFO crypto_research.ml_learning_curve: [ml] early stopping (holdout): fit_rows=31675 eval_rows=38001 best_iteration=22 eval_logloss=0.6910
2026-06-19 19:29:09 INFO crypto_research.ml_learning_curve: [ml] learning curve saved: /home_admin/crypto_bot/crypto_research/research_outputs/combined/dow_ema_rsi_streak/ml/plots/direction_dow_ema_rsi_streak_49pairs_20220101_20260531_learning_curve.png (best_iter=22)
2026-06-19 19:29:09 INFO crypto_research.ml_learning_curve: [ml] learning curve log saved: /home_admin/crypto_bot/crypto_research/research_outputs/combined/dow_ema_rsi_streak/ml/direction_dow_ema_rsi_streak_49pairs_20220101_20260531_learning_curve.log (72 iterations)
2026-06-19 19:29:09 INFO crypto_research.ml_plot_registry: [ml] plot: oos_prob
2026-06-19 19:29:10 INFO crypto_research.ml_oos_paths: [ml] OOS plot saved: /home_admin/crypto_bot/crypto_research/research_outputs/combined/dow_ema_rsi_streak/ml/plots/direction_dow_ema_rsi_streak_49pairs_20240401_20260531_oos_prob.png (weekdays=7 calendar_days=777 rows=38001)
2026-06-19 19:29:10 INFO crypto_research.ml_plot_registry: [ml] plot: oos_calibration
2026-06-19 19:29:11 INFO crypto_research.ml_oos_paths: [ml] OOS calibration plot saved: /home_admin/crypto_bot/crypto_research/research_outputs/combined/dow_ema_rsi_streak/ml/plots/direction_dow_ema_rsi_streak_49pairs_20240401_20260531_oos_calibration.png (brier=0.2489 ece=0.0284 rows=38001)
2026-06-19 19:29:11 INFO crypto_research.ml_plot_registry: [ml] plot: weekday_pair_summary
2026-06-19 19:29:12 INFO crypto_research.ml_oos_paths: [ml] Weekday×pair summary plot saved: /home_admin/crypto_bot/crypto_research/research_outputs/combined/dow_ema_rsi_streak/ml/plots/direction_dow_ema_rsi_streak_49pairs_20240401_20260531_weekday_pair_summary.png (pairs=49 rows=38001)
2026-06-19 19:29:13 INFO crypto_research.ml_oos_paths: [ml] Weekday×pair summary plot saved: /home_admin/crypto_bot/crypto_research/research_outputs/combined/dow_ema_rsi_streak/ml/plots/direction_dow_ema_rsi_streak_49pairs_20220101_20240401_weekday_pair_summary.png (pairs=49 rows=31675)
2026-06-19 19:29:13 INFO crypto_research.ml_plot_registry: [ml] plot: roc_auc
2026-06-19 19:29:14 INFO crypto_research.ml_oos_paths: [ml] ROC AUC comparison plot saved: /home_admin/crypto_bot/crypto_research/research_outputs/combined/dow_ema_rsi_streak/ml/plots/direction_dow_ema_rsi_streak_49pairs_20220101_20260531_roc_auc.png
2026-06-19 19:29:14 INFO crypto_research.ml_plot_registry: [ml] plot: learning_curve
2026-06-19 19:29:14 INFO crypto_research.ml_plot_registry: [ml] plot: correlation_matrix_heatmap
2026-06-19 19:29:14 INFO crypto_research.ml_feature_diagnostic_plots: [ml] feature corr pair_id vs weekday_enc: 0.0001
2026-06-19 19:29:14 INFO crypto_research.ml_feature_diagnostic_plots: [ml] feature corr pair_id vs ema_dev_pair_norm: 0.0157
2026-06-19 19:29:14 INFO crypto_research.ml_feature_diagnostic_plots: [ml] feature corr pair_id vs rsi_pair_norm: 0.0061
2026-06-19 19:29:14 INFO crypto_research.ml_feature_diagnostic_plots: [ml] feature corr pair_id vs streak_pair_norm: -0.0024
2026-06-19 19:29:14 INFO crypto_research.ml_feature_diagnostic_plots: [ml] feature corr weekday_enc vs ema_dev_pair_norm: 0.0171
2026-06-19 19:29:14 INFO crypto_research.ml_feature_diagnostic_plots: [ml] feature corr weekday_enc vs rsi_pair_norm: 0.0154
2026-06-19 19:29:14 INFO crypto_research.ml_feature_diagnostic_plots: [ml] feature corr weekday_enc vs streak_pair_norm: 0.0371
2026-06-19 19:29:14 INFO crypto_research.ml_feature_diagnostic_plots: [ml] feature corr ema_dev_pair_norm vs rsi_pair_norm: 0.8526
2026-06-19 19:29:14 INFO crypto_research.ml_feature_diagnostic_plots: [ml] feature corr ema_dev_pair_norm vs streak_pair_norm: 0.5270
2026-06-19 19:29:14 INFO crypto_research.ml_feature_diagnostic_plots: [ml] feature corr rsi_pair_norm vs streak_pair_norm: 0.4939
2026-06-19 19:29:14 INFO crypto_research.ml_feature_diagnostic_plots: [ml] correlation matrix heatmap saved: /home_admin/crypto_bot/crypto_research/research_outputs/combined/dow_ema_rsi_streak/ml/plots/direction_dow_ema_rsi_streak_49pairs_20240401_20260531_correlation_matrix.png
2026-06-19 19:29:14 INFO crypto_research.ml_plot_registry: [ml] plot: shape_summary_plot
2026-06-19 19:29:14 INFO crypto_research.ml_shap_plots: [ml] SHAP subsample: 3000 / 38001 rows
2026-06-19 19:29:14 INFO crypto_research.ml_shap_plots: [ml] SHAP summary plot saved: /home_admin/crypto_bot/crypto_research/research_outputs/combined/dow_ema_rsi_streak/ml/plots/direction_dow_ema_rsi_streak_49pairs_20240401_20260531_shape_summary.png
2026-06-19 19:29:14 INFO crypto_research.ml_plot_registry: [ml] plot: feature_prob_dependence
2026-06-19 19:29:15 INFO crypto_research.ml_feature_dependence_plot: [ml] feature P(up) dependence plot saved: /home_admin/crypto_bot/crypto_research/research_outputs/combined/dow_ema_rsi_streak/ml/plots/direction_dow_ema_rsi_streak_49pairs_20240401_20260531_feature_prob_dependence.png (features=['weekday_enc', 'ema_dev_pair_norm', 'rsi_pair_norm', 'streak_pair_norm'])
2026-06-19 19:29:15 INFO crypto_research.ml_research: [ml] auto compare_prob_cdf: ['dow_ema_rsi_sp', 'dow_ema_rsi_streak']
2026-06-19 19:29:15 INFO crypto_research.ml_dataset: [ml] ema_dev_pair_norm: min=-4.918 max=15.840 mean=-0.087
2026-06-19 19:29:15 INFO crypto_research.ml_dataset: [ml] rsi_pair_norm: min=-1.864 max=2.022 mean=-0.170
2026-06-19 19:29:15 INFO crypto_research.ml_dataset: [ml] dataset studies=['day_of_week_ml', 'ema_spreads_ml', 'rsi_spreads_ml'] features=['pair_id', 'weekday_enc', 'ema_dev_pair_norm', 'rsi_pair_norm'] rows=38073 pairs=49 up_rate=0.478
2026-06-19 19:29:16 INFO crypto_research.ml_model_compare_plot: [ml] compare plot saved: /home_admin/crypto_bot/crypto_research/research_outputs/combined/dow_ema_rsi_streak/ml/plots/direction_dow_ema_rsi_streak_49pairs_20220101_20260531_compare_prob_cdf.png
2026-06-19 19:29:19 INFO crypto_research.ml_research: [ml] train/test metrics saved: /home_admin/crypto_bot/crypto_research/research_outputs/combined/dow_ema_rsi_streak/ml/metrics/direction_dow_ema_rsi_streak_49pairs_20220101_20260531_train_test.json
2026-06-19 19:29:19 INFO crypto_research.ml_research: [ml] metrics summary saved: /home_admin/crypto_bot/crypto_research/research_outputs/combined/dow_ema_rsi_streak/ml/metrics/direction_dow_ema_rsi_streak_49pairs_20220101_20260531_metrics_summary.json
2026-06-19 19:30:38 INFO crypto_research.ml_research: [ml] log file: /home_admin/crypto_bot/crypto_research/research_outputs/combined/dow_ema_rsi_streak/ml/direction_dow_ema_rsi_streak_20220101_20260531.log
2026-06-19 19:30:38 INFO crypto_research.ml_dataset: [ml] pair filter: first_candle <= 2023-01-01 → 49 pairs
2026-06-19 19:31:35 INFO crypto_research.load: [1] Загрузка данных: пар=49 строк=46567998 ~1243.5 MB
2026-06-19 19:31:35 INFO crypto_research.load:   1000luncusdt: rows=656821 2022-12-31 .. 2024-04-01
2026-06-19 19:31:35 INFO crypto_research.load:   aaveusdt: rows=1182241 2022-01-01 .. 2024-04-01
2026-06-19 19:31:35 INFO crypto_research.load:   adausdt: rows=1182241 2022-01-01 .. 2024-04-01
2026-06-19 19:31:35 INFO crypto_research.load:   algousdt: rows=1182241 2022-01-01 .. 2024-04-01
2026-06-19 19:31:35 INFO crypto_research.load:   aliceusdt: rows=1182241 2022-01-01 .. 2024-04-01
2026-06-19 19:31:35 INFO crypto_research.load:   apeusdt: rows=656821 2022-12-31 .. 2024-04-01
2026-06-19 19:31:35 INFO crypto_research.load:   api3usdt: rows=1098270 2022-02-28 .. 2024-04-01
2026-06-19 19:31:35 INFO crypto_research.load:   aptusdt: rows=763033 2022-10-19 .. 2024-04-01
2026-06-19 19:31:35 INFO crypto_research.load:   atomusdt: rows=1182241 2022-01-01 .. 2024-04-01
2026-06-19 19:31:35 INFO crypto_research.load:   avaxusdt: rows=1182241 2022-01-01 .. 2024-04-01
2026-06-19 19:31:35 INFO crypto_research.load:   axsusdt: rows=656821 2022-12-31 .. 2024-04-01
2026-06-19 19:31:35 INFO crypto_research.load:   bchusdt: rows=1182241 2022-01-01 .. 2024-04-01
2026-06-19 19:31:35 INFO crypto_research.load:   bnbusdt: rows=1182241 2022-01-01 .. 2024-04-01
2026-06-19 19:31:35 INFO crypto_research.load:   btcusdt: rows=1182241 2022-01-01 .. 2024-04-01
2026-06-19 19:31:35 INFO crypto_research.load:   chzusdt: rows=656821 2022-12-31 .. 2024-04-01
2026-06-19 19:31:35 INFO crypto_research.load:   crvusdt: rows=1182241 2022-01-01 .. 2024-04-01
2026-06-19 19:31:35 INFO crypto_research.load:   dashusdt: rows=656821 2022-12-31 .. 2024-04-01
2026-06-19 19:31:35 INFO crypto_research.load:   dogeusdt: rows=1182241 2022-01-01 .. 2024-04-01
2026-06-19 19:31:35 INFO crypto_research.load:   dotusdt: rows=1182241 2022-01-01 .. 2024-04-01
2026-06-19 19:31:35 INFO crypto_research.load:   dydxusdt: rows=1182241 2022-01-01 .. 2024-04-01
2026-06-19 19:31:35 INFO crypto_research.load:   egldusdt: rows=656821 2022-12-31 .. 2024-04-01
2026-06-19 19:31:35 INFO crypto_research.load:   enjusdt: rows=1182241 2022-01-01 .. 2024-04-01
2026-06-19 19:31:35 INFO crypto_research.load:   etcusdt: rows=656821 2022-12-31 .. 2024-04-01
2026-06-19 19:31:35 INFO crypto_research.load:   ethusdt: rows=1182241 2022-01-01 .. 2024-04-01
2026-06-19 19:31:35 INFO crypto_research.load:   filusdt: rows=1182241 2022-01-01 .. 2024-04-01
2026-06-19 19:31:35 INFO crypto_research.load:   galausdt: rows=1182241 2022-01-01 .. 2024-04-01
2026-06-19 19:31:35 INFO crypto_research.load:   gmtusdt: rows=656821 2022-12-31 .. 2024-04-01
2026-06-19 19:31:35 INFO crypto_research.load:   hbarusdt: rows=656821 2022-12-31 .. 2024-04-01
2026-06-19 19:31:35 INFO crypto_research.load:   icpusdt: rows=656821 2022-12-31 .. 2024-04-01
2026-06-19 19:31:35 INFO crypto_research.load:   injusdt: rows=656821 2022-12-31 .. 2024-04-01
2026-06-19 19:31:35 INFO crypto_research.load:   ldousdt: rows=656821 2022-12-31 .. 2024-04-01
2026-06-19 19:31:35 INFO crypto_research.load:   linkusdt: rows=1182241 2022-01-01 .. 2024-04-01
2026-06-19 19:31:35 INFO crypto_research.load:   ltcusdt: rows=1182241 2022-01-01 .. 2024-04-01
2026-06-19 19:31:35 INFO crypto_research.load:   nearusdt: rows=1182241 2022-01-01 .. 2024-04-01
2026-06-19 19:31:35 INFO crypto_research.load:   ontusdt: rows=957048 2022-06-06 .. 2024-04-01
2026-06-19 19:31:35 INFO crypto_research.load:   opusdt: rows=656821 2022-12-31 .. 2024-04-01
2026-06-19 19:31:35 INFO crypto_research.load:   paxgusdt: rows=1076619 2022-03-15 .. 2024-04-01
2026-06-19 19:31:35 INFO crypto_research.load:   sandusdt: rows=656821 2022-12-31 .. 2024-04-01
2026-06-19 19:31:35 INFO crypto_research.load:   shib1000usdt: rows=656821 2022-12-31 .. 2024-04-01
2026-06-19 19:31:35 INFO crypto_research.load:   solusdt: rows=1182241 2022-01-01 .. 2024-04-01
2026-06-19 19:31:35 INFO crypto_research.load:   storjusdt: rows=656821 2022-12-31 .. 2024-04-01
2026-06-19 19:31:35 INFO crypto_research.load:   stxusdt: rows=656821 2022-12-31 .. 2024-04-01
2026-06-19 19:31:35 INFO crypto_research.load:   trxusdt: rows=656821 2022-12-31 .. 2024-04-01
2026-06-19 19:31:35 INFO crypto_research.load:   uniusdt: rows=1182241 2022-01-01 .. 2024-04-01
2026-06-19 19:31:35 INFO crypto_research.load:   xlmusdt: rows=656821 2022-12-31 .. 2024-04-01
2026-06-19 19:31:35 INFO crypto_research.load:   xmrusdt: rows=1162824 2022-01-14 .. 2024-04-01
2026-06-19 19:31:35 INFO crypto_research.load:   xrpusdt: rows=1182241 2022-01-01 .. 2024-04-01
2026-06-19 19:31:35 INFO crypto_research.load:   zecusdt: rows=1182241 2022-01-01 .. 2024-04-01
2026-06-19 19:31:35 INFO crypto_research.load:   zenusdt: rows=656821 2022-12-31 .. 2024-04-01
2026-06-19 19:31:38 INFO crypto_research.ml_dataset: [ml] pooled daily: pairs=49 rows=32407 period=2022-01-01..2024-04-01
2026-06-19 19:31:38 INFO crypto_research.ml_dataset: [ml] pair filter: first_candle <= 2023-01-01 → 49 pairs
2026-06-19 19:32:24 INFO crypto_research.load: [1] Загрузка данных: пар=49 строк=55515524 ~1482.4 MB
2026-06-19 19:32:24 INFO crypto_research.load:   1000luncusdt: rows=1133280 2024-04-01 .. 2026-05-27
2026-06-19 19:32:24 INFO crypto_research.load:   aaveusdt: rows=1132756 2024-04-01 .. 2026-05-27
2026-06-19 19:32:24 INFO crypto_research.load:   adausdt: rows=1132756 2024-04-01 .. 2026-05-27
2026-06-19 19:32:24 INFO crypto_research.load:   algousdt: rows=1132756 2024-04-01 .. 2026-05-27
2026-06-19 19:32:24 INFO crypto_research.load:   aliceusdt: rows=1132756 2024-04-01 .. 2026-05-27
2026-06-19 19:32:24 INFO crypto_research.load:   apeusdt: rows=1133280 2024-04-01 .. 2026-05-27
2026-06-19 19:32:24 INFO crypto_research.load:   api3usdt: rows=1132756 2024-04-01 .. 2026-05-27
2026-06-19 19:32:24 INFO crypto_research.load:   aptusdt: rows=1132756 2024-04-01 .. 2026-05-27
2026-06-19 19:32:24 INFO crypto_research.load:   atomusdt: rows=1132756 2024-04-01 .. 2026-05-27
2026-06-19 19:32:24 INFO crypto_research.load:   avaxusdt: rows=1132756 2024-04-01 .. 2026-05-27
2026-06-19 19:32:24 INFO crypto_research.load:   axsusdt: rows=1133280 2024-04-01 .. 2026-05-27
2026-06-19 19:32:24 INFO crypto_research.load:   bchusdt: rows=1132756 2024-04-01 .. 2026-05-27
2026-06-19 19:32:24 INFO crypto_research.load:   bnbusdt: rows=1132756 2024-04-01 .. 2026-05-27
2026-06-19 19:32:24 INFO crypto_research.load:   btcusdt: rows=1132756 2024-04-01 .. 2026-05-27
2026-06-19 19:32:24 INFO crypto_research.load:   chzusdt: rows=1133280 2024-04-01 .. 2026-05-27
2026-06-19 19:32:24 INFO crypto_research.load:   crvusdt: rows=1132756 2024-04-01 .. 2026-05-27
2026-06-19 19:32:24 INFO crypto_research.load:   dashusdt: rows=1133280 2024-04-01 .. 2026-05-27
2026-06-19 19:32:24 INFO crypto_research.load:   dogeusdt: rows=1132756 2024-04-01 .. 2026-05-27
2026-06-19 19:32:24 INFO crypto_research.load:   dotusdt: rows=1132756 2024-04-01 .. 2026-05-27
2026-06-19 19:32:24 INFO crypto_research.load:   dydxusdt: rows=1132756 2024-04-01 .. 2026-05-27
2026-06-19 19:32:24 INFO crypto_research.load:   egldusdt: rows=1133280 2024-04-01 .. 2026-05-27
2026-06-19 19:32:24 INFO crypto_research.load:   enjusdt: rows=1132756 2024-04-01 .. 2026-05-27
2026-06-19 19:32:24 INFO crypto_research.load:   etcusdt: rows=1133280 2024-04-01 .. 2026-05-27
2026-06-19 19:32:24 INFO crypto_research.load:   ethusdt: rows=1132756 2024-04-01 .. 2026-05-27
2026-06-19 19:32:24 INFO crypto_research.load:   filusdt: rows=1132756 2024-04-01 .. 2026-05-27
2026-06-19 19:32:24 INFO crypto_research.load:   galausdt: rows=1132756 2024-04-01 .. 2026-05-27
2026-06-19 19:32:24 INFO crypto_research.load:   gmtusdt: rows=1133280 2024-04-01 .. 2026-05-27
2026-06-19 19:32:24 INFO crypto_research.load:   hbarusdt: rows=1133280 2024-04-01 .. 2026-05-27
2026-06-19 19:32:24 INFO crypto_research.load:   icpusdt: rows=1133280 2024-04-01 .. 2026-05-27
2026-06-19 19:32:24 INFO crypto_research.load:   injusdt: rows=1133280 2024-04-01 .. 2026-05-27
2026-06-19 19:32:24 INFO crypto_research.load:   ldousdt: rows=1133280 2024-04-01 .. 2026-05-27
2026-06-19 19:32:24 INFO crypto_research.load:   linkusdt: rows=1132756 2024-04-01 .. 2026-05-27
2026-06-19 19:32:24 INFO crypto_research.load:   ltcusdt: rows=1132756 2024-04-01 .. 2026-05-27
2026-06-19 19:32:24 INFO crypto_research.load:   nearusdt: rows=1132756 2024-04-01 .. 2026-05-27
2026-06-19 19:32:24 INFO crypto_research.load:   ontusdt: rows=1132756 2024-04-01 .. 2026-05-27
2026-06-19 19:32:24 INFO crypto_research.load:   opusdt: rows=1133280 2024-04-01 .. 2026-05-27
2026-06-19 19:32:24 INFO crypto_research.load:   paxgusdt: rows=1132756 2024-04-01 .. 2026-05-27
2026-06-19 19:32:24 INFO crypto_research.load:   sandusdt: rows=1133280 2024-04-01 .. 2026-05-27
2026-06-19 19:32:24 INFO crypto_research.load:   shib1000usdt: rows=1133280 2024-04-01 .. 2026-05-27
2026-06-19 19:32:24 INFO crypto_research.load:   solusdt: rows=1132756 2024-04-01 .. 2026-05-27
2026-06-19 19:32:24 INFO crypto_research.load:   storjusdt: rows=1133280 2024-04-01 .. 2026-05-27
2026-06-19 19:32:24 INFO crypto_research.load:   stxusdt: rows=1133280 2024-04-01 .. 2026-05-27
2026-06-19 19:32:24 INFO crypto_research.load:   trxusdt: rows=1133280 2024-04-01 .. 2026-05-27
2026-06-19 19:32:24 INFO crypto_research.load:   uniusdt: rows=1132756 2024-04-01 .. 2026-05-27
2026-06-19 19:32:24 INFO crypto_research.load:   xlmusdt: rows=1133280 2024-04-01 .. 2026-05-27
2026-06-19 19:32:24 INFO crypto_research.load:   xmrusdt: rows=1132756 2024-04-01 .. 2026-05-27
2026-06-19 19:32:24 INFO crypto_research.load:   xrpusdt: rows=1132756 2024-04-01 .. 2026-05-27
2026-06-19 19:32:24 INFO crypto_research.load:   zecusdt: rows=1132756 2024-04-01 .. 2026-05-27
2026-06-19 19:32:24 INFO crypto_research.load:   zenusdt: rows=1133280 2024-04-01 .. 2026-05-27
2026-06-19 19:32:27 INFO crypto_research.ml_dataset: [ml] pooled daily: pairs=49 rows=38563 period=2024-04-01..2026-05-31
2026-06-19 19:32:28 INFO crypto_research.ml_ema_dev_norm: [ml] ema_dev_pair_norm bounds: pairs=49
2026-06-19 19:32:28 INFO crypto_research.ml_numeric_features: [ml] bounds ema_dev_pair_norm: pairs=49
2026-06-19 19:32:28 INFO crypto_research.ml_numeric_features: [ml] bounds rsi_pair_norm: pairs=49
2026-06-19 19:32:28 INFO crypto_research.ml_numeric_features: [ml] bounds streak_pair_norm: pairs=49
2026-06-19 19:32:28 INFO crypto_research.ml_dataset: [ml] ema_dev_pair_norm: min=-4.914 max=8.584 mean=-0.014
2026-06-19 19:32:28 INFO crypto_research.ml_dataset: [ml] rsi_pair_norm: min=-2.053 max=2.062 mean=-0.081
2026-06-19 19:32:28 INFO crypto_research.ml_dataset: [ml] streak_pair_norm: min=-3.000 max=4.333 mean=-0.012
2026-06-19 19:32:28 INFO crypto_research.ml_dataset: [ml] dataset studies=['day_of_week_ml', 'ema_spreads_ml', 'rsi_spreads_ml', 'price_sequences_ml'] features=['pair_id', 'weekday_enc', 'ema_dev_pair_norm', 'rsi_pair_norm', 'streak_pair_norm'] rows=31675 pairs=49 up_rate=0.503
2026-06-19 19:32:29 INFO crypto_research.ml_dataset: [ml] ema_dev_pair_norm: min=-4.918 max=15.840 mean=-0.087
2026-06-19 19:32:29 INFO crypto_research.ml_dataset: [ml] rsi_pair_norm: min=-1.864 max=2.022 mean=-0.170
2026-06-19 19:32:29 INFO crypto_research.ml_dataset: [ml] streak_pair_norm: min=-3.333 max=3.333 mean=-0.083
2026-06-19 19:32:29 INFO crypto_research.ml_dataset: [ml] dataset studies=['day_of_week_ml', 'ema_spreads_ml', 'rsi_spreads_ml', 'price_sequences_ml'] features=['pair_id', 'weekday_enc', 'ema_dev_pair_norm', 'rsi_pair_norm', 'streak_pair_norm'] rows=38001 pairs=49 up_rate=0.478
2026-06-19 19:32:29 INFO crypto_research.ml_research: Dataset columns (10): ['day_utc', 'pair', 'weekday', 'return_pct', 'direction_up', 'ema_dev_pair_norm', 'rsi_pair_norm', 'streak_pair_norm', 'pair_id', 'weekday_enc']
2026-06-19 19:32:29 INFO crypto_research.ml_research: Dataset head (50 rows):
shape: (50, 10)
┌─────────────┬───────────┬─────────┬────────────┬────────────┬────────────┬────────────┬────────────┬─────────┬────────────┐
│ day_utc     ┆ pair      ┆ weekday ┆ return_pct ┆ direction_ ┆ ema_dev_pa ┆ rsi_pair_n ┆ streak_pai ┆ pair_id ┆ weekday_en │
│ ---         ┆ ---       ┆ ---     ┆ ---        ┆ up         ┆ ir_norm    ┆ orm        ┆ r_norm     ┆ ---     ┆ c          │
│ datetime[μs ┆ str       ┆ i64     ┆ f64        ┆ ---        ┆ ---        ┆ ---        ┆ ---        ┆ cat     ┆ ---        │
│ , UTC]      ┆           ┆         ┆            ┆ i8         ┆ f64        ┆ f64        ┆ f64        ┆         ┆ cat        │
╞═════════════╪═══════════╪═════════╪════════════╪════════════╪════════════╪════════════╪════════════╪═════════╪════════════╡
│ 2022-01-11  ┆ aaveusdt  ┆ 1       ┆ 6.78857083 ┆ 1          ┆ -1.0230104 ┆ -2.0308349 ┆ -0.6666666 ┆ 1       ┆ 1          │
│ 00:00:00    ┆           ┆         ┆ 0975585    ┆            ┆ 369461848  ┆ 872019544  ┆ 666666667  ┆         ┆            │
│ UTC         ┆           ┆         ┆            ┆            ┆            ┆            ┆            ┆         ┆            │
│ 2022-01-11  ┆ adausdt   ┆ 1       ┆ 5.61046960 ┆ 1          ┆ -1         ┆ -1.3973373 ┆ -1.3333333 ┆ 2       ┆ 1          │
│ 00:00:00    ┆           ┆         ┆ 9646642    ┆            ┆            ┆ 33734323   ┆ 333333333  ┆         ┆            │
│ UTC         ┆           ┆         ┆            ┆            ┆            ┆            ┆            ┆         ┆            │
│ 2022-01-11  ┆ algousdt  ┆ 1       ┆ 6.16287521 ┆ 1          ┆ -0.8674341 ┆ -1.1555181 ┆ -0.4285714 ┆ 3       ┆ 1          │
│ 00:00:00    ┆           ┆         ┆ 9537939    ┆            ┆ 300673081  ┆ 086904938  ┆ 285714286  ┆         ┆            │
│ UTC         ┆           ┆         ┆            ┆            ┆            ┆            ┆            ┆         ┆            │
│ 2022-01-11  ┆ aliceusdt ┆ 1       ┆ 6.37255474 ┆ 1          ┆ -1.0272797 ┆ -1.1690872 ┆ -0.4285714 ┆ 4       ┆ 1          │
│ 00:00:00    ┆           ┆         ┆ 8620328    ┆            ┆ 27767651   ┆ 562617576  ┆ 285714286  ┆         ┆            │
│ UTC         ┆           ┆         ┆            ┆            ┆            ┆            ┆            ┆         ┆            │
│ 2022-01-11  ┆ atomusdt  ┆ 1       ┆ 2.16587343 ┆ 1          ┆ 0.13040448 ┆ 0.16000480 ┆ 0.33333333 ┆ 8       ┆ 1          │
│ 00:00:00    ┆           ┆         ┆ 26592084   ┆            ┆ 087863565  ┆ 407343476  ┆ 333333326  ┆         ┆            │
│ UTC         ┆           ┆         ┆            ┆            ┆            ┆            ┆            ┆         ┆            │
│ 2022-01-11  ┆ avaxusdt  ┆ 1       ┆ 6.07964570 ┆ 1          ┆ -0.9616868 ┆ -1.4200766 ┆ -0.1428571 ┆ 9       ┆ 1          │
│ 00:00:00    ┆           ┆         ┆ 9640859    ┆            ┆ 083200584  ┆ 493461732  ┆ 428571429  ┆         ┆            │
│ UTC         ┆           ┆         ┆            ┆            ┆            ┆            ┆            ┆         ┆            │
│ 2022-01-11  ┆ bchusdt   ┆ 1       ┆ 1.65039202 ┆ 1          ┆ -1.0135060 ┆ -1.7021984 ┆ -0.3333333 ┆ 11      ┆ 1          │
│ 00:00:00    ┆           ┆         ┆ 35081473   ┆            ┆ 783051932  ┆ 67363062   ┆ 3333333337 ┆         ┆            │
│ UTC         ┆           ┆         ┆            ┆            ┆            ┆            ┆            ┆         ┆            │
│ 2022-01-11  ┆ bnbusdt   ┆ 1       ┆ 8.94643908 ┆ 1          ┆ -1.3330381 ┆ -1.7621478 ┆ -0.3333333 ┆ 12      ┆ 1          │
│ 00:00:00    ┆           ┆         ┆ 181283     ┆            ┆ 459113234  ┆ 216658728  ┆ 3333333337 ┆         ┆            │
│ UTC         ┆           ┆         ┆            ┆            ┆            ┆            ┆            ┆         ┆            │
│ 2022-01-11  ┆ btcusdt   ┆ 1       ┆ 2.13470783 ┆ 1          ┆ -0.6319884 ┆ -1.7582515 ┆ -0.25      ┆ 13      ┆ 1          │
│ 00:00:00    ┆           ┆         ┆ 80253057   ┆            ┆ 518503163  ┆ 118565332  ┆            ┆         ┆            │
│ UTC         ┆           ┆         ┆            ┆            ┆            ┆            ┆            ┆         ┆            │
│ 2022-01-11  ┆ crvusdt   ┆ 1       ┆ 6.60486312 ┆ 1          ┆ -1.1600089 ┆ -1.3205400 ┆ -1         ┆ 15      ┆ 1          │
│ 00:00:00    ┆           ┆         ┆ 0110692    ┆            ┆ 953543349  ┆ 031884917  ┆            ┆         ┆            │
│ UTC         ┆           ┆         ┆            ┆            ┆            ┆            ┆            ┆         ┆            │
│ 2022-01-11  ┆ dogeusdt  ┆ 1       ┆ 7.48250833 ┆ 1          ┆ -1.0166984 ┆ -1.9276083 ┆ -1.3333333 ┆ 17      ┆ 1          │
│ 00:00:00    ┆           ┆         ┆ 00613295   ┆            ┆ 201353448  ┆ 34982597   ┆ 333333333  ┆         ┆            │
│ UTC         ┆           ┆         ┆            ┆            ┆            ┆            ┆            ┆         ┆            │
│ 2022-01-11  ┆ dotusdt   ┆ 1       ┆ 7.76699076 ┆ 1          ┆ -1         ┆ -1.1234265 ┆ -0.3333333 ┆ 18      ┆ 1          │
│ 00:00:00    ┆           ┆         ┆ 02688255   ┆            ┆            ┆ 55186431   ┆ 3333333337 ┆         ┆            │
│ UTC         ┆           ┆         ┆            ┆            ┆            ┆            ┆            ┆         ┆            │
│ 2022-01-11  ┆ dydxusdt  ┆ 1       ┆ 11.6169585 ┆ 1          ┆ -0.9971051 ┆ -1.8429710 ┆ -0.3333333 ┆ 19      ┆ 1          │
│ 00:00:00    ┆           ┆         ┆ 75351276   ┆            ┆ 695789355  ┆ 82482642   ┆ 3333333337 ┆         ┆            │
│ UTC         ┆           ┆         ┆            ┆            ┆            ┆            ┆            ┆         ┆            │
│ 2022-01-11  ┆ enjusdt   ┆ 1       ┆ 6.76674887 ┆ 1          ┆ -0.9218985 ┆ -0.8821390 ┆ -0.4285714 ┆ 21      ┆ 1          │
│ 00:00:00    ┆           ┆         ┆ 7945984    ┆            ┆ 97589335   ┆ 930325894  ┆ 285714286  ┆         ┆            │
│ UTC         ┆           ┆         ┆            ┆            ┆            ┆            ┆            ┆         ┆            │
│ 2022-01-11  ┆ ethusdt   ┆ 1       ┆ 4.99675535 ┆ 1          ┆ -0.9713267 ┆ -1.5061643 ┆ -0.25      ┆ 23      ┆ 1          │
│ 00:00:00    ┆           ┆         ┆ 366645     ┆            ┆ 847166703  ┆ 629412935  ┆            ┆         ┆            │
│ UTC         ┆           ┆         ┆            ┆            ┆            ┆            ┆            ┆         ┆            │
│ 2022-01-11  ┆ filusdt   ┆ 1       ┆ 2.55863978 ┆ 1          ┆ -1.0101559 ┆ -1.3131447 ┆ -0.1428571 ┆ 24      ┆ 1          │
│ 00:00:00    ┆           ┆         ┆ 7916926    ┆            ┆ 418583597  ┆ 629224229  ┆ 428571429  ┆         ┆            │
│ UTC         ┆           ┆         ┆            ┆            ┆            ┆            ┆            ┆         ┆            │
│ 2022-01-11  ┆ galausdt  ┆ 1       ┆ 4.52855983 ┆ 1          ┆ -1.3033013 ┆ -1.4851751 ┆ -0.3333333 ┆ 25      ┆ 1          │
│ 00:00:00    ┆           ┆         ┆ 12834034   ┆            ┆ 109448117  ┆ 525926433  ┆ 3333333337 ┆         ┆            │
│ UTC         ┆           ┆         ┆            ┆            ┆            ┆            ┆            ┆         ┆            │
│ 2022-01-11  ┆ linkusdt  ┆ 1       ┆ -4.8351308 ┆ 0          ┆ 1.16693795 ┆ 1.63772311 ┆ 0.42857142 ┆ 31      ┆ 1          │
│ 00:00:00    ┆           ┆         ┆ 490143445  ┆            ┆ 2472205    ┆ 09811534   ┆ 85714286   ┆         ┆            │
│ UTC         ┆           ┆         ┆            ┆            ┆            ┆            ┆            ┆         ┆            │
│ 2022-01-11  ┆ ltcusdt   ┆ 1       ┆ 3.91211332 ┆ 1          ┆ -0.7905404 ┆ -1.8083178 ┆ -0.4285714 ┆ 32      ┆ 1          │
│ 00:00:00    ┆           ┆         ┆ 96431494   ┆            ┆ 511078287  ┆ 460921738  ┆ 285714286  ┆         ┆            │
│ UTC         ┆           ┆         ┆            ┆            ┆            ┆            ┆            ┆         ┆            │
│ 2022-01-11  ┆ nearusdt  ┆ 1       ┆ 16.6095944 ┆ 1          ┆ 0.29281058 ┆ 0.04883597 ┆ 0.42857142 ┆ 33      ┆ 1          │
│ 00:00:00    ┆           ┆         ┆ 84794073   ┆            ┆ 0312173    ┆ 4696927575 ┆ 85714286   ┆         ┆            │
│ UTC         ┆           ┆         ┆            ┆            ┆            ┆            ┆            ┆         ┆            │
│ 2022-01-11  ┆ solusdt   ┆ 1       ┆ 3.23886175 ┆ 1          ┆ -0.7819217 ┆ -1.6348706 ┆ -0.5       ┆ 39      ┆ 1          │
│ 00:00:00    ┆           ┆         ┆ 8409968    ┆            ┆ 979769039  ┆ 445915702  ┆            ┆         ┆            │
│ UTC         ┆           ┆         ┆            ┆            ┆            ┆            ┆            ┆         ┆            │
│ 2022-01-11  ┆ uniusdt   ┆ 1       ┆ 5.52577615 ┆ 1          ┆ -0.7360077 ┆ -0.8530792 ┆ -0.3333333 ┆ 43      ┆ 1          │
│ 00:00:00    ┆           ┆         ┆ 49487565   ┆            ┆ 620792981  ┆ 711270476  ┆ 3333333337 ┆         ┆            │
│ UTC         ┆           ┆         ┆            ┆            ┆            ┆            ┆            ┆         ┆            │
│ 2022-01-11  ┆ xrpusdt   ┆ 1       ┆ 4.09902886 ┆ 1          ┆ -0.7226242 ┆ -1.5583462 ┆ -0.3333333 ┆ 46      ┆ 1          │
│ 00:00:00    ┆           ┆         ┆ 0356283    ┆            ┆ 374373969  ┆ 689840615  ┆ 3333333337 ┆         ┆            │
│ UTC         ┆           ┆         ┆            ┆            ┆            ┆            ┆            ┆         ┆            │
│ 2022-01-11  ┆ zecusdt   ┆ 1       ┆ 0.14174127 ┆ 1          ┆ -0.1522824 ┆ -0.6574078 ┆ -0.25      ┆ 47      ┆ 1          │
│ 00:00:00    ┆           ┆         ┆ 540112447  ┆            ┆ 2430131114 ┆ 39384771   ┆            ┆         ┆            │
│ UTC         ┆           ┆         ┆            ┆            ┆            ┆            ┆            ┆         ┆            │
│ 2022-01-12  ┆ aaveusdt  ┆ 2       ┆ 2.43960232 ┆ 1          ┆ -0.3765510 ┆ -1.3066951 ┆ 0.33333333 ┆ 1       ┆ 2          │
│ 00:00:00    ┆           ┆         ┆ 50916063   ┆            ┆ 9630048034 ┆ 41519008   ┆ 333333326  ┆         ┆            │
│ UTC         ┆           ┆         ┆            ┆            ┆            ┆            ┆            ┆         ┆            │
│ 2022-01-12  ┆ adausdt   ┆ 2       ┆ 10.6079784 ┆ 1          ┆ -0.3203851 ┆ -0.8673955 ┆ 0.33333333 ┆ 2       ┆ 2          │
│ 00:00:00    ┆           ┆         ┆ 48037555   ┆            ┆ 33667936   ┆ 767137441  ┆ 333333326  ┆         ┆            │
│ UTC         ┆           ┆         ┆            ┆            ┆            ┆            ┆            ┆         ┆            │
│ 2022-01-12  ┆ algousdt  ┆ 2       ┆ 3.66274860 ┆ 1          ┆ -0.2844536 ┆ -0.7597016 ┆ 0.14285714 ┆ 3       ┆ 2          │
│ 00:00:00    ┆           ┆         ┆ 5325483    ┆            ┆ 684584358  ┆ 316217354  ┆ 28571428   ┆         ┆            │
│ UTC         ┆           ┆         ┆            ┆            ┆            ┆            ┆            ┆         ┆            │
│ 2022-01-12  ┆ aliceusdt ┆ 2       ┆ 5.99077968 ┆ 1          ┆ -0.4512253 ┆ -0.7914901 ┆ 0.14285714 ┆ 4       ┆ 2          │
│ 00:00:00    ┆           ┆         ┆ 36614065   ┆            ┆ 2172717783 ┆ 91507975   ┆ 28571428   ┆         ┆            │
│ UTC         ┆           ┆         ┆            ┆            ┆            ┆            ┆            ┆         ┆            │
│ 2022-01-12  ┆ atomusdt  ┆ 2       ┆ 4.08479318 ┆ 1          ┆ 0.30966920 ┆ 0.24812820 ┆ 0.66666666 ┆ 8       ┆ 2          │
│ 00:00:00    ┆           ┆         ┆ 4828393    ┆            ┆ 090098315  ┆ 40479178   ┆ 66666667   ┆         ┆            │
│ UTC         ┆           ┆         ┆            ┆            ┆            ┆            ┆            ┆         ┆            │
│ 2022-01-12  ┆ avaxusdt  ┆ 2       ┆ 7.32320427 ┆ 1          ┆ -0.3617231 ┆ -1.0177587 ┆ 0.42857142 ┆ 9       ┆ 2          │
│ 00:00:00    ┆           ┆         ┆ 7438567    ┆            ┆ 716695066  ┆ 961708219  ┆ 85714286   ┆         ┆            │
│ UTC         ┆           ┆         ┆            ┆            ┆            ┆            ┆            ┆         ┆            │
│ 2022-01-12  ┆ bchusdt   ┆ 2       ┆ 3.80192633 ┆ 1          ┆ -0.6611329 ┆ -1.4603110 ┆ 0.33333333 ┆ 11      ┆ 2          │
│ 00:00:00    ┆           ┆         ┆ 59895037   ┆            ┆ 111727483  ┆ 831320198  ┆ 333333326  ┆         ┆            │
│ UTC         ┆           ┆         ┆            ┆            ┆            ┆            ┆            ┆         ┆            │
│ 2022-01-12  ┆ bnbusdt   ┆ 2       ┆ 5.34846029 ┆ 1          ┆ 0.01410801 ┆ -0.8408825 ┆ 0.33333333 ┆ 12      ┆ 2          │
│ 00:00:00    ┆           ┆         ┆ 1734198    ┆            ┆ 4896094248 ┆ 481626779  ┆ 333333326  ┆         ┆            │
│ UTC         ┆           ┆         ┆            ┆            ┆            ┆            ┆            ┆         ┆            │
│ 2022-01-12  ┆ btcusdt   ┆ 2       ┆ 2.78210367 ┆ 1          ┆ -0.2180180 ┆ -1.3085421 ┆ 0.25       ┆ 13      ┆ 2          │
│ 00:00:00    ┆           ┆         ┆ 31730735   ┆            ┆ 4762191915 ┆ 773560837  ┆            ┆         ┆            │
│ UTC         ┆           ┆         ┆            ┆            ┆            ┆            ┆            ┆         ┆            │
│ 2022-01-12  ┆ crvusdt   ┆ 2       ┆ 6.54348096 ┆ 1          ┆ -0.6057027 ┆ -0.9729826 ┆ 0.42857142 ┆ 15      ┆ 2          │
│ 00:00:00    ┆           ┆         ┆ 7303586    ┆            ┆ 461305695  ┆ 603218545  ┆ 85714286   ┆         ┆            │
│ UTC         ┆           ┆         ┆            ┆            ┆            ┆            ┆            ┆         ┆            │
│ 2022-01-12  ┆ dogeusdt  ┆ 2       ┆ 5.79050226 ┆ 1          ┆ -0.1672654 ┆ -0.8820958 ┆ 0.33333333 ┆ 17      ┆ 2          │
│ 00:00:00    ┆           ┆         ┆ 9009695    ┆            ┆ 696116402  ┆ 396160115  ┆ 333333326  ┆         ┆            │
│ UTC         ┆           ┆         ┆            ┆            ┆            ┆            ┆            ┆         ┆            │
│ 2022-01-12  ┆ dotusdt   ┆ 2       ┆ 6.95260309 ┆ 1          ┆ -0.1095543 ┆ -0.5377336 ┆ 0.33333333 ┆ 18      ┆ 2          │
│ 00:00:00    ┆           ┆         ┆ 7495247    ┆            ┆ 200708026  ┆ 176970129  ┆ 333333326  ┆         ┆            │
│ UTC         ┆           ┆         ┆            ┆            ┆            ┆            ┆            ┆         ┆            │
│ 2022-01-12  ┆ dydxusdt  ┆ 2       ┆ 9.07172951 ┆ 1          ┆ -0.1491295 ┆ -0.8706611 ┆ 0.33333333 ┆ 19      ┆ 2          │
│ 00:00:00    ┆           ┆         ┆ 919055     ┆            ┆ 5058917873 ┆ 737833426  ┆ 333333326  ┆         ┆            │
│ UTC         ┆           ┆         ┆            ┆            ┆            ┆            ┆            ┆         ┆            │
│ 2022-01-12  ┆ enjusdt   ┆ 2       ┆ 9.17152872 ┆ 1          ┆ -0.3067761 ┆ -0.5388349 ┆ 0.14285714 ┆ 21      ┆ 2          │
│ 00:00:00    ┆           ┆         ┆ 771021     ┆            ┆ 700692503  ┆ 781357886  ┆ 28571428   ┆         ┆            │
│ UTC         ┆           ┆         ┆            ┆            ┆            ┆            ┆            ┆         ┆            │
│ 2022-01-12  ┆ ethusdt   ┆ 2       ┆ 4.12701016 ┆ 1          ┆ -0.3195477 ┆ -1.0193781 ┆ 0.25       ┆ 23      ┆ 2          │
│ 00:00:00    ┆           ┆         ┆ 15613415   ┆            ┆ 6203334767 ┆ 729503903  ┆            ┆         ┆            │
│ UTC         ┆           ┆         ┆            ┆            ┆            ┆            ┆            ┆         ┆            │
│ 2022-01-12  ┆ filusdt   ┆ 2       ┆ 6.47955264 ┆ 1          ┆ -0.6571245 ┆ -1.0984854 ┆ 0.42857142 ┆ 24      ┆ 2          │
│ 00:00:00    ┆           ┆         ┆ 14993585   ┆            ┆ 120546244  ┆ 895667544  ┆ 85714286   ┆         ┆            │
│ UTC         ┆           ┆         ┆            ┆            ┆            ┆            ┆            ┆         ┆            │
│ 2022-01-12  ┆ galausdt  ┆ 2       ┆ 12.0582705 ┆ 1          ┆ -0.8063315 ┆ -1.2275105 ┆ 0.33333333 ┆ 25      ┆ 2          │
│ 00:00:00    ┆           ┆         ┆ 56129708   ┆            ┆ 682268392  ┆ 467659482  ┆ 333333326  ┆         ┆            │
│ UTC         ┆           ┆         ┆            ┆            ┆            ┆            ┆            ┆         ┆            │
│ 2022-01-12  ┆ linkusdt  ┆ 2       ┆ 0.54490246 ┆ 1          ┆ 0.44351308 ┆ 1.09042296 ┆ -0.4285714 ┆ 31      ┆ 2          │
│ 00:00:00    ┆           ┆         ┆ 9331899    ┆            ┆ 82443634   ┆ 66528917   ┆ 285714286  ┆         ┆            │
│ UTC         ┆           ┆         ┆            ┆            ┆            ┆            ┆            ┆         ┆            │
│ 2022-01-12  ┆ ltcusdt   ┆ 2       ┆ 7.90995550 ┆ 1          ┆ -0.2825638 ┆ -1.1715444 ┆ 0.14285714 ┆ 32      ┆ 2          │
│ 00:00:00    ┆           ┆         ┆ 1386672    ┆            ┆ 478929974  ┆ 501975072  ┆ 28571428   ┆         ┆            │
│ UTC         ┆           ┆         ┆            ┆            ┆            ┆            ┆            ┆         ┆            │
│ 2022-01-12  ┆ nearusdt  ┆ 2       ┆ -2.6481925 ┆ 0          ┆ 1.27319782 ┆ 0.50021589 ┆ 0.71428571 ┆ 33      ┆ 2          │
│ 00:00:00    ┆           ┆         ┆ 41410601   ┆            ┆ 91348753   ┆ 57621297   ┆ 42857142   ┆         ┆            │
│ UTC         ┆           ┆         ┆            ┆            ┆            ┆            ┆            ┆         ┆            │
│ 2022-01-12  ┆ solusdt   ┆ 2       ┆ 7.96791661 ┆ 1          ┆ -0.4394124 ┆ -1.3546955 ┆ 0.25       ┆ 39      ┆ 2          │
│ 00:00:00    ┆           ┆         ┆ 4444073    ┆            ┆ 430115105  ┆ 595969155  ┆            ┆         ┆            │
│ UTC         ┆           ┆         ┆            ┆            ┆            ┆            ┆            ┆         ┆            │
│ 2022-01-12  ┆ uniusdt   ┆ 2       ┆ 2.05067487 ┆ 1          ┆ -0.1707182 ┆ -0.4564481 ┆ 0.33333333 ┆ 43      ┆ 2          │
│ 00:00:00    ┆           ┆         ┆ 7380246    ┆            ┆ 7681836452 ┆ 937876861  ┆ 333333326  ┆         ┆            │
│ UTC         ┆           ┆         ┆            ┆            ┆            ┆            ┆            ┆         ┆            │
│ 2022-01-12  ┆ xrpusdt   ┆ 2       ┆ 3.75568122 ┆ 1          ┆ -0.1164821 ┆ -0.8957640 ┆ 0.33333333 ┆ 46      ┆ 2          │
│ 00:00:00    ┆           ┆         ┆ 49168634   ┆            ┆ 264279773  ┆ 43172548   ┆ 333333326  ┆         ┆            │
│ UTC         ┆           ┆         ┆            ┆            ┆            ┆            ┆            ┆         ┆            │
│ 2022-01-12  ┆ zecusdt   ┆ 2       ┆ 2.22929499 ┆ 1          ┆ -0.1118377 ┆ -0.6348166 ┆ 0.25       ┆ 47      ┆ 2          │
│ 00:00:00    ┆           ┆         ┆ 53656693   ┆            ┆ 8614330515 ┆ 481588624  ┆            ┆         ┆            │
│ UTC         ┆           ┆         ┆            ┆            ┆            ┆            ┆            ┆         ┆            │
│ 2022-01-13  ┆ aaveusdt  ┆ 3       ┆ -4.2821185 ┆ 0          ┆ -0.1289164 ┆ -1.0668205 ┆ 0.66666666 ┆ 1       ┆ 3          │
│ 00:00:00    ┆           ┆         ┆ 44609961   ┆            ┆ 9404416425 ┆ 979331093  ┆ 66666667   ┆         ┆            │
│ UTC         ┆           ┆         ┆            ┆            ┆            ┆            ┆            ┆         ┆            │
│ 2022-01-13  ┆ adausdt   ┆ 3       ┆ -6.1370745 ┆ 0          ┆ 0.70878592 ┆ -0.1437246 ┆ 0.66666666 ┆ 2       ┆ 3          │
│ 00:00:00    ┆           ┆         ┆ 98369567   ┆            ┆ 99928528   ┆ 9373572572 ┆ 66666667   ┆         ┆            │
│ UTC         ┆           ┆         ┆            ┆            ┆            ┆            ┆            ┆         ┆            │
└─────────────┴───────────┴─────────┴────────────┴────────────┴────────────┴────────────┴────────────┴─────────┴────────────┘
2026-06-19 19:32:29 INFO crypto_research.ml_cpcv: [ml] X: shape=(31675, 5) columns=['pair_id', 'weekday_enc', 'ema_dev_pair_norm', 'rsi_pair_norm', 'streak_pair_norm'] dtypes={'pair_id': 'category', 'weekday_enc': 'category', 'ema_dev_pair_norm': 'float64', 'rsi_pair_norm': 'float64', 'streak_pair_norm': 'float64'}
2026-06-19 19:32:29 INFO crypto_research.ml_cpcv: [ml] X head (3 rows):
  pair_id weekday_enc  ema_dev_pair_norm  rsi_pair_norm  streak_pair_norm
0       1           1          -1.023010      -2.030835         -0.666667
1       2           1          -1.000000      -1.397337         -1.333333
2       3           1          -0.867434      -1.155518         -0.428571
2026-06-19 19:32:30 INFO crypto_research.ml_cpcv: [ml] y (direction_up): shape=(31675,) dtype=int8 distribution={0: 15733, 1: 15942}
2026-06-19 19:32:30 INFO crypto_research.ml_cpcv: [ml] y head (3 values): [1, 1, 1]
2026-06-19 19:32:30 INFO crypto_research.ml_cpcv: [ml] CV: CombinatorialPurgedCV n_splits=7 n_test_groups=2 embargo_days=1 n_folds=C(7,2)=21 n_days=812
2026-06-19 19:32:30 INFO crypto_research.ml_cpcv: [ml] CV time range: 2022-01-11 00:00:00+00:00 .. 2024-04-01 00:00:00+00:00 (prediction_times=evaluation_times, purge=None)
2026-06-19 19:32:32 INFO crypto_research.ml_cpcv: [ml] CV day splits:
  fold1: train_days=579 test_days=232
  fold2: train_days=578 test_days=232
  fold3: train_days=578 test_days=232
  fold4: train_days=578 test_days=232
  fold5: train_days=578 test_days=232
  fold6: train_days=579 test_days=232
  fold7: train_days=579 test_days=232
  fold8: train_days=578 test_days=232
  fold9: train_days=578 test_days=232
  fold10: train_days=578 test_days=232
  fold11: train_days=579 test_days=232
  fold12: train_days=579 test_days=232
  fold13: train_days=578 test_days=232
  fold14: train_days=578 test_days=232
  fold15: train_days=579 test_days=232
  fold16: train_days=579 test_days=232
  fold17: train_days=578 test_days=232
  fold18: train_days=579 test_days=232
  fold19: train_days=579 test_days=232
  fold20: train_days=579 test_days=232
  fold21: train_days=580 test_days=232
2026-06-19 19:32:32 INFO crypto_research.ml_cpcv: [ml] fold 1/21 → model.fit: X_train=(25474, 5) y_train=(25474,) days=('2022-09-01 00:00:00+00:00', '2024-04-01 00:00:00+00:00') dist={0: 12541, 1: 12933}
2026-06-19 19:32:32 INFO crypto_research.ml_cpcv: [ml] fold 1/21 → model.predict: X_test=(6173, 5) y_test=(6173,) days=('2022-01-11 00:00:00+00:00', '2022-08-30 00:00:00+00:00') dist={0: 3180, 1: 2993}
2026-06-19 19:32:32 INFO crypto_research.ml_cpcv: [ml] fold 1 X_train head:
     pair_id weekday_enc  ema_dev_pair_norm  rsi_pair_norm  streak_pair_norm
6201       1           3          -0.098971      -0.325285          0.333333
6202       2           3          -0.187874      -0.405108         -0.333333
6203       3           3          -0.236484      -0.533941         -0.714286
2026-06-19 19:32:32 INFO crypto_research.ml_cpcv: [ml] fold 1 y_train head: [1, 1, 1]
2026-06-19 19:32:32 INFO crypto_research.ml_cpcv: [ml] fold 1 X_test head:
  pair_id weekday_enc  ema_dev_pair_norm  rsi_pair_norm  streak_pair_norm
0       1           1          -1.023010      -2.030835         -0.666667
1       2           1          -1.000000      -1.397337         -1.333333
2       3           1          -0.867434      -1.155518         -0.428571
2026-06-19 19:32:32 INFO crypto_research.ml_cpcv: [ml] fold 1 y_test head: [1, 1, 1]
2026-06-19 19:32:32 INFO crypto_research.ml_cpcv: [ml] fold 1/21 train=25474 test=6173 acc=0.5331 auc=0.5460
2026-06-19 19:32:32 INFO crypto_research.ml_cpcv: [ml] fold 2/21 → model.fit: X_train=(25372, 5) y_train=(25372,) days=('2022-05-08 00:00:00+00:00', '2024-04-01 00:00:00+00:00') dist={0: 12466, 1: 12906}
2026-06-19 19:32:32 INFO crypto_research.ml_cpcv: [ml] fold 2/21 → model.predict: X_test=(6247, 5) y_test=(6247,) days=('2022-01-11 00:00:00+00:00', '2022-12-24 00:00:00+00:00') dist={0: 3222, 1: 3025}
2026-06-19 19:32:32 INFO crypto_research.ml_cpcv: [ml] fold 2/21 train=25372 test=6247 acc=0.5447 auc=0.5670
2026-06-19 19:32:32 INFO crypto_research.ml_cpcv: [ml] fold 3/21 → model.fit: X_train=(23304, 5) y_train=(23304,) days=('2022-05-08 00:00:00+00:00', '2024-04-01 00:00:00+00:00') dist={0: 11632, 1: 11672}
2026-06-19 19:32:32 INFO crypto_research.ml_cpcv: [ml] fold 3/21 → model.predict: X_test=(8295, 5) y_test=(8295,) days=('2022-01-11 00:00:00+00:00', '2023-04-19 00:00:00+00:00') dist={0: 4031, 1: 4264}
2026-06-19 19:32:32 INFO crypto_research.ml_cpcv: [ml] fold 3/21 train=23304 test=8295 acc=0.5280 auc=0.5416
2026-06-19 19:32:32 INFO crypto_research.ml_cpcv: [ml] fold 4/21 → model.fit: X_train=(22993, 5) y_train=(22993,) days=('2022-05-08 00:00:00+00:00', '2024-04-01 00:00:00+00:00') dist={0: 11208, 1: 11785}
2026-06-19 19:32:32 INFO crypto_research.ml_cpcv: [ml] fold 4/21 → model.predict: X_test=(8606, 5) y_test=(8606,) days=('2022-01-11 00:00:00+00:00', '2023-08-13 00:00:00+00:00') dist={0: 4479, 1: 4127}
2026-06-19 19:32:33 INFO crypto_research.ml_cpcv: [ml] fold 4/21 train=22993 test=8606 acc=0.5596 auc=0.5790
2026-06-19 19:32:33 INFO crypto_research.ml_cpcv: [ml] fold 5/21 → model.fit: X_train=(23003, 5) y_train=(23003,) days=('2022-05-08 00:00:00+00:00', '2024-04-01 00:00:00+00:00') dist={0: 11510, 1: 11493}
2026-06-19 19:32:33 INFO crypto_research.ml_cpcv: [ml] fold 5/21 → model.predict: X_test=(8596, 5) y_test=(8596,) days=('2022-01-11 00:00:00+00:00', '2023-12-07 00:00:00+00:00') dist={0: 4195, 1: 4401}
2026-06-19 19:32:33 INFO crypto_research.ml_cpcv: [ml] fold 5/21 train=23003 test=8596 acc=0.5301 auc=0.5402
2026-06-19 19:32:33 INFO crypto_research.ml_cpcv: [ml] fold 6/21 → model.fit: X_train=(23000, 5) y_train=(23000,) days=('2022-05-08 00:00:00+00:00', '2023-12-07 00:00:00+00:00') dist={0: 11477, 1: 11523}
2026-06-19 19:32:33 INFO crypto_research.ml_cpcv: [ml] fold 6/21 → model.predict: X_test=(8648, 5) y_test=(8648,) days=('2022-01-11 00:00:00+00:00', '2024-04-01 00:00:00+00:00') dist={0: 4231, 1: 4417}
2026-06-19 19:32:33 INFO crypto_research.ml_cpcv: [ml] fold 6/21 train=23000 test=8648 acc=0.5171 auc=0.5243
2026-06-19 19:32:33 INFO crypto_research.ml_cpcv: [ml] fold 7/21 → model.fit: X_train=(25182, 5) y_train=(25182,) days=('2022-01-11 00:00:00+00:00', '2024-04-01 00:00:00+00:00') dist={0: 12353, 1: 12829}
2026-06-19 19:32:33 INFO crypto_research.ml_cpcv: [ml] fold 7/21 → model.predict: X_test=(6464, 5) y_test=(6464,) days=('2022-05-07 00:00:00+00:00', '2022-12-24 00:00:00+00:00') dist={0: 3360, 1: 3104}
2026-06-19 19:32:33 INFO crypto_research.ml_cpcv: [ml] fold 7/21 train=25182 test=6464 acc=0.5141 auc=0.5273
2026-06-19 19:32:33 INFO crypto_research.ml_cpcv: [ml] fold 8/21 → model.fit: X_train=(23086, 5) y_train=(23086,) days=('2022-01-11 00:00:00+00:00', '2024-04-01 00:00:00+00:00') dist={0: 11507, 1: 11579}
2026-06-19 19:32:33 INFO crypto_research.ml_cpcv: [ml] fold 8/21 → model.predict: X_test=(8512, 5) y_test=(8512,) days=('2022-05-07 00:00:00+00:00', '2023-04-19 00:00:00+00:00') dist={0: 4169, 1: 4343}
2026-06-19 19:32:33 INFO crypto_research.ml_cpcv: [ml] fold 8/21 train=23086 test=8512 acc=0.5053 auc=0.5212
2026-06-19 19:32:33 INFO crypto_research.ml_cpcv: [ml] fold 9/21 → model.fit: X_train=(22775, 5) y_train=(22775,) days=('2022-01-11 00:00:00+00:00', '2024-04-01 00:00:00+00:00') dist={0: 11083, 1: 11692}
2026-06-19 19:32:33 INFO crypto_research.ml_cpcv: [ml] fold 9/21 → model.predict: X_test=(8823, 5) y_test=(8823,) days=('2022-05-07 00:00:00+00:00', '2023-08-13 00:00:00+00:00') dist={0: 4617, 1: 4206}
2026-06-19 19:32:33 INFO crypto_research.ml_cpcv: [ml] fold 9/21 train=22775 test=8823 acc=0.5177 auc=0.5536
2026-06-19 19:32:33 INFO crypto_research.ml_cpcv: [ml] fold 10/21 → model.fit: X_train=(22785, 5) y_train=(22785,) days=('2022-01-11 00:00:00+00:00', '2024-04-01 00:00:00+00:00') dist={0: 11385, 1: 11400}
2026-06-19 19:32:33 INFO crypto_research.ml_cpcv: [ml] fold 10/21 → model.predict: X_test=(8813, 5) y_test=(8813,) days=('2022-05-07 00:00:00+00:00', '2023-12-07 00:00:00+00:00') dist={0: 4333, 1: 4480}
2026-06-19 19:32:33 INFO crypto_research.ml_cpcv: [ml] fold 10/21 train=22785 test=8813 acc=0.5109 auc=0.5182
2026-06-19 19:32:33 INFO crypto_research.ml_cpcv: [ml] fold 11/21 → model.fit: X_train=(22782, 5) y_train=(22782,) days=('2022-01-11 00:00:00+00:00', '2023-12-07 00:00:00+00:00') dist={0: 11352, 1: 11430}
2026-06-19 19:32:33 INFO crypto_research.ml_cpcv: [ml] fold 11/21 → model.predict: X_test=(8865, 5) y_test=(8865,) days=('2022-05-07 00:00:00+00:00', '2024-04-01 00:00:00+00:00') dist={0: 4369, 1: 4496}
2026-06-19 19:32:33 INFO crypto_research.ml_cpcv: [ml] fold 11/21 train=22782 test=8865 acc=0.4978 auc=0.4919
2026-06-19 19:32:33 INFO crypto_research.ml_cpcv: [ml] fold 12/21 → model.fit: X_train=(23040, 5) y_train=(23040,) days=('2022-01-11 00:00:00+00:00', '2024-04-01 00:00:00+00:00') dist={0: 11477, 1: 11563}
2026-06-19 19:32:33 INFO crypto_research.ml_cpcv: [ml] fold 12/21 → model.predict: X_test=(8586, 5) y_test=(8586,) days=('2022-08-31 00:00:00+00:00', '2023-04-19 00:00:00+00:00') dist={0: 4211, 1: 4375}
2026-06-19 19:32:33 INFO crypto_research.ml_cpcv: [ml] fold 12/21 train=23040 test=8586 acc=0.5168 auc=0.5245
2026-06-19 19:32:33 INFO crypto_research.ml_cpcv: [ml] fold 13/21 → model.fit: X_train=(22700, 5) y_train=(22700,) days=('2022-01-11 00:00:00+00:00', '2024-04-01 00:00:00+00:00') dist={0: 11033, 1: 11667}
2026-06-19 19:32:33 INFO crypto_research.ml_cpcv: [ml] fold 13/21 → model.predict: X_test=(8897, 5) y_test=(8897,) days=('2022-08-31 00:00:00+00:00', '2023-08-13 00:00:00+00:00') dist={0: 4659, 1: 4238}
2026-06-19 19:32:33 INFO crypto_research.ml_cpcv: [ml] fold 13/21 train=22700 test=8897 acc=0.5376 auc=0.5490
2026-06-19 19:32:33 INFO crypto_research.ml_cpcv: [ml] fold 14/21 → model.fit: X_train=(22710, 5) y_train=(22710,) days=('2022-01-11 00:00:00+00:00', '2024-04-01 00:00:00+00:00') dist={0: 11335, 1: 11375}
2026-06-19 19:32:33 INFO crypto_research.ml_cpcv: [ml] fold 14/21 → model.predict: X_test=(8887, 5) y_test=(8887,) days=('2022-08-31 00:00:00+00:00', '2023-12-07 00:00:00+00:00') dist={0: 4375, 1: 4512}
2026-06-19 19:32:33 INFO crypto_research.ml_cpcv: [ml] fold 14/21 train=22710 test=8887 acc=0.5342 auc=0.5417
2026-06-19 19:32:33 INFO crypto_research.ml_cpcv: [ml] fold 15/21 → model.fit: X_train=(22707, 5) y_train=(22707,) days=('2022-01-11 00:00:00+00:00', '2023-12-07 00:00:00+00:00') dist={0: 11302, 1: 11405}
2026-06-19 19:32:33 INFO crypto_research.ml_cpcv: [ml] fold 15/21 → model.predict: X_test=(8939, 5) y_test=(8939,) days=('2022-08-31 00:00:00+00:00', '2024-04-01 00:00:00+00:00') dist={0: 4411, 1: 4528}
2026-06-19 19:32:33 INFO crypto_research.ml_cpcv: [ml] fold 15/21 train=22707 test=8939 acc=0.4996 auc=0.5097
2026-06-19 19:32:33 INFO crypto_research.ml_cpcv: [ml] fold 16/21 → model.fit: X_train=(20681, 5) y_train=(20681,) days=('2022-01-11 00:00:00+00:00', '2024-04-01 00:00:00+00:00') dist={0: 10244, 1: 10437}
2026-06-19 19:32:33 INFO crypto_research.ml_cpcv: [ml] fold 16/21 → model.predict: X_test=(10945, 5) y_test=(10945,) days=('2022-12-25 00:00:00+00:00', '2023-08-13 00:00:00+00:00') dist={0: 5468, 1: 5477}
2026-06-19 19:32:34 INFO crypto_research.ml_cpcv: [ml] fold 16/21 train=20681 test=10945 acc=0.5097 auc=0.5117
2026-06-19 19:32:34 INFO crypto_research.ml_cpcv: [ml] fold 17/21 → model.fit: X_train=(20642, 5) y_train=(20642,) days=('2022-01-11 00:00:00+00:00', '2024-04-01 00:00:00+00:00') dist={0: 10501, 1: 10141}
2026-06-19 19:32:34 INFO crypto_research.ml_cpcv: [ml] fold 17/21 → model.predict: X_test=(10935, 5) y_test=(10935,) days=('2022-12-25 00:00:00+00:00', '2023-12-07 00:00:00+00:00') dist={0: 5184, 1: 5751}
2026-06-19 19:32:34 INFO crypto_research.ml_cpcv: [ml] fold 17/21 train=20642 test=10935 acc=0.5040 auc=0.5283
2026-06-19 19:32:34 INFO crypto_research.ml_cpcv: [ml] fold 18/21 → model.fit: X_train=(20639, 5) y_train=(20639,) days=('2022-01-11 00:00:00+00:00', '2023-12-07 00:00:00+00:00') dist={0: 10468, 1: 10171}
2026-06-19 19:32:34 INFO crypto_research.ml_cpcv: [ml] fold 18/21 → model.predict: X_test=(10987, 5) y_test=(10987,) days=('2022-12-25 00:00:00+00:00', '2024-04-01 00:00:00+00:00') dist={0: 5220, 1: 5767}
2026-06-19 19:32:34 INFO crypto_research.ml_cpcv: [ml] fold 18/21 train=20639 test=10987 acc=0.4930 auc=0.5296
2026-06-19 19:32:34 INFO crypto_research.ml_cpcv: [ml] fold 19/21 → model.fit: X_train=(20380, 5) y_train=(20380,) days=('2022-01-11 00:00:00+00:00', '2024-04-01 00:00:00+00:00') dist={0: 10098, 1: 10282}
2026-06-19 19:32:34 INFO crypto_research.ml_cpcv: [ml] fold 19/21 → model.predict: X_test=(11246, 5) y_test=(11246,) days=('2023-04-20 00:00:00+00:00', '2023-12-07 00:00:00+00:00') dist={0: 5632, 1: 5614}
2026-06-19 19:32:34 INFO crypto_research.ml_cpcv: [ml] fold 19/21 train=20380 test=11246 acc=0.5332 auc=0.5467
2026-06-19 19:32:34 INFO crypto_research.ml_cpcv: [ml] fold 20/21 → model.fit: X_train=(20328, 5) y_train=(20328,) days=('2022-01-11 00:00:00+00:00', '2023-12-07 00:00:00+00:00') dist={0: 10044, 1: 10284}
2026-06-19 19:32:34 INFO crypto_research.ml_cpcv: [ml] fold 20/21 → model.predict: X_test=(11298, 5) y_test=(11298,) days=('2023-04-20 00:00:00+00:00', '2024-04-01 00:00:00+00:00') dist={0: 5668, 1: 5630}
2026-06-19 19:32:34 INFO crypto_research.ml_cpcv: [ml] fold 20/21 train=20328 test=11298 acc=0.5389 auc=0.5484
2026-06-19 19:32:34 INFO crypto_research.ml_cpcv: [ml] fold 21/21 → model.fit: X_train=(20387, 5) y_train=(20387,) days=('2022-01-11 00:00:00+00:00', '2023-08-13 00:00:00+00:00') dist={0: 10349, 1: 10038}
2026-06-19 19:32:34 INFO crypto_research.ml_cpcv: [ml] fold 21/21 → model.predict: X_test=(11288, 5) y_test=(11288,) days=('2023-08-14 00:00:00+00:00', '2024-04-01 00:00:00+00:00') dist={0: 5384, 1: 5904}
2026-06-19 19:32:34 INFO crypto_research.ml_cpcv: [ml] fold 21/21 train=20387 test=11288 acc=0.4928 auc=0.5063
2026-06-19 19:32:34 INFO crypto_research.ml_cpcv: [ml] CPCV mean: folds=21 acc=0.5199 logloss=0.6938 auc=0.5336
2026-06-19 19:32:34 INFO crypto_research.ml_cpcv: [ml] OOS paths: rows=31675 cols=[time_ns, y_prob, y_true] folds_merged=21
2026-06-19 19:32:34 INFO crypto_research.ml_cpcv: [ml] OOS calibration: brier=0.2498 ece=0.0216
2026-06-19 19:32:34 INFO crypto_research.ml_cpcv: [ml] OOS weekday Пн: n=4514 base_up=0.4920 pred_up=0.4440 acc=0.4903 logloss=0.7001 auc=0.4811
2026-06-19 19:32:34 INFO crypto_research.ml_cpcv: [ml] OOS weekday Вт: n=4528 base_up=0.5172 pred_up=0.5104 acc=0.5338 logloss=0.6863 auc=0.5594
2026-06-19 19:32:34 INFO crypto_research.ml_cpcv: [ml] OOS weekday Ср: n=4527 base_up=0.4950 pred_up=0.4482 acc=0.5189 logloss=0.6945 auc=0.5172
2026-06-19 19:32:34 INFO crypto_research.ml_cpcv: [ml] OOS weekday Чт: n=4533 base_up=0.4584 pred_up=0.3022 acc=0.5151 logloss=0.6942 auc=0.5025
2026-06-19 19:32:34 INFO crypto_research.ml_cpcv: [ml] OOS weekday Пт: n=4535 base_up=0.5605 pred_up=0.9385 acc=0.5502 logloss=0.6894 auc=0.4764
2026-06-19 19:32:34 INFO crypto_research.ml_cpcv: [ml] OOS weekday Сб: n=4529 base_up=0.5235 pred_up=0.7796 acc=0.5072 logloss=0.6952 auc=0.4947
2026-06-19 19:32:34 INFO crypto_research.ml_cpcv: [ml] OOS weekday Вс: n=4509 base_up=0.4762 pred_up=0.3863 acc=0.5261 logloss=0.6900 auc=0.5392
2026-06-19 19:32:35 INFO crypto_research.ml_oos_paths: [ml] OOS plot saved: /home_admin/crypto_bot/crypto_research/research_outputs/combined/dow_ema_rsi_streak/ml/plots/direction_dow_ema_rsi_streak_49pairs_20220101_20240401_oos_prob.png (weekdays=7 calendar_days=812 rows=31675)
2026-06-19 19:32:36 INFO crypto_research.ml_oos_paths: [ml] OOS calibration plot saved: /home_admin/crypto_bot/crypto_research/research_outputs/combined/dow_ema_rsi_streak/ml/plots/direction_dow_ema_rsi_streak_49pairs_20220101_20240401_oos_calibration.png (brier=0.2498 ece=0.0216 rows=31675)
2026-06-19 19:32:36 INFO crypto_research.ml_learning_curve: [ml] early stopping (holdout): fit_rows=31675 eval_rows=38001 best_iteration=44 eval_logloss=0.6911
2026-06-19 19:32:37 INFO crypto_research.ml_learning_curve: [ml] learning curve saved: /home_admin/crypto_bot/crypto_research/research_outputs/combined/dow_ema_rsi_streak/ml/plots/direction_dow_ema_rsi_streak_49pairs_20220101_20260531_learning_curve.png (best_iter=44)
2026-06-19 19:32:37 INFO crypto_research.ml_learning_curve: [ml] learning curve log saved: /home_admin/crypto_bot/crypto_research/research_outputs/combined/dow_ema_rsi_streak/ml/direction_dow_ema_rsi_streak_49pairs_20220101_20260531_learning_curve.log (94 iterations)
2026-06-19 19:32:37 INFO crypto_research.ml_plot_registry: [ml] plot: oos_prob
2026-06-19 19:32:38 INFO crypto_research.ml_oos_paths: [ml] OOS plot saved: /home_admin/crypto_bot/crypto_research/research_outputs/combined/dow_ema_rsi_streak/ml/plots/direction_dow_ema_rsi_streak_49pairs_20240401_20260531_oos_prob.png (weekdays=7 calendar_days=777 rows=38001)
2026-06-19 19:32:38 INFO crypto_research.ml_plot_registry: [ml] plot: oos_calibration
2026-06-19 19:32:38 INFO crypto_research.ml_oos_paths: [ml] OOS calibration plot saved: /home_admin/crypto_bot/crypto_research/research_outputs/combined/dow_ema_rsi_streak/ml/plots/direction_dow_ema_rsi_streak_49pairs_20240401_20260531_oos_calibration.png (brier=0.2490 ece=0.0280 rows=38001)
2026-06-19 19:32:38 INFO crypto_research.ml_plot_registry: [ml] plot: weekday_pair_summary
2026-06-19 19:32:40 INFO crypto_research.ml_oos_paths: [ml] Weekday×pair summary plot saved: /home_admin/crypto_bot/crypto_research/research_outputs/combined/dow_ema_rsi_streak/ml/plots/direction_dow_ema_rsi_streak_49pairs_20240401_20260531_weekday_pair_summary.png (pairs=49 rows=38001)
2026-06-19 19:32:41 INFO crypto_research.ml_oos_paths: [ml] Weekday×pair summary plot saved: /home_admin/crypto_bot/crypto_research/research_outputs/combined/dow_ema_rsi_streak/ml/plots/direction_dow_ema_rsi_streak_49pairs_20220101_20240401_weekday_pair_summary.png (pairs=49 rows=31675)
2026-06-19 19:32:41 INFO crypto_research.ml_plot_registry: [ml] plot: roc_auc
2026-06-19 19:32:41 INFO crypto_research.ml_oos_paths: [ml] ROC AUC comparison plot saved: /home_admin/crypto_bot/crypto_research/research_outputs/combined/dow_ema_rsi_streak/ml/plots/direction_dow_ema_rsi_streak_49pairs_20220101_20260531_roc_auc.png
2026-06-19 19:32:41 INFO crypto_research.ml_plot_registry: [ml] plot: learning_curve
2026-06-19 19:32:41 INFO crypto_research.ml_plot_registry: [ml] plot: correlation_matrix_heatmap
2026-06-19 19:32:42 INFO crypto_research.ml_feature_diagnostic_plots: [ml] feature corr pair_id vs weekday_enc: 0.0001
2026-06-19 19:32:42 INFO crypto_research.ml_feature_diagnostic_plots: [ml] feature corr pair_id vs ema_dev_pair_norm: 0.0157
2026-06-19 19:32:42 INFO crypto_research.ml_feature_diagnostic_plots: [ml] feature corr pair_id vs rsi_pair_norm: 0.0061
2026-06-19 19:32:42 INFO crypto_research.ml_feature_diagnostic_plots: [ml] feature corr pair_id vs streak_pair_norm: -0.0024
2026-06-19 19:32:42 INFO crypto_research.ml_feature_diagnostic_plots: [ml] feature corr weekday_enc vs ema_dev_pair_norm: 0.0171
2026-06-19 19:32:42 INFO crypto_research.ml_feature_diagnostic_plots: [ml] feature corr weekday_enc vs rsi_pair_norm: 0.0154
2026-06-19 19:32:42 INFO crypto_research.ml_feature_diagnostic_plots: [ml] feature corr weekday_enc vs streak_pair_norm: 0.0371
2026-06-19 19:32:42 INFO crypto_research.ml_feature_diagnostic_plots: [ml] feature corr ema_dev_pair_norm vs rsi_pair_norm: 0.8526
2026-06-19 19:32:42 INFO crypto_research.ml_feature_diagnostic_plots: [ml] feature corr ema_dev_pair_norm vs streak_pair_norm: 0.5270
2026-06-19 19:32:42 INFO crypto_research.ml_feature_diagnostic_plots: [ml] feature corr rsi_pair_norm vs streak_pair_norm: 0.4939
2026-06-19 19:32:42 INFO crypto_research.ml_feature_diagnostic_plots: [ml] correlation matrix heatmap saved: /home_admin/crypto_bot/crypto_research/research_outputs/combined/dow_ema_rsi_streak/ml/plots/direction_dow_ema_rsi_streak_49pairs_20240401_20260531_correlation_matrix.png
2026-06-19 19:32:42 INFO crypto_research.ml_plot_registry: [ml] plot: shape_summary_plot
2026-06-19 19:32:42 INFO crypto_research.ml_shap_plots: [ml] SHAP subsample: 3000 / 38001 rows
2026-06-19 19:32:42 INFO crypto_research.ml_shap_plots: [ml] SHAP summary plot saved: /home_admin/crypto_bot/crypto_research/research_outputs/combined/dow_ema_rsi_streak/ml/plots/direction_dow_ema_rsi_streak_49pairs_20240401_20260531_shape_summary.png
2026-06-19 19:32:42 INFO crypto_research.ml_plot_registry: [ml] plot: feature_prob_dependence
2026-06-19 19:32:43 INFO crypto_research.ml_feature_dependence_plot: [ml] feature P(up) dependence plot saved: /home_admin/crypto_bot/crypto_research/research_outputs/combined/dow_ema_rsi_streak/ml/plots/direction_dow_ema_rsi_streak_49pairs_20240401_20260531_feature_prob_dependence.png (features=['weekday_enc', 'ema_dev_pair_norm', 'rsi_pair_norm', 'streak_pair_norm'])
2026-06-19 19:32:43 INFO crypto_research.ml_research: [ml] auto compare_prob_cdf: ['dow_ema_rsi_sp', 'dow_ema_rsi_streak']
2026-06-19 19:32:43 INFO crypto_research.ml_dataset: [ml] ema_dev_pair_norm: min=-4.918 max=15.840 mean=-0.087
2026-06-19 19:32:43 INFO crypto_research.ml_dataset: [ml] rsi_pair_norm: min=-1.864 max=2.022 mean=-0.170
2026-06-19 19:32:43 INFO crypto_research.ml_dataset: [ml] dataset studies=['day_of_week_ml', 'ema_spreads_ml', 'rsi_spreads_ml'] features=['pair_id', 'weekday_enc', 'ema_dev_pair_norm', 'rsi_pair_norm'] rows=38073 pairs=49 up_rate=0.478
2026-06-19 19:32:44 INFO crypto_research.ml_model_compare_plot: [ml] compare plot saved: /home_admin/crypto_bot/crypto_research/research_outputs/combined/dow_ema_rsi_streak/ml/plots/direction_dow_ema_rsi_streak_49pairs_20220101_20260531_compare_prob_cdf.png
2026-06-19 19:32:47 INFO crypto_research.ml_research: [ml] train/test metrics saved: /home_admin/crypto_bot/crypto_research/research_outputs/combined/dow_ema_rsi_streak/ml/metrics/direction_dow_ema_rsi_streak_49pairs_20220101_20260531_train_test.json
2026-06-19 19:32:47 INFO crypto_research.ml_research: [ml] metrics summary saved: /home_admin/crypto_bot/crypto_research/research_outputs/combined/dow_ema_rsi_streak/ml/metrics/direction_dow_ema_rsi_streak_49pairs_20220101_20260531_metrics_summary.json
2026-06-19 20:58:38 INFO crypto_research.ml_research: [ml] log file: /home_admin/crypto_bot/crypto_research/research_outputs/combined/dow_ema_rsi_streak/ml/direction_dow_ema_rsi_streak_20220101_20260531.log
2026-06-19 20:58:38 INFO crypto_research.ml_dataset: [ml] pair filter: first_candle <= 2023-01-01 → 49 pairs
2026-06-19 20:59:45 INFO crypto_research.load: [1] Загрузка данных: пар=49 строк=46567998 ~1243.5 MB
2026-06-19 20:59:45 INFO crypto_research.load:   1000luncusdt: rows=656821 2022-12-31 .. 2024-04-01
2026-06-19 20:59:45 INFO crypto_research.load:   aaveusdt: rows=1182241 2022-01-01 .. 2024-04-01
2026-06-19 20:59:45 INFO crypto_research.load:   adausdt: rows=1182241 2022-01-01 .. 2024-04-01
2026-06-19 20:59:45 INFO crypto_research.load:   algousdt: rows=1182241 2022-01-01 .. 2024-04-01
2026-06-19 20:59:45 INFO crypto_research.load:   aliceusdt: rows=1182241 2022-01-01 .. 2024-04-01
2026-06-19 20:59:45 INFO crypto_research.load:   apeusdt: rows=656821 2022-12-31 .. 2024-04-01
2026-06-19 20:59:45 INFO crypto_research.load:   api3usdt: rows=1098270 2022-02-28 .. 2024-04-01
2026-06-19 20:59:45 INFO crypto_research.load:   aptusdt: rows=763033 2022-10-19 .. 2024-04-01
2026-06-19 20:59:45 INFO crypto_research.load:   atomusdt: rows=1182241 2022-01-01 .. 2024-04-01
2026-06-19 20:59:45 INFO crypto_research.load:   avaxusdt: rows=1182241 2022-01-01 .. 2024-04-01
2026-06-19 20:59:45 INFO crypto_research.load:   axsusdt: rows=656821 2022-12-31 .. 2024-04-01
2026-06-19 20:59:45 INFO crypto_research.load:   bchusdt: rows=1182241 2022-01-01 .. 2024-04-01
2026-06-19 20:59:45 INFO crypto_research.load:   bnbusdt: rows=1182241 2022-01-01 .. 2024-04-01
2026-06-19 20:59:45 INFO crypto_research.load:   btcusdt: rows=1182241 2022-01-01 .. 2024-04-01
2026-06-19 20:59:45 INFO crypto_research.load:   chzusdt: rows=656821 2022-12-31 .. 2024-04-01
2026-06-19 20:59:45 INFO crypto_research.load:   crvusdt: rows=1182241 2022-01-01 .. 2024-04-01
2026-06-19 20:59:45 INFO crypto_research.load:   dashusdt: rows=656821 2022-12-31 .. 2024-04-01
2026-06-19 20:59:45 INFO crypto_research.load:   dogeusdt: rows=1182241 2022-01-01 .. 2024-04-01
2026-06-19 20:59:45 INFO crypto_research.load:   dotusdt: rows=1182241 2022-01-01 .. 2024-04-01
2026-06-19 20:59:45 INFO crypto_research.load:   dydxusdt: rows=1182241 2022-01-01 .. 2024-04-01
2026-06-19 20:59:45 INFO crypto_research.load:   egldusdt: rows=656821 2022-12-31 .. 2024-04-01
2026-06-19 20:59:45 INFO crypto_research.load:   enjusdt: rows=1182241 2022-01-01 .. 2024-04-01
2026-06-19 20:59:45 INFO crypto_research.load:   etcusdt: rows=656821 2022-12-31 .. 2024-04-01
2026-06-19 20:59:45 INFO crypto_research.load:   ethusdt: rows=1182241 2022-01-01 .. 2024-04-01
2026-06-19 20:59:45 INFO crypto_research.load:   filusdt: rows=1182241 2022-01-01 .. 2024-04-01
2026-06-19 20:59:45 INFO crypto_research.load:   galausdt: rows=1182241 2022-01-01 .. 2024-04-01
2026-06-19 20:59:45 INFO crypto_research.load:   gmtusdt: rows=656821 2022-12-31 .. 2024-04-01
2026-06-19 20:59:45 INFO crypto_research.load:   hbarusdt: rows=656821 2022-12-31 .. 2024-04-01
2026-06-19 20:59:45 INFO crypto_research.load:   icpusdt: rows=656821 2022-12-31 .. 2024-04-01
2026-06-19 20:59:45 INFO crypto_research.load:   injusdt: rows=656821 2022-12-31 .. 2024-04-01
2026-06-19 20:59:45 INFO crypto_research.load:   ldousdt: rows=656821 2022-12-31 .. 2024-04-01
2026-06-19 20:59:45 INFO crypto_research.load:   linkusdt: rows=1182241 2022-01-01 .. 2024-04-01
2026-06-19 20:59:45 INFO crypto_research.load:   ltcusdt: rows=1182241 2022-01-01 .. 2024-04-01
2026-06-19 20:59:45 INFO crypto_research.load:   nearusdt: rows=1182241 2022-01-01 .. 2024-04-01
2026-06-19 20:59:45 INFO crypto_research.load:   ontusdt: rows=957048 2022-06-06 .. 2024-04-01
2026-06-19 20:59:45 INFO crypto_research.load:   opusdt: rows=656821 2022-12-31 .. 2024-04-01
2026-06-19 20:59:45 INFO crypto_research.load:   paxgusdt: rows=1076619 2022-03-15 .. 2024-04-01
2026-06-19 20:59:45 INFO crypto_research.load:   sandusdt: rows=656821 2022-12-31 .. 2024-04-01
2026-06-19 20:59:45 INFO crypto_research.load:   shib1000usdt: rows=656821 2022-12-31 .. 2024-04-01
2026-06-19 20:59:45 INFO crypto_research.load:   solusdt: rows=1182241 2022-01-01 .. 2024-04-01
2026-06-19 20:59:45 INFO crypto_research.load:   storjusdt: rows=656821 2022-12-31 .. 2024-04-01
2026-06-19 20:59:45 INFO crypto_research.load:   stxusdt: rows=656821 2022-12-31 .. 2024-04-01
2026-06-19 20:59:45 INFO crypto_research.load:   trxusdt: rows=656821 2022-12-31 .. 2024-04-01
2026-06-19 20:59:45 INFO crypto_research.load:   uniusdt: rows=1182241 2022-01-01 .. 2024-04-01
2026-06-19 20:59:45 INFO crypto_research.load:   xlmusdt: rows=656821 2022-12-31 .. 2024-04-01
2026-06-19 20:59:45 INFO crypto_research.load:   xmrusdt: rows=1162824 2022-01-14 .. 2024-04-01
2026-06-19 20:59:45 INFO crypto_research.load:   xrpusdt: rows=1182241 2022-01-01 .. 2024-04-01
2026-06-19 20:59:45 INFO crypto_research.load:   zecusdt: rows=1182241 2022-01-01 .. 2024-04-01
2026-06-19 20:59:45 INFO crypto_research.load:   zenusdt: rows=656821 2022-12-31 .. 2024-04-01
2026-06-19 20:59:47 INFO crypto_research.ml_dataset: [ml] pooled daily: pairs=49 rows=32407 period=2022-01-01..2024-04-01
2026-06-19 20:59:47 INFO crypto_research.ml_dataset: [ml] pair filter: first_candle <= 2023-01-01 → 49 pairs
2026-06-19 21:00:44 INFO crypto_research.load: [1] Загрузка данных: пар=49 строк=55515524 ~1482.4 MB
2026-06-19 21:00:44 INFO crypto_research.load:   1000luncusdt: rows=1133280 2024-04-01 .. 2026-05-27
2026-06-19 21:00:44 INFO crypto_research.load:   aaveusdt: rows=1132756 2024-04-01 .. 2026-05-27
2026-06-19 21:00:44 INFO crypto_research.load:   adausdt: rows=1132756 2024-04-01 .. 2026-05-27
2026-06-19 21:00:44 INFO crypto_research.load:   algousdt: rows=1132756 2024-04-01 .. 2026-05-27
2026-06-19 21:00:44 INFO crypto_research.load:   aliceusdt: rows=1132756 2024-04-01 .. 2026-05-27
2026-06-19 21:00:44 INFO crypto_research.load:   apeusdt: rows=1133280 2024-04-01 .. 2026-05-27
2026-06-19 21:00:44 INFO crypto_research.load:   api3usdt: rows=1132756 2024-04-01 .. 2026-05-27
2026-06-19 21:00:44 INFO crypto_research.load:   aptusdt: rows=1132756 2024-04-01 .. 2026-05-27
2026-06-19 21:00:44 INFO crypto_research.load:   atomusdt: rows=1132756 2024-04-01 .. 2026-05-27
2026-06-19 21:00:44 INFO crypto_research.load:   avaxusdt: rows=1132756 2024-04-01 .. 2026-05-27
2026-06-19 21:00:44 INFO crypto_research.load:   axsusdt: rows=1133280 2024-04-01 .. 2026-05-27
2026-06-19 21:00:44 INFO crypto_research.load:   bchusdt: rows=1132756 2024-04-01 .. 2026-05-27
2026-06-19 21:00:44 INFO crypto_research.load:   bnbusdt: rows=1132756 2024-04-01 .. 2026-05-27
2026-06-19 21:00:44 INFO crypto_research.load:   btcusdt: rows=1132756 2024-04-01 .. 2026-05-27
2026-06-19 21:00:44 INFO crypto_research.load:   chzusdt: rows=1133280 2024-04-01 .. 2026-05-27
2026-06-19 21:00:44 INFO crypto_research.load:   crvusdt: rows=1132756 2024-04-01 .. 2026-05-27
2026-06-19 21:00:44 INFO crypto_research.load:   dashusdt: rows=1133280 2024-04-01 .. 2026-05-27
2026-06-19 21:00:44 INFO crypto_research.load:   dogeusdt: rows=1132756 2024-04-01 .. 2026-05-27
2026-06-19 21:00:44 INFO crypto_research.load:   dotusdt: rows=1132756 2024-04-01 .. 2026-05-27
2026-06-19 21:00:44 INFO crypto_research.load:   dydxusdt: rows=1132756 2024-04-01 .. 2026-05-27
2026-06-19 21:00:44 INFO crypto_research.load:   egldusdt: rows=1133280 2024-04-01 .. 2026-05-27
2026-06-19 21:00:44 INFO crypto_research.load:   enjusdt: rows=1132756 2024-04-01 .. 2026-05-27
2026-06-19 21:00:44 INFO crypto_research.load:   etcusdt: rows=1133280 2024-04-01 .. 2026-05-27
2026-06-19 21:00:44 INFO crypto_research.load:   ethusdt: rows=1132756 2024-04-01 .. 2026-05-27
2026-06-19 21:00:44 INFO crypto_research.load:   filusdt: rows=1132756 2024-04-01 .. 2026-05-27
2026-06-19 21:00:44 INFO crypto_research.load:   galausdt: rows=1132756 2024-04-01 .. 2026-05-27
2026-06-19 21:00:44 INFO crypto_research.load:   gmtusdt: rows=1133280 2024-04-01 .. 2026-05-27
2026-06-19 21:00:44 INFO crypto_research.load:   hbarusdt: rows=1133280 2024-04-01 .. 2026-05-27
2026-06-19 21:00:44 INFO crypto_research.load:   icpusdt: rows=1133280 2024-04-01 .. 2026-05-27
2026-06-19 21:00:44 INFO crypto_research.load:   injusdt: rows=1133280 2024-04-01 .. 2026-05-27
2026-06-19 21:00:44 INFO crypto_research.load:   ldousdt: rows=1133280 2024-04-01 .. 2026-05-27
2026-06-19 21:00:44 INFO crypto_research.load:   linkusdt: rows=1132756 2024-04-01 .. 2026-05-27
2026-06-19 21:00:44 INFO crypto_research.load:   ltcusdt: rows=1132756 2024-04-01 .. 2026-05-27
2026-06-19 21:00:44 INFO crypto_research.load:   nearusdt: rows=1132756 2024-04-01 .. 2026-05-27
2026-06-19 21:00:44 INFO crypto_research.load:   ontusdt: rows=1132756 2024-04-01 .. 2026-05-27
2026-06-19 21:00:44 INFO crypto_research.load:   opusdt: rows=1133280 2024-04-01 .. 2026-05-27
2026-06-19 21:00:44 INFO crypto_research.load:   paxgusdt: rows=1132756 2024-04-01 .. 2026-05-27
2026-06-19 21:00:44 INFO crypto_research.load:   sandusdt: rows=1133280 2024-04-01 .. 2026-05-27
2026-06-19 21:00:44 INFO crypto_research.load:   shib1000usdt: rows=1133280 2024-04-01 .. 2026-05-27
2026-06-19 21:00:44 INFO crypto_research.load:   solusdt: rows=1132756 2024-04-01 .. 2026-05-27
2026-06-19 21:00:44 INFO crypto_research.load:   storjusdt: rows=1133280 2024-04-01 .. 2026-05-27
2026-06-19 21:00:44 INFO crypto_research.load:   stxusdt: rows=1133280 2024-04-01 .. 2026-05-27
2026-06-19 21:00:44 INFO crypto_research.load:   trxusdt: rows=1133280 2024-04-01 .. 2026-05-27
2026-06-19 21:00:44 INFO crypto_research.load:   uniusdt: rows=1132756 2024-04-01 .. 2026-05-27
2026-06-19 21:00:44 INFO crypto_research.load:   xlmusdt: rows=1133280 2024-04-01 .. 2026-05-27
2026-06-19 21:00:44 INFO crypto_research.load:   xmrusdt: rows=1132756 2024-04-01 .. 2026-05-27
2026-06-19 21:00:44 INFO crypto_research.load:   xrpusdt: rows=1132756 2024-04-01 .. 2026-05-27
2026-06-19 21:00:44 INFO crypto_research.load:   zecusdt: rows=1132756 2024-04-01 .. 2026-05-27
2026-06-19 21:00:44 INFO crypto_research.load:   zenusdt: rows=1133280 2024-04-01 .. 2026-05-27
2026-06-19 21:00:45 INFO crypto_research.ml_dataset: [ml] pooled daily: pairs=49 rows=38563 period=2024-04-01..2026-05-31
2026-06-19 21:00:46 INFO crypto_research.ml_dataset: [ml] ema_dev_pair_norm: min=-4.914 max=8.584 mean=-0.014
2026-06-19 21:00:46 INFO crypto_research.ml_dataset: [ml] rsi_pair_norm: min=-2.053 max=2.062 mean=-0.081
2026-06-19 21:00:46 INFO crypto_research.ml_dataset: [ml] streak_pair_norm: min=-3.000 max=4.333 mean=-0.012
2026-06-19 21:00:46 INFO crypto_research.ml_dataset: [ml] dataset studies=['day_of_week_ml', 'ema_spreads_ml', 'rsi_spreads_ml', 'price_sequences_ml'] features=['pair_id', 'weekday_enc', 'ema_dev_pair_norm', 'rsi_pair_norm', 'streak_pair_norm'] rows=31675 pairs=49 up_rate=0.503
2026-06-19 21:00:46 INFO crypto_research.ml_dataset: [ml] ema_dev_pair_norm: min=-4.918 max=15.840 mean=-0.087
2026-06-19 21:00:46 INFO crypto_research.ml_dataset: [ml] rsi_pair_norm: min=-1.864 max=2.022 mean=-0.170
2026-06-19 21:00:46 INFO crypto_research.ml_dataset: [ml] streak_pair_norm: min=-3.333 max=3.333 mean=-0.083
2026-06-19 21:00:46 INFO crypto_research.ml_dataset: [ml] dataset studies=['day_of_week_ml', 'ema_spreads_ml', 'rsi_spreads_ml', 'price_sequences_ml'] features=['pair_id', 'weekday_enc', 'ema_dev_pair_norm', 'rsi_pair_norm', 'streak_pair_norm'] rows=38001 pairs=49 up_rate=0.478
2026-06-19 21:00:46 INFO crypto_research.ml_plot_registry: [ml] plot: prob_return_dependence
2026-06-19 21:00:47 INFO crypto_research.ml_prob_return_dependence_plot: [ml] P(up) vs return plot saved: /home_admin/crypto_bot/crypto_research/research_outputs/combined/dow_ema_rsi_streak/ml/plots/direction_dow_ema_rsi_streak_49pairs_20240401_20260531_prob_return_dependence.png (rows=38001)
2026-06-19 21:00:47 INFO crypto_research.ml_research: [ml] auto compare_prob_cdf: ['dow_ema_rsi_sp', 'dow_ema_rsi_streak']
2026-06-19 21:00:47 INFO crypto_research.ml_dataset: [ml] ema_dev_pair_norm: min=-4.918 max=15.840 mean=-0.087
2026-06-19 21:00:47 INFO crypto_research.ml_dataset: [ml] rsi_pair_norm: min=-1.864 max=2.022 mean=-0.170
2026-06-19 21:00:47 INFO crypto_research.ml_dataset: [ml] dataset studies=['day_of_week_ml', 'ema_spreads_ml', 'rsi_spreads_ml'] features=['pair_id', 'weekday_enc', 'ema_dev_pair_norm', 'rsi_pair_norm'] rows=38073 pairs=49 up_rate=0.478
2026-06-19 21:00:48 INFO crypto_research.ml_model_compare_plot: [ml] compare plot saved: /home_admin/crypto_bot/crypto_research/research_outputs/combined/dow_ema_rsi_streak/ml/plots/direction_dow_ema_rsi_streak_49pairs_20220101_20260531_compare_prob_cdf.png
2026-06-19 21:00:48 INFO crypto_research.ml_research: [ml] plots-only summary saved: /home_admin/crypto_bot/crypto_research/research_outputs/combined/dow_ema_rsi_streak/ml/plots/plots_only_summary.json
2026-06-19 21:13:26 INFO crypto_research.ml_research: [ml] log file: /home_admin/crypto_bot/crypto_research/research_outputs/combined/dow_ema_rsi_streak/ml/direction_dow_ema_rsi_streak_20220101_20260531.log
2026-06-19 21:13:26 INFO crypto_research.ml_dataset: [ml] pair filter: first_candle <= 2023-01-01 → 49 pairs
2026-06-19 21:14:09 INFO crypto_research.load: [1] Загрузка данных: пар=49 строк=46567998 ~1243.5 MB
2026-06-19 21:14:09 INFO crypto_research.load:   1000luncusdt: rows=656821 2022-12-31 .. 2024-04-01
2026-06-19 21:14:09 INFO crypto_research.load:   aaveusdt: rows=1182241 2022-01-01 .. 2024-04-01
2026-06-19 21:14:09 INFO crypto_research.load:   adausdt: rows=1182241 2022-01-01 .. 2024-04-01
2026-06-19 21:14:09 INFO crypto_research.load:   algousdt: rows=1182241 2022-01-01 .. 2024-04-01
2026-06-19 21:14:09 INFO crypto_research.load:   aliceusdt: rows=1182241 2022-01-01 .. 2024-04-01
2026-06-19 21:14:09 INFO crypto_research.load:   apeusdt: rows=656821 2022-12-31 .. 2024-04-01
2026-06-19 21:14:09 INFO crypto_research.load:   api3usdt: rows=1098270 2022-02-28 .. 2024-04-01
2026-06-19 21:14:09 INFO crypto_research.load:   aptusdt: rows=763033 2022-10-19 .. 2024-04-01
2026-06-19 21:14:09 INFO crypto_research.load:   atomusdt: rows=1182241 2022-01-01 .. 2024-04-01
2026-06-19 21:14:09 INFO crypto_research.load:   avaxusdt: rows=1182241 2022-01-01 .. 2024-04-01
2026-06-19 21:14:09 INFO crypto_research.load:   axsusdt: rows=656821 2022-12-31 .. 2024-04-01
2026-06-19 21:14:09 INFO crypto_research.load:   bchusdt: rows=1182241 2022-01-01 .. 2024-04-01
2026-06-19 21:14:09 INFO crypto_research.load:   bnbusdt: rows=1182241 2022-01-01 .. 2024-04-01
2026-06-19 21:14:09 INFO crypto_research.load:   btcusdt: rows=1182241 2022-01-01 .. 2024-04-01
2026-06-19 21:14:09 INFO crypto_research.load:   chzusdt: rows=656821 2022-12-31 .. 2024-04-01
2026-06-19 21:14:09 INFO crypto_research.load:   crvusdt: rows=1182241 2022-01-01 .. 2024-04-01
2026-06-19 21:14:09 INFO crypto_research.load:   dashusdt: rows=656821 2022-12-31 .. 2024-04-01
2026-06-19 21:14:09 INFO crypto_research.load:   dogeusdt: rows=1182241 2022-01-01 .. 2024-04-01
2026-06-19 21:14:09 INFO crypto_research.load:   dotusdt: rows=1182241 2022-01-01 .. 2024-04-01
2026-06-19 21:14:09 INFO crypto_research.load:   dydxusdt: rows=1182241 2022-01-01 .. 2024-04-01
2026-06-19 21:14:09 INFO crypto_research.load:   egldusdt: rows=656821 2022-12-31 .. 2024-04-01
2026-06-19 21:14:09 INFO crypto_research.load:   enjusdt: rows=1182241 2022-01-01 .. 2024-04-01
2026-06-19 21:14:09 INFO crypto_research.load:   etcusdt: rows=656821 2022-12-31 .. 2024-04-01
2026-06-19 21:14:09 INFO crypto_research.load:   ethusdt: rows=1182241 2022-01-01 .. 2024-04-01
2026-06-19 21:14:09 INFO crypto_research.load:   filusdt: rows=1182241 2022-01-01 .. 2024-04-01
2026-06-19 21:14:09 INFO crypto_research.load:   galausdt: rows=1182241 2022-01-01 .. 2024-04-01
2026-06-19 21:14:09 INFO crypto_research.load:   gmtusdt: rows=656821 2022-12-31 .. 2024-04-01
2026-06-19 21:14:09 INFO crypto_research.load:   hbarusdt: rows=656821 2022-12-31 .. 2024-04-01
2026-06-19 21:14:09 INFO crypto_research.load:   icpusdt: rows=656821 2022-12-31 .. 2024-04-01
2026-06-19 21:14:09 INFO crypto_research.load:   injusdt: rows=656821 2022-12-31 .. 2024-04-01
2026-06-19 21:14:09 INFO crypto_research.load:   ldousdt: rows=656821 2022-12-31 .. 2024-04-01
2026-06-19 21:14:09 INFO crypto_research.load:   linkusdt: rows=1182241 2022-01-01 .. 2024-04-01
2026-06-19 21:14:09 INFO crypto_research.load:   ltcusdt: rows=1182241 2022-01-01 .. 2024-04-01
2026-06-19 21:14:09 INFO crypto_research.load:   nearusdt: rows=1182241 2022-01-01 .. 2024-04-01
2026-06-19 21:14:09 INFO crypto_research.load:   ontusdt: rows=957048 2022-06-06 .. 2024-04-01
2026-06-19 21:14:09 INFO crypto_research.load:   opusdt: rows=656821 2022-12-31 .. 2024-04-01
2026-06-19 21:14:09 INFO crypto_research.load:   paxgusdt: rows=1076619 2022-03-15 .. 2024-04-01
2026-06-19 21:14:09 INFO crypto_research.load:   sandusdt: rows=656821 2022-12-31 .. 2024-04-01
2026-06-19 21:14:09 INFO crypto_research.load:   shib1000usdt: rows=656821 2022-12-31 .. 2024-04-01
2026-06-19 21:14:09 INFO crypto_research.load:   solusdt: rows=1182241 2022-01-01 .. 2024-04-01
2026-06-19 21:14:09 INFO crypto_research.load:   storjusdt: rows=656821 2022-12-31 .. 2024-04-01
2026-06-19 21:14:09 INFO crypto_research.load:   stxusdt: rows=656821 2022-12-31 .. 2024-04-01
2026-06-19 21:14:09 INFO crypto_research.load:   trxusdt: rows=656821 2022-12-31 .. 2024-04-01
2026-06-19 21:14:09 INFO crypto_research.load:   uniusdt: rows=1182241 2022-01-01 .. 2024-04-01
2026-06-19 21:14:09 INFO crypto_research.load:   xlmusdt: rows=656821 2022-12-31 .. 2024-04-01
2026-06-19 21:14:09 INFO crypto_research.load:   xmrusdt: rows=1162824 2022-01-14 .. 2024-04-01
2026-06-19 21:14:09 INFO crypto_research.load:   xrpusdt: rows=1182241 2022-01-01 .. 2024-04-01
2026-06-19 21:14:09 INFO crypto_research.load:   zecusdt: rows=1182241 2022-01-01 .. 2024-04-01
2026-06-19 21:14:09 INFO crypto_research.load:   zenusdt: rows=656821 2022-12-31 .. 2024-04-01
2026-06-19 21:14:10 INFO crypto_research.ml_dataset: [ml] pooled daily: pairs=49 rows=32407 period=2022-01-01..2024-04-01
2026-06-19 21:14:10 INFO crypto_research.ml_dataset: [ml] pair filter: first_candle <= 2023-01-01 → 49 pairs
2026-06-19 21:14:28 INFO crypto_research.load: [1] Загрузка данных: пар=49 строк=55515524 ~1482.4 MB
2026-06-19 21:14:28 INFO crypto_research.load:   1000luncusdt: rows=1133280 2024-04-01 .. 2026-05-27
2026-06-19 21:14:28 INFO crypto_research.load:   aaveusdt: rows=1132756 2024-04-01 .. 2026-05-27
2026-06-19 21:14:28 INFO crypto_research.load:   adausdt: rows=1132756 2024-04-01 .. 2026-05-27
2026-06-19 21:14:28 INFO crypto_research.load:   algousdt: rows=1132756 2024-04-01 .. 2026-05-27
2026-06-19 21:14:28 INFO crypto_research.load:   aliceusdt: rows=1132756 2024-04-01 .. 2026-05-27
2026-06-19 21:14:28 INFO crypto_research.load:   apeusdt: rows=1133280 2024-04-01 .. 2026-05-27
2026-06-19 21:14:28 INFO crypto_research.load:   api3usdt: rows=1132756 2024-04-01 .. 2026-05-27
2026-06-19 21:14:28 INFO crypto_research.load:   aptusdt: rows=1132756 2024-04-01 .. 2026-05-27
2026-06-19 21:14:28 INFO crypto_research.load:   atomusdt: rows=1132756 2024-04-01 .. 2026-05-27
2026-06-19 21:14:28 INFO crypto_research.load:   avaxusdt: rows=1132756 2024-04-01 .. 2026-05-27
2026-06-19 21:14:28 INFO crypto_research.load:   axsusdt: rows=1133280 2024-04-01 .. 2026-05-27
2026-06-19 21:14:28 INFO crypto_research.load:   bchusdt: rows=1132756 2024-04-01 .. 2026-05-27
2026-06-19 21:14:28 INFO crypto_research.load:   bnbusdt: rows=1132756 2024-04-01 .. 2026-05-27
2026-06-19 21:14:28 INFO crypto_research.load:   btcusdt: rows=1132756 2024-04-01 .. 2026-05-27
2026-06-19 21:14:28 INFO crypto_research.load:   chzusdt: rows=1133280 2024-04-01 .. 2026-05-27
2026-06-19 21:14:28 INFO crypto_research.load:   crvusdt: rows=1132756 2024-04-01 .. 2026-05-27
2026-06-19 21:14:28 INFO crypto_research.load:   dashusdt: rows=1133280 2024-04-01 .. 2026-05-27
2026-06-19 21:14:28 INFO crypto_research.load:   dogeusdt: rows=1132756 2024-04-01 .. 2026-05-27
2026-06-19 21:14:28 INFO crypto_research.load:   dotusdt: rows=1132756 2024-04-01 .. 2026-05-27
2026-06-19 21:14:28 INFO crypto_research.load:   dydxusdt: rows=1132756 2024-04-01 .. 2026-05-27
2026-06-19 21:14:28 INFO crypto_research.load:   egldusdt: rows=1133280 2024-04-01 .. 2026-05-27
2026-06-19 21:14:28 INFO crypto_research.load:   enjusdt: rows=1132756 2024-04-01 .. 2026-05-27
2026-06-19 21:14:28 INFO crypto_research.load:   etcusdt: rows=1133280 2024-04-01 .. 2026-05-27
2026-06-19 21:14:28 INFO crypto_research.load:   ethusdt: rows=1132756 2024-04-01 .. 2026-05-27
2026-06-19 21:14:28 INFO crypto_research.load:   filusdt: rows=1132756 2024-04-01 .. 2026-05-27
2026-06-19 21:14:28 INFO crypto_research.load:   galausdt: rows=1132756 2024-04-01 .. 2026-05-27
2026-06-19 21:14:28 INFO crypto_research.load:   gmtusdt: rows=1133280 2024-04-01 .. 2026-05-27
2026-06-19 21:14:28 INFO crypto_research.load:   hbarusdt: rows=1133280 2024-04-01 .. 2026-05-27
2026-06-19 21:14:28 INFO crypto_research.load:   icpusdt: rows=1133280 2024-04-01 .. 2026-05-27
2026-06-19 21:14:28 INFO crypto_research.load:   injusdt: rows=1133280 2024-04-01 .. 2026-05-27
2026-06-19 21:14:28 INFO crypto_research.load:   ldousdt: rows=1133280 2024-04-01 .. 2026-05-27
2026-06-19 21:14:28 INFO crypto_research.load:   linkusdt: rows=1132756 2024-04-01 .. 2026-05-27
2026-06-19 21:14:28 INFO crypto_research.load:   ltcusdt: rows=1132756 2024-04-01 .. 2026-05-27
2026-06-19 21:14:28 INFO crypto_research.load:   nearusdt: rows=1132756 2024-04-01 .. 2026-05-27
2026-06-19 21:14:28 INFO crypto_research.load:   ontusdt: rows=1132756 2024-04-01 .. 2026-05-27
2026-06-19 21:14:28 INFO crypto_research.load:   opusdt: rows=1133280 2024-04-01 .. 2026-05-27
2026-06-19 21:14:28 INFO crypto_research.load:   paxgusdt: rows=1132756 2024-04-01 .. 2026-05-27
2026-06-19 21:14:28 INFO crypto_research.load:   sandusdt: rows=1133280 2024-04-01 .. 2026-05-27
2026-06-19 21:14:28 INFO crypto_research.load:   shib1000usdt: rows=1133280 2024-04-01 .. 2026-05-27
2026-06-19 21:14:28 INFO crypto_research.load:   solusdt: rows=1132756 2024-04-01 .. 2026-05-27
2026-06-19 21:14:28 INFO crypto_research.load:   storjusdt: rows=1133280 2024-04-01 .. 2026-05-27
2026-06-19 21:14:28 INFO crypto_research.load:   stxusdt: rows=1133280 2024-04-01 .. 2026-05-27
2026-06-19 21:14:28 INFO crypto_research.load:   trxusdt: rows=1133280 2024-04-01 .. 2026-05-27
2026-06-19 21:14:28 INFO crypto_research.load:   uniusdt: rows=1132756 2024-04-01 .. 2026-05-27
2026-06-19 21:14:28 INFO crypto_research.load:   xlmusdt: rows=1133280 2024-04-01 .. 2026-05-27
2026-06-19 21:14:28 INFO crypto_research.load:   xmrusdt: rows=1132756 2024-04-01 .. 2026-05-27
2026-06-19 21:14:28 INFO crypto_research.load:   xrpusdt: rows=1132756 2024-04-01 .. 2026-05-27
2026-06-19 21:14:28 INFO crypto_research.load:   zecusdt: rows=1132756 2024-04-01 .. 2026-05-27
2026-06-19 21:14:28 INFO crypto_research.load:   zenusdt: rows=1133280 2024-04-01 .. 2026-05-27
2026-06-19 21:14:30 INFO crypto_research.ml_dataset: [ml] pooled daily: pairs=49 rows=38563 period=2024-04-01..2026-05-31
2026-06-19 21:14:30 INFO crypto_research.ml_dataset: [ml] ema_dev_pair_norm: min=-4.914 max=8.584 mean=-0.014
2026-06-19 21:14:30 INFO crypto_research.ml_dataset: [ml] rsi_pair_norm: min=-2.053 max=2.062 mean=-0.081
2026-06-19 21:14:30 INFO crypto_research.ml_dataset: [ml] streak_pair_norm: min=-3.000 max=4.333 mean=-0.012
2026-06-19 21:14:30 INFO crypto_research.ml_dataset: [ml] dataset studies=['day_of_week_ml', 'ema_spreads_ml', 'rsi_spreads_ml', 'price_sequences_ml'] features=['pair_id', 'weekday_enc', 'ema_dev_pair_norm', 'rsi_pair_norm', 'streak_pair_norm'] rows=31675 pairs=49 up_rate=0.503
2026-06-19 21:14:31 INFO crypto_research.ml_dataset: [ml] ema_dev_pair_norm: min=-4.918 max=15.840 mean=-0.087
2026-06-19 21:14:31 INFO crypto_research.ml_dataset: [ml] rsi_pair_norm: min=-1.864 max=2.022 mean=-0.170
2026-06-19 21:14:31 INFO crypto_research.ml_dataset: [ml] streak_pair_norm: min=-3.333 max=3.333 mean=-0.083
2026-06-19 21:14:31 INFO crypto_research.ml_dataset: [ml] dataset studies=['day_of_week_ml', 'ema_spreads_ml', 'rsi_spreads_ml', 'price_sequences_ml'] features=['pair_id', 'weekday_enc', 'ema_dev_pair_norm', 'rsi_pair_norm', 'streak_pair_norm'] rows=38001 pairs=49 up_rate=0.478
2026-06-19 21:14:31 INFO crypto_research.ml_plot_registry: [ml] plot: prob_return_dependence
2026-06-19 21:14:33 INFO crypto_research.ml_prob_return_dependence_plot: [ml] P(up) vs return plot saved: /home_admin/crypto_bot/crypto_research/research_outputs/combined/dow_ema_rsi_streak/ml/plots/direction_dow_ema_rsi_streak_49pairs_20240401_20260531_prob_return_dependence.png (train=31675 test=38001 t_long=0.6378928485915047/0.5752711261102853 t_short=0.47000909907637156/0.4574604573882929)
2026-06-19 21:14:33 INFO crypto_research.ml_research: [ml] auto compare_prob_cdf: ['dow_ema_rsi_sp', 'dow_ema_rsi_streak']
2026-06-19 21:14:33 INFO crypto_research.ml_dataset: [ml] ema_dev_pair_norm: min=-4.918 max=15.840 mean=-0.087
2026-06-19 21:14:33 INFO crypto_research.ml_dataset: [ml] rsi_pair_norm: min=-1.864 max=2.022 mean=-0.170
2026-06-19 21:14:33 INFO crypto_research.ml_dataset: [ml] dataset studies=['day_of_week_ml', 'ema_spreads_ml', 'rsi_spreads_ml'] features=['pair_id', 'weekday_enc', 'ema_dev_pair_norm', 'rsi_pair_norm'] rows=38073 pairs=49 up_rate=0.478
2026-06-19 21:14:33 INFO crypto_research.ml_model_compare_plot: [ml] compare plot saved: /home_admin/crypto_bot/crypto_research/research_outputs/combined/dow_ema_rsi_streak/ml/plots/direction_dow_ema_rsi_streak_49pairs_20220101_20260531_compare_prob_cdf.png
2026-06-19 21:14:33 INFO crypto_research.ml_research: [ml] plots-only summary saved: /home_admin/crypto_bot/crypto_research/research_outputs/combined/dow_ema_rsi_streak/ml/plots/plots_only_summary.json
2026-06-19 21:19:34 INFO crypto_research.ml_research: [ml] log file: /home_admin/crypto_bot/crypto_research/research_outputs/combined/dow_ema_rsi_streak/ml/direction_dow_ema_rsi_streak_20220101_20260531.log
2026-06-19 21:19:34 INFO crypto_research.ml_dataset: [ml] pair filter: first_candle <= 2023-01-01 → 49 pairs
2026-06-19 21:20:19 INFO crypto_research.load: [1] Загрузка данных: пар=49 строк=46567998 ~1243.5 MB
2026-06-19 21:20:19 INFO crypto_research.load:   1000luncusdt: rows=656821 2022-12-31 .. 2024-04-01
2026-06-19 21:20:19 INFO crypto_research.load:   aaveusdt: rows=1182241 2022-01-01 .. 2024-04-01
2026-06-19 21:20:19 INFO crypto_research.load:   adausdt: rows=1182241 2022-01-01 .. 2024-04-01
2026-06-19 21:20:19 INFO crypto_research.load:   algousdt: rows=1182241 2022-01-01 .. 2024-04-01
2026-06-19 21:20:19 INFO crypto_research.load:   aliceusdt: rows=1182241 2022-01-01 .. 2024-04-01
2026-06-19 21:20:19 INFO crypto_research.load:   apeusdt: rows=656821 2022-12-31 .. 2024-04-01
2026-06-19 21:20:19 INFO crypto_research.load:   api3usdt: rows=1098270 2022-02-28 .. 2024-04-01
2026-06-19 21:20:19 INFO crypto_research.load:   aptusdt: rows=763033 2022-10-19 .. 2024-04-01
2026-06-19 21:20:19 INFO crypto_research.load:   atomusdt: rows=1182241 2022-01-01 .. 2024-04-01
2026-06-19 21:20:19 INFO crypto_research.load:   avaxusdt: rows=1182241 2022-01-01 .. 2024-04-01
2026-06-19 21:20:19 INFO crypto_research.load:   axsusdt: rows=656821 2022-12-31 .. 2024-04-01
2026-06-19 21:20:19 INFO crypto_research.load:   bchusdt: rows=1182241 2022-01-01 .. 2024-04-01
2026-06-19 21:20:19 INFO crypto_research.load:   bnbusdt: rows=1182241 2022-01-01 .. 2024-04-01
2026-06-19 21:20:19 INFO crypto_research.load:   btcusdt: rows=1182241 2022-01-01 .. 2024-04-01
2026-06-19 21:20:19 INFO crypto_research.load:   chzusdt: rows=656821 2022-12-31 .. 2024-04-01
2026-06-19 21:20:19 INFO crypto_research.load:   crvusdt: rows=1182241 2022-01-01 .. 2024-04-01
2026-06-19 21:20:19 INFO crypto_research.load:   dashusdt: rows=656821 2022-12-31 .. 2024-04-01
2026-06-19 21:20:19 INFO crypto_research.load:   dogeusdt: rows=1182241 2022-01-01 .. 2024-04-01
2026-06-19 21:20:19 INFO crypto_research.load:   dotusdt: rows=1182241 2022-01-01 .. 2024-04-01
2026-06-19 21:20:19 INFO crypto_research.load:   dydxusdt: rows=1182241 2022-01-01 .. 2024-04-01
2026-06-19 21:20:19 INFO crypto_research.load:   egldusdt: rows=656821 2022-12-31 .. 2024-04-01
2026-06-19 21:20:19 INFO crypto_research.load:   enjusdt: rows=1182241 2022-01-01 .. 2024-04-01
2026-06-19 21:20:19 INFO crypto_research.load:   etcusdt: rows=656821 2022-12-31 .. 2024-04-01
2026-06-19 21:20:19 INFO crypto_research.load:   ethusdt: rows=1182241 2022-01-01 .. 2024-04-01
2026-06-19 21:20:19 INFO crypto_research.load:   filusdt: rows=1182241 2022-01-01 .. 2024-04-01
2026-06-19 21:20:19 INFO crypto_research.load:   galausdt: rows=1182241 2022-01-01 .. 2024-04-01
2026-06-19 21:20:19 INFO crypto_research.load:   gmtusdt: rows=656821 2022-12-31 .. 2024-04-01
2026-06-19 21:20:19 INFO crypto_research.load:   hbarusdt: rows=656821 2022-12-31 .. 2024-04-01
2026-06-19 21:20:19 INFO crypto_research.load:   icpusdt: rows=656821 2022-12-31 .. 2024-04-01
2026-06-19 21:20:19 INFO crypto_research.load:   injusdt: rows=656821 2022-12-31 .. 2024-04-01
2026-06-19 21:20:19 INFO crypto_research.load:   ldousdt: rows=656821 2022-12-31 .. 2024-04-01
2026-06-19 21:20:19 INFO crypto_research.load:   linkusdt: rows=1182241 2022-01-01 .. 2024-04-01
2026-06-19 21:20:19 INFO crypto_research.load:   ltcusdt: rows=1182241 2022-01-01 .. 2024-04-01
2026-06-19 21:20:19 INFO crypto_research.load:   nearusdt: rows=1182241 2022-01-01 .. 2024-04-01
2026-06-19 21:20:19 INFO crypto_research.load:   ontusdt: rows=957048 2022-06-06 .. 2024-04-01
2026-06-19 21:20:19 INFO crypto_research.load:   opusdt: rows=656821 2022-12-31 .. 2024-04-01
2026-06-19 21:20:19 INFO crypto_research.load:   paxgusdt: rows=1076619 2022-03-15 .. 2024-04-01
2026-06-19 21:20:19 INFO crypto_research.load:   sandusdt: rows=656821 2022-12-31 .. 2024-04-01
2026-06-19 21:20:19 INFO crypto_research.load:   shib1000usdt: rows=656821 2022-12-31 .. 2024-04-01
2026-06-19 21:20:19 INFO crypto_research.load:   solusdt: rows=1182241 2022-01-01 .. 2024-04-01
2026-06-19 21:20:19 INFO crypto_research.load:   storjusdt: rows=656821 2022-12-31 .. 2024-04-01
2026-06-19 21:20:19 INFO crypto_research.load:   stxusdt: rows=656821 2022-12-31 .. 2024-04-01
2026-06-19 21:20:19 INFO crypto_research.load:   trxusdt: rows=656821 2022-12-31 .. 2024-04-01
2026-06-19 21:20:19 INFO crypto_research.load:   uniusdt: rows=1182241 2022-01-01 .. 2024-04-01
2026-06-19 21:20:19 INFO crypto_research.load:   xlmusdt: rows=656821 2022-12-31 .. 2024-04-01
2026-06-19 21:20:19 INFO crypto_research.load:   xmrusdt: rows=1162824 2022-01-14 .. 2024-04-01
2026-06-19 21:20:19 INFO crypto_research.load:   xrpusdt: rows=1182241 2022-01-01 .. 2024-04-01
2026-06-19 21:20:19 INFO crypto_research.load:   zecusdt: rows=1182241 2022-01-01 .. 2024-04-01
2026-06-19 21:20:19 INFO crypto_research.load:   zenusdt: rows=656821 2022-12-31 .. 2024-04-01
2026-06-19 21:20:20 INFO crypto_research.ml_dataset: [ml] pooled daily: pairs=49 rows=32407 period=2022-01-01..2024-04-01
2026-06-19 21:20:20 INFO crypto_research.ml_dataset: [ml] pair filter: first_candle <= 2023-01-01 → 49 pairs
2026-06-19 21:20:57 INFO crypto_research.load: [1] Загрузка данных: пар=49 строк=55515524 ~1482.4 MB
2026-06-19 21:20:57 INFO crypto_research.load:   1000luncusdt: rows=1133280 2024-04-01 .. 2026-05-27
2026-06-19 21:20:57 INFO crypto_research.load:   aaveusdt: rows=1132756 2024-04-01 .. 2026-05-27
2026-06-19 21:20:57 INFO crypto_research.load:   adausdt: rows=1132756 2024-04-01 .. 2026-05-27
2026-06-19 21:20:57 INFO crypto_research.load:   algousdt: rows=1132756 2024-04-01 .. 2026-05-27
2026-06-19 21:20:57 INFO crypto_research.load:   aliceusdt: rows=1132756 2024-04-01 .. 2026-05-27
2026-06-19 21:20:57 INFO crypto_research.load:   apeusdt: rows=1133280 2024-04-01 .. 2026-05-27
2026-06-19 21:20:57 INFO crypto_research.load:   api3usdt: rows=1132756 2024-04-01 .. 2026-05-27
2026-06-19 21:20:57 INFO crypto_research.load:   aptusdt: rows=1132756 2024-04-01 .. 2026-05-27
2026-06-19 21:20:57 INFO crypto_research.load:   atomusdt: rows=1132756 2024-04-01 .. 2026-05-27
2026-06-19 21:20:57 INFO crypto_research.load:   avaxusdt: rows=1132756 2024-04-01 .. 2026-05-27
2026-06-19 21:20:57 INFO crypto_research.load:   axsusdt: rows=1133280 2024-04-01 .. 2026-05-27
2026-06-19 21:20:57 INFO crypto_research.load:   bchusdt: rows=1132756 2024-04-01 .. 2026-05-27
2026-06-19 21:20:57 INFO crypto_research.load:   bnbusdt: rows=1132756 2024-04-01 .. 2026-05-27
2026-06-19 21:20:57 INFO crypto_research.load:   btcusdt: rows=1132756 2024-04-01 .. 2026-05-27
2026-06-19 21:20:57 INFO crypto_research.load:   chzusdt: rows=1133280 2024-04-01 .. 2026-05-27
2026-06-19 21:20:57 INFO crypto_research.load:   crvusdt: rows=1132756 2024-04-01 .. 2026-05-27
2026-06-19 21:20:57 INFO crypto_research.load:   dashusdt: rows=1133280 2024-04-01 .. 2026-05-27
2026-06-19 21:20:57 INFO crypto_research.load:   dogeusdt: rows=1132756 2024-04-01 .. 2026-05-27
2026-06-19 21:20:57 INFO crypto_research.load:   dotusdt: rows=1132756 2024-04-01 .. 2026-05-27
2026-06-19 21:20:57 INFO crypto_research.load:   dydxusdt: rows=1132756 2024-04-01 .. 2026-05-27
2026-06-19 21:20:57 INFO crypto_research.load:   egldusdt: rows=1133280 2024-04-01 .. 2026-05-27
2026-06-19 21:20:57 INFO crypto_research.load:   enjusdt: rows=1132756 2024-04-01 .. 2026-05-27
2026-06-19 21:20:57 INFO crypto_research.load:   etcusdt: rows=1133280 2024-04-01 .. 2026-05-27
2026-06-19 21:20:57 INFO crypto_research.load:   ethusdt: rows=1132756 2024-04-01 .. 2026-05-27
2026-06-19 21:20:57 INFO crypto_research.load:   filusdt: rows=1132756 2024-04-01 .. 2026-05-27
2026-06-19 21:20:57 INFO crypto_research.load:   galausdt: rows=1132756 2024-04-01 .. 2026-05-27
2026-06-19 21:20:57 INFO crypto_research.load:   gmtusdt: rows=1133280 2024-04-01 .. 2026-05-27
2026-06-19 21:20:57 INFO crypto_research.load:   hbarusdt: rows=1133280 2024-04-01 .. 2026-05-27
2026-06-19 21:20:57 INFO crypto_research.load:   icpusdt: rows=1133280 2024-04-01 .. 2026-05-27
2026-06-19 21:20:57 INFO crypto_research.load:   injusdt: rows=1133280 2024-04-01 .. 2026-05-27
2026-06-19 21:20:57 INFO crypto_research.load:   ldousdt: rows=1133280 2024-04-01 .. 2026-05-27
2026-06-19 21:20:57 INFO crypto_research.load:   linkusdt: rows=1132756 2024-04-01 .. 2026-05-27
2026-06-19 21:20:57 INFO crypto_research.load:   ltcusdt: rows=1132756 2024-04-01 .. 2026-05-27
2026-06-19 21:20:57 INFO crypto_research.load:   nearusdt: rows=1132756 2024-04-01 .. 2026-05-27
2026-06-19 21:20:57 INFO crypto_research.load:   ontusdt: rows=1132756 2024-04-01 .. 2026-05-27
2026-06-19 21:20:57 INFO crypto_research.load:   opusdt: rows=1133280 2024-04-01 .. 2026-05-27
2026-06-19 21:20:57 INFO crypto_research.load:   paxgusdt: rows=1132756 2024-04-01 .. 2026-05-27
2026-06-19 21:20:57 INFO crypto_research.load:   sandusdt: rows=1133280 2024-04-01 .. 2026-05-27
2026-06-19 21:20:57 INFO crypto_research.load:   shib1000usdt: rows=1133280 2024-04-01 .. 2026-05-27
2026-06-19 21:20:57 INFO crypto_research.load:   solusdt: rows=1132756 2024-04-01 .. 2026-05-27
2026-06-19 21:20:57 INFO crypto_research.load:   storjusdt: rows=1133280 2024-04-01 .. 2026-05-27
2026-06-19 21:20:57 INFO crypto_research.load:   stxusdt: rows=1133280 2024-04-01 .. 2026-05-27
2026-06-19 21:20:57 INFO crypto_research.load:   trxusdt: rows=1133280 2024-04-01 .. 2026-05-27
2026-06-19 21:20:57 INFO crypto_research.load:   uniusdt: rows=1132756 2024-04-01 .. 2026-05-27
2026-06-19 21:20:57 INFO crypto_research.load:   xlmusdt: rows=1133280 2024-04-01 .. 2026-05-27
2026-06-19 21:20:57 INFO crypto_research.load:   xmrusdt: rows=1132756 2024-04-01 .. 2026-05-27
2026-06-19 21:20:57 INFO crypto_research.load:   xrpusdt: rows=1132756 2024-04-01 .. 2026-05-27
2026-06-19 21:20:57 INFO crypto_research.load:   zecusdt: rows=1132756 2024-04-01 .. 2026-05-27
2026-06-19 21:20:57 INFO crypto_research.load:   zenusdt: rows=1133280 2024-04-01 .. 2026-05-27
2026-06-19 21:20:59 INFO crypto_research.ml_dataset: [ml] pooled daily: pairs=49 rows=38563 period=2024-04-01..2026-05-31
2026-06-19 21:20:59 INFO crypto_research.ml_dataset: [ml] ema_dev_pair_norm: min=-4.914 max=8.584 mean=-0.014
2026-06-19 21:20:59 INFO crypto_research.ml_dataset: [ml] rsi_pair_norm: min=-2.053 max=2.062 mean=-0.081
2026-06-19 21:20:59 INFO crypto_research.ml_dataset: [ml] streak_pair_norm: min=-3.000 max=4.333 mean=-0.012
2026-06-19 21:20:59 INFO crypto_research.ml_dataset: [ml] dataset studies=['day_of_week_ml', 'ema_spreads_ml', 'rsi_spreads_ml', 'price_sequences_ml'] features=['pair_id', 'weekday_enc', 'ema_dev_pair_norm', 'rsi_pair_norm', 'streak_pair_norm'] rows=31675 pairs=49 up_rate=0.503
2026-06-19 21:20:59 INFO crypto_research.ml_dataset: [ml] ema_dev_pair_norm: min=-4.918 max=15.840 mean=-0.087
2026-06-19 21:20:59 INFO crypto_research.ml_dataset: [ml] rsi_pair_norm: min=-1.864 max=2.022 mean=-0.170
2026-06-19 21:20:59 INFO crypto_research.ml_dataset: [ml] streak_pair_norm: min=-3.333 max=3.333 mean=-0.083
2026-06-19 21:20:59 INFO crypto_research.ml_dataset: [ml] dataset studies=['day_of_week_ml', 'ema_spreads_ml', 'rsi_spreads_ml', 'price_sequences_ml'] features=['pair_id', 'weekday_enc', 'ema_dev_pair_norm', 'rsi_pair_norm', 'streak_pair_norm'] rows=38001 pairs=49 up_rate=0.478
2026-06-19 21:21:00 INFO crypto_research.ml_plot_registry: [ml] plot: prob_return_dependence
2026-06-19 21:21:03 INFO crypto_research.ml_prob_return_dependence_plot: [ml] P(up) vs return plot saved: /home_admin/crypto_bot/crypto_research/research_outputs/combined/dow_ema_rsi_streak/ml/plots/direction_dow_ema_rsi_streak_49pairs_20240401_20260531_prob_return_dependence.png (train=31675 test=38001 t_long=0.6378928485915047/0.5752711261102853 t_short=0.47000909907637156/0.4574604573882929)
2026-06-19 21:21:03 INFO crypto_research.ml_research: [ml] auto compare_prob_cdf: ['dow_ema_rsi_sp', 'dow_ema_rsi_streak']
2026-06-19 21:21:03 INFO crypto_research.ml_dataset: [ml] ema_dev_pair_norm: min=-4.918 max=15.840 mean=-0.087
2026-06-19 21:21:03 INFO crypto_research.ml_dataset: [ml] rsi_pair_norm: min=-1.864 max=2.022 mean=-0.170
2026-06-19 21:21:03 INFO crypto_research.ml_dataset: [ml] dataset studies=['day_of_week_ml', 'ema_spreads_ml', 'rsi_spreads_ml'] features=['pair_id', 'weekday_enc', 'ema_dev_pair_norm', 'rsi_pair_norm'] rows=38073 pairs=49 up_rate=0.478
2026-06-19 21:21:03 INFO crypto_research.ml_model_compare_plot: [ml] compare plot saved: /home_admin/crypto_bot/crypto_research/research_outputs/combined/dow_ema_rsi_streak/ml/plots/direction_dow_ema_rsi_streak_49pairs_20220101_20260531_compare_prob_cdf.png
2026-06-19 21:21:03 INFO crypto_research.ml_research: [ml] plots-only summary saved: /home_admin/crypto_bot/crypto_research/research_outputs/combined/dow_ema_rsi_streak/ml/plots/plots_only_summary.json
2026-06-19 22:07:16 INFO crypto_research.ml_research: [ml] log file: /home_admin/crypto_bot/crypto_research/research_outputs/combined/dow_ema_rsi_streak/ml/direction_dow_ema_rsi_streak_20220101_20260531.log
2026-06-19 22:07:16 INFO crypto_research.ml_dataset: [ml] pair filter: first_candle <= 2023-01-01 → 49 pairs
2026-06-19 22:07:58 INFO crypto_research.load: [1] Загрузка данных: пар=49 строк=46567998 ~1243.5 MB
2026-06-19 22:07:58 INFO crypto_research.load:   1000luncusdt: rows=656821 2022-12-31 .. 2024-04-01
2026-06-19 22:07:58 INFO crypto_research.load:   aaveusdt: rows=1182241 2022-01-01 .. 2024-04-01
2026-06-19 22:07:58 INFO crypto_research.load:   adausdt: rows=1182241 2022-01-01 .. 2024-04-01
2026-06-19 22:07:58 INFO crypto_research.load:   algousdt: rows=1182241 2022-01-01 .. 2024-04-01
2026-06-19 22:07:58 INFO crypto_research.load:   aliceusdt: rows=1182241 2022-01-01 .. 2024-04-01
2026-06-19 22:07:58 INFO crypto_research.load:   apeusdt: rows=656821 2022-12-31 .. 2024-04-01
2026-06-19 22:07:58 INFO crypto_research.load:   api3usdt: rows=1098270 2022-02-28 .. 2024-04-01
2026-06-19 22:07:58 INFO crypto_research.load:   aptusdt: rows=763033 2022-10-19 .. 2024-04-01
2026-06-19 22:07:58 INFO crypto_research.load:   atomusdt: rows=1182241 2022-01-01 .. 2024-04-01
2026-06-19 22:07:58 INFO crypto_research.load:   avaxusdt: rows=1182241 2022-01-01 .. 2024-04-01
2026-06-19 22:07:58 INFO crypto_research.load:   axsusdt: rows=656821 2022-12-31 .. 2024-04-01
2026-06-19 22:07:58 INFO crypto_research.load:   bchusdt: rows=1182241 2022-01-01 .. 2024-04-01
2026-06-19 22:07:58 INFO crypto_research.load:   bnbusdt: rows=1182241 2022-01-01 .. 2024-04-01
2026-06-19 22:07:58 INFO crypto_research.load:   btcusdt: rows=1182241 2022-01-01 .. 2024-04-01
2026-06-19 22:07:58 INFO crypto_research.load:   chzusdt: rows=656821 2022-12-31 .. 2024-04-01
2026-06-19 22:07:58 INFO crypto_research.load:   crvusdt: rows=1182241 2022-01-01 .. 2024-04-01
2026-06-19 22:07:58 INFO crypto_research.load:   dashusdt: rows=656821 2022-12-31 .. 2024-04-01
2026-06-19 22:07:58 INFO crypto_research.load:   dogeusdt: rows=1182241 2022-01-01 .. 2024-04-01
2026-06-19 22:07:58 INFO crypto_research.load:   dotusdt: rows=1182241 2022-01-01 .. 2024-04-01
2026-06-19 22:07:58 INFO crypto_research.load:   dydxusdt: rows=1182241 2022-01-01 .. 2024-04-01
2026-06-19 22:07:58 INFO crypto_research.load:   egldusdt: rows=656821 2022-12-31 .. 2024-04-01
2026-06-19 22:07:58 INFO crypto_research.load:   enjusdt: rows=1182241 2022-01-01 .. 2024-04-01
2026-06-19 22:07:58 INFO crypto_research.load:   etcusdt: rows=656821 2022-12-31 .. 2024-04-01
2026-06-19 22:07:58 INFO crypto_research.load:   ethusdt: rows=1182241 2022-01-01 .. 2024-04-01
2026-06-19 22:07:58 INFO crypto_research.load:   filusdt: rows=1182241 2022-01-01 .. 2024-04-01
2026-06-19 22:07:58 INFO crypto_research.load:   galausdt: rows=1182241 2022-01-01 .. 2024-04-01
2026-06-19 22:07:58 INFO crypto_research.load:   gmtusdt: rows=656821 2022-12-31 .. 2024-04-01
2026-06-19 22:07:58 INFO crypto_research.load:   hbarusdt: rows=656821 2022-12-31 .. 2024-04-01
2026-06-19 22:07:58 INFO crypto_research.load:   icpusdt: rows=656821 2022-12-31 .. 2024-04-01
2026-06-19 22:07:58 INFO crypto_research.load:   injusdt: rows=656821 2022-12-31 .. 2024-04-01
2026-06-19 22:07:58 INFO crypto_research.load:   ldousdt: rows=656821 2022-12-31 .. 2024-04-01
2026-06-19 22:07:58 INFO crypto_research.load:   linkusdt: rows=1182241 2022-01-01 .. 2024-04-01
2026-06-19 22:07:58 INFO crypto_research.load:   ltcusdt: rows=1182241 2022-01-01 .. 2024-04-01
2026-06-19 22:07:58 INFO crypto_research.load:   nearusdt: rows=1182241 2022-01-01 .. 2024-04-01
2026-06-19 22:07:58 INFO crypto_research.load:   ontusdt: rows=957048 2022-06-06 .. 2024-04-01
2026-06-19 22:07:58 INFO crypto_research.load:   opusdt: rows=656821 2022-12-31 .. 2024-04-01
2026-06-19 22:07:58 INFO crypto_research.load:   paxgusdt: rows=1076619 2022-03-15 .. 2024-04-01
2026-06-19 22:07:58 INFO crypto_research.load:   sandusdt: rows=656821 2022-12-31 .. 2024-04-01
2026-06-19 22:07:58 INFO crypto_research.load:   shib1000usdt: rows=656821 2022-12-31 .. 2024-04-01
2026-06-19 22:07:58 INFO crypto_research.load:   solusdt: rows=1182241 2022-01-01 .. 2024-04-01
2026-06-19 22:07:58 INFO crypto_research.load:   storjusdt: rows=656821 2022-12-31 .. 2024-04-01
2026-06-19 22:07:58 INFO crypto_research.load:   stxusdt: rows=656821 2022-12-31 .. 2024-04-01
2026-06-19 22:07:58 INFO crypto_research.load:   trxusdt: rows=656821 2022-12-31 .. 2024-04-01
2026-06-19 22:07:58 INFO crypto_research.load:   uniusdt: rows=1182241 2022-01-01 .. 2024-04-01
2026-06-19 22:07:58 INFO crypto_research.load:   xlmusdt: rows=656821 2022-12-31 .. 2024-04-01
2026-06-19 22:07:58 INFO crypto_research.load:   xmrusdt: rows=1162824 2022-01-14 .. 2024-04-01
2026-06-19 22:07:58 INFO crypto_research.load:   xrpusdt: rows=1182241 2022-01-01 .. 2024-04-01
2026-06-19 22:07:58 INFO crypto_research.load:   zecusdt: rows=1182241 2022-01-01 .. 2024-04-01
2026-06-19 22:07:58 INFO crypto_research.load:   zenusdt: rows=656821 2022-12-31 .. 2024-04-01
2026-06-19 22:07:59 INFO crypto_research.ml_dataset: [ml] pooled daily: pairs=49 rows=32407 period=2022-01-01..2024-04-01
2026-06-19 22:08:00 INFO crypto_research.ml_dataset: [ml] pair filter: first_candle <= 2023-01-01 → 49 pairs
2026-06-19 22:08:32 INFO crypto_research.load: [1] Загрузка данных: пар=49 строк=55515524 ~1482.4 MB
2026-06-19 22:08:32 INFO crypto_research.load:   1000luncusdt: rows=1133280 2024-04-01 .. 2026-05-27
2026-06-19 22:08:32 INFO crypto_research.load:   aaveusdt: rows=1132756 2024-04-01 .. 2026-05-27
2026-06-19 22:08:32 INFO crypto_research.load:   adausdt: rows=1132756 2024-04-01 .. 2026-05-27
2026-06-19 22:08:32 INFO crypto_research.load:   algousdt: rows=1132756 2024-04-01 .. 2026-05-27
2026-06-19 22:08:32 INFO crypto_research.load:   aliceusdt: rows=1132756 2024-04-01 .. 2026-05-27
2026-06-19 22:08:32 INFO crypto_research.load:   apeusdt: rows=1133280 2024-04-01 .. 2026-05-27
2026-06-19 22:08:32 INFO crypto_research.load:   api3usdt: rows=1132756 2024-04-01 .. 2026-05-27
2026-06-19 22:08:32 INFO crypto_research.load:   aptusdt: rows=1132756 2024-04-01 .. 2026-05-27
2026-06-19 22:08:32 INFO crypto_research.load:   atomusdt: rows=1132756 2024-04-01 .. 2026-05-27
2026-06-19 22:08:32 INFO crypto_research.load:   avaxusdt: rows=1132756 2024-04-01 .. 2026-05-27
2026-06-19 22:08:32 INFO crypto_research.load:   axsusdt: rows=1133280 2024-04-01 .. 2026-05-27
2026-06-19 22:08:32 INFO crypto_research.load:   bchusdt: rows=1132756 2024-04-01 .. 2026-05-27
2026-06-19 22:08:32 INFO crypto_research.load:   bnbusdt: rows=1132756 2024-04-01 .. 2026-05-27
2026-06-19 22:08:32 INFO crypto_research.load:   btcusdt: rows=1132756 2024-04-01 .. 2026-05-27
2026-06-19 22:08:32 INFO crypto_research.load:   chzusdt: rows=1133280 2024-04-01 .. 2026-05-27
2026-06-19 22:08:32 INFO crypto_research.load:   crvusdt: rows=1132756 2024-04-01 .. 2026-05-27
2026-06-19 22:08:32 INFO crypto_research.load:   dashusdt: rows=1133280 2024-04-01 .. 2026-05-27
2026-06-19 22:08:32 INFO crypto_research.load:   dogeusdt: rows=1132756 2024-04-01 .. 2026-05-27
2026-06-19 22:08:32 INFO crypto_research.load:   dotusdt: rows=1132756 2024-04-01 .. 2026-05-27
2026-06-19 22:08:32 INFO crypto_research.load:   dydxusdt: rows=1132756 2024-04-01 .. 2026-05-27
2026-06-19 22:08:32 INFO crypto_research.load:   egldusdt: rows=1133280 2024-04-01 .. 2026-05-27
2026-06-19 22:08:32 INFO crypto_research.load:   enjusdt: rows=1132756 2024-04-01 .. 2026-05-27
2026-06-19 22:08:32 INFO crypto_research.load:   etcusdt: rows=1133280 2024-04-01 .. 2026-05-27
2026-06-19 22:08:32 INFO crypto_research.load:   ethusdt: rows=1132756 2024-04-01 .. 2026-05-27
2026-06-19 22:08:32 INFO crypto_research.load:   filusdt: rows=1132756 2024-04-01 .. 2026-05-27
2026-06-19 22:08:32 INFO crypto_research.load:   galausdt: rows=1132756 2024-04-01 .. 2026-05-27
2026-06-19 22:08:32 INFO crypto_research.load:   gmtusdt: rows=1133280 2024-04-01 .. 2026-05-27
2026-06-19 22:08:32 INFO crypto_research.load:   hbarusdt: rows=1133280 2024-04-01 .. 2026-05-27
2026-06-19 22:08:32 INFO crypto_research.load:   icpusdt: rows=1133280 2024-04-01 .. 2026-05-27
2026-06-19 22:08:32 INFO crypto_research.load:   injusdt: rows=1133280 2024-04-01 .. 2026-05-27
2026-06-19 22:08:32 INFO crypto_research.load:   ldousdt: rows=1133280 2024-04-01 .. 2026-05-27
2026-06-19 22:08:32 INFO crypto_research.load:   linkusdt: rows=1132756 2024-04-01 .. 2026-05-27
2026-06-19 22:08:32 INFO crypto_research.load:   ltcusdt: rows=1132756 2024-04-01 .. 2026-05-27
2026-06-19 22:08:32 INFO crypto_research.load:   nearusdt: rows=1132756 2024-04-01 .. 2026-05-27
2026-06-19 22:08:32 INFO crypto_research.load:   ontusdt: rows=1132756 2024-04-01 .. 2026-05-27
2026-06-19 22:08:32 INFO crypto_research.load:   opusdt: rows=1133280 2024-04-01 .. 2026-05-27
2026-06-19 22:08:32 INFO crypto_research.load:   paxgusdt: rows=1132756 2024-04-01 .. 2026-05-27
2026-06-19 22:08:32 INFO crypto_research.load:   sandusdt: rows=1133280 2024-04-01 .. 2026-05-27
2026-06-19 22:08:32 INFO crypto_research.load:   shib1000usdt: rows=1133280 2024-04-01 .. 2026-05-27
2026-06-19 22:08:32 INFO crypto_research.load:   solusdt: rows=1132756 2024-04-01 .. 2026-05-27
2026-06-19 22:08:32 INFO crypto_research.load:   storjusdt: rows=1133280 2024-04-01 .. 2026-05-27
2026-06-19 22:08:32 INFO crypto_research.load:   stxusdt: rows=1133280 2024-04-01 .. 2026-05-27
2026-06-19 22:08:32 INFO crypto_research.load:   trxusdt: rows=1133280 2024-04-01 .. 2026-05-27
2026-06-19 22:08:32 INFO crypto_research.load:   uniusdt: rows=1132756 2024-04-01 .. 2026-05-27
2026-06-19 22:08:32 INFO crypto_research.load:   xlmusdt: rows=1133280 2024-04-01 .. 2026-05-27
2026-06-19 22:08:32 INFO crypto_research.load:   xmrusdt: rows=1132756 2024-04-01 .. 2026-05-27
2026-06-19 22:08:32 INFO crypto_research.load:   xrpusdt: rows=1132756 2024-04-01 .. 2026-05-27
2026-06-19 22:08:32 INFO crypto_research.load:   zecusdt: rows=1132756 2024-04-01 .. 2026-05-27
2026-06-19 22:08:32 INFO crypto_research.load:   zenusdt: rows=1133280 2024-04-01 .. 2026-05-27
2026-06-19 22:08:34 INFO crypto_research.ml_dataset: [ml] pooled daily: pairs=49 rows=38563 period=2024-04-01..2026-05-31
2026-06-19 22:08:34 INFO crypto_research.ml_dataset: [ml] ema_dev_pair_norm: min=-4.914 max=8.584 mean=-0.014
2026-06-19 22:08:34 INFO crypto_research.ml_dataset: [ml] rsi_pair_norm: min=-2.053 max=2.062 mean=-0.081
2026-06-19 22:08:34 INFO crypto_research.ml_dataset: [ml] streak_pair_norm: min=-3.000 max=4.333 mean=-0.012
2026-06-19 22:08:34 INFO crypto_research.ml_dataset: [ml] dataset studies=['day_of_week_ml', 'ema_spreads_ml', 'rsi_spreads_ml', 'price_sequences_ml'] features=['pair_id', 'weekday_enc', 'ema_dev_pair_norm', 'rsi_pair_norm', 'streak_pair_norm'] rows=31675 pairs=49 up_rate=0.503
2026-06-19 22:08:35 INFO crypto_research.ml_dataset: [ml] ema_dev_pair_norm: min=-4.918 max=15.840 mean=-0.087
2026-06-19 22:08:35 INFO crypto_research.ml_dataset: [ml] rsi_pair_norm: min=-1.864 max=2.022 mean=-0.170
2026-06-19 22:08:35 INFO crypto_research.ml_dataset: [ml] streak_pair_norm: min=-3.333 max=3.333 mean=-0.083
2026-06-19 22:08:35 INFO crypto_research.ml_dataset: [ml] dataset studies=['day_of_week_ml', 'ema_spreads_ml', 'rsi_spreads_ml', 'price_sequences_ml'] features=['pair_id', 'weekday_enc', 'ema_dev_pair_norm', 'rsi_pair_norm', 'streak_pair_norm'] rows=38001 pairs=49 up_rate=0.478
2026-06-19 22:08:35 INFO crypto_research.ml_plot_registry: [ml] plot: prob_return_dependence
2026-06-19 22:08:36 INFO crypto_research.ml_prob_return_dependence_plot: [ml] P(up) vs return plot saved: /home_admin/crypto_bot/crypto_research/research_outputs/combined/dow_ema_rsi_streak/ml/plots/direction_dow_ema_rsi_streak_49pairs_20240401_20260531_prob_return_dependence.png (train=31675 test=38001 t_long=0.6378928485915047/0.5752711261102853 t_short=0.47000909907637156/0.4574604573882929)
2026-06-19 22:08:36 INFO crypto_research.ml_research: [ml] auto compare_prob_cdf: ['dow_ema_rsi_sp', 'dow_ema_rsi_streak']
2026-06-19 22:08:36 INFO crypto_research.ml_dataset: [ml] ema_dev_pair_norm: min=-4.918 max=15.840 mean=-0.087
2026-06-19 22:08:36 INFO crypto_research.ml_dataset: [ml] rsi_pair_norm: min=-1.864 max=2.022 mean=-0.170
2026-06-19 22:08:36 INFO crypto_research.ml_dataset: [ml] dataset studies=['day_of_week_ml', 'ema_spreads_ml', 'rsi_spreads_ml'] features=['pair_id', 'weekday_enc', 'ema_dev_pair_norm', 'rsi_pair_norm'] rows=38073 pairs=49 up_rate=0.478
2026-06-19 22:08:37 INFO crypto_research.ml_model_compare_plot: [ml] compare plot saved: /home_admin/crypto_bot/crypto_research/research_outputs/combined/dow_ema_rsi_streak/ml/plots/direction_dow_ema_rsi_streak_49pairs_20220101_20260531_compare_prob_cdf.png
2026-06-19 22:08:37 INFO crypto_research.ml_research: [ml] plots-only summary saved: /home_admin/crypto_bot/crypto_research/research_outputs/combined/dow_ema_rsi_streak/ml/plots/plots_only_summary.json
