2026-06-18 16:21:21 INFO crypto_research.ml_research: [ml] log file: /home_admin/crypto_bot/crypto_research/research_outputs/combined/dow_ema_rsi_sp/ml/direction_dow_ema_rsi_20220101_20260531.log
2026-06-18 16:21:21 INFO crypto_research.ml_dataset: [ml] pair filter: first_candle <= 2023-01-01 → 49 pairs
2026-06-18 16:21:45 INFO crypto_research.load: [1] Загрузка данных: пар=49 строк=46567998 ~1243.5 MB
2026-06-18 16:21:45 INFO crypto_research.load:   1000luncusdt: rows=656821 2022-12-31 .. 2024-04-01
2026-06-18 16:21:45 INFO crypto_research.load:   aaveusdt: rows=1182241 2022-01-01 .. 2024-04-01
2026-06-18 16:21:45 INFO crypto_research.load:   adausdt: rows=1182241 2022-01-01 .. 2024-04-01
2026-06-18 16:21:45 INFO crypto_research.load:   algousdt: rows=1182241 2022-01-01 .. 2024-04-01
2026-06-18 16:21:45 INFO crypto_research.load:   aliceusdt: rows=1182241 2022-01-01 .. 2024-04-01
2026-06-18 16:21:45 INFO crypto_research.load:   apeusdt: rows=656821 2022-12-31 .. 2024-04-01
2026-06-18 16:21:45 INFO crypto_research.load:   api3usdt: rows=1098270 2022-02-28 .. 2024-04-01
2026-06-18 16:21:45 INFO crypto_research.load:   aptusdt: rows=763033 2022-10-19 .. 2024-04-01
2026-06-18 16:21:45 INFO crypto_research.load:   atomusdt: rows=1182241 2022-01-01 .. 2024-04-01
2026-06-18 16:21:45 INFO crypto_research.load:   avaxusdt: rows=1182241 2022-01-01 .. 2024-04-01
2026-06-18 16:21:45 INFO crypto_research.load:   axsusdt: rows=656821 2022-12-31 .. 2024-04-01
2026-06-18 16:21:45 INFO crypto_research.load:   bchusdt: rows=1182241 2022-01-01 .. 2024-04-01
2026-06-18 16:21:45 INFO crypto_research.load:   bnbusdt: rows=1182241 2022-01-01 .. 2024-04-01
2026-06-18 16:21:45 INFO crypto_research.load:   btcusdt: rows=1182241 2022-01-01 .. 2024-04-01
2026-06-18 16:21:45 INFO crypto_research.load:   chzusdt: rows=656821 2022-12-31 .. 2024-04-01
2026-06-18 16:21:45 INFO crypto_research.load:   crvusdt: rows=1182241 2022-01-01 .. 2024-04-01
2026-06-18 16:21:45 INFO crypto_research.load:   dashusdt: rows=656821 2022-12-31 .. 2024-04-01
2026-06-18 16:21:45 INFO crypto_research.load:   dogeusdt: rows=1182241 2022-01-01 .. 2024-04-01
2026-06-18 16:21:45 INFO crypto_research.load:   dotusdt: rows=1182241 2022-01-01 .. 2024-04-01
2026-06-18 16:21:45 INFO crypto_research.load:   dydxusdt: rows=1182241 2022-01-01 .. 2024-04-01
2026-06-18 16:21:45 INFO crypto_research.load:   egldusdt: rows=656821 2022-12-31 .. 2024-04-01
2026-06-18 16:21:45 INFO crypto_research.load:   enjusdt: rows=1182241 2022-01-01 .. 2024-04-01
2026-06-18 16:21:45 INFO crypto_research.load:   etcusdt: rows=656821 2022-12-31 .. 2024-04-01
2026-06-18 16:21:45 INFO crypto_research.load:   ethusdt: rows=1182241 2022-01-01 .. 2024-04-01
2026-06-18 16:21:45 INFO crypto_research.load:   filusdt: rows=1182241 2022-01-01 .. 2024-04-01
2026-06-18 16:21:45 INFO crypto_research.load:   galausdt: rows=1182241 2022-01-01 .. 2024-04-01
2026-06-18 16:21:45 INFO crypto_research.load:   gmtusdt: rows=656821 2022-12-31 .. 2024-04-01
2026-06-18 16:21:45 INFO crypto_research.load:   hbarusdt: rows=656821 2022-12-31 .. 2024-04-01
2026-06-18 16:21:45 INFO crypto_research.load:   icpusdt: rows=656821 2022-12-31 .. 2024-04-01
2026-06-18 16:21:45 INFO crypto_research.load:   injusdt: rows=656821 2022-12-31 .. 2024-04-01
2026-06-18 16:21:45 INFO crypto_research.load:   ldousdt: rows=656821 2022-12-31 .. 2024-04-01
2026-06-18 16:21:45 INFO crypto_research.load:   linkusdt: rows=1182241 2022-01-01 .. 2024-04-01
2026-06-18 16:21:45 INFO crypto_research.load:   ltcusdt: rows=1182241 2022-01-01 .. 2024-04-01
2026-06-18 16:21:45 INFO crypto_research.load:   nearusdt: rows=1182241 2022-01-01 .. 2024-04-01
2026-06-18 16:21:45 INFO crypto_research.load:   ontusdt: rows=957048 2022-06-06 .. 2024-04-01
2026-06-18 16:21:45 INFO crypto_research.load:   opusdt: rows=656821 2022-12-31 .. 2024-04-01
2026-06-18 16:21:45 INFO crypto_research.load:   paxgusdt: rows=1076619 2022-03-15 .. 2024-04-01
2026-06-18 16:21:45 INFO crypto_research.load:   sandusdt: rows=656821 2022-12-31 .. 2024-04-01
2026-06-18 16:21:45 INFO crypto_research.load:   shib1000usdt: rows=656821 2022-12-31 .. 2024-04-01
2026-06-18 16:21:45 INFO crypto_research.load:   solusdt: rows=1182241 2022-01-01 .. 2024-04-01
2026-06-18 16:21:45 INFO crypto_research.load:   storjusdt: rows=656821 2022-12-31 .. 2024-04-01
2026-06-18 16:21:45 INFO crypto_research.load:   stxusdt: rows=656821 2022-12-31 .. 2024-04-01
2026-06-18 16:21:45 INFO crypto_research.load:   trxusdt: rows=656821 2022-12-31 .. 2024-04-01
2026-06-18 16:21:45 INFO crypto_research.load:   uniusdt: rows=1182241 2022-01-01 .. 2024-04-01
2026-06-18 16:21:45 INFO crypto_research.load:   xlmusdt: rows=656821 2022-12-31 .. 2024-04-01
2026-06-18 16:21:45 INFO crypto_research.load:   xmrusdt: rows=1162824 2022-01-14 .. 2024-04-01
2026-06-18 16:21:45 INFO crypto_research.load:   xrpusdt: rows=1182241 2022-01-01 .. 2024-04-01
2026-06-18 16:21:45 INFO crypto_research.load:   zecusdt: rows=1182241 2022-01-01 .. 2024-04-01
2026-06-18 16:21:45 INFO crypto_research.load:   zenusdt: rows=656821 2022-12-31 .. 2024-04-01
2026-06-18 16:21:47 INFO crypto_research.ml_dataset: [ml] pooled daily: pairs=49 rows=32407 period=2022-01-01..2024-04-01
2026-06-18 16:21:47 INFO crypto_research.ml_dataset: [ml] pair filter: first_candle <= 2023-01-01 → 49 pairs
2026-06-18 16:22:07 INFO crypto_research.load: [1] Загрузка данных: пар=49 строк=55515524 ~1482.4 MB
2026-06-18 16:22:07 INFO crypto_research.load:   1000luncusdt: rows=1133280 2024-04-01 .. 2026-05-27
2026-06-18 16:22:07 INFO crypto_research.load:   aaveusdt: rows=1132756 2024-04-01 .. 2026-05-27
2026-06-18 16:22:07 INFO crypto_research.load:   adausdt: rows=1132756 2024-04-01 .. 2026-05-27
2026-06-18 16:22:07 INFO crypto_research.load:   algousdt: rows=1132756 2024-04-01 .. 2026-05-27
2026-06-18 16:22:07 INFO crypto_research.load:   aliceusdt: rows=1132756 2024-04-01 .. 2026-05-27
2026-06-18 16:22:07 INFO crypto_research.load:   apeusdt: rows=1133280 2024-04-01 .. 2026-05-27
2026-06-18 16:22:07 INFO crypto_research.load:   api3usdt: rows=1132756 2024-04-01 .. 2026-05-27
2026-06-18 16:22:07 INFO crypto_research.load:   aptusdt: rows=1132756 2024-04-01 .. 2026-05-27
2026-06-18 16:22:07 INFO crypto_research.load:   atomusdt: rows=1132756 2024-04-01 .. 2026-05-27
2026-06-18 16:22:07 INFO crypto_research.load:   avaxusdt: rows=1132756 2024-04-01 .. 2026-05-27
2026-06-18 16:22:07 INFO crypto_research.load:   axsusdt: rows=1133280 2024-04-01 .. 2026-05-27
2026-06-18 16:22:07 INFO crypto_research.load:   bchusdt: rows=1132756 2024-04-01 .. 2026-05-27
2026-06-18 16:22:07 INFO crypto_research.load:   bnbusdt: rows=1132756 2024-04-01 .. 2026-05-27
2026-06-18 16:22:07 INFO crypto_research.load:   btcusdt: rows=1132756 2024-04-01 .. 2026-05-27
2026-06-18 16:22:07 INFO crypto_research.load:   chzusdt: rows=1133280 2024-04-01 .. 2026-05-27
2026-06-18 16:22:07 INFO crypto_research.load:   crvusdt: rows=1132756 2024-04-01 .. 2026-05-27
2026-06-18 16:22:07 INFO crypto_research.load:   dashusdt: rows=1133280 2024-04-01 .. 2026-05-27
2026-06-18 16:22:07 INFO crypto_research.load:   dogeusdt: rows=1132756 2024-04-01 .. 2026-05-27
2026-06-18 16:22:07 INFO crypto_research.load:   dotusdt: rows=1132756 2024-04-01 .. 2026-05-27
2026-06-18 16:22:07 INFO crypto_research.load:   dydxusdt: rows=1132756 2024-04-01 .. 2026-05-27
2026-06-18 16:22:07 INFO crypto_research.load:   egldusdt: rows=1133280 2024-04-01 .. 2026-05-27
2026-06-18 16:22:07 INFO crypto_research.load:   enjusdt: rows=1132756 2024-04-01 .. 2026-05-27
2026-06-18 16:22:07 INFO crypto_research.load:   etcusdt: rows=1133280 2024-04-01 .. 2026-05-27
2026-06-18 16:22:07 INFO crypto_research.load:   ethusdt: rows=1132756 2024-04-01 .. 2026-05-27
2026-06-18 16:22:07 INFO crypto_research.load:   filusdt: rows=1132756 2024-04-01 .. 2026-05-27
2026-06-18 16:22:07 INFO crypto_research.load:   galausdt: rows=1132756 2024-04-01 .. 2026-05-27
2026-06-18 16:22:07 INFO crypto_research.load:   gmtusdt: rows=1133280 2024-04-01 .. 2026-05-27
2026-06-18 16:22:07 INFO crypto_research.load:   hbarusdt: rows=1133280 2024-04-01 .. 2026-05-27
2026-06-18 16:22:07 INFO crypto_research.load:   icpusdt: rows=1133280 2024-04-01 .. 2026-05-27
2026-06-18 16:22:07 INFO crypto_research.load:   injusdt: rows=1133280 2024-04-01 .. 2026-05-27
2026-06-18 16:22:07 INFO crypto_research.load:   ldousdt: rows=1133280 2024-04-01 .. 2026-05-27
2026-06-18 16:22:07 INFO crypto_research.load:   linkusdt: rows=1132756 2024-04-01 .. 2026-05-27
2026-06-18 16:22:07 INFO crypto_research.load:   ltcusdt: rows=1132756 2024-04-01 .. 2026-05-27
2026-06-18 16:22:07 INFO crypto_research.load:   nearusdt: rows=1132756 2024-04-01 .. 2026-05-27
2026-06-18 16:22:07 INFO crypto_research.load:   ontusdt: rows=1132756 2024-04-01 .. 2026-05-27
2026-06-18 16:22:07 INFO crypto_research.load:   opusdt: rows=1133280 2024-04-01 .. 2026-05-27
2026-06-18 16:22:07 INFO crypto_research.load:   paxgusdt: rows=1132756 2024-04-01 .. 2026-05-27
2026-06-18 16:22:07 INFO crypto_research.load:   sandusdt: rows=1133280 2024-04-01 .. 2026-05-27
2026-06-18 16:22:07 INFO crypto_research.load:   shib1000usdt: rows=1133280 2024-04-01 .. 2026-05-27
2026-06-18 16:22:07 INFO crypto_research.load:   solusdt: rows=1132756 2024-04-01 .. 2026-05-27
2026-06-18 16:22:07 INFO crypto_research.load:   storjusdt: rows=1133280 2024-04-01 .. 2026-05-27
2026-06-18 16:22:07 INFO crypto_research.load:   stxusdt: rows=1133280 2024-04-01 .. 2026-05-27
2026-06-18 16:22:07 INFO crypto_research.load:   trxusdt: rows=1133280 2024-04-01 .. 2026-05-27
2026-06-18 16:22:07 INFO crypto_research.load:   uniusdt: rows=1132756 2024-04-01 .. 2026-05-27
2026-06-18 16:22:07 INFO crypto_research.load:   xlmusdt: rows=1133280 2024-04-01 .. 2026-05-27
2026-06-18 16:22:07 INFO crypto_research.load:   xmrusdt: rows=1132756 2024-04-01 .. 2026-05-27
2026-06-18 16:22:07 INFO crypto_research.load:   xrpusdt: rows=1132756 2024-04-01 .. 2026-05-27
2026-06-18 16:22:07 INFO crypto_research.load:   zecusdt: rows=1132756 2024-04-01 .. 2026-05-27
2026-06-18 16:22:07 INFO crypto_research.load:   zenusdt: rows=1133280 2024-04-01 .. 2026-05-27
2026-06-18 16:22:09 INFO crypto_research.ml_dataset: [ml] pooled daily: pairs=49 rows=38563 period=2024-04-01..2026-05-31
2026-06-18 16:22:09 INFO crypto_research.ml_ema_dev_norm: [ml] ema_dev_pair_norm bounds: pairs=49
2026-06-18 16:22:09 INFO crypto_research.ml_numeric_features: [ml] bounds ema_dev_pair_norm: pairs=49
2026-06-18 16:22:10 INFO crypto_research.ml_numeric_features: [ml] bounds rsi_pair_norm: pairs=49
2026-06-18 16:22:10 INFO crypto_research.ml_dataset: [ml] ema_dev_pair_norm: min=-4.914 max=8.584 mean=-0.014
2026-06-18 16:22:10 INFO crypto_research.ml_dataset: [ml] rsi_pair_norm: min=-2.053 max=2.062 mean=-0.082
2026-06-18 16:22:10 INFO crypto_research.ml_dataset: [ml] dataset studies=['day_of_week_ml', 'ema_spreads_ml', 'rsi_spreads_ml'] features=['pair_id', 'weekday_enc', 'ema_dev_pair_norm', 'rsi_pair_norm'] rows=31917 pairs=49 up_rate=0.503
2026-06-18 16:22:10 INFO crypto_research.ml_dataset: [ml] ema_dev_pair_norm: min=-4.918 max=15.840 mean=-0.087
2026-06-18 16:22:10 INFO crypto_research.ml_dataset: [ml] rsi_pair_norm: min=-1.864 max=2.022 mean=-0.170
2026-06-18 16:22:10 INFO crypto_research.ml_dataset: [ml] dataset studies=['day_of_week_ml', 'ema_spreads_ml', 'rsi_spreads_ml'] features=['pair_id', 'weekday_enc', 'ema_dev_pair_norm', 'rsi_pair_norm'] rows=38073 pairs=49 up_rate=0.478
2026-06-18 16:22:10 INFO crypto_research.ml_research: Dataset columns (9): ['day_utc', 'pair', 'weekday', 'return_pct', 'direction_up', 'ema_dev_pair_norm', 'rsi_pair_norm', 'pair_id', 'weekday_enc']
2026-06-18 16:22:10 INFO crypto_research.ml_research: Dataset head (50 rows):
shape: (50, 9)
┌───────────┬───────────┬─────────┬──────────┬──────────┬──────────┬──────────┬─────────┬──────────┐
│ day_utc   ┆ pair      ┆ weekday ┆ return_p ┆ directio ┆ ema_dev_ ┆ rsi_pair ┆ pair_id ┆ weekday_ │
│ ---       ┆ ---       ┆ ---     ┆ ct       ┆ n_up     ┆ pair_nor ┆ _norm    ┆ ---     ┆ enc      │
│ datetime[ ┆ str       ┆ i64     ┆ ---      ┆ ---      ┆ m        ┆ ---      ┆ cat     ┆ ---      │
│ μs, UTC]  ┆           ┆         ┆ f64      ┆ i8       ┆ ---      ┆ f64      ┆         ┆ cat      │
│           ┆           ┆         ┆          ┆          ┆ f64      ┆          ┆         ┆          │
╞═══════════╪═══════════╪═════════╪══════════╪══════════╪══════════╪══════════╪═════════╪══════════╡
│ 2022-01-1 ┆ aaveusdt  ┆ 1       ┆ 6.788570 ┆ 1        ┆ -1.02301 ┆ -2.03083 ┆ 1       ┆ 1        │
│ 1         ┆           ┆         ┆ 83097558 ┆          ┆ 04369461 ┆ 49872019 ┆         ┆          │
│ 00:00:00  ┆           ┆         ┆ 5        ┆          ┆ 848      ┆ 544      ┆         ┆          │
│ UTC       ┆           ┆         ┆          ┆          ┆          ┆          ┆         ┆          │
│ 2022-01-1 ┆ adausdt   ┆ 1       ┆ 5.610469 ┆ 1        ┆ -1       ┆ -1.39733 ┆ 2       ┆ 1        │
│ 1         ┆           ┆         ┆ 60964664 ┆          ┆          ┆ 73337343 ┆         ┆          │
│ 00:00:00  ┆           ┆         ┆ 2        ┆          ┆          ┆ 23       ┆         ┆          │
│ UTC       ┆           ┆         ┆          ┆          ┆          ┆          ┆         ┆          │
│ 2022-01-1 ┆ algousdt  ┆ 1       ┆ 6.162875 ┆ 1        ┆ -0.86743 ┆ -1.15551 ┆ 3       ┆ 1        │
│ 1         ┆           ┆         ┆ 21953793 ┆          ┆ 41300673 ┆ 81086904 ┆         ┆          │
│ 00:00:00  ┆           ┆         ┆ 9        ┆          ┆ 081      ┆ 938      ┆         ┆          │
│ UTC       ┆           ┆         ┆          ┆          ┆          ┆          ┆         ┆          │
│ 2022-01-1 ┆ aliceusdt ┆ 1       ┆ 6.372554 ┆ 1        ┆ -1.02727 ┆ -1.16908 ┆ 4       ┆ 1        │
│ 1         ┆           ┆         ┆ 74862032 ┆          ┆ 97277676 ┆ 72562617 ┆         ┆          │
│ 00:00:00  ┆           ┆         ┆ 8        ┆          ┆ 51       ┆ 576      ┆         ┆          │
│ UTC       ┆           ┆         ┆          ┆          ┆          ┆          ┆         ┆          │
│ 2022-01-1 ┆ atomusdt  ┆ 1       ┆ 2.165873 ┆ 1        ┆ 0.130404 ┆ 0.160004 ┆ 8       ┆ 1        │
│ 1         ┆           ┆         ┆ 43265920 ┆          ┆ 48087863 ┆ 80407343 ┆         ┆          │
│ 00:00:00  ┆           ┆         ┆ 84       ┆          ┆ 565      ┆ 476      ┆         ┆          │
│ UTC       ┆           ┆         ┆          ┆          ┆          ┆          ┆         ┆          │
│ 2022-01-1 ┆ avaxusdt  ┆ 1       ┆ 6.079645 ┆ 1        ┆ -0.96168 ┆ -1.42007 ┆ 9       ┆ 1        │
│ 1         ┆           ┆         ┆ 70964085 ┆          ┆ 68083200 ┆ 66493461 ┆         ┆          │
│ 00:00:00  ┆           ┆         ┆ 9        ┆          ┆ 584      ┆ 732      ┆         ┆          │
│ UTC       ┆           ┆         ┆          ┆          ┆          ┆          ┆         ┆          │
│ 2022-01-1 ┆ bchusdt   ┆ 1       ┆ 1.650392 ┆ 1        ┆ -1.01350 ┆ -1.70219 ┆ 11      ┆ 1        │
│ 1         ┆           ┆         ┆ 02350814 ┆          ┆ 60783051 ┆ 84673630 ┆         ┆          │
│ 00:00:00  ┆           ┆         ┆ 73       ┆          ┆ 932      ┆ 62       ┆         ┆          │
│ UTC       ┆           ┆         ┆          ┆          ┆          ┆          ┆         ┆          │
│ 2022-01-1 ┆ bnbusdt   ┆ 1       ┆ 8.946439 ┆ 1        ┆ -1.33303 ┆ -1.76214 ┆ 12      ┆ 1        │
│ 1         ┆           ┆         ┆ 08181283 ┆          ┆ 81459113 ┆ 78216658 ┆         ┆          │
│ 00:00:00  ┆           ┆         ┆          ┆          ┆ 234      ┆ 728      ┆         ┆          │
│ UTC       ┆           ┆         ┆          ┆          ┆          ┆          ┆         ┆          │
│ 2022-01-1 ┆ btcusdt   ┆ 1       ┆ 2.134707 ┆ 1        ┆ -0.63198 ┆ -1.75825 ┆ 13      ┆ 1        │
│ 1         ┆           ┆         ┆ 83802530 ┆          ┆ 84518503 ┆ 15118565 ┆         ┆          │
│ 00:00:00  ┆           ┆         ┆ 57       ┆          ┆ 163      ┆ 332      ┆         ┆          │
│ UTC       ┆           ┆         ┆          ┆          ┆          ┆          ┆         ┆          │
│ 2022-01-1 ┆ crvusdt   ┆ 1       ┆ 6.604863 ┆ 1        ┆ -1.16000 ┆ -1.32054 ┆ 15      ┆ 1        │
│ 1         ┆           ┆         ┆ 12011069 ┆          ┆ 89953543 ┆ 00031884 ┆         ┆          │
│ 00:00:00  ┆           ┆         ┆ 2        ┆          ┆ 349      ┆ 917      ┆         ┆          │
│ UTC       ┆           ┆         ┆          ┆          ┆          ┆          ┆         ┆          │
│ 2022-01-1 ┆ dogeusdt  ┆ 1       ┆ 7.482508 ┆ 1        ┆ -1.01669 ┆ -1.92760 ┆ 17      ┆ 1        │
│ 1         ┆           ┆         ┆ 33006132 ┆          ┆ 84201353 ┆ 83349825 ┆         ┆          │
│ 00:00:00  ┆           ┆         ┆ 95       ┆          ┆ 448      ┆ 97       ┆         ┆          │
│ UTC       ┆           ┆         ┆          ┆          ┆          ┆          ┆         ┆          │
│ 2022-01-1 ┆ dotusdt   ┆ 1       ┆ 7.766990 ┆ 1        ┆ -1       ┆ -1.12342 ┆ 18      ┆ 1        │
│ 1         ┆           ┆         ┆ 76026882 ┆          ┆          ┆ 65551864 ┆         ┆          │
│ 00:00:00  ┆           ┆         ┆ 55       ┆          ┆          ┆ 31       ┆         ┆          │
│ UTC       ┆           ┆         ┆          ┆          ┆          ┆          ┆         ┆          │
│ 2022-01-1 ┆ dydxusdt  ┆ 1       ┆ 11.61695 ┆ 1        ┆ -0.99710 ┆ -1.84297 ┆ 19      ┆ 1        │
│ 1         ┆           ┆         ┆ 85753512 ┆          ┆ 51695789 ┆ 10824826 ┆         ┆          │
│ 00:00:00  ┆           ┆         ┆ 76       ┆          ┆ 355      ┆ 42       ┆         ┆          │
│ UTC       ┆           ┆         ┆          ┆          ┆          ┆          ┆         ┆          │
│ 2022-01-1 ┆ enjusdt   ┆ 1       ┆ 6.766748 ┆ 1        ┆ -0.92189 ┆ -0.88213 ┆ 21      ┆ 1        │
│ 1         ┆           ┆         ┆ 87794598 ┆          ┆ 85975893 ┆ 90930325 ┆         ┆          │
│ 00:00:00  ┆           ┆         ┆ 4        ┆          ┆ 35       ┆ 894      ┆         ┆          │
│ UTC       ┆           ┆         ┆          ┆          ┆          ┆          ┆         ┆          │
│ 2022-01-1 ┆ ethusdt   ┆ 1       ┆ 4.996755 ┆ 1        ┆ -0.97132 ┆ -1.50616 ┆ 23      ┆ 1        │
│ 1         ┆           ┆         ┆ 35366645 ┆          ┆ 67847166 ┆ 43629412 ┆         ┆          │
│ 00:00:00  ┆           ┆         ┆          ┆          ┆ 703      ┆ 935      ┆         ┆          │
│ UTC       ┆           ┆         ┆          ┆          ┆          ┆          ┆         ┆          │
│ 2022-01-1 ┆ filusdt   ┆ 1       ┆ 2.558639 ┆ 1        ┆ -1.01015 ┆ -1.31314 ┆ 24      ┆ 1        │
│ 1         ┆           ┆         ┆ 78791692 ┆          ┆ 59418583 ┆ 47629224 ┆         ┆          │
│ 00:00:00  ┆           ┆         ┆ 6        ┆          ┆ 597      ┆ 229      ┆         ┆          │
│ UTC       ┆           ┆         ┆          ┆          ┆          ┆          ┆         ┆          │
│ 2022-01-1 ┆ galausdt  ┆ 1       ┆ 4.528559 ┆ 1        ┆ -1.30330 ┆ -1.48517 ┆ 25      ┆ 1        │
│ 1         ┆           ┆         ┆ 83128340 ┆          ┆ 13109448 ┆ 51525926 ┆         ┆          │
│ 00:00:00  ┆           ┆         ┆ 34       ┆          ┆ 117      ┆ 433      ┆         ┆          │
│ UTC       ┆           ┆         ┆          ┆          ┆          ┆          ┆         ┆          │
│ 2022-01-1 ┆ linkusdt  ┆ 1       ┆ -4.83513 ┆ 0        ┆ 1.166937 ┆ 1.637723 ┆ 31      ┆ 1        │
│ 1         ┆           ┆         ┆ 08490143 ┆          ┆ 95247220 ┆ 11098115 ┆         ┆          │
│ 00:00:00  ┆           ┆         ┆ 445      ┆          ┆ 5        ┆ 34       ┆         ┆          │
│ UTC       ┆           ┆         ┆          ┆          ┆          ┆          ┆         ┆          │
│ 2022-01-1 ┆ ltcusdt   ┆ 1       ┆ 3.912113 ┆ 1        ┆ -0.79054 ┆ -1.80831 ┆ 32      ┆ 1        │
│ 1         ┆           ┆         ┆ 32964314 ┆          ┆ 04511078 ┆ 78460921 ┆         ┆          │
│ 00:00:00  ┆           ┆         ┆ 94       ┆          ┆ 287      ┆ 738      ┆         ┆          │
│ UTC       ┆           ┆         ┆          ┆          ┆          ┆          ┆         ┆          │
│ 2022-01-1 ┆ nearusdt  ┆ 1       ┆ 16.60959 ┆ 1        ┆ 0.292810 ┆ 0.048835 ┆ 33      ┆ 1        │
│ 1         ┆           ┆         ┆ 44847940 ┆          ┆ 58031217 ┆ 97469692 ┆         ┆          │
│ 00:00:00  ┆           ┆         ┆ 73       ┆          ┆ 3        ┆ 7575     ┆         ┆          │
│ UTC       ┆           ┆         ┆          ┆          ┆          ┆          ┆         ┆          │
│ 2022-01-1 ┆ solusdt   ┆ 1       ┆ 3.238861 ┆ 1        ┆ -0.78192 ┆ -1.63487 ┆ 39      ┆ 1        │
│ 1         ┆           ┆         ┆ 75840996 ┆          ┆ 17979769 ┆ 06445915 ┆         ┆          │
│ 00:00:00  ┆           ┆         ┆ 8        ┆          ┆ 039      ┆ 702      ┆         ┆          │
│ UTC       ┆           ┆         ┆          ┆          ┆          ┆          ┆         ┆          │
│ 2022-01-1 ┆ uniusdt   ┆ 1       ┆ 5.525776 ┆ 1        ┆ -0.73600 ┆ -0.85307 ┆ 43      ┆ 1        │
│ 1         ┆           ┆         ┆ 15494875 ┆          ┆ 77620792 ┆ 92711270 ┆         ┆          │
│ 00:00:00  ┆           ┆         ┆ 65       ┆          ┆ 981      ┆ 476      ┆         ┆          │
│ UTC       ┆           ┆         ┆          ┆          ┆          ┆          ┆         ┆          │
│ 2022-01-1 ┆ xrpusdt   ┆ 1       ┆ 4.099028 ┆ 1        ┆ -0.72262 ┆ -1.55834 ┆ 46      ┆ 1        │
│ 1         ┆           ┆         ┆ 86035628 ┆          ┆ 42374373 ┆ 62689840 ┆         ┆          │
│ 00:00:00  ┆           ┆         ┆ 3        ┆          ┆ 969      ┆ 615      ┆         ┆          │
│ UTC       ┆           ┆         ┆          ┆          ┆          ┆          ┆         ┆          │
│ 2022-01-1 ┆ zecusdt   ┆ 1       ┆ 0.141741 ┆ 1        ┆ -0.15228 ┆ -0.65740 ┆ 47      ┆ 1        │
│ 1         ┆           ┆         ┆ 27540112 ┆          ┆ 24243013 ┆ 78393847 ┆         ┆          │
│ 00:00:00  ┆           ┆         ┆ 447      ┆          ┆ 1114     ┆ 71       ┆         ┆          │
│ UTC       ┆           ┆         ┆          ┆          ┆          ┆          ┆         ┆          │
│ 2022-01-1 ┆ aaveusdt  ┆ 2       ┆ 2.439602 ┆ 1        ┆ -0.37655 ┆ -1.30669 ┆ 1       ┆ 2        │
│ 2         ┆           ┆         ┆ 32509160 ┆          ┆ 10963004 ┆ 51415190 ┆         ┆          │
│ 00:00:00  ┆           ┆         ┆ 63       ┆          ┆ 8034     ┆ 08       ┆         ┆          │
│ UTC       ┆           ┆         ┆          ┆          ┆          ┆          ┆         ┆          │
│ 2022-01-1 ┆ adausdt   ┆ 2       ┆ 10.60797 ┆ 1        ┆ -0.32038 ┆ -0.86739 ┆ 2       ┆ 2        │
│ 2         ┆           ┆         ┆ 84480375 ┆          ┆ 51336679 ┆ 55767137 ┆         ┆          │
│ 00:00:00  ┆           ┆         ┆ 55       ┆          ┆ 36       ┆ 441      ┆         ┆          │
│ UTC       ┆           ┆         ┆          ┆          ┆          ┆          ┆         ┆          │
│ 2022-01-1 ┆ algousdt  ┆ 2       ┆ 3.662748 ┆ 1        ┆ -0.28445 ┆ -0.75970 ┆ 3       ┆ 2        │
│ 2         ┆           ┆         ┆ 60532548 ┆          ┆ 36684584 ┆ 16316217 ┆         ┆          │
│ 00:00:00  ┆           ┆         ┆ 3        ┆          ┆ 358      ┆ 354      ┆         ┆          │
│ UTC       ┆           ┆         ┆          ┆          ┆          ┆          ┆         ┆          │
│ 2022-01-1 ┆ aliceusdt ┆ 2       ┆ 5.990779 ┆ 1        ┆ -0.45122 ┆ -0.79149 ┆ 4       ┆ 2        │
│ 2         ┆           ┆         ┆ 68366140 ┆          ┆ 53217271 ┆ 01915079 ┆         ┆          │
│ 00:00:00  ┆           ┆         ┆ 65       ┆          ┆ 7783     ┆ 75       ┆         ┆          │
│ UTC       ┆           ┆         ┆          ┆          ┆          ┆          ┆         ┆          │
│ 2022-01-1 ┆ atomusdt  ┆ 2       ┆ 4.084793 ┆ 1        ┆ 0.309669 ┆ 0.248128 ┆ 8       ┆ 2        │
│ 2         ┆           ┆         ┆ 18482839 ┆          ┆ 20090098 ┆ 20404791 ┆         ┆          │
│ 00:00:00  ┆           ┆         ┆ 3        ┆          ┆ 315      ┆ 78       ┆         ┆          │
│ UTC       ┆           ┆         ┆          ┆          ┆          ┆          ┆         ┆          │
│ 2022-01-1 ┆ avaxusdt  ┆ 2       ┆ 7.323204 ┆ 1        ┆ -0.36172 ┆ -1.01775 ┆ 9       ┆ 2        │
│ 2         ┆           ┆         ┆ 27743856 ┆          ┆ 31716695 ┆ 87961708 ┆         ┆          │
│ 00:00:00  ┆           ┆         ┆ 7        ┆          ┆ 066      ┆ 219      ┆         ┆          │
│ UTC       ┆           ┆         ┆          ┆          ┆          ┆          ┆         ┆          │
│ 2022-01-1 ┆ bchusdt   ┆ 2       ┆ 3.801926 ┆ 1        ┆ -0.66113 ┆ -1.46031 ┆ 11      ┆ 2        │
│ 2         ┆           ┆         ┆ 33598950 ┆          ┆ 29111727 ┆ 10831320 ┆         ┆          │
│ 00:00:00  ┆           ┆         ┆ 37       ┆          ┆ 483      ┆ 198      ┆         ┆          │
│ UTC       ┆           ┆         ┆          ┆          ┆          ┆          ┆         ┆          │
│ 2022-01-1 ┆ bnbusdt   ┆ 2       ┆ 5.348460 ┆ 1        ┆ 0.014108 ┆ -0.84088 ┆ 12      ┆ 2        │
│ 2         ┆           ┆         ┆ 29173419 ┆          ┆ 01489609 ┆ 25481626 ┆         ┆          │
│ 00:00:00  ┆           ┆         ┆ 8        ┆          ┆ 4248     ┆ 779      ┆         ┆          │
│ UTC       ┆           ┆         ┆          ┆          ┆          ┆          ┆         ┆          │
│ 2022-01-1 ┆ btcusdt   ┆ 2       ┆ 2.782103 ┆ 1        ┆ -0.21801 ┆ -1.30854 ┆ 13      ┆ 2        │
│ 2         ┆           ┆         ┆ 67317307 ┆          ┆ 80476219 ┆ 21773560 ┆         ┆          │
│ 00:00:00  ┆           ┆         ┆ 35       ┆          ┆ 1915     ┆ 837      ┆         ┆          │
│ UTC       ┆           ┆         ┆          ┆          ┆          ┆          ┆         ┆          │
│ 2022-01-1 ┆ crvusdt   ┆ 2       ┆ 6.543480 ┆ 1        ┆ -0.60570 ┆ -0.97298 ┆ 15      ┆ 2        │
│ 2         ┆           ┆         ┆ 96730358 ┆          ┆ 27461305 ┆ 26603218 ┆         ┆          │
│ 00:00:00  ┆           ┆         ┆ 6        ┆          ┆ 695      ┆ 545      ┆         ┆          │
│ UTC       ┆           ┆         ┆          ┆          ┆          ┆          ┆         ┆          │
│ 2022-01-1 ┆ dogeusdt  ┆ 2       ┆ 5.790502 ┆ 1        ┆ -0.16726 ┆ -0.88209 ┆ 17      ┆ 2        │
│ 2         ┆           ┆         ┆ 26900969 ┆          ┆ 54696116 ┆ 58396160 ┆         ┆          │
│ 00:00:00  ┆           ┆         ┆ 5        ┆          ┆ 402      ┆ 115      ┆         ┆          │
│ UTC       ┆           ┆         ┆          ┆          ┆          ┆          ┆         ┆          │
│ 2022-01-1 ┆ dotusdt   ┆ 2       ┆ 6.952603 ┆ 1        ┆ -0.10955 ┆ -0.53773 ┆ 18      ┆ 2        │
│ 2         ┆           ┆         ┆ 09749524 ┆          ┆ 43200708 ┆ 36176970 ┆         ┆          │
│ 00:00:00  ┆           ┆         ┆ 7        ┆          ┆ 026      ┆ 129      ┆         ┆          │
│ UTC       ┆           ┆         ┆          ┆          ┆          ┆          ┆         ┆          │
│ 2022-01-1 ┆ dydxusdt  ┆ 2       ┆ 9.071729 ┆ 1        ┆ -0.14912 ┆ -0.87066 ┆ 19      ┆ 2        │
│ 2         ┆           ┆         ┆ 51919055 ┆          ┆ 95505891 ┆ 11737833 ┆         ┆          │
│ 00:00:00  ┆           ┆         ┆          ┆          ┆ 7873     ┆ 426      ┆         ┆          │
│ UTC       ┆           ┆         ┆          ┆          ┆          ┆          ┆         ┆          │
│ 2022-01-1 ┆ enjusdt   ┆ 2       ┆ 9.171528 ┆ 1        ┆ -0.30677 ┆ -0.53883 ┆ 21      ┆ 2        │
│ 2         ┆           ┆         ┆ 72771021 ┆          ┆ 61700692 ┆ 49781357 ┆         ┆          │
│ 00:00:00  ┆           ┆         ┆          ┆          ┆ 503      ┆ 886      ┆         ┆          │
│ UTC       ┆           ┆         ┆          ┆          ┆          ┆          ┆         ┆          │
│ 2022-01-1 ┆ ethusdt   ┆ 2       ┆ 4.127010 ┆ 1        ┆ -0.31954 ┆ -1.01937 ┆ 23      ┆ 2        │
│ 2         ┆           ┆         ┆ 16156134 ┆          ┆ 77620333 ┆ 81729503 ┆         ┆          │
│ 00:00:00  ┆           ┆         ┆ 15       ┆          ┆ 4767     ┆ 903      ┆         ┆          │
│ UTC       ┆           ┆         ┆          ┆          ┆          ┆          ┆         ┆          │
│ 2022-01-1 ┆ filusdt   ┆ 2       ┆ 6.479552 ┆ 1        ┆ -0.65712 ┆ -1.09848 ┆ 24      ┆ 2        │
│ 2         ┆           ┆         ┆ 64149935 ┆          ┆ 45120546 ┆ 54895667 ┆         ┆          │
│ 00:00:00  ┆           ┆         ┆ 85       ┆          ┆ 244      ┆ 544      ┆         ┆          │
│ UTC       ┆           ┆         ┆          ┆          ┆          ┆          ┆         ┆          │
│ 2022-01-1 ┆ galausdt  ┆ 2       ┆ 12.05827 ┆ 1        ┆ -0.80633 ┆ -1.22751 ┆ 25      ┆ 2        │
│ 2         ┆           ┆         ┆ 05561297 ┆          ┆ 15682268 ┆ 05467659 ┆         ┆          │
│ 00:00:00  ┆           ┆         ┆ 08       ┆          ┆ 392      ┆ 482      ┆         ┆          │
│ UTC       ┆           ┆         ┆          ┆          ┆          ┆          ┆         ┆          │
│ 2022-01-1 ┆ linkusdt  ┆ 2       ┆ 0.544902 ┆ 1        ┆ 0.443513 ┆ 1.090422 ┆ 31      ┆ 2        │
│ 2         ┆           ┆         ┆ 46933189 ┆          ┆ 08824436 ┆ 96665289 ┆         ┆          │
│ 00:00:00  ┆           ┆         ┆ 9        ┆          ┆ 34       ┆ 17       ┆         ┆          │
│ UTC       ┆           ┆         ┆          ┆          ┆          ┆          ┆         ┆          │
│ 2022-01-1 ┆ ltcusdt   ┆ 2       ┆ 7.909955 ┆ 1        ┆ -0.28256 ┆ -1.17154 ┆ 32      ┆ 2        │
│ 2         ┆           ┆         ┆ 50138667 ┆          ┆ 38478929 ┆ 44501975 ┆         ┆          │
│ 00:00:00  ┆           ┆         ┆ 2        ┆          ┆ 974      ┆ 072      ┆         ┆          │
│ UTC       ┆           ┆         ┆          ┆          ┆          ┆          ┆         ┆          │
│ 2022-01-1 ┆ nearusdt  ┆ 2       ┆ -2.64819 ┆ 0        ┆ 1.273197 ┆ 0.500215 ┆ 33      ┆ 2        │
│ 2         ┆           ┆         ┆ 25414106 ┆          ┆ 82913487 ┆ 89576212 ┆         ┆          │
│ 00:00:00  ┆           ┆         ┆ 01       ┆          ┆ 53       ┆ 97       ┆         ┆          │
│ UTC       ┆           ┆         ┆          ┆          ┆          ┆          ┆         ┆          │
│ 2022-01-1 ┆ solusdt   ┆ 2       ┆ 7.967916 ┆ 1        ┆ -0.43941 ┆ -1.35469 ┆ 39      ┆ 2        │
│ 2         ┆           ┆         ┆ 61444407 ┆          ┆ 24430115 ┆ 55595969 ┆         ┆          │
│ 00:00:00  ┆           ┆         ┆ 3        ┆          ┆ 105      ┆ 155      ┆         ┆          │
│ UTC       ┆           ┆         ┆          ┆          ┆          ┆          ┆         ┆          │
│ 2022-01-1 ┆ uniusdt   ┆ 2       ┆ 2.050674 ┆ 1        ┆ -0.17071 ┆ -0.45644 ┆ 43      ┆ 2        │
│ 2         ┆           ┆         ┆ 87738024 ┆          ┆ 82768183 ┆ 81937876 ┆         ┆          │
│ 00:00:00  ┆           ┆         ┆ 6        ┆          ┆ 6452     ┆ 861      ┆         ┆          │
│ UTC       ┆           ┆         ┆          ┆          ┆          ┆          ┆         ┆          │
│ 2022-01-1 ┆ xrpusdt   ┆ 2       ┆ 3.755681 ┆ 1        ┆ -0.11648 ┆ -0.89576 ┆ 46      ┆ 2        │
│ 2         ┆           ┆         ┆ 22491686 ┆          ┆ 21264279 ┆ 40431725 ┆         ┆          │
│ 00:00:00  ┆           ┆         ┆ 34       ┆          ┆ 773      ┆ 48       ┆         ┆          │
│ UTC       ┆           ┆         ┆          ┆          ┆          ┆          ┆         ┆          │
│ 2022-01-1 ┆ zecusdt   ┆ 2       ┆ 2.229294 ┆ 1        ┆ -0.11183 ┆ -0.63481 ┆ 47      ┆ 2        │
│ 2         ┆           ┆         ┆ 99536566 ┆          ┆ 77861433 ┆ 66481588 ┆         ┆          │
│ 00:00:00  ┆           ┆         ┆ 93       ┆          ┆ 0515     ┆ 624      ┆         ┆          │
│ UTC       ┆           ┆         ┆          ┆          ┆          ┆          ┆         ┆          │
│ 2022-01-1 ┆ aaveusdt  ┆ 3       ┆ -4.28211 ┆ 0        ┆ -0.12891 ┆ -1.06682 ┆ 1       ┆ 3        │
│ 3         ┆           ┆         ┆ 85446099 ┆          ┆ 64940441 ┆ 05979331 ┆         ┆          │
│ 00:00:00  ┆           ┆         ┆ 61       ┆          ┆ 6425     ┆ 093      ┆         ┆          │
│ UTC       ┆           ┆         ┆          ┆          ┆          ┆          ┆         ┆          │
│ 2022-01-1 ┆ adausdt   ┆ 3       ┆ -6.13707 ┆ 0        ┆ 0.708785 ┆ -0.14372 ┆ 2       ┆ 3        │
│ 3         ┆           ┆         ┆ 45983695 ┆          ┆ 92999285 ┆ 46937357 ┆         ┆          │
│ 00:00:00  ┆           ┆         ┆ 67       ┆          ┆ 28       ┆ 2572     ┆         ┆          │
│ UTC       ┆           ┆         ┆          ┆          ┆          ┆          ┆         ┆          │
└───────────┴───────────┴─────────┴──────────┴──────────┴──────────┴──────────┴─────────┴──────────┘
2026-06-18 16:22:10 INFO crypto_research.ml_cpcv: [ml] X: shape=(31917, 4) columns=['pair_id', 'weekday_enc', 'ema_dev_pair_norm', 'rsi_pair_norm'] dtypes={'pair_id': 'category', 'weekday_enc': 'category', 'ema_dev_pair_norm': 'float64', 'rsi_pair_norm': 'float64'}
2026-06-18 16:22:10 INFO crypto_research.ml_cpcv: [ml] X head (3 rows):
  pair_id weekday_enc  ema_dev_pair_norm  rsi_pair_norm
0       1           1          -1.023010      -2.030835
1       2           1          -1.000000      -1.397337
2       3           1          -0.867434      -1.155518
2026-06-18 16:22:10 INFO crypto_research.ml_cpcv: [ml] y (direction_up): shape=(31917,) dtype=int8 distribution={0: 15855, 1: 16062}
2026-06-18 16:22:10 INFO crypto_research.ml_cpcv: [ml] y head (3 values): [1, 1, 1]
2026-06-18 16:22:10 INFO crypto_research.ml_cpcv: [ml] CV: CombinatorialPurgedCV n_splits=7 n_test_groups=2 embargo_days=1 n_folds=C(7,2)=21 n_days=812
2026-06-18 16:22:10 INFO crypto_research.ml_cpcv: [ml] CV time range: 2022-01-11 00:00:00+00:00 .. 2024-04-01 00:00:00+00:00 (prediction_times=evaluation_times, purge=None)
2026-06-18 16:22:10 INFO crypto_research.ml_cpcv: [ml] CV day splits:
  fold1: train_days=579 test_days=232
  fold2: train_days=578 test_days=232
  fold3: train_days=578 test_days=232
  fold4: train_days=578 test_days=232
  fold5: train_days=578 test_days=232
  fold6: train_days=579 test_days=232
  fold7: train_days=579 test_days=232
  fold8: train_days=578 test_days=232
  fold9: train_days=578 test_days=232
  fold10: train_days=578 test_days=232
  fold11: train_days=579 test_days=232
  fold12: train_days=579 test_days=232
  fold13: train_days=578 test_days=232
  fold14: train_days=578 test_days=232
  fold15: train_days=579 test_days=232
  fold16: train_days=579 test_days=232
  fold17: train_days=578 test_days=232
  fold18: train_days=579 test_days=232
  fold19: train_days=579 test_days=232
  fold20: train_days=579 test_days=232
  fold21: train_days=580 test_days=232
2026-06-18 16:22:10 INFO crypto_research.ml_cpcv: [ml] fold 1/21 → model.fit: X_train=(25693, 4) y_train=(25693,) days=('2022-09-01 00:00:00+00:00', '2024-04-01 00:00:00+00:00') dist={0: 12646, 1: 13047}
2026-06-18 16:22:10 INFO crypto_research.ml_cpcv: [ml] fold 1/21 → model.predict: X_test=(6196, 4) y_test=(6196,) days=('2022-01-11 00:00:00+00:00', '2022-08-30 00:00:00+00:00') dist={0: 3197, 1: 2999}
2026-06-18 16:22:10 INFO crypto_research.ml_cpcv: [ml] fold 1 X_train head:
     pair_id weekday_enc  ema_dev_pair_norm  rsi_pair_norm
6224       1           3          -0.098971      -0.325285
6225       2           3          -0.187874      -0.405108
6226       3           3          -0.236484      -0.533941
2026-06-18 16:22:10 INFO crypto_research.ml_cpcv: [ml] fold 1 y_train head: [1, 1, 1]
2026-06-18 16:22:10 INFO crypto_research.ml_cpcv: [ml] fold 1 X_test head:
  pair_id weekday_enc  ema_dev_pair_norm  rsi_pair_norm
0       1           1          -1.023010      -2.030835
1       2           1          -1.000000      -1.397337
2       3           1          -0.867434      -1.155518
2026-06-18 16:22:10 INFO crypto_research.ml_cpcv: [ml] fold 1 y_test head: [1, 1, 1]
2026-06-18 16:22:10 INFO crypto_research.ml_cpcv: [ml] fold 1/21 train=25693 test=6196 acc=0.5307 auc=0.5490
2026-06-18 16:22:10 INFO crypto_research.ml_cpcv: [ml] fold 2/21 → model.fit: X_train=(25568, 4) y_train=(25568,) days=('2022-05-08 00:00:00+00:00', '2024-04-01 00:00:00+00:00') dist={0: 12559, 1: 13009}
2026-06-18 16:22:10 INFO crypto_research.ml_cpcv: [ml] fold 2/21 → model.predict: X_test=(6293, 4) y_test=(6293,) days=('2022-01-11 00:00:00+00:00', '2022-12-24 00:00:00+00:00') dist={0: 3251, 1: 3042}
2026-06-18 16:22:10 INFO crypto_research.ml_cpcv: [ml] fold 2/21 train=25568 test=6293 acc=0.5342 auc=0.5649
2026-06-18 16:22:11 INFO crypto_research.ml_cpcv: [ml] fold 3/21 → model.fit: X_train=(23489, 4) y_train=(23489,) days=('2022-05-08 00:00:00+00:00', '2024-04-01 00:00:00+00:00') dist={0: 11726, 1: 11763}
2026-06-18 16:22:11 INFO crypto_research.ml_cpcv: [ml] fold 3/21 → model.predict: X_test=(8352, 4) y_test=(8352,) days=('2022-01-11 00:00:00+00:00', '2023-04-19 00:00:00+00:00') dist={0: 4059, 1: 4293}
2026-06-18 16:22:11 INFO crypto_research.ml_cpcv: [ml] fold 3/21 train=23489 test=8352 acc=0.5238 auc=0.5180
2026-06-18 16:22:11 INFO crypto_research.ml_cpcv: [ml] fold 4/21 → model.fit: X_train=(23169, 4) y_train=(23169,) days=('2022-05-08 00:00:00+00:00', '2024-04-01 00:00:00+00:00') dist={0: 11297, 1: 11872}
2026-06-18 16:22:11 INFO crypto_research.ml_cpcv: [ml] fold 4/21 → model.predict: X_test=(8672, 4) y_test=(8672,) days=('2022-01-11 00:00:00+00:00', '2023-08-13 00:00:00+00:00') dist={0: 4512, 1: 4160}
2026-06-18 16:22:11 INFO crypto_research.ml_cpcv: [ml] fold 4/21 train=23169 test=8672 acc=0.5000 auc=0.5508
2026-06-18 16:22:11 INFO crypto_research.ml_cpcv: [ml] fold 5/21 → model.fit: X_train=(23169, 4) y_train=(23169,) days=('2022-05-08 00:00:00+00:00', '2024-04-01 00:00:00+00:00') dist={0: 11594, 1: 11575}
2026-06-18 16:22:11 INFO crypto_research.ml_cpcv: [ml] fold 5/21 → model.predict: X_test=(8672, 4) y_test=(8672,) days=('2022-01-11 00:00:00+00:00', '2023-12-07 00:00:00+00:00') dist={0: 4233, 1: 4439}
2026-06-18 16:22:11 INFO crypto_research.ml_cpcv: [ml] fold 5/21 train=23169 test=8672 acc=0.5268 auc=0.5407
2026-06-18 16:22:11 INFO crypto_research.ml_cpcv: [ml] fold 6/21 → model.fit: X_train=(23218, 4) y_train=(23218,) days=('2022-05-08 00:00:00+00:00', '2023-12-07 00:00:00+00:00') dist={0: 11587, 1: 11631}
2026-06-18 16:22:11 INFO crypto_research.ml_cpcv: [ml] fold 6/21 → model.predict: X_test=(8672, 4) y_test=(8672,) days=('2022-01-11 00:00:00+00:00', '2024-04-01 00:00:00+00:00') dist={0: 4243, 1: 4429}
2026-06-18 16:22:11 INFO crypto_research.ml_cpcv: [ml] fold 6/21 train=23218 test=8672 acc=0.5071 auc=0.5000
2026-06-18 16:22:11 INFO crypto_research.ml_cpcv: [ml] fold 7/21 → model.fit: X_train=(25375, 4) y_train=(25375,) days=('2022-01-11 00:00:00+00:00', '2024-04-01 00:00:00+00:00') dist={0: 12443, 1: 12932}
2026-06-18 16:22:11 INFO crypto_research.ml_cpcv: [ml] fold 7/21 → model.predict: X_test=(6513, 4) y_test=(6513,) days=('2022-05-07 00:00:00+00:00', '2022-12-24 00:00:00+00:00') dist={0: 3392, 1: 3121}
2026-06-18 16:22:11 INFO crypto_research.ml_cpcv: [ml] fold 7/21 train=25375 test=6513 acc=0.5005 auc=0.5238
2026-06-18 16:22:11 INFO crypto_research.ml_cpcv: [ml] fold 8/21 → model.fit: X_train=(23268, 4) y_train=(23268,) days=('2022-01-11 00:00:00+00:00', '2024-04-01 00:00:00+00:00') dist={0: 11598, 1: 11670}
2026-06-18 16:22:11 INFO crypto_research.ml_cpcv: [ml] fold 8/21 → model.predict: X_test=(8572, 4) y_test=(8572,) days=('2022-05-07 00:00:00+00:00', '2023-04-19 00:00:00+00:00') dist={0: 4200, 1: 4372}
2026-06-18 16:22:11 INFO crypto_research.ml_cpcv: [ml] fold 8/21 train=23268 test=8572 acc=0.5076 auc=0.5045
2026-06-18 16:22:11 INFO crypto_research.ml_cpcv: [ml] fold 9/21 → model.fit: X_train=(22948, 4) y_train=(22948,) days=('2022-01-11 00:00:00+00:00', '2024-04-01 00:00:00+00:00') dist={0: 11169, 1: 11779}
2026-06-18 16:22:11 INFO crypto_research.ml_cpcv: [ml] fold 9/21 → model.predict: X_test=(8892, 4) y_test=(8892,) days=('2022-05-07 00:00:00+00:00', '2023-08-13 00:00:00+00:00') dist={0: 4653, 1: 4239}
2026-06-18 16:22:11 INFO crypto_research.ml_cpcv: [ml] fold 9/21 train=22948 test=8892 acc=0.4994 auc=0.5449
2026-06-18 16:22:11 INFO crypto_research.ml_cpcv: [ml] fold 10/21 → model.fit: X_train=(22948, 4) y_train=(22948,) days=('2022-01-11 00:00:00+00:00', '2024-04-01 00:00:00+00:00') dist={0: 11466, 1: 11482}
2026-06-18 16:22:11 INFO crypto_research.ml_cpcv: [ml] fold 10/21 → model.predict: X_test=(8892, 4) y_test=(8892,) days=('2022-05-07 00:00:00+00:00', '2023-12-07 00:00:00+00:00') dist={0: 4374, 1: 4518}
2026-06-18 16:22:11 INFO crypto_research.ml_cpcv: [ml] fold 10/21 train=22948 test=8892 acc=0.5065 auc=0.5298
2026-06-18 16:22:11 INFO crypto_research.ml_cpcv: [ml] fold 11/21 → model.fit: X_train=(22997, 4) y_train=(22997,) days=('2022-01-11 00:00:00+00:00', '2023-12-07 00:00:00+00:00') dist={0: 11459, 1: 11538}
2026-06-18 16:22:11 INFO crypto_research.ml_cpcv: [ml] fold 11/21 → model.predict: X_test=(8892, 4) y_test=(8892,) days=('2022-05-07 00:00:00+00:00', '2024-04-01 00:00:00+00:00') dist={0: 4384, 1: 4508}
2026-06-18 16:22:11 INFO crypto_research.ml_cpcv: [ml] fold 11/21 train=22997 test=8892 acc=0.4740 auc=0.4663
2026-06-18 16:22:11 INFO crypto_research.ml_cpcv: [ml] fold 12/21 → model.fit: X_train=(23199, 4) y_train=(23199,) days=('2022-01-11 00:00:00+00:00', '2024-04-01 00:00:00+00:00') dist={0: 11556, 1: 11643}
2026-06-18 16:22:11 INFO crypto_research.ml_cpcv: [ml] fold 12/21 → model.predict: X_test=(8669, 4) y_test=(8669,) days=('2022-08-31 00:00:00+00:00', '2023-04-19 00:00:00+00:00') dist={0: 4254, 1: 4415}
2026-06-18 16:22:11 INFO crypto_research.ml_cpcv: [ml] fold 12/21 train=23199 test=8669 acc=0.5044 auc=0.5067
2026-06-18 16:22:11 INFO crypto_research.ml_cpcv: [ml] fold 13/21 → model.fit: X_train=(22850, 4) y_train=(22850,) days=('2022-01-11 00:00:00+00:00', '2024-04-01 00:00:00+00:00') dist={0: 11107, 1: 11743}
2026-06-18 16:22:11 INFO crypto_research.ml_cpcv: [ml] fold 13/21 → model.predict: X_test=(8989, 4) y_test=(8989,) days=('2022-08-31 00:00:00+00:00', '2023-08-13 00:00:00+00:00') dist={0: 4707, 1: 4282}
2026-06-18 16:22:11 INFO crypto_research.ml_cpcv: [ml] fold 13/21 train=22850 test=8989 acc=0.5054 auc=0.5166
2026-06-18 16:22:11 INFO crypto_research.ml_cpcv: [ml] fold 14/21 → model.fit: X_train=(22850, 4) y_train=(22850,) days=('2022-01-11 00:00:00+00:00', '2024-04-01 00:00:00+00:00') dist={0: 11404, 1: 11446}
2026-06-18 16:22:11 INFO crypto_research.ml_cpcv: [ml] fold 14/21 → model.predict: X_test=(8989, 4) y_test=(8989,) days=('2022-08-31 00:00:00+00:00', '2023-12-07 00:00:00+00:00') dist={0: 4428, 1: 4561}
2026-06-18 16:22:11 INFO crypto_research.ml_cpcv: [ml] fold 14/21 train=22850 test=8989 acc=0.5291 auc=0.5425
2026-06-18 16:22:11 INFO crypto_research.ml_cpcv: [ml] fold 15/21 → model.fit: X_train=(22899, 4) y_train=(22899,) days=('2022-01-11 00:00:00+00:00', '2023-12-07 00:00:00+00:00') dist={0: 11397, 1: 11502}
2026-06-18 16:22:11 INFO crypto_research.ml_cpcv: [ml] fold 15/21 → model.predict: X_test=(8989, 4) y_test=(8989,) days=('2022-08-31 00:00:00+00:00', '2024-04-01 00:00:00+00:00') dist={0: 4438, 1: 4551}
2026-06-18 16:22:11 INFO crypto_research.ml_cpcv: [ml] fold 15/21 train=22899 test=8989 acc=0.4874 auc=0.4903
2026-06-18 16:22:11 INFO crypto_research.ml_cpcv: [ml] fold 16/21 → model.fit: X_train=(20820, 4) y_train=(20820,) days=('2022-01-11 00:00:00+00:00', '2024-04-01 00:00:00+00:00') dist={0: 10319, 1: 10501}
2026-06-18 16:22:11 INFO crypto_research.ml_cpcv: [ml] fold 16/21 → model.predict: X_test=(11048, 4) y_test=(11048,) days=('2022-12-25 00:00:00+00:00', '2023-08-13 00:00:00+00:00') dist={0: 5515, 1: 5533}
2026-06-18 16:22:11 INFO crypto_research.ml_cpcv: [ml] fold 16/21 train=20820 test=11048 acc=0.4961 auc=0.4946
2026-06-18 16:22:11 INFO crypto_research.ml_cpcv: [ml] fold 17/21 → model.fit: X_train=(20771, 4) y_train=(20771,) days=('2022-01-11 00:00:00+00:00', '2024-04-01 00:00:00+00:00') dist={0: 10571, 1: 10200}
2026-06-18 16:22:11 INFO crypto_research.ml_cpcv: [ml] fold 17/21 → model.predict: X_test=(11048, 4) y_test=(11048,) days=('2022-12-25 00:00:00+00:00', '2023-12-07 00:00:00+00:00') dist={0: 5236, 1: 5812}
2026-06-18 16:22:11 INFO crypto_research.ml_cpcv: [ml] fold 17/21 train=20771 test=11048 acc=0.4923 auc=0.5191
2026-06-18 16:22:11 INFO crypto_research.ml_cpcv: [ml] fold 18/21 → model.fit: X_train=(20820, 4) y_train=(20820,) days=('2022-01-11 00:00:00+00:00', '2023-12-07 00:00:00+00:00') dist={0: 10564, 1: 10256}
2026-06-18 16:22:11 INFO crypto_research.ml_cpcv: [ml] fold 18/21 → model.predict: X_test=(11048, 4) y_test=(11048,) days=('2022-12-25 00:00:00+00:00', '2024-04-01 00:00:00+00:00') dist={0: 5246, 1: 5802}
2026-06-18 16:22:11 INFO crypto_research.ml_cpcv: [ml] fold 18/21 train=20820 test=11048 acc=0.4716 auc=0.5069
2026-06-18 16:22:11 INFO crypto_research.ml_cpcv: [ml] fold 19/21 → model.fit: X_train=(20500, 4) y_train=(20500,) days=('2022-01-11 00:00:00+00:00', '2024-04-01 00:00:00+00:00') dist={0: 10163, 1: 10337}
2026-06-18 16:22:11 INFO crypto_research.ml_cpcv: [ml] fold 19/21 → model.predict: X_test=(11368, 4) y_test=(11368,) days=('2023-04-20 00:00:00+00:00', '2023-12-07 00:00:00+00:00') dist={0: 5689, 1: 5679}
2026-06-18 16:22:11 INFO crypto_research.ml_cpcv: [ml] fold 19/21 train=20500 test=11368 acc=0.5084 auc=0.5108
2026-06-18 16:22:11 INFO crypto_research.ml_cpcv: [ml] fold 20/21 → model.fit: X_train=(20500, 4) y_train=(20500,) days=('2022-01-11 00:00:00+00:00', '2023-12-07 00:00:00+00:00') dist={0: 10135, 1: 10365}
2026-06-18 16:22:11 INFO crypto_research.ml_cpcv: [ml] fold 20/21 → model.predict: X_test=(11368, 4) y_test=(11368,) days=('2023-04-20 00:00:00+00:00', '2024-04-01 00:00:00+00:00') dist={0: 5699, 1: 5669}
2026-06-18 16:22:11 INFO crypto_research.ml_cpcv: [ml] fold 20/21 train=20500 test=11368 acc=0.5112 auc=0.5213
2026-06-18 16:22:11 INFO crypto_research.ml_cpcv: [ml] fold 21/21 → model.fit: X_train=(20549, 4) y_train=(20549,) days=('2022-01-11 00:00:00+00:00', '2023-08-13 00:00:00+00:00') dist={0: 10435, 1: 10114}
2026-06-18 16:22:11 INFO crypto_research.ml_cpcv: [ml] fold 21/21 → model.predict: X_test=(11368, 4) y_test=(11368,) days=('2023-08-14 00:00:00+00:00', '2024-04-01 00:00:00+00:00') dist={0: 5420, 1: 5948}
2026-06-18 16:22:11 INFO crypto_research.ml_cpcv: [ml] fold 21/21 train=20549 test=11368 acc=0.4754 auc=0.4872
2026-06-18 16:22:11 INFO crypto_research.ml_cpcv: [ml] CPCV mean: folds=21 acc=0.5044 logloss=0.6934 auc=0.5185
2026-06-18 16:22:11 INFO crypto_research.ml_cpcv: [ml] OOS paths: rows=31917 cols=[time_ns, y_prob, y_true] folds_merged=21
2026-06-18 16:22:11 INFO crypto_research.ml_cpcv: [ml] OOS calibration: brier=0.2500 ece=0.0140
2026-06-18 16:22:11 INFO crypto_research.ml_cpcv: [ml] OOS weekday Пн: n=4562 base_up=0.4908 pred_up=0.4851 acc=0.4542 logloss=0.6982 auc=0.4182
2026-06-18 16:22:11 INFO crypto_research.ml_cpcv: [ml] OOS weekday Вт: n=4557 base_up=0.5177 pred_up=0.5903 acc=0.5253 logloss=0.6880 auc=0.5491
2026-06-18 16:22:11 INFO crypto_research.ml_cpcv: [ml] OOS weekday Ср: n=4557 base_up=0.4955 pred_up=0.4637 acc=0.5012 logloss=0.6946 auc=0.4945
2026-06-18 16:22:11 INFO crypto_research.ml_cpcv: [ml] OOS weekday Чт: n=4559 base_up=0.4587 pred_up=0.1911 acc=0.5056 logloss=0.6934 auc=0.4769
2026-06-18 16:22:11 INFO crypto_research.ml_cpcv: [ml] OOS weekday Пт: n=4560 base_up=0.5610 pred_up=0.9390 acc=0.5474 logloss=0.6897 auc=0.4671
2026-06-18 16:22:11 INFO crypto_research.ml_cpcv: [ml] OOS weekday Сб: n=4561 base_up=0.5227 pred_up=0.7781 acc=0.4929 logloss=0.6940 auc=0.4806
2026-06-18 16:22:11 INFO crypto_research.ml_cpcv: [ml] OOS weekday Вс: n=4561 base_up=0.4764 pred_up=0.2616 acc=0.4935 logloss=0.6942 auc=0.4619
2026-06-18 16:22:13 INFO crypto_research.ml_oos_paths: [ml] OOS plot saved: /home_admin/crypto_bot/crypto_research/research_outputs/combined/dow_ema_rsi_sp/ml/plots/direction_dow_ema_rsi_49pairs_20220101_20240401_oos_prob.png (weekdays=7 calendar_days=812 rows=31917)
2026-06-18 16:22:14 INFO crypto_research.ml_oos_paths: [ml] OOS calibration plot saved: /home_admin/crypto_bot/crypto_research/research_outputs/combined/dow_ema_rsi_sp/ml/plots/direction_dow_ema_rsi_49pairs_20220101_20240401_oos_calibration.png (brier=0.2500 ece=0.0140 rows=31917)
2026-06-18 16:22:14 INFO crypto_research.ml_learning_curve: [ml] full train fit: rows=31917 n_estimators=12
2026-06-18 16:22:15 INFO crypto_research.ml_oos_paths: [ml] OOS plot saved: /home_admin/crypto_bot/crypto_research/research_outputs/combined/dow_ema_rsi_sp/ml/plots/direction_dow_ema_rsi_49pairs_20240401_20260531_oos_prob.png (weekdays=7 calendar_days=777 rows=38073)
2026-06-18 16:22:16 INFO crypto_research.ml_oos_paths: [ml] OOS calibration plot saved: /home_admin/crypto_bot/crypto_research/research_outputs/combined/dow_ema_rsi_sp/ml/plots/direction_dow_ema_rsi_49pairs_20240401_20260531_oos_calibration.png (brier=0.2489 ece=0.0264 rows=38073)
2026-06-18 16:22:18 INFO crypto_research.ml_oos_paths: [ml] Weekday×pair summary plot saved: /home_admin/crypto_bot/crypto_research/research_outputs/combined/dow_ema_rsi_sp/ml/plots/direction_dow_ema_rsi_49pairs_20240401_20260531_weekday_pair_summary.png (pairs=49 rows=38073)
2026-06-18 16:22:18 INFO crypto_research.ml_feature_predictive_plot: [ml] feature curve plot saved: /home_admin/crypto_bot/crypto_research/research_outputs/combined/dow_ema_rsi_sp/ml/plots/direction_dow_ema_rsi_49pairs_20240401_20260531_ema_dev_predictive.png (ema_dev_pair_norm)
2026-06-18 16:22:20 INFO crypto_research.ml_oos_paths: [ml] Weekday×pair summary plot saved: /home_admin/crypto_bot/crypto_research/research_outputs/combined/dow_ema_rsi_sp/ml/plots/direction_dow_ema_rsi_49pairs_20220101_20240401_weekday_pair_summary.png (pairs=49 rows=31917)
2026-06-18 16:22:20 INFO crypto_research.ml_oos_paths: [ml] ROC AUC comparison plot saved: /home_admin/crypto_bot/crypto_research/research_outputs/combined/dow_ema_rsi_sp/ml/plots/direction_dow_ema_rsi_49pairs_20220101_20260531_roc_auc.png
2026-06-18 16:22:24 INFO crypto_research.ml_research: [ml] train/test metrics saved: /home_admin/crypto_bot/crypto_research/research_outputs/combined/dow_ema_rsi_sp/ml/metrics/direction_dow_ema_rsi_49pairs_20220101_20260531_train_test.json
2026-06-18 16:47:09 INFO crypto_research.ml_research: [ml] log file: /home_admin/crypto_bot/crypto_research/research_outputs/combined/dow_ema_rsi_sp/ml/direction_dow_ema_rsi_20220101_20260531.log
2026-06-18 16:47:09 INFO crypto_research.ml_dataset: [ml] pair filter: first_candle <= 2023-01-01 → 49 pairs
2026-06-18 16:47:29 INFO crypto_research.load: [1] Загрузка данных: пар=49 строк=46567998 ~1243.5 MB
2026-06-18 16:47:29 INFO crypto_research.load:   1000luncusdt: rows=656821 2022-12-31 .. 2024-04-01
2026-06-18 16:47:29 INFO crypto_research.load:   aaveusdt: rows=1182241 2022-01-01 .. 2024-04-01
2026-06-18 16:47:29 INFO crypto_research.load:   adausdt: rows=1182241 2022-01-01 .. 2024-04-01
2026-06-18 16:47:29 INFO crypto_research.load:   algousdt: rows=1182241 2022-01-01 .. 2024-04-01
2026-06-18 16:47:29 INFO crypto_research.load:   aliceusdt: rows=1182241 2022-01-01 .. 2024-04-01
2026-06-18 16:47:29 INFO crypto_research.load:   apeusdt: rows=656821 2022-12-31 .. 2024-04-01
2026-06-18 16:47:29 INFO crypto_research.load:   api3usdt: rows=1098270 2022-02-28 .. 2024-04-01
2026-06-18 16:47:29 INFO crypto_research.load:   aptusdt: rows=763033 2022-10-19 .. 2024-04-01
2026-06-18 16:47:29 INFO crypto_research.load:   atomusdt: rows=1182241 2022-01-01 .. 2024-04-01
2026-06-18 16:47:29 INFO crypto_research.load:   avaxusdt: rows=1182241 2022-01-01 .. 2024-04-01
2026-06-18 16:47:29 INFO crypto_research.load:   axsusdt: rows=656821 2022-12-31 .. 2024-04-01
2026-06-18 16:47:29 INFO crypto_research.load:   bchusdt: rows=1182241 2022-01-01 .. 2024-04-01
2026-06-18 16:47:29 INFO crypto_research.load:   bnbusdt: rows=1182241 2022-01-01 .. 2024-04-01
2026-06-18 16:47:29 INFO crypto_research.load:   btcusdt: rows=1182241 2022-01-01 .. 2024-04-01
2026-06-18 16:47:29 INFO crypto_research.load:   chzusdt: rows=656821 2022-12-31 .. 2024-04-01
2026-06-18 16:47:29 INFO crypto_research.load:   crvusdt: rows=1182241 2022-01-01 .. 2024-04-01
2026-06-18 16:47:29 INFO crypto_research.load:   dashusdt: rows=656821 2022-12-31 .. 2024-04-01
2026-06-18 16:47:29 INFO crypto_research.load:   dogeusdt: rows=1182241 2022-01-01 .. 2024-04-01
2026-06-18 16:47:29 INFO crypto_research.load:   dotusdt: rows=1182241 2022-01-01 .. 2024-04-01
2026-06-18 16:47:29 INFO crypto_research.load:   dydxusdt: rows=1182241 2022-01-01 .. 2024-04-01
2026-06-18 16:47:29 INFO crypto_research.load:   egldusdt: rows=656821 2022-12-31 .. 2024-04-01
2026-06-18 16:47:29 INFO crypto_research.load:   enjusdt: rows=1182241 2022-01-01 .. 2024-04-01
2026-06-18 16:47:29 INFO crypto_research.load:   etcusdt: rows=656821 2022-12-31 .. 2024-04-01
2026-06-18 16:47:29 INFO crypto_research.load:   ethusdt: rows=1182241 2022-01-01 .. 2024-04-01
2026-06-18 16:47:29 INFO crypto_research.load:   filusdt: rows=1182241 2022-01-01 .. 2024-04-01
2026-06-18 16:47:29 INFO crypto_research.load:   galausdt: rows=1182241 2022-01-01 .. 2024-04-01
2026-06-18 16:47:29 INFO crypto_research.load:   gmtusdt: rows=656821 2022-12-31 .. 2024-04-01
2026-06-18 16:47:29 INFO crypto_research.load:   hbarusdt: rows=656821 2022-12-31 .. 2024-04-01
2026-06-18 16:47:29 INFO crypto_research.load:   icpusdt: rows=656821 2022-12-31 .. 2024-04-01
2026-06-18 16:47:29 INFO crypto_research.load:   injusdt: rows=656821 2022-12-31 .. 2024-04-01
2026-06-18 16:47:29 INFO crypto_research.load:   ldousdt: rows=656821 2022-12-31 .. 2024-04-01
2026-06-18 16:47:29 INFO crypto_research.load:   linkusdt: rows=1182241 2022-01-01 .. 2024-04-01
2026-06-18 16:47:29 INFO crypto_research.load:   ltcusdt: rows=1182241 2022-01-01 .. 2024-04-01
2026-06-18 16:47:29 INFO crypto_research.load:   nearusdt: rows=1182241 2022-01-01 .. 2024-04-01
2026-06-18 16:47:29 INFO crypto_research.load:   ontusdt: rows=957048 2022-06-06 .. 2024-04-01
2026-06-18 16:47:29 INFO crypto_research.load:   opusdt: rows=656821 2022-12-31 .. 2024-04-01
2026-06-18 16:47:29 INFO crypto_research.load:   paxgusdt: rows=1076619 2022-03-15 .. 2024-04-01
2026-06-18 16:47:29 INFO crypto_research.load:   sandusdt: rows=656821 2022-12-31 .. 2024-04-01
2026-06-18 16:47:29 INFO crypto_research.load:   shib1000usdt: rows=656821 2022-12-31 .. 2024-04-01
2026-06-18 16:47:29 INFO crypto_research.load:   solusdt: rows=1182241 2022-01-01 .. 2024-04-01
2026-06-18 16:47:29 INFO crypto_research.load:   storjusdt: rows=656821 2022-12-31 .. 2024-04-01
2026-06-18 16:47:29 INFO crypto_research.load:   stxusdt: rows=656821 2022-12-31 .. 2024-04-01
2026-06-18 16:47:29 INFO crypto_research.load:   trxusdt: rows=656821 2022-12-31 .. 2024-04-01
2026-06-18 16:47:29 INFO crypto_research.load:   uniusdt: rows=1182241 2022-01-01 .. 2024-04-01
2026-06-18 16:47:29 INFO crypto_research.load:   xlmusdt: rows=656821 2022-12-31 .. 2024-04-01
2026-06-18 16:47:29 INFO crypto_research.load:   xmrusdt: rows=1162824 2022-01-14 .. 2024-04-01
2026-06-18 16:47:29 INFO crypto_research.load:   xrpusdt: rows=1182241 2022-01-01 .. 2024-04-01
2026-06-18 16:47:29 INFO crypto_research.load:   zecusdt: rows=1182241 2022-01-01 .. 2024-04-01
2026-06-18 16:47:29 INFO crypto_research.load:   zenusdt: rows=656821 2022-12-31 .. 2024-04-01
2026-06-18 16:47:31 INFO crypto_research.ml_dataset: [ml] pooled daily: pairs=49 rows=32407 period=2022-01-01..2024-04-01
2026-06-18 16:47:31 INFO crypto_research.ml_dataset: [ml] pair filter: first_candle <= 2023-01-01 → 49 pairs
2026-06-18 16:47:52 INFO crypto_research.load: [1] Загрузка данных: пар=49 строк=55515524 ~1482.4 MB
2026-06-18 16:47:52 INFO crypto_research.load:   1000luncusdt: rows=1133280 2024-04-01 .. 2026-05-27
2026-06-18 16:47:52 INFO crypto_research.load:   aaveusdt: rows=1132756 2024-04-01 .. 2026-05-27
2026-06-18 16:47:52 INFO crypto_research.load:   adausdt: rows=1132756 2024-04-01 .. 2026-05-27
2026-06-18 16:47:52 INFO crypto_research.load:   algousdt: rows=1132756 2024-04-01 .. 2026-05-27
2026-06-18 16:47:52 INFO crypto_research.load:   aliceusdt: rows=1132756 2024-04-01 .. 2026-05-27
2026-06-18 16:47:52 INFO crypto_research.load:   apeusdt: rows=1133280 2024-04-01 .. 2026-05-27
2026-06-18 16:47:52 INFO crypto_research.load:   api3usdt: rows=1132756 2024-04-01 .. 2026-05-27
2026-06-18 16:47:52 INFO crypto_research.load:   aptusdt: rows=1132756 2024-04-01 .. 2026-05-27
2026-06-18 16:47:52 INFO crypto_research.load:   atomusdt: rows=1132756 2024-04-01 .. 2026-05-27
2026-06-18 16:47:52 INFO crypto_research.load:   avaxusdt: rows=1132756 2024-04-01 .. 2026-05-27
2026-06-18 16:47:52 INFO crypto_research.load:   axsusdt: rows=1133280 2024-04-01 .. 2026-05-27
2026-06-18 16:47:52 INFO crypto_research.load:   bchusdt: rows=1132756 2024-04-01 .. 2026-05-27
2026-06-18 16:47:52 INFO crypto_research.load:   bnbusdt: rows=1132756 2024-04-01 .. 2026-05-27
2026-06-18 16:47:52 INFO crypto_research.load:   btcusdt: rows=1132756 2024-04-01 .. 2026-05-27
2026-06-18 16:47:52 INFO crypto_research.load:   chzusdt: rows=1133280 2024-04-01 .. 2026-05-27
2026-06-18 16:47:52 INFO crypto_research.load:   crvusdt: rows=1132756 2024-04-01 .. 2026-05-27
2026-06-18 16:47:52 INFO crypto_research.load:   dashusdt: rows=1133280 2024-04-01 .. 2026-05-27
2026-06-18 16:47:52 INFO crypto_research.load:   dogeusdt: rows=1132756 2024-04-01 .. 2026-05-27
2026-06-18 16:47:52 INFO crypto_research.load:   dotusdt: rows=1132756 2024-04-01 .. 2026-05-27
2026-06-18 16:47:52 INFO crypto_research.load:   dydxusdt: rows=1132756 2024-04-01 .. 2026-05-27
2026-06-18 16:47:52 INFO crypto_research.load:   egldusdt: rows=1133280 2024-04-01 .. 2026-05-27
2026-06-18 16:47:52 INFO crypto_research.load:   enjusdt: rows=1132756 2024-04-01 .. 2026-05-27
2026-06-18 16:47:52 INFO crypto_research.load:   etcusdt: rows=1133280 2024-04-01 .. 2026-05-27
2026-06-18 16:47:52 INFO crypto_research.load:   ethusdt: rows=1132756 2024-04-01 .. 2026-05-27
2026-06-18 16:47:52 INFO crypto_research.load:   filusdt: rows=1132756 2024-04-01 .. 2026-05-27
2026-06-18 16:47:52 INFO crypto_research.load:   galausdt: rows=1132756 2024-04-01 .. 2026-05-27
2026-06-18 16:47:52 INFO crypto_research.load:   gmtusdt: rows=1133280 2024-04-01 .. 2026-05-27
2026-06-18 16:47:52 INFO crypto_research.load:   hbarusdt: rows=1133280 2024-04-01 .. 2026-05-27
2026-06-18 16:47:52 INFO crypto_research.load:   icpusdt: rows=1133280 2024-04-01 .. 2026-05-27
2026-06-18 16:47:52 INFO crypto_research.load:   injusdt: rows=1133280 2024-04-01 .. 2026-05-27
2026-06-18 16:47:52 INFO crypto_research.load:   ldousdt: rows=1133280 2024-04-01 .. 2026-05-27
2026-06-18 16:47:52 INFO crypto_research.load:   linkusdt: rows=1132756 2024-04-01 .. 2026-05-27
2026-06-18 16:47:52 INFO crypto_research.load:   ltcusdt: rows=1132756 2024-04-01 .. 2026-05-27
2026-06-18 16:47:52 INFO crypto_research.load:   nearusdt: rows=1132756 2024-04-01 .. 2026-05-27
2026-06-18 16:47:52 INFO crypto_research.load:   ontusdt: rows=1132756 2024-04-01 .. 2026-05-27
2026-06-18 16:47:52 INFO crypto_research.load:   opusdt: rows=1133280 2024-04-01 .. 2026-05-27
2026-06-18 16:47:52 INFO crypto_research.load:   paxgusdt: rows=1132756 2024-04-01 .. 2026-05-27
2026-06-18 16:47:52 INFO crypto_research.load:   sandusdt: rows=1133280 2024-04-01 .. 2026-05-27
2026-06-18 16:47:52 INFO crypto_research.load:   shib1000usdt: rows=1133280 2024-04-01 .. 2026-05-27
2026-06-18 16:47:52 INFO crypto_research.load:   solusdt: rows=1132756 2024-04-01 .. 2026-05-27
2026-06-18 16:47:52 INFO crypto_research.load:   storjusdt: rows=1133280 2024-04-01 .. 2026-05-27
2026-06-18 16:47:52 INFO crypto_research.load:   stxusdt: rows=1133280 2024-04-01 .. 2026-05-27
2026-06-18 16:47:52 INFO crypto_research.load:   trxusdt: rows=1133280 2024-04-01 .. 2026-05-27
2026-06-18 16:47:52 INFO crypto_research.load:   uniusdt: rows=1132756 2024-04-01 .. 2026-05-27
2026-06-18 16:47:52 INFO crypto_research.load:   xlmusdt: rows=1133280 2024-04-01 .. 2026-05-27
2026-06-18 16:47:52 INFO crypto_research.load:   xmrusdt: rows=1132756 2024-04-01 .. 2026-05-27
2026-06-18 16:47:52 INFO crypto_research.load:   xrpusdt: rows=1132756 2024-04-01 .. 2026-05-27
2026-06-18 16:47:52 INFO crypto_research.load:   zecusdt: rows=1132756 2024-04-01 .. 2026-05-27
2026-06-18 16:47:52 INFO crypto_research.load:   zenusdt: rows=1133280 2024-04-01 .. 2026-05-27
2026-06-18 16:47:54 INFO crypto_research.ml_dataset: [ml] pooled daily: pairs=49 rows=38563 period=2024-04-01..2026-05-31
2026-06-18 16:47:54 INFO crypto_research.ml_ema_dev_norm: [ml] ema_dev_pair_norm bounds: pairs=49
2026-06-18 16:47:54 INFO crypto_research.ml_numeric_features: [ml] bounds ema_dev_pair_norm: pairs=49
2026-06-18 16:47:54 INFO crypto_research.ml_numeric_features: [ml] bounds rsi_pair_norm: pairs=49
2026-06-18 16:47:55 INFO crypto_research.ml_dataset: [ml] ema_dev_pair_norm: min=-4.914 max=8.584 mean=-0.014
2026-06-18 16:47:55 INFO crypto_research.ml_dataset: [ml] rsi_pair_norm: min=-2.053 max=2.062 mean=-0.082
2026-06-18 16:47:55 INFO crypto_research.ml_dataset: [ml] dataset studies=['day_of_week_ml', 'ema_spreads_ml', 'rsi_spreads_ml'] features=['pair_id', 'weekday_enc', 'ema_dev_pair_norm', 'rsi_pair_norm'] rows=31917 pairs=49 up_rate=0.503
2026-06-18 16:47:55 INFO crypto_research.ml_dataset: [ml] ema_dev_pair_norm: min=-4.918 max=15.840 mean=-0.087
2026-06-18 16:47:55 INFO crypto_research.ml_dataset: [ml] rsi_pair_norm: min=-1.864 max=2.022 mean=-0.170
2026-06-18 16:47:55 INFO crypto_research.ml_dataset: [ml] dataset studies=['day_of_week_ml', 'ema_spreads_ml', 'rsi_spreads_ml'] features=['pair_id', 'weekday_enc', 'ema_dev_pair_norm', 'rsi_pair_norm'] rows=38073 pairs=49 up_rate=0.478
2026-06-18 16:47:55 INFO crypto_research.ml_research: Dataset columns (9): ['day_utc', 'pair', 'weekday', 'return_pct', 'direction_up', 'ema_dev_pair_norm', 'rsi_pair_norm', 'pair_id', 'weekday_enc']
2026-06-18 16:47:55 INFO crypto_research.ml_research: Dataset head (50 rows):
shape: (50, 9)
┌───────────┬───────────┬─────────┬──────────┬──────────┬──────────┬──────────┬─────────┬──────────┐
│ day_utc   ┆ pair      ┆ weekday ┆ return_p ┆ directio ┆ ema_dev_ ┆ rsi_pair ┆ pair_id ┆ weekday_ │
│ ---       ┆ ---       ┆ ---     ┆ ct       ┆ n_up     ┆ pair_nor ┆ _norm    ┆ ---     ┆ enc      │
│ datetime[ ┆ str       ┆ i64     ┆ ---      ┆ ---      ┆ m        ┆ ---      ┆ cat     ┆ ---      │
│ μs, UTC]  ┆           ┆         ┆ f64      ┆ i8       ┆ ---      ┆ f64      ┆         ┆ cat      │
│           ┆           ┆         ┆          ┆          ┆ f64      ┆          ┆         ┆          │
╞═══════════╪═══════════╪═════════╪══════════╪══════════╪══════════╪══════════╪═════════╪══════════╡
│ 2022-01-1 ┆ aaveusdt  ┆ 1       ┆ 6.788570 ┆ 1        ┆ -1.02301 ┆ -2.03083 ┆ 1       ┆ 1        │
│ 1         ┆           ┆         ┆ 83097558 ┆          ┆ 04369461 ┆ 49872019 ┆         ┆          │
│ 00:00:00  ┆           ┆         ┆ 5        ┆          ┆ 848      ┆ 544      ┆         ┆          │
│ UTC       ┆           ┆         ┆          ┆          ┆          ┆          ┆         ┆          │
│ 2022-01-1 ┆ adausdt   ┆ 1       ┆ 5.610469 ┆ 1        ┆ -1       ┆ -1.39733 ┆ 2       ┆ 1        │
│ 1         ┆           ┆         ┆ 60964664 ┆          ┆          ┆ 73337343 ┆         ┆          │
│ 00:00:00  ┆           ┆         ┆ 2        ┆          ┆          ┆ 23       ┆         ┆          │
│ UTC       ┆           ┆         ┆          ┆          ┆          ┆          ┆         ┆          │
│ 2022-01-1 ┆ algousdt  ┆ 1       ┆ 6.162875 ┆ 1        ┆ -0.86743 ┆ -1.15551 ┆ 3       ┆ 1        │
│ 1         ┆           ┆         ┆ 21953793 ┆          ┆ 41300673 ┆ 81086904 ┆         ┆          │
│ 00:00:00  ┆           ┆         ┆ 9        ┆          ┆ 081      ┆ 938      ┆         ┆          │
│ UTC       ┆           ┆         ┆          ┆          ┆          ┆          ┆         ┆          │
│ 2022-01-1 ┆ aliceusdt ┆ 1       ┆ 6.372554 ┆ 1        ┆ -1.02727 ┆ -1.16908 ┆ 4       ┆ 1        │
│ 1         ┆           ┆         ┆ 74862032 ┆          ┆ 97277676 ┆ 72562617 ┆         ┆          │
│ 00:00:00  ┆           ┆         ┆ 8        ┆          ┆ 51       ┆ 576      ┆         ┆          │
│ UTC       ┆           ┆         ┆          ┆          ┆          ┆          ┆         ┆          │
│ 2022-01-1 ┆ atomusdt  ┆ 1       ┆ 2.165873 ┆ 1        ┆ 0.130404 ┆ 0.160004 ┆ 8       ┆ 1        │
│ 1         ┆           ┆         ┆ 43265920 ┆          ┆ 48087863 ┆ 80407343 ┆         ┆          │
│ 00:00:00  ┆           ┆         ┆ 84       ┆          ┆ 565      ┆ 476      ┆         ┆          │
│ UTC       ┆           ┆         ┆          ┆          ┆          ┆          ┆         ┆          │
│ 2022-01-1 ┆ avaxusdt  ┆ 1       ┆ 6.079645 ┆ 1        ┆ -0.96168 ┆ -1.42007 ┆ 9       ┆ 1        │
│ 1         ┆           ┆         ┆ 70964085 ┆          ┆ 68083200 ┆ 66493461 ┆         ┆          │
│ 00:00:00  ┆           ┆         ┆ 9        ┆          ┆ 584      ┆ 732      ┆         ┆          │
│ UTC       ┆           ┆         ┆          ┆          ┆          ┆          ┆         ┆          │
│ 2022-01-1 ┆ bchusdt   ┆ 1       ┆ 1.650392 ┆ 1        ┆ -1.01350 ┆ -1.70219 ┆ 11      ┆ 1        │
│ 1         ┆           ┆         ┆ 02350814 ┆          ┆ 60783051 ┆ 84673630 ┆         ┆          │
│ 00:00:00  ┆           ┆         ┆ 73       ┆          ┆ 932      ┆ 62       ┆         ┆          │
│ UTC       ┆           ┆         ┆          ┆          ┆          ┆          ┆         ┆          │
│ 2022-01-1 ┆ bnbusdt   ┆ 1       ┆ 8.946439 ┆ 1        ┆ -1.33303 ┆ -1.76214 ┆ 12      ┆ 1        │
│ 1         ┆           ┆         ┆ 08181283 ┆          ┆ 81459113 ┆ 78216658 ┆         ┆          │
│ 00:00:00  ┆           ┆         ┆          ┆          ┆ 234      ┆ 728      ┆         ┆          │
│ UTC       ┆           ┆         ┆          ┆          ┆          ┆          ┆         ┆          │
│ 2022-01-1 ┆ btcusdt   ┆ 1       ┆ 2.134707 ┆ 1        ┆ -0.63198 ┆ -1.75825 ┆ 13      ┆ 1        │
│ 1         ┆           ┆         ┆ 83802530 ┆          ┆ 84518503 ┆ 15118565 ┆         ┆          │
│ 00:00:00  ┆           ┆         ┆ 57       ┆          ┆ 163      ┆ 332      ┆         ┆          │
│ UTC       ┆           ┆         ┆          ┆          ┆          ┆          ┆         ┆          │
│ 2022-01-1 ┆ crvusdt   ┆ 1       ┆ 6.604863 ┆ 1        ┆ -1.16000 ┆ -1.32054 ┆ 15      ┆ 1        │
│ 1         ┆           ┆         ┆ 12011069 ┆          ┆ 89953543 ┆ 00031884 ┆         ┆          │
│ 00:00:00  ┆           ┆         ┆ 2        ┆          ┆ 349      ┆ 917      ┆         ┆          │
│ UTC       ┆           ┆         ┆          ┆          ┆          ┆          ┆         ┆          │
│ 2022-01-1 ┆ dogeusdt  ┆ 1       ┆ 7.482508 ┆ 1        ┆ -1.01669 ┆ -1.92760 ┆ 17      ┆ 1        │
│ 1         ┆           ┆         ┆ 33006132 ┆          ┆ 84201353 ┆ 83349825 ┆         ┆          │
│ 00:00:00  ┆           ┆         ┆ 95       ┆          ┆ 448      ┆ 97       ┆         ┆          │
│ UTC       ┆           ┆         ┆          ┆          ┆          ┆          ┆         ┆          │
│ 2022-01-1 ┆ dotusdt   ┆ 1       ┆ 7.766990 ┆ 1        ┆ -1       ┆ -1.12342 ┆ 18      ┆ 1        │
│ 1         ┆           ┆         ┆ 76026882 ┆          ┆          ┆ 65551864 ┆         ┆          │
│ 00:00:00  ┆           ┆         ┆ 55       ┆          ┆          ┆ 31       ┆         ┆          │
│ UTC       ┆           ┆         ┆          ┆          ┆          ┆          ┆         ┆          │
│ 2022-01-1 ┆ dydxusdt  ┆ 1       ┆ 11.61695 ┆ 1        ┆ -0.99710 ┆ -1.84297 ┆ 19      ┆ 1        │
│ 1         ┆           ┆         ┆ 85753512 ┆          ┆ 51695789 ┆ 10824826 ┆         ┆          │
│ 00:00:00  ┆           ┆         ┆ 76       ┆          ┆ 355      ┆ 42       ┆         ┆          │
│ UTC       ┆           ┆         ┆          ┆          ┆          ┆          ┆         ┆          │
│ 2022-01-1 ┆ enjusdt   ┆ 1       ┆ 6.766748 ┆ 1        ┆ -0.92189 ┆ -0.88213 ┆ 21      ┆ 1        │
│ 1         ┆           ┆         ┆ 87794598 ┆          ┆ 85975893 ┆ 90930325 ┆         ┆          │
│ 00:00:00  ┆           ┆         ┆ 4        ┆          ┆ 35       ┆ 894      ┆         ┆          │
│ UTC       ┆           ┆         ┆          ┆          ┆          ┆          ┆         ┆          │
│ 2022-01-1 ┆ ethusdt   ┆ 1       ┆ 4.996755 ┆ 1        ┆ -0.97132 ┆ -1.50616 ┆ 23      ┆ 1        │
│ 1         ┆           ┆         ┆ 35366645 ┆          ┆ 67847166 ┆ 43629412 ┆         ┆          │
│ 00:00:00  ┆           ┆         ┆          ┆          ┆ 703      ┆ 935      ┆         ┆          │
│ UTC       ┆           ┆         ┆          ┆          ┆          ┆          ┆         ┆          │
│ 2022-01-1 ┆ filusdt   ┆ 1       ┆ 2.558639 ┆ 1        ┆ -1.01015 ┆ -1.31314 ┆ 24      ┆ 1        │
│ 1         ┆           ┆         ┆ 78791692 ┆          ┆ 59418583 ┆ 47629224 ┆         ┆          │
│ 00:00:00  ┆           ┆         ┆ 6        ┆          ┆ 597      ┆ 229      ┆         ┆          │
│ UTC       ┆           ┆         ┆          ┆          ┆          ┆          ┆         ┆          │
│ 2022-01-1 ┆ galausdt  ┆ 1       ┆ 4.528559 ┆ 1        ┆ -1.30330 ┆ -1.48517 ┆ 25      ┆ 1        │
│ 1         ┆           ┆         ┆ 83128340 ┆          ┆ 13109448 ┆ 51525926 ┆         ┆          │
│ 00:00:00  ┆           ┆         ┆ 34       ┆          ┆ 117      ┆ 433      ┆         ┆          │
│ UTC       ┆           ┆         ┆          ┆          ┆          ┆          ┆         ┆          │
│ 2022-01-1 ┆ linkusdt  ┆ 1       ┆ -4.83513 ┆ 0        ┆ 1.166937 ┆ 1.637723 ┆ 31      ┆ 1        │
│ 1         ┆           ┆         ┆ 08490143 ┆          ┆ 95247220 ┆ 11098115 ┆         ┆          │
│ 00:00:00  ┆           ┆         ┆ 445      ┆          ┆ 5        ┆ 34       ┆         ┆          │
│ UTC       ┆           ┆         ┆          ┆          ┆          ┆          ┆         ┆          │
│ 2022-01-1 ┆ ltcusdt   ┆ 1       ┆ 3.912113 ┆ 1        ┆ -0.79054 ┆ -1.80831 ┆ 32      ┆ 1        │
│ 1         ┆           ┆         ┆ 32964314 ┆          ┆ 04511078 ┆ 78460921 ┆         ┆          │
│ 00:00:00  ┆           ┆         ┆ 94       ┆          ┆ 287      ┆ 738      ┆         ┆          │
│ UTC       ┆           ┆         ┆          ┆          ┆          ┆          ┆         ┆          │
│ 2022-01-1 ┆ nearusdt  ┆ 1       ┆ 16.60959 ┆ 1        ┆ 0.292810 ┆ 0.048835 ┆ 33      ┆ 1        │
│ 1         ┆           ┆         ┆ 44847940 ┆          ┆ 58031217 ┆ 97469692 ┆         ┆          │
│ 00:00:00  ┆           ┆         ┆ 73       ┆          ┆ 3        ┆ 7575     ┆         ┆          │
│ UTC       ┆           ┆         ┆          ┆          ┆          ┆          ┆         ┆          │
│ 2022-01-1 ┆ solusdt   ┆ 1       ┆ 3.238861 ┆ 1        ┆ -0.78192 ┆ -1.63487 ┆ 39      ┆ 1        │
│ 1         ┆           ┆         ┆ 75840996 ┆          ┆ 17979769 ┆ 06445915 ┆         ┆          │
│ 00:00:00  ┆           ┆         ┆ 8        ┆          ┆ 039      ┆ 702      ┆         ┆          │
│ UTC       ┆           ┆         ┆          ┆          ┆          ┆          ┆         ┆          │
│ 2022-01-1 ┆ uniusdt   ┆ 1       ┆ 5.525776 ┆ 1        ┆ -0.73600 ┆ -0.85307 ┆ 43      ┆ 1        │
│ 1         ┆           ┆         ┆ 15494875 ┆          ┆ 77620792 ┆ 92711270 ┆         ┆          │
│ 00:00:00  ┆           ┆         ┆ 65       ┆          ┆ 981      ┆ 476      ┆         ┆          │
│ UTC       ┆           ┆         ┆          ┆          ┆          ┆          ┆         ┆          │
│ 2022-01-1 ┆ xrpusdt   ┆ 1       ┆ 4.099028 ┆ 1        ┆ -0.72262 ┆ -1.55834 ┆ 46      ┆ 1        │
│ 1         ┆           ┆         ┆ 86035628 ┆          ┆ 42374373 ┆ 62689840 ┆         ┆          │
│ 00:00:00  ┆           ┆         ┆ 3        ┆          ┆ 969      ┆ 615      ┆         ┆          │
│ UTC       ┆           ┆         ┆          ┆          ┆          ┆          ┆         ┆          │
│ 2022-01-1 ┆ zecusdt   ┆ 1       ┆ 0.141741 ┆ 1        ┆ -0.15228 ┆ -0.65740 ┆ 47      ┆ 1        │
│ 1         ┆           ┆         ┆ 27540112 ┆          ┆ 24243013 ┆ 78393847 ┆         ┆          │
│ 00:00:00  ┆           ┆         ┆ 447      ┆          ┆ 1114     ┆ 71       ┆         ┆          │
│ UTC       ┆           ┆         ┆          ┆          ┆          ┆          ┆         ┆          │
│ 2022-01-1 ┆ aaveusdt  ┆ 2       ┆ 2.439602 ┆ 1        ┆ -0.37655 ┆ -1.30669 ┆ 1       ┆ 2        │
│ 2         ┆           ┆         ┆ 32509160 ┆          ┆ 10963004 ┆ 51415190 ┆         ┆          │
│ 00:00:00  ┆           ┆         ┆ 63       ┆          ┆ 8034     ┆ 08       ┆         ┆          │
│ UTC       ┆           ┆         ┆          ┆          ┆          ┆          ┆         ┆          │
│ 2022-01-1 ┆ adausdt   ┆ 2       ┆ 10.60797 ┆ 1        ┆ -0.32038 ┆ -0.86739 ┆ 2       ┆ 2        │
│ 2         ┆           ┆         ┆ 84480375 ┆          ┆ 51336679 ┆ 55767137 ┆         ┆          │
│ 00:00:00  ┆           ┆         ┆ 55       ┆          ┆ 36       ┆ 441      ┆         ┆          │
│ UTC       ┆           ┆         ┆          ┆          ┆          ┆          ┆         ┆          │
│ 2022-01-1 ┆ algousdt  ┆ 2       ┆ 3.662748 ┆ 1        ┆ -0.28445 ┆ -0.75970 ┆ 3       ┆ 2        │
│ 2         ┆           ┆         ┆ 60532548 ┆          ┆ 36684584 ┆ 16316217 ┆         ┆          │
│ 00:00:00  ┆           ┆         ┆ 3        ┆          ┆ 358      ┆ 354      ┆         ┆          │
│ UTC       ┆           ┆         ┆          ┆          ┆          ┆          ┆         ┆          │
│ 2022-01-1 ┆ aliceusdt ┆ 2       ┆ 5.990779 ┆ 1        ┆ -0.45122 ┆ -0.79149 ┆ 4       ┆ 2        │
│ 2         ┆           ┆         ┆ 68366140 ┆          ┆ 53217271 ┆ 01915079 ┆         ┆          │
│ 00:00:00  ┆           ┆         ┆ 65       ┆          ┆ 7783     ┆ 75       ┆         ┆          │
│ UTC       ┆           ┆         ┆          ┆          ┆          ┆          ┆         ┆          │
│ 2022-01-1 ┆ atomusdt  ┆ 2       ┆ 4.084793 ┆ 1        ┆ 0.309669 ┆ 0.248128 ┆ 8       ┆ 2        │
│ 2         ┆           ┆         ┆ 18482839 ┆          ┆ 20090098 ┆ 20404791 ┆         ┆          │
│ 00:00:00  ┆           ┆         ┆ 3        ┆          ┆ 315      ┆ 78       ┆         ┆          │
│ UTC       ┆           ┆         ┆          ┆          ┆          ┆          ┆         ┆          │
│ 2022-01-1 ┆ avaxusdt  ┆ 2       ┆ 7.323204 ┆ 1        ┆ -0.36172 ┆ -1.01775 ┆ 9       ┆ 2        │
│ 2         ┆           ┆         ┆ 27743856 ┆          ┆ 31716695 ┆ 87961708 ┆         ┆          │
│ 00:00:00  ┆           ┆         ┆ 7        ┆          ┆ 066      ┆ 219      ┆         ┆          │
│ UTC       ┆           ┆         ┆          ┆          ┆          ┆          ┆         ┆          │
│ 2022-01-1 ┆ bchusdt   ┆ 2       ┆ 3.801926 ┆ 1        ┆ -0.66113 ┆ -1.46031 ┆ 11      ┆ 2        │
│ 2         ┆           ┆         ┆ 33598950 ┆          ┆ 29111727 ┆ 10831320 ┆         ┆          │
│ 00:00:00  ┆           ┆         ┆ 37       ┆          ┆ 483      ┆ 198      ┆         ┆          │
│ UTC       ┆           ┆         ┆          ┆          ┆          ┆          ┆         ┆          │
│ 2022-01-1 ┆ bnbusdt   ┆ 2       ┆ 5.348460 ┆ 1        ┆ 0.014108 ┆ -0.84088 ┆ 12      ┆ 2        │
│ 2         ┆           ┆         ┆ 29173419 ┆          ┆ 01489609 ┆ 25481626 ┆         ┆          │
│ 00:00:00  ┆           ┆         ┆ 8        ┆          ┆ 4248     ┆ 779      ┆         ┆          │
│ UTC       ┆           ┆         ┆          ┆          ┆          ┆          ┆         ┆          │
│ 2022-01-1 ┆ btcusdt   ┆ 2       ┆ 2.782103 ┆ 1        ┆ -0.21801 ┆ -1.30854 ┆ 13      ┆ 2        │
│ 2         ┆           ┆         ┆ 67317307 ┆          ┆ 80476219 ┆ 21773560 ┆         ┆          │
│ 00:00:00  ┆           ┆         ┆ 35       ┆          ┆ 1915     ┆ 837      ┆         ┆          │
│ UTC       ┆           ┆         ┆          ┆          ┆          ┆          ┆         ┆          │
│ 2022-01-1 ┆ crvusdt   ┆ 2       ┆ 6.543480 ┆ 1        ┆ -0.60570 ┆ -0.97298 ┆ 15      ┆ 2        │
│ 2         ┆           ┆         ┆ 96730358 ┆          ┆ 27461305 ┆ 26603218 ┆         ┆          │
│ 00:00:00  ┆           ┆         ┆ 6        ┆          ┆ 695      ┆ 545      ┆         ┆          │
│ UTC       ┆           ┆         ┆          ┆          ┆          ┆          ┆         ┆          │
│ 2022-01-1 ┆ dogeusdt  ┆ 2       ┆ 5.790502 ┆ 1        ┆ -0.16726 ┆ -0.88209 ┆ 17      ┆ 2        │
│ 2         ┆           ┆         ┆ 26900969 ┆          ┆ 54696116 ┆ 58396160 ┆         ┆          │
│ 00:00:00  ┆           ┆         ┆ 5        ┆          ┆ 402      ┆ 115      ┆         ┆          │
│ UTC       ┆           ┆         ┆          ┆          ┆          ┆          ┆         ┆          │
│ 2022-01-1 ┆ dotusdt   ┆ 2       ┆ 6.952603 ┆ 1        ┆ -0.10955 ┆ -0.53773 ┆ 18      ┆ 2        │
│ 2         ┆           ┆         ┆ 09749524 ┆          ┆ 43200708 ┆ 36176970 ┆         ┆          │
│ 00:00:00  ┆           ┆         ┆ 7        ┆          ┆ 026      ┆ 129      ┆         ┆          │
│ UTC       ┆           ┆         ┆          ┆          ┆          ┆          ┆         ┆          │
│ 2022-01-1 ┆ dydxusdt  ┆ 2       ┆ 9.071729 ┆ 1        ┆ -0.14912 ┆ -0.87066 ┆ 19      ┆ 2        │
│ 2         ┆           ┆         ┆ 51919055 ┆          ┆ 95505891 ┆ 11737833 ┆         ┆          │
│ 00:00:00  ┆           ┆         ┆          ┆          ┆ 7873     ┆ 426      ┆         ┆          │
│ UTC       ┆           ┆         ┆          ┆          ┆          ┆          ┆         ┆          │
│ 2022-01-1 ┆ enjusdt   ┆ 2       ┆ 9.171528 ┆ 1        ┆ -0.30677 ┆ -0.53883 ┆ 21      ┆ 2        │
│ 2         ┆           ┆         ┆ 72771021 ┆          ┆ 61700692 ┆ 49781357 ┆         ┆          │
│ 00:00:00  ┆           ┆         ┆          ┆          ┆ 503      ┆ 886      ┆         ┆          │
│ UTC       ┆           ┆         ┆          ┆          ┆          ┆          ┆         ┆          │
│ 2022-01-1 ┆ ethusdt   ┆ 2       ┆ 4.127010 ┆ 1        ┆ -0.31954 ┆ -1.01937 ┆ 23      ┆ 2        │
│ 2         ┆           ┆         ┆ 16156134 ┆          ┆ 77620333 ┆ 81729503 ┆         ┆          │
│ 00:00:00  ┆           ┆         ┆ 15       ┆          ┆ 4767     ┆ 903      ┆         ┆          │
│ UTC       ┆           ┆         ┆          ┆          ┆          ┆          ┆         ┆          │
│ 2022-01-1 ┆ filusdt   ┆ 2       ┆ 6.479552 ┆ 1        ┆ -0.65712 ┆ -1.09848 ┆ 24      ┆ 2        │
│ 2         ┆           ┆         ┆ 64149935 ┆          ┆ 45120546 ┆ 54895667 ┆         ┆          │
│ 00:00:00  ┆           ┆         ┆ 85       ┆          ┆ 244      ┆ 544      ┆         ┆          │
│ UTC       ┆           ┆         ┆          ┆          ┆          ┆          ┆         ┆          │
│ 2022-01-1 ┆ galausdt  ┆ 2       ┆ 12.05827 ┆ 1        ┆ -0.80633 ┆ -1.22751 ┆ 25      ┆ 2        │
│ 2         ┆           ┆         ┆ 05561297 ┆          ┆ 15682268 ┆ 05467659 ┆         ┆          │
│ 00:00:00  ┆           ┆         ┆ 08       ┆          ┆ 392      ┆ 482      ┆         ┆          │
│ UTC       ┆           ┆         ┆          ┆          ┆          ┆          ┆         ┆          │
│ 2022-01-1 ┆ linkusdt  ┆ 2       ┆ 0.544902 ┆ 1        ┆ 0.443513 ┆ 1.090422 ┆ 31      ┆ 2        │
│ 2         ┆           ┆         ┆ 46933189 ┆          ┆ 08824436 ┆ 96665289 ┆         ┆          │
│ 00:00:00  ┆           ┆         ┆ 9        ┆          ┆ 34       ┆ 17       ┆         ┆          │
│ UTC       ┆           ┆         ┆          ┆          ┆          ┆          ┆         ┆          │
│ 2022-01-1 ┆ ltcusdt   ┆ 2       ┆ 7.909955 ┆ 1        ┆ -0.28256 ┆ -1.17154 ┆ 32      ┆ 2        │
│ 2         ┆           ┆         ┆ 50138667 ┆          ┆ 38478929 ┆ 44501975 ┆         ┆          │
│ 00:00:00  ┆           ┆         ┆ 2        ┆          ┆ 974      ┆ 072      ┆         ┆          │
│ UTC       ┆           ┆         ┆          ┆          ┆          ┆          ┆         ┆          │
│ 2022-01-1 ┆ nearusdt  ┆ 2       ┆ -2.64819 ┆ 0        ┆ 1.273197 ┆ 0.500215 ┆ 33      ┆ 2        │
│ 2         ┆           ┆         ┆ 25414106 ┆          ┆ 82913487 ┆ 89576212 ┆         ┆          │
│ 00:00:00  ┆           ┆         ┆ 01       ┆          ┆ 53       ┆ 97       ┆         ┆          │
│ UTC       ┆           ┆         ┆          ┆          ┆          ┆          ┆         ┆          │
│ 2022-01-1 ┆ solusdt   ┆ 2       ┆ 7.967916 ┆ 1        ┆ -0.43941 ┆ -1.35469 ┆ 39      ┆ 2        │
│ 2         ┆           ┆         ┆ 61444407 ┆          ┆ 24430115 ┆ 55595969 ┆         ┆          │
│ 00:00:00  ┆           ┆         ┆ 3        ┆          ┆ 105      ┆ 155      ┆         ┆          │
│ UTC       ┆           ┆         ┆          ┆          ┆          ┆          ┆         ┆          │
│ 2022-01-1 ┆ uniusdt   ┆ 2       ┆ 2.050674 ┆ 1        ┆ -0.17071 ┆ -0.45644 ┆ 43      ┆ 2        │
│ 2         ┆           ┆         ┆ 87738024 ┆          ┆ 82768183 ┆ 81937876 ┆         ┆          │
│ 00:00:00  ┆           ┆         ┆ 6        ┆          ┆ 6452     ┆ 861      ┆         ┆          │
│ UTC       ┆           ┆         ┆          ┆          ┆          ┆          ┆         ┆          │
│ 2022-01-1 ┆ xrpusdt   ┆ 2       ┆ 3.755681 ┆ 1        ┆ -0.11648 ┆ -0.89576 ┆ 46      ┆ 2        │
│ 2         ┆           ┆         ┆ 22491686 ┆          ┆ 21264279 ┆ 40431725 ┆         ┆          │
│ 00:00:00  ┆           ┆         ┆ 34       ┆          ┆ 773      ┆ 48       ┆         ┆          │
│ UTC       ┆           ┆         ┆          ┆          ┆          ┆          ┆         ┆          │
│ 2022-01-1 ┆ zecusdt   ┆ 2       ┆ 2.229294 ┆ 1        ┆ -0.11183 ┆ -0.63481 ┆ 47      ┆ 2        │
│ 2         ┆           ┆         ┆ 99536566 ┆          ┆ 77861433 ┆ 66481588 ┆         ┆          │
│ 00:00:00  ┆           ┆         ┆ 93       ┆          ┆ 0515     ┆ 624      ┆         ┆          │
│ UTC       ┆           ┆         ┆          ┆          ┆          ┆          ┆         ┆          │
│ 2022-01-1 ┆ aaveusdt  ┆ 3       ┆ -4.28211 ┆ 0        ┆ -0.12891 ┆ -1.06682 ┆ 1       ┆ 3        │
│ 3         ┆           ┆         ┆ 85446099 ┆          ┆ 64940441 ┆ 05979331 ┆         ┆          │
│ 00:00:00  ┆           ┆         ┆ 61       ┆          ┆ 6425     ┆ 093      ┆         ┆          │
│ UTC       ┆           ┆         ┆          ┆          ┆          ┆          ┆         ┆          │
│ 2022-01-1 ┆ adausdt   ┆ 3       ┆ -6.13707 ┆ 0        ┆ 0.708785 ┆ -0.14372 ┆ 2       ┆ 3        │
│ 3         ┆           ┆         ┆ 45983695 ┆          ┆ 92999285 ┆ 46937357 ┆         ┆          │
│ 00:00:00  ┆           ┆         ┆ 67       ┆          ┆ 28       ┆ 2572     ┆         ┆          │
│ UTC       ┆           ┆         ┆          ┆          ┆          ┆          ┆         ┆          │
└───────────┴───────────┴─────────┴──────────┴──────────┴──────────┴──────────┴─────────┴──────────┘
2026-06-18 16:47:55 INFO crypto_research.ml_cpcv: [ml] X: shape=(31917, 4) columns=['pair_id', 'weekday_enc', 'ema_dev_pair_norm', 'rsi_pair_norm'] dtypes={'pair_id': 'category', 'weekday_enc': 'category', 'ema_dev_pair_norm': 'float64', 'rsi_pair_norm': 'float64'}
2026-06-18 16:47:55 INFO crypto_research.ml_cpcv: [ml] X head (3 rows):
  pair_id weekday_enc  ema_dev_pair_norm  rsi_pair_norm
0       1           1          -1.023010      -2.030835
1       2           1          -1.000000      -1.397337
2       3           1          -0.867434      -1.155518
2026-06-18 16:47:55 INFO crypto_research.ml_cpcv: [ml] y (direction_up): shape=(31917,) dtype=int8 distribution={0: 15855, 1: 16062}
2026-06-18 16:47:55 INFO crypto_research.ml_cpcv: [ml] y head (3 values): [1, 1, 1]
2026-06-18 16:47:55 INFO crypto_research.ml_cpcv: [ml] CV: CombinatorialPurgedCV n_splits=7 n_test_groups=2 embargo_days=1 n_folds=C(7,2)=21 n_days=812
2026-06-18 16:47:55 INFO crypto_research.ml_cpcv: [ml] CV time range: 2022-01-11 00:00:00+00:00 .. 2024-04-01 00:00:00+00:00 (prediction_times=evaluation_times, purge=None)
2026-06-18 16:47:55 INFO crypto_research.ml_cpcv: [ml] CV day splits:
  fold1: train_days=579 test_days=232
  fold2: train_days=578 test_days=232
  fold3: train_days=578 test_days=232
  fold4: train_days=578 test_days=232
  fold5: train_days=578 test_days=232
  fold6: train_days=579 test_days=232
  fold7: train_days=579 test_days=232
  fold8: train_days=578 test_days=232
  fold9: train_days=578 test_days=232
  fold10: train_days=578 test_days=232
  fold11: train_days=579 test_days=232
  fold12: train_days=579 test_days=232
  fold13: train_days=578 test_days=232
  fold14: train_days=578 test_days=232
  fold15: train_days=579 test_days=232
  fold16: train_days=579 test_days=232
  fold17: train_days=578 test_days=232
  fold18: train_days=579 test_days=232
  fold19: train_days=579 test_days=232
  fold20: train_days=579 test_days=232
  fold21: train_days=580 test_days=232
2026-06-18 16:47:55 INFO crypto_research.ml_cpcv: [ml] fold 1/21 → model.fit: X_train=(25693, 4) y_train=(25693,) days=('2022-09-01 00:00:00+00:00', '2024-04-01 00:00:00+00:00') dist={0: 12646, 1: 13047}
2026-06-18 16:47:55 INFO crypto_research.ml_cpcv: [ml] fold 1/21 → model.predict: X_test=(6196, 4) y_test=(6196,) days=('2022-01-11 00:00:00+00:00', '2022-08-30 00:00:00+00:00') dist={0: 3197, 1: 2999}
2026-06-18 16:47:55 INFO crypto_research.ml_cpcv: [ml] fold 1 X_train head:
     pair_id weekday_enc  ema_dev_pair_norm  rsi_pair_norm
6224       1           3          -0.098971      -0.325285
6225       2           3          -0.187874      -0.405108
6226       3           3          -0.236484      -0.533941
2026-06-18 16:47:55 INFO crypto_research.ml_cpcv: [ml] fold 1 y_train head: [1, 1, 1]
2026-06-18 16:47:55 INFO crypto_research.ml_cpcv: [ml] fold 1 X_test head:
  pair_id weekday_enc  ema_dev_pair_norm  rsi_pair_norm
0       1           1          -1.023010      -2.030835
1       2           1          -1.000000      -1.397337
2       3           1          -0.867434      -1.155518
2026-06-18 16:47:55 INFO crypto_research.ml_cpcv: [ml] fold 1 y_test head: [1, 1, 1]
2026-06-18 16:47:55 INFO crypto_research.ml_cpcv: [ml] fold 1/21 train=25693 test=6196 acc=0.5307 auc=0.5490
2026-06-18 16:47:55 INFO crypto_research.ml_cpcv: [ml] fold 2/21 → model.fit: X_train=(25568, 4) y_train=(25568,) days=('2022-05-08 00:00:00+00:00', '2024-04-01 00:00:00+00:00') dist={0: 12559, 1: 13009}
2026-06-18 16:47:55 INFO crypto_research.ml_cpcv: [ml] fold 2/21 → model.predict: X_test=(6293, 4) y_test=(6293,) days=('2022-01-11 00:00:00+00:00', '2022-12-24 00:00:00+00:00') dist={0: 3251, 1: 3042}
2026-06-18 16:47:55 INFO crypto_research.ml_cpcv: [ml] fold 2/21 train=25568 test=6293 acc=0.5342 auc=0.5649
2026-06-18 16:47:55 INFO crypto_research.ml_cpcv: [ml] fold 3/21 → model.fit: X_train=(23489, 4) y_train=(23489,) days=('2022-05-08 00:00:00+00:00', '2024-04-01 00:00:00+00:00') dist={0: 11726, 1: 11763}
2026-06-18 16:47:55 INFO crypto_research.ml_cpcv: [ml] fold 3/21 → model.predict: X_test=(8352, 4) y_test=(8352,) days=('2022-01-11 00:00:00+00:00', '2023-04-19 00:00:00+00:00') dist={0: 4059, 1: 4293}
2026-06-18 16:47:56 INFO crypto_research.ml_cpcv: [ml] fold 3/21 train=23489 test=8352 acc=0.5238 auc=0.5180
2026-06-18 16:47:56 INFO crypto_research.ml_cpcv: [ml] fold 4/21 → model.fit: X_train=(23169, 4) y_train=(23169,) days=('2022-05-08 00:00:00+00:00', '2024-04-01 00:00:00+00:00') dist={0: 11297, 1: 11872}
2026-06-18 16:47:56 INFO crypto_research.ml_cpcv: [ml] fold 4/21 → model.predict: X_test=(8672, 4) y_test=(8672,) days=('2022-01-11 00:00:00+00:00', '2023-08-13 00:00:00+00:00') dist={0: 4512, 1: 4160}
2026-06-18 16:47:56 INFO crypto_research.ml_cpcv: [ml] fold 4/21 train=23169 test=8672 acc=0.5000 auc=0.5508
2026-06-18 16:47:56 INFO crypto_research.ml_cpcv: [ml] fold 5/21 → model.fit: X_train=(23169, 4) y_train=(23169,) days=('2022-05-08 00:00:00+00:00', '2024-04-01 00:00:00+00:00') dist={0: 11594, 1: 11575}
2026-06-18 16:47:56 INFO crypto_research.ml_cpcv: [ml] fold 5/21 → model.predict: X_test=(8672, 4) y_test=(8672,) days=('2022-01-11 00:00:00+00:00', '2023-12-07 00:00:00+00:00') dist={0: 4233, 1: 4439}
2026-06-18 16:47:56 INFO crypto_research.ml_cpcv: [ml] fold 5/21 train=23169 test=8672 acc=0.5268 auc=0.5407
2026-06-18 16:47:56 INFO crypto_research.ml_cpcv: [ml] fold 6/21 → model.fit: X_train=(23218, 4) y_train=(23218,) days=('2022-05-08 00:00:00+00:00', '2023-12-07 00:00:00+00:00') dist={0: 11587, 1: 11631}
2026-06-18 16:47:56 INFO crypto_research.ml_cpcv: [ml] fold 6/21 → model.predict: X_test=(8672, 4) y_test=(8672,) days=('2022-01-11 00:00:00+00:00', '2024-04-01 00:00:00+00:00') dist={0: 4243, 1: 4429}
2026-06-18 16:47:56 INFO crypto_research.ml_cpcv: [ml] fold 6/21 train=23218 test=8672 acc=0.5071 auc=0.5000
2026-06-18 16:47:56 INFO crypto_research.ml_cpcv: [ml] fold 7/21 → model.fit: X_train=(25375, 4) y_train=(25375,) days=('2022-01-11 00:00:00+00:00', '2024-04-01 00:00:00+00:00') dist={0: 12443, 1: 12932}
2026-06-18 16:47:56 INFO crypto_research.ml_cpcv: [ml] fold 7/21 → model.predict: X_test=(6513, 4) y_test=(6513,) days=('2022-05-07 00:00:00+00:00', '2022-12-24 00:00:00+00:00') dist={0: 3392, 1: 3121}
2026-06-18 16:47:56 INFO crypto_research.ml_cpcv: [ml] fold 7/21 train=25375 test=6513 acc=0.5005 auc=0.5238
2026-06-18 16:47:56 INFO crypto_research.ml_cpcv: [ml] fold 8/21 → model.fit: X_train=(23268, 4) y_train=(23268,) days=('2022-01-11 00:00:00+00:00', '2024-04-01 00:00:00+00:00') dist={0: 11598, 1: 11670}
2026-06-18 16:47:56 INFO crypto_research.ml_cpcv: [ml] fold 8/21 → model.predict: X_test=(8572, 4) y_test=(8572,) days=('2022-05-07 00:00:00+00:00', '2023-04-19 00:00:00+00:00') dist={0: 4200, 1: 4372}
2026-06-18 16:47:56 INFO crypto_research.ml_cpcv: [ml] fold 8/21 train=23268 test=8572 acc=0.5076 auc=0.5045
2026-06-18 16:47:56 INFO crypto_research.ml_cpcv: [ml] fold 9/21 → model.fit: X_train=(22948, 4) y_train=(22948,) days=('2022-01-11 00:00:00+00:00', '2024-04-01 00:00:00+00:00') dist={0: 11169, 1: 11779}
2026-06-18 16:47:56 INFO crypto_research.ml_cpcv: [ml] fold 9/21 → model.predict: X_test=(8892, 4) y_test=(8892,) days=('2022-05-07 00:00:00+00:00', '2023-08-13 00:00:00+00:00') dist={0: 4653, 1: 4239}
2026-06-18 16:47:56 INFO crypto_research.ml_cpcv: [ml] fold 9/21 train=22948 test=8892 acc=0.4994 auc=0.5449
2026-06-18 16:47:56 INFO crypto_research.ml_cpcv: [ml] fold 10/21 → model.fit: X_train=(22948, 4) y_train=(22948,) days=('2022-01-11 00:00:00+00:00', '2024-04-01 00:00:00+00:00') dist={0: 11466, 1: 11482}
2026-06-18 16:47:56 INFO crypto_research.ml_cpcv: [ml] fold 10/21 → model.predict: X_test=(8892, 4) y_test=(8892,) days=('2022-05-07 00:00:00+00:00', '2023-12-07 00:00:00+00:00') dist={0: 4374, 1: 4518}
2026-06-18 16:47:56 INFO crypto_research.ml_cpcv: [ml] fold 10/21 train=22948 test=8892 acc=0.5065 auc=0.5298
2026-06-18 16:47:56 INFO crypto_research.ml_cpcv: [ml] fold 11/21 → model.fit: X_train=(22997, 4) y_train=(22997,) days=('2022-01-11 00:00:00+00:00', '2023-12-07 00:00:00+00:00') dist={0: 11459, 1: 11538}
2026-06-18 16:47:56 INFO crypto_research.ml_cpcv: [ml] fold 11/21 → model.predict: X_test=(8892, 4) y_test=(8892,) days=('2022-05-07 00:00:00+00:00', '2024-04-01 00:00:00+00:00') dist={0: 4384, 1: 4508}
2026-06-18 16:47:56 INFO crypto_research.ml_cpcv: [ml] fold 11/21 train=22997 test=8892 acc=0.4740 auc=0.4663
2026-06-18 16:47:56 INFO crypto_research.ml_cpcv: [ml] fold 12/21 → model.fit: X_train=(23199, 4) y_train=(23199,) days=('2022-01-11 00:00:00+00:00', '2024-04-01 00:00:00+00:00') dist={0: 11556, 1: 11643}
2026-06-18 16:47:56 INFO crypto_research.ml_cpcv: [ml] fold 12/21 → model.predict: X_test=(8669, 4) y_test=(8669,) days=('2022-08-31 00:00:00+00:00', '2023-04-19 00:00:00+00:00') dist={0: 4254, 1: 4415}
2026-06-18 16:47:56 INFO crypto_research.ml_cpcv: [ml] fold 12/21 train=23199 test=8669 acc=0.5044 auc=0.5067
2026-06-18 16:47:56 INFO crypto_research.ml_cpcv: [ml] fold 13/21 → model.fit: X_train=(22850, 4) y_train=(22850,) days=('2022-01-11 00:00:00+00:00', '2024-04-01 00:00:00+00:00') dist={0: 11107, 1: 11743}
2026-06-18 16:47:56 INFO crypto_research.ml_cpcv: [ml] fold 13/21 → model.predict: X_test=(8989, 4) y_test=(8989,) days=('2022-08-31 00:00:00+00:00', '2023-08-13 00:00:00+00:00') dist={0: 4707, 1: 4282}
2026-06-18 16:47:56 INFO crypto_research.ml_cpcv: [ml] fold 13/21 train=22850 test=8989 acc=0.5054 auc=0.5166
2026-06-18 16:47:56 INFO crypto_research.ml_cpcv: [ml] fold 14/21 → model.fit: X_train=(22850, 4) y_train=(22850,) days=('2022-01-11 00:00:00+00:00', '2024-04-01 00:00:00+00:00') dist={0: 11404, 1: 11446}
2026-06-18 16:47:56 INFO crypto_research.ml_cpcv: [ml] fold 14/21 → model.predict: X_test=(8989, 4) y_test=(8989,) days=('2022-08-31 00:00:00+00:00', '2023-12-07 00:00:00+00:00') dist={0: 4428, 1: 4561}
2026-06-18 16:47:56 INFO crypto_research.ml_cpcv: [ml] fold 14/21 train=22850 test=8989 acc=0.5291 auc=0.5425
2026-06-18 16:47:56 INFO crypto_research.ml_cpcv: [ml] fold 15/21 → model.fit: X_train=(22899, 4) y_train=(22899,) days=('2022-01-11 00:00:00+00:00', '2023-12-07 00:00:00+00:00') dist={0: 11397, 1: 11502}
2026-06-18 16:47:56 INFO crypto_research.ml_cpcv: [ml] fold 15/21 → model.predict: X_test=(8989, 4) y_test=(8989,) days=('2022-08-31 00:00:00+00:00', '2024-04-01 00:00:00+00:00') dist={0: 4438, 1: 4551}
2026-06-18 16:47:56 INFO crypto_research.ml_cpcv: [ml] fold 15/21 train=22899 test=8989 acc=0.4874 auc=0.4903
2026-06-18 16:47:56 INFO crypto_research.ml_cpcv: [ml] fold 16/21 → model.fit: X_train=(20820, 4) y_train=(20820,) days=('2022-01-11 00:00:00+00:00', '2024-04-01 00:00:00+00:00') dist={0: 10319, 1: 10501}
2026-06-18 16:47:56 INFO crypto_research.ml_cpcv: [ml] fold 16/21 → model.predict: X_test=(11048, 4) y_test=(11048,) days=('2022-12-25 00:00:00+00:00', '2023-08-13 00:00:00+00:00') dist={0: 5515, 1: 5533}
2026-06-18 16:47:56 INFO crypto_research.ml_cpcv: [ml] fold 16/21 train=20820 test=11048 acc=0.4961 auc=0.4946
2026-06-18 16:47:56 INFO crypto_research.ml_cpcv: [ml] fold 17/21 → model.fit: X_train=(20771, 4) y_train=(20771,) days=('2022-01-11 00:00:00+00:00', '2024-04-01 00:00:00+00:00') dist={0: 10571, 1: 10200}
2026-06-18 16:47:56 INFO crypto_research.ml_cpcv: [ml] fold 17/21 → model.predict: X_test=(11048, 4) y_test=(11048,) days=('2022-12-25 00:00:00+00:00', '2023-12-07 00:00:00+00:00') dist={0: 5236, 1: 5812}
2026-06-18 16:47:56 INFO crypto_research.ml_cpcv: [ml] fold 17/21 train=20771 test=11048 acc=0.4923 auc=0.5191
2026-06-18 16:47:56 INFO crypto_research.ml_cpcv: [ml] fold 18/21 → model.fit: X_train=(20820, 4) y_train=(20820,) days=('2022-01-11 00:00:00+00:00', '2023-12-07 00:00:00+00:00') dist={0: 10564, 1: 10256}
2026-06-18 16:47:56 INFO crypto_research.ml_cpcv: [ml] fold 18/21 → model.predict: X_test=(11048, 4) y_test=(11048,) days=('2022-12-25 00:00:00+00:00', '2024-04-01 00:00:00+00:00') dist={0: 5246, 1: 5802}
2026-06-18 16:47:56 INFO crypto_research.ml_cpcv: [ml] fold 18/21 train=20820 test=11048 acc=0.4716 auc=0.5069
2026-06-18 16:47:56 INFO crypto_research.ml_cpcv: [ml] fold 19/21 → model.fit: X_train=(20500, 4) y_train=(20500,) days=('2022-01-11 00:00:00+00:00', '2024-04-01 00:00:00+00:00') dist={0: 10163, 1: 10337}
2026-06-18 16:47:56 INFO crypto_research.ml_cpcv: [ml] fold 19/21 → model.predict: X_test=(11368, 4) y_test=(11368,) days=('2023-04-20 00:00:00+00:00', '2023-12-07 00:00:00+00:00') dist={0: 5689, 1: 5679}
2026-06-18 16:47:56 INFO crypto_research.ml_cpcv: [ml] fold 19/21 train=20500 test=11368 acc=0.5084 auc=0.5108
2026-06-18 16:47:56 INFO crypto_research.ml_cpcv: [ml] fold 20/21 → model.fit: X_train=(20500, 4) y_train=(20500,) days=('2022-01-11 00:00:00+00:00', '2023-12-07 00:00:00+00:00') dist={0: 10135, 1: 10365}
2026-06-18 16:47:56 INFO crypto_research.ml_cpcv: [ml] fold 20/21 → model.predict: X_test=(11368, 4) y_test=(11368,) days=('2023-04-20 00:00:00+00:00', '2024-04-01 00:00:00+00:00') dist={0: 5699, 1: 5669}
2026-06-18 16:47:56 INFO crypto_research.ml_cpcv: [ml] fold 20/21 train=20500 test=11368 acc=0.5112 auc=0.5213
2026-06-18 16:47:56 INFO crypto_research.ml_cpcv: [ml] fold 21/21 → model.fit: X_train=(20549, 4) y_train=(20549,) days=('2022-01-11 00:00:00+00:00', '2023-08-13 00:00:00+00:00') dist={0: 10435, 1: 10114}
2026-06-18 16:47:56 INFO crypto_research.ml_cpcv: [ml] fold 21/21 → model.predict: X_test=(11368, 4) y_test=(11368,) days=('2023-08-14 00:00:00+00:00', '2024-04-01 00:00:00+00:00') dist={0: 5420, 1: 5948}
2026-06-18 16:47:56 INFO crypto_research.ml_cpcv: [ml] fold 21/21 train=20549 test=11368 acc=0.4754 auc=0.4872
2026-06-18 16:47:56 INFO crypto_research.ml_cpcv: [ml] CPCV mean: folds=21 acc=0.5044 logloss=0.6934 auc=0.5185
2026-06-18 16:47:56 INFO crypto_research.ml_cpcv: [ml] OOS paths: rows=31917 cols=[time_ns, y_prob, y_true] folds_merged=21
2026-06-18 16:47:56 INFO crypto_research.ml_cpcv: [ml] OOS calibration: brier=0.2500 ece=0.0140
2026-06-18 16:47:56 INFO crypto_research.ml_cpcv: [ml] OOS weekday Пн: n=4562 base_up=0.4908 pred_up=0.4851 acc=0.4542 logloss=0.6982 auc=0.4182
2026-06-18 16:47:56 INFO crypto_research.ml_cpcv: [ml] OOS weekday Вт: n=4557 base_up=0.5177 pred_up=0.5903 acc=0.5253 logloss=0.6880 auc=0.5491
2026-06-18 16:47:56 INFO crypto_research.ml_cpcv: [ml] OOS weekday Ср: n=4557 base_up=0.4955 pred_up=0.4637 acc=0.5012 logloss=0.6946 auc=0.4945
2026-06-18 16:47:56 INFO crypto_research.ml_cpcv: [ml] OOS weekday Чт: n=4559 base_up=0.4587 pred_up=0.1911 acc=0.5056 logloss=0.6934 auc=0.4769
2026-06-18 16:47:56 INFO crypto_research.ml_cpcv: [ml] OOS weekday Пт: n=4560 base_up=0.5610 pred_up=0.9390 acc=0.5474 logloss=0.6897 auc=0.4671
2026-06-18 16:47:56 INFO crypto_research.ml_cpcv: [ml] OOS weekday Сб: n=4561 base_up=0.5227 pred_up=0.7781 acc=0.4929 logloss=0.6940 auc=0.4806
2026-06-18 16:47:56 INFO crypto_research.ml_cpcv: [ml] OOS weekday Вс: n=4561 base_up=0.4764 pred_up=0.2616 acc=0.4935 logloss=0.6942 auc=0.4619
2026-06-18 16:47:58 INFO crypto_research.ml_oos_paths: [ml] OOS plot saved: /home_admin/crypto_bot/crypto_research/research_outputs/combined/dow_ema_rsi_sp/ml/plots/direction_dow_ema_rsi_49pairs_20220101_20240401_oos_prob.png (weekdays=7 calendar_days=812 rows=31917)
2026-06-18 16:47:59 INFO crypto_research.ml_oos_paths: [ml] OOS calibration plot saved: /home_admin/crypto_bot/crypto_research/research_outputs/combined/dow_ema_rsi_sp/ml/plots/direction_dow_ema_rsi_49pairs_20220101_20240401_oos_calibration.png (brier=0.2500 ece=0.0140 rows=31917)
2026-06-18 16:47:59 INFO crypto_research.ml_learning_curve: [ml] full train fit: rows=31917 n_estimators=12
2026-06-18 16:48:00 INFO crypto_research.ml_oos_paths: [ml] OOS plot saved: /home_admin/crypto_bot/crypto_research/research_outputs/combined/dow_ema_rsi_sp/ml/plots/direction_dow_ema_rsi_49pairs_20240401_20260531_oos_prob.png (weekdays=7 calendar_days=777 rows=38073)
2026-06-18 16:48:01 INFO crypto_research.ml_oos_paths: [ml] OOS calibration plot saved: /home_admin/crypto_bot/crypto_research/research_outputs/combined/dow_ema_rsi_sp/ml/plots/direction_dow_ema_rsi_49pairs_20240401_20260531_oos_calibration.png (brier=0.2489 ece=0.0264 rows=38073)
2026-06-18 16:48:03 INFO crypto_research.ml_oos_paths: [ml] Weekday×pair summary plot saved: /home_admin/crypto_bot/crypto_research/research_outputs/combined/dow_ema_rsi_sp/ml/plots/direction_dow_ema_rsi_49pairs_20240401_20260531_weekday_pair_summary.png (pairs=49 rows=38073)
2026-06-18 16:48:04 INFO crypto_research.ml_feature_predictive_plot: [ml] feature curve plot saved: /home_admin/crypto_bot/crypto_research/research_outputs/combined/dow_ema_rsi_sp/ml/plots/direction_dow_ema_rsi_49pairs_20240401_20260531_ema_dev_predictive.png (ema_dev_pair_norm)
2026-06-18 16:48:04 INFO crypto_research.ml_feature_predictive_plot: [ml] feature curve plot saved: /home_admin/crypto_bot/crypto_research/research_outputs/combined/dow_ema_rsi_sp/ml/plots/direction_dow_ema_rsi_49pairs_20240401_20260531_rsi_predictive.png (rsi_pair_norm)
2026-06-18 16:48:06 INFO crypto_research.ml_oos_paths: [ml] Weekday×pair summary plot saved: /home_admin/crypto_bot/crypto_research/research_outputs/combined/dow_ema_rsi_sp/ml/plots/direction_dow_ema_rsi_49pairs_20220101_20240401_weekday_pair_summary.png (pairs=49 rows=31917)
2026-06-18 16:48:07 INFO crypto_research.ml_oos_paths: [ml] ROC AUC comparison plot saved: /home_admin/crypto_bot/crypto_research/research_outputs/combined/dow_ema_rsi_sp/ml/plots/direction_dow_ema_rsi_49pairs_20220101_20260531_roc_auc.png
2026-06-18 16:48:11 INFO crypto_research.ml_research: [ml] train/test metrics saved: /home_admin/crypto_bot/crypto_research/research_outputs/combined/dow_ema_rsi_sp/ml/metrics/direction_dow_ema_rsi_49pairs_20220101_20260531_train_test.json
2026-06-18 17:57:12 INFO crypto_research.ml_research: [ml] log file: /home_admin/crypto_bot/crypto_research/research_outputs/combined/dow_ema_rsi_sp/ml/direction_dow_ema_rsi_20220101_20260531.log
2026-06-18 17:57:12 INFO crypto_research.ml_dataset: [ml] pair filter: first_candle <= 2023-01-01 → 49 pairs
2026-06-18 17:57:43 INFO crypto_research.load: [1] Загрузка данных: пар=49 строк=46567998 ~1243.5 MB
2026-06-18 17:57:43 INFO crypto_research.load:   1000luncusdt: rows=656821 2022-12-31 .. 2024-04-01
2026-06-18 17:57:43 INFO crypto_research.load:   aaveusdt: rows=1182241 2022-01-01 .. 2024-04-01
2026-06-18 17:57:43 INFO crypto_research.load:   adausdt: rows=1182241 2022-01-01 .. 2024-04-01
2026-06-18 17:57:43 INFO crypto_research.load:   algousdt: rows=1182241 2022-01-01 .. 2024-04-01
2026-06-18 17:57:43 INFO crypto_research.load:   aliceusdt: rows=1182241 2022-01-01 .. 2024-04-01
2026-06-18 17:57:43 INFO crypto_research.load:   apeusdt: rows=656821 2022-12-31 .. 2024-04-01
2026-06-18 17:57:43 INFO crypto_research.load:   api3usdt: rows=1098270 2022-02-28 .. 2024-04-01
2026-06-18 17:57:43 INFO crypto_research.load:   aptusdt: rows=763033 2022-10-19 .. 2024-04-01
2026-06-18 17:57:43 INFO crypto_research.load:   atomusdt: rows=1182241 2022-01-01 .. 2024-04-01
2026-06-18 17:57:43 INFO crypto_research.load:   avaxusdt: rows=1182241 2022-01-01 .. 2024-04-01
2026-06-18 17:57:43 INFO crypto_research.load:   axsusdt: rows=656821 2022-12-31 .. 2024-04-01
2026-06-18 17:57:43 INFO crypto_research.load:   bchusdt: rows=1182241 2022-01-01 .. 2024-04-01
2026-06-18 17:57:43 INFO crypto_research.load:   bnbusdt: rows=1182241 2022-01-01 .. 2024-04-01
2026-06-18 17:57:43 INFO crypto_research.load:   btcusdt: rows=1182241 2022-01-01 .. 2024-04-01
2026-06-18 17:57:43 INFO crypto_research.load:   chzusdt: rows=656821 2022-12-31 .. 2024-04-01
2026-06-18 17:57:43 INFO crypto_research.load:   crvusdt: rows=1182241 2022-01-01 .. 2024-04-01
2026-06-18 17:57:43 INFO crypto_research.load:   dashusdt: rows=656821 2022-12-31 .. 2024-04-01
2026-06-18 17:57:43 INFO crypto_research.load:   dogeusdt: rows=1182241 2022-01-01 .. 2024-04-01
2026-06-18 17:57:43 INFO crypto_research.load:   dotusdt: rows=1182241 2022-01-01 .. 2024-04-01
2026-06-18 17:57:43 INFO crypto_research.load:   dydxusdt: rows=1182241 2022-01-01 .. 2024-04-01
2026-06-18 17:57:43 INFO crypto_research.load:   egldusdt: rows=656821 2022-12-31 .. 2024-04-01
2026-06-18 17:57:43 INFO crypto_research.load:   enjusdt: rows=1182241 2022-01-01 .. 2024-04-01
2026-06-18 17:57:43 INFO crypto_research.load:   etcusdt: rows=656821 2022-12-31 .. 2024-04-01
2026-06-18 17:57:43 INFO crypto_research.load:   ethusdt: rows=1182241 2022-01-01 .. 2024-04-01
2026-06-18 17:57:43 INFO crypto_research.load:   filusdt: rows=1182241 2022-01-01 .. 2024-04-01
2026-06-18 17:57:43 INFO crypto_research.load:   galausdt: rows=1182241 2022-01-01 .. 2024-04-01
2026-06-18 17:57:43 INFO crypto_research.load:   gmtusdt: rows=656821 2022-12-31 .. 2024-04-01
2026-06-18 17:57:43 INFO crypto_research.load:   hbarusdt: rows=656821 2022-12-31 .. 2024-04-01
2026-06-18 17:57:43 INFO crypto_research.load:   icpusdt: rows=656821 2022-12-31 .. 2024-04-01
2026-06-18 17:57:43 INFO crypto_research.load:   injusdt: rows=656821 2022-12-31 .. 2024-04-01
2026-06-18 17:57:43 INFO crypto_research.load:   ldousdt: rows=656821 2022-12-31 .. 2024-04-01
2026-06-18 17:57:43 INFO crypto_research.load:   linkusdt: rows=1182241 2022-01-01 .. 2024-04-01
2026-06-18 17:57:43 INFO crypto_research.load:   ltcusdt: rows=1182241 2022-01-01 .. 2024-04-01
2026-06-18 17:57:43 INFO crypto_research.load:   nearusdt: rows=1182241 2022-01-01 .. 2024-04-01
2026-06-18 17:57:43 INFO crypto_research.load:   ontusdt: rows=957048 2022-06-06 .. 2024-04-01
2026-06-18 17:57:43 INFO crypto_research.load:   opusdt: rows=656821 2022-12-31 .. 2024-04-01
2026-06-18 17:57:43 INFO crypto_research.load:   paxgusdt: rows=1076619 2022-03-15 .. 2024-04-01
2026-06-18 17:57:43 INFO crypto_research.load:   sandusdt: rows=656821 2022-12-31 .. 2024-04-01
2026-06-18 17:57:43 INFO crypto_research.load:   shib1000usdt: rows=656821 2022-12-31 .. 2024-04-01
2026-06-18 17:57:43 INFO crypto_research.load:   solusdt: rows=1182241 2022-01-01 .. 2024-04-01
2026-06-18 17:57:43 INFO crypto_research.load:   storjusdt: rows=656821 2022-12-31 .. 2024-04-01
2026-06-18 17:57:43 INFO crypto_research.load:   stxusdt: rows=656821 2022-12-31 .. 2024-04-01
2026-06-18 17:57:43 INFO crypto_research.load:   trxusdt: rows=656821 2022-12-31 .. 2024-04-01
2026-06-18 17:57:43 INFO crypto_research.load:   uniusdt: rows=1182241 2022-01-01 .. 2024-04-01
2026-06-18 17:57:43 INFO crypto_research.load:   xlmusdt: rows=656821 2022-12-31 .. 2024-04-01
2026-06-18 17:57:43 INFO crypto_research.load:   xmrusdt: rows=1162824 2022-01-14 .. 2024-04-01
2026-06-18 17:57:43 INFO crypto_research.load:   xrpusdt: rows=1182241 2022-01-01 .. 2024-04-01
2026-06-18 17:57:43 INFO crypto_research.load:   zecusdt: rows=1182241 2022-01-01 .. 2024-04-01
2026-06-18 17:57:43 INFO crypto_research.load:   zenusdt: rows=656821 2022-12-31 .. 2024-04-01
2026-06-18 17:57:45 INFO crypto_research.ml_dataset: [ml] pooled daily: pairs=49 rows=32407 period=2022-01-01..2024-04-01
2026-06-18 17:57:45 INFO crypto_research.ml_dataset: [ml] pair filter: first_candle <= 2023-01-01 → 49 pairs
2026-06-18 17:58:06 INFO crypto_research.load: [1] Загрузка данных: пар=49 строк=55515524 ~1482.4 MB
2026-06-18 17:58:06 INFO crypto_research.load:   1000luncusdt: rows=1133280 2024-04-01 .. 2026-05-27
2026-06-18 17:58:06 INFO crypto_research.load:   aaveusdt: rows=1132756 2024-04-01 .. 2026-05-27
2026-06-18 17:58:06 INFO crypto_research.load:   adausdt: rows=1132756 2024-04-01 .. 2026-05-27
2026-06-18 17:58:06 INFO crypto_research.load:   algousdt: rows=1132756 2024-04-01 .. 2026-05-27
2026-06-18 17:58:06 INFO crypto_research.load:   aliceusdt: rows=1132756 2024-04-01 .. 2026-05-27
2026-06-18 17:58:06 INFO crypto_research.load:   apeusdt: rows=1133280 2024-04-01 .. 2026-05-27
2026-06-18 17:58:06 INFO crypto_research.load:   api3usdt: rows=1132756 2024-04-01 .. 2026-05-27
2026-06-18 17:58:06 INFO crypto_research.load:   aptusdt: rows=1132756 2024-04-01 .. 2026-05-27
2026-06-18 17:58:06 INFO crypto_research.load:   atomusdt: rows=1132756 2024-04-01 .. 2026-05-27
2026-06-18 17:58:06 INFO crypto_research.load:   avaxusdt: rows=1132756 2024-04-01 .. 2026-05-27
2026-06-18 17:58:06 INFO crypto_research.load:   axsusdt: rows=1133280 2024-04-01 .. 2026-05-27
2026-06-18 17:58:06 INFO crypto_research.load:   bchusdt: rows=1132756 2024-04-01 .. 2026-05-27
2026-06-18 17:58:06 INFO crypto_research.load:   bnbusdt: rows=1132756 2024-04-01 .. 2026-05-27
2026-06-18 17:58:06 INFO crypto_research.load:   btcusdt: rows=1132756 2024-04-01 .. 2026-05-27
2026-06-18 17:58:06 INFO crypto_research.load:   chzusdt: rows=1133280 2024-04-01 .. 2026-05-27
2026-06-18 17:58:06 INFO crypto_research.load:   crvusdt: rows=1132756 2024-04-01 .. 2026-05-27
2026-06-18 17:58:06 INFO crypto_research.load:   dashusdt: rows=1133280 2024-04-01 .. 2026-05-27
2026-06-18 17:58:06 INFO crypto_research.load:   dogeusdt: rows=1132756 2024-04-01 .. 2026-05-27
2026-06-18 17:58:06 INFO crypto_research.load:   dotusdt: rows=1132756 2024-04-01 .. 2026-05-27
2026-06-18 17:58:06 INFO crypto_research.load:   dydxusdt: rows=1132756 2024-04-01 .. 2026-05-27
2026-06-18 17:58:06 INFO crypto_research.load:   egldusdt: rows=1133280 2024-04-01 .. 2026-05-27
2026-06-18 17:58:06 INFO crypto_research.load:   enjusdt: rows=1132756 2024-04-01 .. 2026-05-27
2026-06-18 17:58:06 INFO crypto_research.load:   etcusdt: rows=1133280 2024-04-01 .. 2026-05-27
2026-06-18 17:58:06 INFO crypto_research.load:   ethusdt: rows=1132756 2024-04-01 .. 2026-05-27
2026-06-18 17:58:06 INFO crypto_research.load:   filusdt: rows=1132756 2024-04-01 .. 2026-05-27
2026-06-18 17:58:06 INFO crypto_research.load:   galausdt: rows=1132756 2024-04-01 .. 2026-05-27
2026-06-18 17:58:06 INFO crypto_research.load:   gmtusdt: rows=1133280 2024-04-01 .. 2026-05-27
2026-06-18 17:58:06 INFO crypto_research.load:   hbarusdt: rows=1133280 2024-04-01 .. 2026-05-27
2026-06-18 17:58:06 INFO crypto_research.load:   icpusdt: rows=1133280 2024-04-01 .. 2026-05-27
2026-06-18 17:58:06 INFO crypto_research.load:   injusdt: rows=1133280 2024-04-01 .. 2026-05-27
2026-06-18 17:58:06 INFO crypto_research.load:   ldousdt: rows=1133280 2024-04-01 .. 2026-05-27
2026-06-18 17:58:06 INFO crypto_research.load:   linkusdt: rows=1132756 2024-04-01 .. 2026-05-27
2026-06-18 17:58:06 INFO crypto_research.load:   ltcusdt: rows=1132756 2024-04-01 .. 2026-05-27
2026-06-18 17:58:06 INFO crypto_research.load:   nearusdt: rows=1132756 2024-04-01 .. 2026-05-27
2026-06-18 17:58:06 INFO crypto_research.load:   ontusdt: rows=1132756 2024-04-01 .. 2026-05-27
2026-06-18 17:58:06 INFO crypto_research.load:   opusdt: rows=1133280 2024-04-01 .. 2026-05-27
2026-06-18 17:58:06 INFO crypto_research.load:   paxgusdt: rows=1132756 2024-04-01 .. 2026-05-27
2026-06-18 17:58:06 INFO crypto_research.load:   sandusdt: rows=1133280 2024-04-01 .. 2026-05-27
2026-06-18 17:58:06 INFO crypto_research.load:   shib1000usdt: rows=1133280 2024-04-01 .. 2026-05-27
2026-06-18 17:58:06 INFO crypto_research.load:   solusdt: rows=1132756 2024-04-01 .. 2026-05-27
2026-06-18 17:58:06 INFO crypto_research.load:   storjusdt: rows=1133280 2024-04-01 .. 2026-05-27
2026-06-18 17:58:06 INFO crypto_research.load:   stxusdt: rows=1133280 2024-04-01 .. 2026-05-27
2026-06-18 17:58:06 INFO crypto_research.load:   trxusdt: rows=1133280 2024-04-01 .. 2026-05-27
2026-06-18 17:58:06 INFO crypto_research.load:   uniusdt: rows=1132756 2024-04-01 .. 2026-05-27
2026-06-18 17:58:06 INFO crypto_research.load:   xlmusdt: rows=1133280 2024-04-01 .. 2026-05-27
2026-06-18 17:58:06 INFO crypto_research.load:   xmrusdt: rows=1132756 2024-04-01 .. 2026-05-27
2026-06-18 17:58:06 INFO crypto_research.load:   xrpusdt: rows=1132756 2024-04-01 .. 2026-05-27
2026-06-18 17:58:06 INFO crypto_research.load:   zecusdt: rows=1132756 2024-04-01 .. 2026-05-27
2026-06-18 17:58:06 INFO crypto_research.load:   zenusdt: rows=1133280 2024-04-01 .. 2026-05-27
2026-06-18 17:58:08 INFO crypto_research.ml_dataset: [ml] pooled daily: pairs=49 rows=38563 period=2024-04-01..2026-05-31
2026-06-18 17:58:08 INFO crypto_research.ml_dataset: [ml] ema_dev_pair_norm: min=-4.914 max=8.584 mean=-0.014
2026-06-18 17:58:08 INFO crypto_research.ml_dataset: [ml] rsi_pair_norm: min=-2.053 max=2.062 mean=-0.082
2026-06-18 17:58:08 INFO crypto_research.ml_dataset: [ml] dataset studies=['day_of_week_ml', 'ema_spreads_ml', 'rsi_spreads_ml'] features=['pair_id', 'weekday_enc', 'ema_dev_pair_norm', 'rsi_pair_norm'] rows=31917 pairs=49 up_rate=0.503
2026-06-18 17:58:08 INFO crypto_research.ml_dataset: [ml] ema_dev_pair_norm: min=-4.918 max=15.840 mean=-0.087
2026-06-18 17:58:08 INFO crypto_research.ml_dataset: [ml] rsi_pair_norm: min=-1.864 max=2.022 mean=-0.170
2026-06-18 17:58:08 INFO crypto_research.ml_dataset: [ml] dataset studies=['day_of_week_ml', 'ema_spreads_ml', 'rsi_spreads_ml'] features=['pair_id', 'weekday_enc', 'ema_dev_pair_norm', 'rsi_pair_norm'] rows=38073 pairs=49 up_rate=0.478
2026-06-18 17:58:08 INFO crypto_research.ml_plot_registry: [ml] plot: correlation_matrix_heatmap
2026-06-18 17:58:09 INFO crypto_research.ml_feature_diagnostic_plots: [ml] feature corr ema_dev_pair_norm vs rsi_pair_norm: 0.8525
2026-06-18 17:58:09 INFO crypto_research.ml_feature_diagnostic_plots: [ml] correlation matrix heatmap saved: /home_admin/crypto_bot/crypto_research/research_outputs/combined/dow_ema_rsi_sp/ml/plots/direction_dow_ema_rsi_49pairs_20240401_20260531_correlation_matrix.png
2026-06-18 17:58:09 INFO crypto_research.ml_plot_registry: [ml] plot: shape_summary_plot
2026-06-18 17:58:09 INFO crypto_research.ml_feature_diagnostic_plots: [ml] shape summary plot saved: /home_admin/crypto_bot/crypto_research/research_outputs/combined/dow_ema_rsi_sp/ml/plots/direction_dow_ema_rsi_49pairs_20240401_20260531_shape_summary.png
2026-06-18 17:58:09 INFO crypto_research.ml_research: [ml] plots-only summary saved: /home_admin/crypto_bot/crypto_research/research_outputs/combined/dow_ema_rsi_sp/ml/plots/plots_only_summary.json
2026-06-19 11:31:34 INFO crypto_research.ml_research: [ml] log file: /home_admin/crypto_bot/crypto_research/research_outputs/combined/dow_ema_rsi_sp/ml/direction_dow_ema_rsi_20220101_20260531.log
2026-06-19 11:31:34 INFO crypto_research.ml_dataset: [ml] pair filter: first_candle <= 2023-01-01 → 49 pairs
2026-06-19 11:32:30 INFO crypto_research.load: [1] Загрузка данных: пар=49 строк=46567998 ~1243.5 MB
2026-06-19 11:32:30 INFO crypto_research.load:   1000luncusdt: rows=656821 2022-12-31 .. 2024-04-01
2026-06-19 11:32:30 INFO crypto_research.load:   aaveusdt: rows=1182241 2022-01-01 .. 2024-04-01
2026-06-19 11:32:30 INFO crypto_research.load:   adausdt: rows=1182241 2022-01-01 .. 2024-04-01
2026-06-19 11:32:30 INFO crypto_research.load:   algousdt: rows=1182241 2022-01-01 .. 2024-04-01
2026-06-19 11:32:30 INFO crypto_research.load:   aliceusdt: rows=1182241 2022-01-01 .. 2024-04-01
2026-06-19 11:32:30 INFO crypto_research.load:   apeusdt: rows=656821 2022-12-31 .. 2024-04-01
2026-06-19 11:32:30 INFO crypto_research.load:   api3usdt: rows=1098270 2022-02-28 .. 2024-04-01
2026-06-19 11:32:30 INFO crypto_research.load:   aptusdt: rows=763033 2022-10-19 .. 2024-04-01
2026-06-19 11:32:30 INFO crypto_research.load:   atomusdt: rows=1182241 2022-01-01 .. 2024-04-01
2026-06-19 11:32:30 INFO crypto_research.load:   avaxusdt: rows=1182241 2022-01-01 .. 2024-04-01
2026-06-19 11:32:30 INFO crypto_research.load:   axsusdt: rows=656821 2022-12-31 .. 2024-04-01
2026-06-19 11:32:30 INFO crypto_research.load:   bchusdt: rows=1182241 2022-01-01 .. 2024-04-01
2026-06-19 11:32:30 INFO crypto_research.load:   bnbusdt: rows=1182241 2022-01-01 .. 2024-04-01
2026-06-19 11:32:30 INFO crypto_research.load:   btcusdt: rows=1182241 2022-01-01 .. 2024-04-01
2026-06-19 11:32:30 INFO crypto_research.load:   chzusdt: rows=656821 2022-12-31 .. 2024-04-01
2026-06-19 11:32:30 INFO crypto_research.load:   crvusdt: rows=1182241 2022-01-01 .. 2024-04-01
2026-06-19 11:32:30 INFO crypto_research.load:   dashusdt: rows=656821 2022-12-31 .. 2024-04-01
2026-06-19 11:32:30 INFO crypto_research.load:   dogeusdt: rows=1182241 2022-01-01 .. 2024-04-01
2026-06-19 11:32:30 INFO crypto_research.load:   dotusdt: rows=1182241 2022-01-01 .. 2024-04-01
2026-06-19 11:32:30 INFO crypto_research.load:   dydxusdt: rows=1182241 2022-01-01 .. 2024-04-01
2026-06-19 11:32:30 INFO crypto_research.load:   egldusdt: rows=656821 2022-12-31 .. 2024-04-01
2026-06-19 11:32:30 INFO crypto_research.load:   enjusdt: rows=1182241 2022-01-01 .. 2024-04-01
2026-06-19 11:32:30 INFO crypto_research.load:   etcusdt: rows=656821 2022-12-31 .. 2024-04-01
2026-06-19 11:32:30 INFO crypto_research.load:   ethusdt: rows=1182241 2022-01-01 .. 2024-04-01
2026-06-19 11:32:30 INFO crypto_research.load:   filusdt: rows=1182241 2022-01-01 .. 2024-04-01
2026-06-19 11:32:30 INFO crypto_research.load:   galausdt: rows=1182241 2022-01-01 .. 2024-04-01
2026-06-19 11:32:30 INFO crypto_research.load:   gmtusdt: rows=656821 2022-12-31 .. 2024-04-01
2026-06-19 11:32:30 INFO crypto_research.load:   hbarusdt: rows=656821 2022-12-31 .. 2024-04-01
2026-06-19 11:32:30 INFO crypto_research.load:   icpusdt: rows=656821 2022-12-31 .. 2024-04-01
2026-06-19 11:32:30 INFO crypto_research.load:   injusdt: rows=656821 2022-12-31 .. 2024-04-01
2026-06-19 11:32:30 INFO crypto_research.load:   ldousdt: rows=656821 2022-12-31 .. 2024-04-01
2026-06-19 11:32:30 INFO crypto_research.load:   linkusdt: rows=1182241 2022-01-01 .. 2024-04-01
2026-06-19 11:32:30 INFO crypto_research.load:   ltcusdt: rows=1182241 2022-01-01 .. 2024-04-01
2026-06-19 11:32:30 INFO crypto_research.load:   nearusdt: rows=1182241 2022-01-01 .. 2024-04-01
2026-06-19 11:32:30 INFO crypto_research.load:   ontusdt: rows=957048 2022-06-06 .. 2024-04-01
2026-06-19 11:32:30 INFO crypto_research.load:   opusdt: rows=656821 2022-12-31 .. 2024-04-01
2026-06-19 11:32:30 INFO crypto_research.load:   paxgusdt: rows=1076619 2022-03-15 .. 2024-04-01
2026-06-19 11:32:30 INFO crypto_research.load:   sandusdt: rows=656821 2022-12-31 .. 2024-04-01
2026-06-19 11:32:30 INFO crypto_research.load:   shib1000usdt: rows=656821 2022-12-31 .. 2024-04-01
2026-06-19 11:32:30 INFO crypto_research.load:   solusdt: rows=1182241 2022-01-01 .. 2024-04-01
2026-06-19 11:32:30 INFO crypto_research.load:   storjusdt: rows=656821 2022-12-31 .. 2024-04-01
2026-06-19 11:32:30 INFO crypto_research.load:   stxusdt: rows=656821 2022-12-31 .. 2024-04-01
2026-06-19 11:32:30 INFO crypto_research.load:   trxusdt: rows=656821 2022-12-31 .. 2024-04-01
2026-06-19 11:32:30 INFO crypto_research.load:   uniusdt: rows=1182241 2022-01-01 .. 2024-04-01
2026-06-19 11:32:30 INFO crypto_research.load:   xlmusdt: rows=656821 2022-12-31 .. 2024-04-01
2026-06-19 11:32:30 INFO crypto_research.load:   xmrusdt: rows=1162824 2022-01-14 .. 2024-04-01
2026-06-19 11:32:30 INFO crypto_research.load:   xrpusdt: rows=1182241 2022-01-01 .. 2024-04-01
2026-06-19 11:32:30 INFO crypto_research.load:   zecusdt: rows=1182241 2022-01-01 .. 2024-04-01
2026-06-19 11:32:30 INFO crypto_research.load:   zenusdt: rows=656821 2022-12-31 .. 2024-04-01
2026-06-19 11:32:32 INFO crypto_research.ml_dataset: [ml] pooled daily: pairs=49 rows=32407 period=2022-01-01..2024-04-01
2026-06-19 11:32:32 INFO crypto_research.ml_dataset: [ml] pair filter: first_candle <= 2023-01-01 → 49 pairs
2026-06-19 11:33:28 INFO crypto_research.load: [1] Загрузка данных: пар=49 строк=55515524 ~1482.4 MB
2026-06-19 11:33:28 INFO crypto_research.load:   1000luncusdt: rows=1133280 2024-04-01 .. 2026-05-27
2026-06-19 11:33:28 INFO crypto_research.load:   aaveusdt: rows=1132756 2024-04-01 .. 2026-05-27
2026-06-19 11:33:28 INFO crypto_research.load:   adausdt: rows=1132756 2024-04-01 .. 2026-05-27
2026-06-19 11:33:28 INFO crypto_research.load:   algousdt: rows=1132756 2024-04-01 .. 2026-05-27
2026-06-19 11:33:28 INFO crypto_research.load:   aliceusdt: rows=1132756 2024-04-01 .. 2026-05-27
2026-06-19 11:33:28 INFO crypto_research.load:   apeusdt: rows=1133280 2024-04-01 .. 2026-05-27
2026-06-19 11:33:28 INFO crypto_research.load:   api3usdt: rows=1132756 2024-04-01 .. 2026-05-27
2026-06-19 11:33:28 INFO crypto_research.load:   aptusdt: rows=1132756 2024-04-01 .. 2026-05-27
2026-06-19 11:33:28 INFO crypto_research.load:   atomusdt: rows=1132756 2024-04-01 .. 2026-05-27
2026-06-19 11:33:28 INFO crypto_research.load:   avaxusdt: rows=1132756 2024-04-01 .. 2026-05-27
2026-06-19 11:33:28 INFO crypto_research.load:   axsusdt: rows=1133280 2024-04-01 .. 2026-05-27
2026-06-19 11:33:28 INFO crypto_research.load:   bchusdt: rows=1132756 2024-04-01 .. 2026-05-27
2026-06-19 11:33:28 INFO crypto_research.load:   bnbusdt: rows=1132756 2024-04-01 .. 2026-05-27
2026-06-19 11:33:28 INFO crypto_research.load:   btcusdt: rows=1132756 2024-04-01 .. 2026-05-27
2026-06-19 11:33:28 INFO crypto_research.load:   chzusdt: rows=1133280 2024-04-01 .. 2026-05-27
2026-06-19 11:33:28 INFO crypto_research.load:   crvusdt: rows=1132756 2024-04-01 .. 2026-05-27
2026-06-19 11:33:28 INFO crypto_research.load:   dashusdt: rows=1133280 2024-04-01 .. 2026-05-27
2026-06-19 11:33:28 INFO crypto_research.load:   dogeusdt: rows=1132756 2024-04-01 .. 2026-05-27
2026-06-19 11:33:28 INFO crypto_research.load:   dotusdt: rows=1132756 2024-04-01 .. 2026-05-27
2026-06-19 11:33:28 INFO crypto_research.load:   dydxusdt: rows=1132756 2024-04-01 .. 2026-05-27
2026-06-19 11:33:28 INFO crypto_research.load:   egldusdt: rows=1133280 2024-04-01 .. 2026-05-27
2026-06-19 11:33:28 INFO crypto_research.load:   enjusdt: rows=1132756 2024-04-01 .. 2026-05-27
2026-06-19 11:33:28 INFO crypto_research.load:   etcusdt: rows=1133280 2024-04-01 .. 2026-05-27
2026-06-19 11:33:28 INFO crypto_research.load:   ethusdt: rows=1132756 2024-04-01 .. 2026-05-27
2026-06-19 11:33:28 INFO crypto_research.load:   filusdt: rows=1132756 2024-04-01 .. 2026-05-27
2026-06-19 11:33:28 INFO crypto_research.load:   galausdt: rows=1132756 2024-04-01 .. 2026-05-27
2026-06-19 11:33:28 INFO crypto_research.load:   gmtusdt: rows=1133280 2024-04-01 .. 2026-05-27
2026-06-19 11:33:28 INFO crypto_research.load:   hbarusdt: rows=1133280 2024-04-01 .. 2026-05-27
2026-06-19 11:33:28 INFO crypto_research.load:   icpusdt: rows=1133280 2024-04-01 .. 2026-05-27
2026-06-19 11:33:28 INFO crypto_research.load:   injusdt: rows=1133280 2024-04-01 .. 2026-05-27
2026-06-19 11:33:28 INFO crypto_research.load:   ldousdt: rows=1133280 2024-04-01 .. 2026-05-27
2026-06-19 11:33:28 INFO crypto_research.load:   linkusdt: rows=1132756 2024-04-01 .. 2026-05-27
2026-06-19 11:33:28 INFO crypto_research.load:   ltcusdt: rows=1132756 2024-04-01 .. 2026-05-27
2026-06-19 11:33:28 INFO crypto_research.load:   nearusdt: rows=1132756 2024-04-01 .. 2026-05-27
2026-06-19 11:33:28 INFO crypto_research.load:   ontusdt: rows=1132756 2024-04-01 .. 2026-05-27
2026-06-19 11:33:28 INFO crypto_research.load:   opusdt: rows=1133280 2024-04-01 .. 2026-05-27
2026-06-19 11:33:28 INFO crypto_research.load:   paxgusdt: rows=1132756 2024-04-01 .. 2026-05-27
2026-06-19 11:33:28 INFO crypto_research.load:   sandusdt: rows=1133280 2024-04-01 .. 2026-05-27
2026-06-19 11:33:28 INFO crypto_research.load:   shib1000usdt: rows=1133280 2024-04-01 .. 2026-05-27
2026-06-19 11:33:28 INFO crypto_research.load:   solusdt: rows=1132756 2024-04-01 .. 2026-05-27
2026-06-19 11:33:28 INFO crypto_research.load:   storjusdt: rows=1133280 2024-04-01 .. 2026-05-27
2026-06-19 11:33:28 INFO crypto_research.load:   stxusdt: rows=1133280 2024-04-01 .. 2026-05-27
2026-06-19 11:33:28 INFO crypto_research.load:   trxusdt: rows=1133280 2024-04-01 .. 2026-05-27
2026-06-19 11:33:28 INFO crypto_research.load:   uniusdt: rows=1132756 2024-04-01 .. 2026-05-27
2026-06-19 11:33:28 INFO crypto_research.load:   xlmusdt: rows=1133280 2024-04-01 .. 2026-05-27
2026-06-19 11:33:28 INFO crypto_research.load:   xmrusdt: rows=1132756 2024-04-01 .. 2026-05-27
2026-06-19 11:33:28 INFO crypto_research.load:   xrpusdt: rows=1132756 2024-04-01 .. 2026-05-27
2026-06-19 11:33:28 INFO crypto_research.load:   zecusdt: rows=1132756 2024-04-01 .. 2026-05-27
2026-06-19 11:33:28 INFO crypto_research.load:   zenusdt: rows=1133280 2024-04-01 .. 2026-05-27
2026-06-19 11:33:30 INFO crypto_research.ml_dataset: [ml] pooled daily: pairs=49 rows=38563 period=2024-04-01..2026-05-31
2026-06-19 11:33:30 INFO crypto_research.ml_dataset: [ml] ema_dev_pair_norm: min=-4.914 max=8.584 mean=-0.014
2026-06-19 11:33:30 INFO crypto_research.ml_dataset: [ml] rsi_pair_norm: min=-2.053 max=2.062 mean=-0.082
2026-06-19 11:33:30 INFO crypto_research.ml_dataset: [ml] dataset studies=['day_of_week_ml', 'ema_spreads_ml', 'rsi_spreads_ml'] features=['pair_id', 'weekday_enc', 'ema_dev_pair_norm', 'rsi_pair_norm'] rows=31917 pairs=49 up_rate=0.503
2026-06-19 11:33:31 INFO crypto_research.ml_dataset: [ml] ema_dev_pair_norm: min=-4.918 max=15.840 mean=-0.087
2026-06-19 11:33:31 INFO crypto_research.ml_dataset: [ml] rsi_pair_norm: min=-1.864 max=2.022 mean=-0.170
2026-06-19 11:33:31 INFO crypto_research.ml_dataset: [ml] dataset studies=['day_of_week_ml', 'ema_spreads_ml', 'rsi_spreads_ml'] features=['pair_id', 'weekday_enc', 'ema_dev_pair_norm', 'rsi_pair_norm'] rows=38073 pairs=49 up_rate=0.478
2026-06-19 11:33:31 INFO crypto_research.ml_plot_registry: [ml] plot: correlation_matrix_heatmap
2026-06-19 11:33:32 INFO crypto_research.ml_feature_diagnostic_plots: [ml] feature corr pair_id vs weekday_enc: 0.0000
2026-06-19 11:33:32 INFO crypto_research.ml_feature_diagnostic_plots: [ml] feature corr pair_id vs ema_dev_pair_norm: -0.0651
2026-06-19 11:33:32 INFO crypto_research.ml_feature_diagnostic_plots: [ml] feature corr pair_id vs rsi_pair_norm: -0.0880
2026-06-19 11:33:32 INFO crypto_research.ml_feature_diagnostic_plots: [ml] feature corr weekday_enc vs ema_dev_pair_norm: 0.0065
2026-06-19 11:33:32 INFO crypto_research.ml_feature_diagnostic_plots: [ml] feature corr weekday_enc vs rsi_pair_norm: 0.0066
2026-06-19 11:33:32 INFO crypto_research.ml_feature_diagnostic_plots: [ml] feature corr ema_dev_pair_norm vs rsi_pair_norm: 0.8525
2026-06-19 11:33:32 INFO crypto_research.ml_feature_diagnostic_plots: [ml] correlation matrix heatmap saved: /home_admin/crypto_bot/crypto_research/research_outputs/combined/dow_ema_rsi_sp/ml/plots/direction_dow_ema_rsi_49pairs_20240401_20260531_correlation_matrix.png
2026-06-19 11:33:32 INFO crypto_research.ml_plot_registry: [ml] plot: shape_summary_plot
2026-06-19 11:33:32 INFO crypto_research.ml_shap_plots: [ml] SHAP subsample: 3000 / 38073 rows
2026-06-19 11:33:32 INFO crypto_research.ml_shap_plots: [ml] SHAP summary plot saved: /home_admin/crypto_bot/crypto_research/research_outputs/combined/dow_ema_rsi_sp/ml/plots/direction_dow_ema_rsi_49pairs_20240401_20260531_shape_summary.png
2026-06-19 11:33:32 INFO crypto_research.ml_research: [ml] plots-only summary saved: /home_admin/crypto_bot/crypto_research/research_outputs/combined/dow_ema_rsi_sp/ml/plots/plots_only_summary.json
2026-06-19 11:57:58 INFO crypto_research.ml_research: [ml] log file: /home_admin/crypto_bot/crypto_research/research_outputs/combined/dow_ema_rsi_sp/ml/direction_dow_ema_rsi_20220101_20260531.log
2026-06-19 11:57:58 INFO crypto_research.ml_dataset: [ml] pair filter: first_candle <= 2023-01-01 → 49 pairs
2026-06-19 11:59:07 INFO crypto_research.load: [1] Загрузка данных: пар=49 строк=46567998 ~1243.5 MB
2026-06-19 11:59:07 INFO crypto_research.load:   1000luncusdt: rows=656821 2022-12-31 .. 2024-04-01
2026-06-19 11:59:07 INFO crypto_research.load:   aaveusdt: rows=1182241 2022-01-01 .. 2024-04-01
2026-06-19 11:59:07 INFO crypto_research.load:   adausdt: rows=1182241 2022-01-01 .. 2024-04-01
2026-06-19 11:59:07 INFO crypto_research.load:   algousdt: rows=1182241 2022-01-01 .. 2024-04-01
2026-06-19 11:59:07 INFO crypto_research.load:   aliceusdt: rows=1182241 2022-01-01 .. 2024-04-01
2026-06-19 11:59:07 INFO crypto_research.load:   apeusdt: rows=656821 2022-12-31 .. 2024-04-01
2026-06-19 11:59:07 INFO crypto_research.load:   api3usdt: rows=1098270 2022-02-28 .. 2024-04-01
2026-06-19 11:59:07 INFO crypto_research.load:   aptusdt: rows=763033 2022-10-19 .. 2024-04-01
2026-06-19 11:59:07 INFO crypto_research.load:   atomusdt: rows=1182241 2022-01-01 .. 2024-04-01
2026-06-19 11:59:07 INFO crypto_research.load:   avaxusdt: rows=1182241 2022-01-01 .. 2024-04-01
2026-06-19 11:59:07 INFO crypto_research.load:   axsusdt: rows=656821 2022-12-31 .. 2024-04-01
2026-06-19 11:59:07 INFO crypto_research.load:   bchusdt: rows=1182241 2022-01-01 .. 2024-04-01
2026-06-19 11:59:07 INFO crypto_research.load:   bnbusdt: rows=1182241 2022-01-01 .. 2024-04-01
2026-06-19 11:59:07 INFO crypto_research.load:   btcusdt: rows=1182241 2022-01-01 .. 2024-04-01
2026-06-19 11:59:07 INFO crypto_research.load:   chzusdt: rows=656821 2022-12-31 .. 2024-04-01
2026-06-19 11:59:07 INFO crypto_research.load:   crvusdt: rows=1182241 2022-01-01 .. 2024-04-01
2026-06-19 11:59:07 INFO crypto_research.load:   dashusdt: rows=656821 2022-12-31 .. 2024-04-01
2026-06-19 11:59:07 INFO crypto_research.load:   dogeusdt: rows=1182241 2022-01-01 .. 2024-04-01
2026-06-19 11:59:07 INFO crypto_research.load:   dotusdt: rows=1182241 2022-01-01 .. 2024-04-01
2026-06-19 11:59:07 INFO crypto_research.load:   dydxusdt: rows=1182241 2022-01-01 .. 2024-04-01
2026-06-19 11:59:07 INFO crypto_research.load:   egldusdt: rows=656821 2022-12-31 .. 2024-04-01
2026-06-19 11:59:07 INFO crypto_research.load:   enjusdt: rows=1182241 2022-01-01 .. 2024-04-01
2026-06-19 11:59:07 INFO crypto_research.load:   etcusdt: rows=656821 2022-12-31 .. 2024-04-01
2026-06-19 11:59:07 INFO crypto_research.load:   ethusdt: rows=1182241 2022-01-01 .. 2024-04-01
2026-06-19 11:59:07 INFO crypto_research.load:   filusdt: rows=1182241 2022-01-01 .. 2024-04-01
2026-06-19 11:59:07 INFO crypto_research.load:   galausdt: rows=1182241 2022-01-01 .. 2024-04-01
2026-06-19 11:59:07 INFO crypto_research.load:   gmtusdt: rows=656821 2022-12-31 .. 2024-04-01
2026-06-19 11:59:07 INFO crypto_research.load:   hbarusdt: rows=656821 2022-12-31 .. 2024-04-01
2026-06-19 11:59:07 INFO crypto_research.load:   icpusdt: rows=656821 2022-12-31 .. 2024-04-01
2026-06-19 11:59:07 INFO crypto_research.load:   injusdt: rows=656821 2022-12-31 .. 2024-04-01
2026-06-19 11:59:07 INFO crypto_research.load:   ldousdt: rows=656821 2022-12-31 .. 2024-04-01
2026-06-19 11:59:07 INFO crypto_research.load:   linkusdt: rows=1182241 2022-01-01 .. 2024-04-01
2026-06-19 11:59:07 INFO crypto_research.load:   ltcusdt: rows=1182241 2022-01-01 .. 2024-04-01
2026-06-19 11:59:07 INFO crypto_research.load:   nearusdt: rows=1182241 2022-01-01 .. 2024-04-01
2026-06-19 11:59:07 INFO crypto_research.load:   ontusdt: rows=957048 2022-06-06 .. 2024-04-01
2026-06-19 11:59:07 INFO crypto_research.load:   opusdt: rows=656821 2022-12-31 .. 2024-04-01
2026-06-19 11:59:07 INFO crypto_research.load:   paxgusdt: rows=1076619 2022-03-15 .. 2024-04-01
2026-06-19 11:59:07 INFO crypto_research.load:   sandusdt: rows=656821 2022-12-31 .. 2024-04-01
2026-06-19 11:59:07 INFO crypto_research.load:   shib1000usdt: rows=656821 2022-12-31 .. 2024-04-01
2026-06-19 11:59:07 INFO crypto_research.load:   solusdt: rows=1182241 2022-01-01 .. 2024-04-01
2026-06-19 11:59:07 INFO crypto_research.load:   storjusdt: rows=656821 2022-12-31 .. 2024-04-01
2026-06-19 11:59:07 INFO crypto_research.load:   stxusdt: rows=656821 2022-12-31 .. 2024-04-01
2026-06-19 11:59:07 INFO crypto_research.load:   trxusdt: rows=656821 2022-12-31 .. 2024-04-01
2026-06-19 11:59:07 INFO crypto_research.load:   uniusdt: rows=1182241 2022-01-01 .. 2024-04-01
2026-06-19 11:59:07 INFO crypto_research.load:   xlmusdt: rows=656821 2022-12-31 .. 2024-04-01
2026-06-19 11:59:07 INFO crypto_research.load:   xmrusdt: rows=1162824 2022-01-14 .. 2024-04-01
2026-06-19 11:59:07 INFO crypto_research.load:   xrpusdt: rows=1182241 2022-01-01 .. 2024-04-01
2026-06-19 11:59:07 INFO crypto_research.load:   zecusdt: rows=1182241 2022-01-01 .. 2024-04-01
2026-06-19 11:59:07 INFO crypto_research.load:   zenusdt: rows=656821 2022-12-31 .. 2024-04-01
2026-06-19 11:59:09 INFO crypto_research.ml_dataset: [ml] pooled daily: pairs=49 rows=32407 period=2022-01-01..2024-04-01
2026-06-19 11:59:09 INFO crypto_research.ml_dataset: [ml] pair filter: first_candle <= 2023-01-01 → 49 pairs
2026-06-19 11:59:49 INFO crypto_research.load: [1] Загрузка данных: пар=49 строк=55515524 ~1482.4 MB
2026-06-19 11:59:49 INFO crypto_research.load:   1000luncusdt: rows=1133280 2024-04-01 .. 2026-05-27
2026-06-19 11:59:49 INFO crypto_research.load:   aaveusdt: rows=1132756 2024-04-01 .. 2026-05-27
2026-06-19 11:59:49 INFO crypto_research.load:   adausdt: rows=1132756 2024-04-01 .. 2026-05-27
2026-06-19 11:59:49 INFO crypto_research.load:   algousdt: rows=1132756 2024-04-01 .. 2026-05-27
2026-06-19 11:59:49 INFO crypto_research.load:   aliceusdt: rows=1132756 2024-04-01 .. 2026-05-27
2026-06-19 11:59:49 INFO crypto_research.load:   apeusdt: rows=1133280 2024-04-01 .. 2026-05-27
2026-06-19 11:59:49 INFO crypto_research.load:   api3usdt: rows=1132756 2024-04-01 .. 2026-05-27
2026-06-19 11:59:49 INFO crypto_research.load:   aptusdt: rows=1132756 2024-04-01 .. 2026-05-27
2026-06-19 11:59:49 INFO crypto_research.load:   atomusdt: rows=1132756 2024-04-01 .. 2026-05-27
2026-06-19 11:59:49 INFO crypto_research.load:   avaxusdt: rows=1132756 2024-04-01 .. 2026-05-27
2026-06-19 11:59:49 INFO crypto_research.load:   axsusdt: rows=1133280 2024-04-01 .. 2026-05-27
2026-06-19 11:59:49 INFO crypto_research.load:   bchusdt: rows=1132756 2024-04-01 .. 2026-05-27
2026-06-19 11:59:49 INFO crypto_research.load:   bnbusdt: rows=1132756 2024-04-01 .. 2026-05-27
2026-06-19 11:59:49 INFO crypto_research.load:   btcusdt: rows=1132756 2024-04-01 .. 2026-05-27
2026-06-19 11:59:49 INFO crypto_research.load:   chzusdt: rows=1133280 2024-04-01 .. 2026-05-27
2026-06-19 11:59:49 INFO crypto_research.load:   crvusdt: rows=1132756 2024-04-01 .. 2026-05-27
2026-06-19 11:59:49 INFO crypto_research.load:   dashusdt: rows=1133280 2024-04-01 .. 2026-05-27
2026-06-19 11:59:49 INFO crypto_research.load:   dogeusdt: rows=1132756 2024-04-01 .. 2026-05-27
2026-06-19 11:59:49 INFO crypto_research.load:   dotusdt: rows=1132756 2024-04-01 .. 2026-05-27
2026-06-19 11:59:49 INFO crypto_research.load:   dydxusdt: rows=1132756 2024-04-01 .. 2026-05-27
2026-06-19 11:59:49 INFO crypto_research.load:   egldusdt: rows=1133280 2024-04-01 .. 2026-05-27
2026-06-19 11:59:49 INFO crypto_research.load:   enjusdt: rows=1132756 2024-04-01 .. 2026-05-27
2026-06-19 11:59:50 INFO crypto_research.load:   etcusdt: rows=1133280 2024-04-01 .. 2026-05-27
2026-06-19 11:59:50 INFO crypto_research.load:   ethusdt: rows=1132756 2024-04-01 .. 2026-05-27
2026-06-19 11:59:50 INFO crypto_research.load:   filusdt: rows=1132756 2024-04-01 .. 2026-05-27
2026-06-19 11:59:50 INFO crypto_research.load:   galausdt: rows=1132756 2024-04-01 .. 2026-05-27
2026-06-19 11:59:50 INFO crypto_research.load:   gmtusdt: rows=1133280 2024-04-01 .. 2026-05-27
2026-06-19 11:59:50 INFO crypto_research.load:   hbarusdt: rows=1133280 2024-04-01 .. 2026-05-27
2026-06-19 11:59:50 INFO crypto_research.load:   icpusdt: rows=1133280 2024-04-01 .. 2026-05-27
2026-06-19 11:59:50 INFO crypto_research.load:   injusdt: rows=1133280 2024-04-01 .. 2026-05-27
2026-06-19 11:59:50 INFO crypto_research.load:   ldousdt: rows=1133280 2024-04-01 .. 2026-05-27
2026-06-19 11:59:50 INFO crypto_research.load:   linkusdt: rows=1132756 2024-04-01 .. 2026-05-27
2026-06-19 11:59:50 INFO crypto_research.load:   ltcusdt: rows=1132756 2024-04-01 .. 2026-05-27
2026-06-19 11:59:50 INFO crypto_research.load:   nearusdt: rows=1132756 2024-04-01 .. 2026-05-27
2026-06-19 11:59:50 INFO crypto_research.load:   ontusdt: rows=1132756 2024-04-01 .. 2026-05-27
2026-06-19 11:59:50 INFO crypto_research.load:   opusdt: rows=1133280 2024-04-01 .. 2026-05-27
2026-06-19 11:59:50 INFO crypto_research.load:   paxgusdt: rows=1132756 2024-04-01 .. 2026-05-27
2026-06-19 11:59:50 INFO crypto_research.load:   sandusdt: rows=1133280 2024-04-01 .. 2026-05-27
2026-06-19 11:59:50 INFO crypto_research.load:   shib1000usdt: rows=1133280 2024-04-01 .. 2026-05-27
2026-06-19 11:59:50 INFO crypto_research.load:   solusdt: rows=1132756 2024-04-01 .. 2026-05-27
2026-06-19 11:59:50 INFO crypto_research.load:   storjusdt: rows=1133280 2024-04-01 .. 2026-05-27
2026-06-19 11:59:50 INFO crypto_research.load:   stxusdt: rows=1133280 2024-04-01 .. 2026-05-27
2026-06-19 11:59:50 INFO crypto_research.load:   trxusdt: rows=1133280 2024-04-01 .. 2026-05-27
2026-06-19 11:59:50 INFO crypto_research.load:   uniusdt: rows=1132756 2024-04-01 .. 2026-05-27
2026-06-19 11:59:50 INFO crypto_research.load:   xlmusdt: rows=1133280 2024-04-01 .. 2026-05-27
2026-06-19 11:59:50 INFO crypto_research.load:   xmrusdt: rows=1132756 2024-04-01 .. 2026-05-27
2026-06-19 11:59:50 INFO crypto_research.load:   xrpusdt: rows=1132756 2024-04-01 .. 2026-05-27
2026-06-19 11:59:50 INFO crypto_research.load:   zecusdt: rows=1132756 2024-04-01 .. 2026-05-27
2026-06-19 11:59:50 INFO crypto_research.load:   zenusdt: rows=1133280 2024-04-01 .. 2026-05-27
2026-06-19 11:59:51 INFO crypto_research.ml_dataset: [ml] pooled daily: pairs=49 rows=38563 period=2024-04-01..2026-05-31
2026-06-19 11:59:52 INFO crypto_research.ml_dataset: [ml] ema_dev_pair_norm: min=-4.914 max=8.584 mean=-0.014
2026-06-19 11:59:52 INFO crypto_research.ml_dataset: [ml] rsi_pair_norm: min=-2.053 max=2.062 mean=-0.082
2026-06-19 11:59:52 INFO crypto_research.ml_dataset: [ml] dataset studies=['day_of_week_ml', 'ema_spreads_ml', 'rsi_spreads_ml'] features=['pair_id', 'weekday_enc', 'ema_dev_pair_norm', 'rsi_pair_norm'] rows=31917 pairs=49 up_rate=0.503
2026-06-19 11:59:52 INFO crypto_research.ml_dataset: [ml] ema_dev_pair_norm: min=-4.918 max=15.840 mean=-0.087
2026-06-19 11:59:52 INFO crypto_research.ml_dataset: [ml] rsi_pair_norm: min=-1.864 max=2.022 mean=-0.170
2026-06-19 11:59:52 INFO crypto_research.ml_dataset: [ml] dataset studies=['day_of_week_ml', 'ema_spreads_ml', 'rsi_spreads_ml'] features=['pair_id', 'weekday_enc', 'ema_dev_pair_norm', 'rsi_pair_norm'] rows=38073 pairs=49 up_rate=0.478
2026-06-19 11:59:52 INFO crypto_research.ml_plot_registry: [ml] plot: correlation_matrix_heatmap
2026-06-19 11:59:53 INFO crypto_research.ml_feature_diagnostic_plots: [ml] feature corr pair_id vs weekday_enc: 0.0000
2026-06-19 11:59:53 INFO crypto_research.ml_feature_diagnostic_plots: [ml] feature corr pair_id vs ema_dev_pair_norm: -0.0651
2026-06-19 11:59:53 INFO crypto_research.ml_feature_diagnostic_plots: [ml] feature corr pair_id vs rsi_pair_norm: -0.0880
2026-06-19 11:59:53 INFO crypto_research.ml_feature_diagnostic_plots: [ml] feature corr weekday_enc vs ema_dev_pair_norm: 0.0065
2026-06-19 11:59:53 INFO crypto_research.ml_feature_diagnostic_plots: [ml] feature corr weekday_enc vs rsi_pair_norm: 0.0066
2026-06-19 11:59:53 INFO crypto_research.ml_feature_diagnostic_plots: [ml] feature corr ema_dev_pair_norm vs rsi_pair_norm: 0.8525
2026-06-19 11:59:53 INFO crypto_research.ml_feature_diagnostic_plots: [ml] correlation matrix heatmap saved: /home_admin/crypto_bot/crypto_research/research_outputs/combined/dow_ema_rsi_sp/ml/plots/direction_dow_ema_rsi_49pairs_20240401_20260531_correlation_matrix.png
2026-06-19 11:59:53 INFO crypto_research.ml_plot_registry: [ml] plot: shape_summary_plot
2026-06-19 11:59:53 INFO crypto_research.ml_shap_plots: [ml] SHAP subsample: 3000 / 38073 rows
2026-06-19 11:59:54 INFO crypto_research.ml_shap_plots: [ml] SHAP summary plot saved: /home_admin/crypto_bot/crypto_research/research_outputs/combined/dow_ema_rsi_sp/ml/plots/direction_dow_ema_rsi_49pairs_20240401_20260531_shape_summary.png
2026-06-19 11:59:54 INFO crypto_research.ml_research: [ml] plots-only summary saved: /home_admin/crypto_bot/crypto_research/research_outputs/combined/dow_ema_rsi_sp/ml/plots/plots_only_summary.json
2026-06-19 12:18:57 INFO crypto_research.ml_research: [ml] log file: /home_admin/crypto_bot/crypto_research/research_outputs/combined/dow_ema_rsi_sp/ml/direction_dow_ema_rsi_20220101_20260531.log
2026-06-19 12:18:57 INFO crypto_research.ml_dataset: [ml] pair filter: first_candle <= 2023-01-01 → 49 pairs
2026-06-19 12:19:12 INFO crypto_research.load: [1] Загрузка данных: пар=49 строк=46567998 ~1243.5 MB
2026-06-19 12:19:12 INFO crypto_research.load:   1000luncusdt: rows=656821 2022-12-31 .. 2024-04-01
2026-06-19 12:19:12 INFO crypto_research.load:   aaveusdt: rows=1182241 2022-01-01 .. 2024-04-01
2026-06-19 12:19:12 INFO crypto_research.load:   adausdt: rows=1182241 2022-01-01 .. 2024-04-01
2026-06-19 12:19:12 INFO crypto_research.load:   algousdt: rows=1182241 2022-01-01 .. 2024-04-01
2026-06-19 12:19:12 INFO crypto_research.load:   aliceusdt: rows=1182241 2022-01-01 .. 2024-04-01
2026-06-19 12:19:12 INFO crypto_research.load:   apeusdt: rows=656821 2022-12-31 .. 2024-04-01
2026-06-19 12:19:12 INFO crypto_research.load:   api3usdt: rows=1098270 2022-02-28 .. 2024-04-01
2026-06-19 12:19:12 INFO crypto_research.load:   aptusdt: rows=763033 2022-10-19 .. 2024-04-01
2026-06-19 12:19:12 INFO crypto_research.load:   atomusdt: rows=1182241 2022-01-01 .. 2024-04-01
2026-06-19 12:19:12 INFO crypto_research.load:   avaxusdt: rows=1182241 2022-01-01 .. 2024-04-01
2026-06-19 12:19:12 INFO crypto_research.load:   axsusdt: rows=656821 2022-12-31 .. 2024-04-01
2026-06-19 12:19:12 INFO crypto_research.load:   bchusdt: rows=1182241 2022-01-01 .. 2024-04-01
2026-06-19 12:19:12 INFO crypto_research.load:   bnbusdt: rows=1182241 2022-01-01 .. 2024-04-01
2026-06-19 12:19:12 INFO crypto_research.load:   btcusdt: rows=1182241 2022-01-01 .. 2024-04-01
2026-06-19 12:19:12 INFO crypto_research.load:   chzusdt: rows=656821 2022-12-31 .. 2024-04-01
2026-06-19 12:19:12 INFO crypto_research.load:   crvusdt: rows=1182241 2022-01-01 .. 2024-04-01
2026-06-19 12:19:12 INFO crypto_research.load:   dashusdt: rows=656821 2022-12-31 .. 2024-04-01
2026-06-19 12:19:12 INFO crypto_research.load:   dogeusdt: rows=1182241 2022-01-01 .. 2024-04-01
2026-06-19 12:19:12 INFO crypto_research.load:   dotusdt: rows=1182241 2022-01-01 .. 2024-04-01
2026-06-19 12:19:12 INFO crypto_research.load:   dydxusdt: rows=1182241 2022-01-01 .. 2024-04-01
2026-06-19 12:19:12 INFO crypto_research.load:   egldusdt: rows=656821 2022-12-31 .. 2024-04-01
2026-06-19 12:19:12 INFO crypto_research.load:   enjusdt: rows=1182241 2022-01-01 .. 2024-04-01
2026-06-19 12:19:12 INFO crypto_research.load:   etcusdt: rows=656821 2022-12-31 .. 2024-04-01
2026-06-19 12:19:12 INFO crypto_research.load:   ethusdt: rows=1182241 2022-01-01 .. 2024-04-01
2026-06-19 12:19:12 INFO crypto_research.load:   filusdt: rows=1182241 2022-01-01 .. 2024-04-01
2026-06-19 12:19:12 INFO crypto_research.load:   galausdt: rows=1182241 2022-01-01 .. 2024-04-01
2026-06-19 12:19:12 INFO crypto_research.load:   gmtusdt: rows=656821 2022-12-31 .. 2024-04-01
2026-06-19 12:19:12 INFO crypto_research.load:   hbarusdt: rows=656821 2022-12-31 .. 2024-04-01
2026-06-19 12:19:12 INFO crypto_research.load:   icpusdt: rows=656821 2022-12-31 .. 2024-04-01
2026-06-19 12:19:12 INFO crypto_research.load:   injusdt: rows=656821 2022-12-31 .. 2024-04-01
2026-06-19 12:19:12 INFO crypto_research.load:   ldousdt: rows=656821 2022-12-31 .. 2024-04-01
2026-06-19 12:19:12 INFO crypto_research.load:   linkusdt: rows=1182241 2022-01-01 .. 2024-04-01
2026-06-19 12:19:12 INFO crypto_research.load:   ltcusdt: rows=1182241 2022-01-01 .. 2024-04-01
2026-06-19 12:19:12 INFO crypto_research.load:   nearusdt: rows=1182241 2022-01-01 .. 2024-04-01
2026-06-19 12:19:12 INFO crypto_research.load:   ontusdt: rows=957048 2022-06-06 .. 2024-04-01
2026-06-19 12:19:12 INFO crypto_research.load:   opusdt: rows=656821 2022-12-31 .. 2024-04-01
2026-06-19 12:19:12 INFO crypto_research.load:   paxgusdt: rows=1076619 2022-03-15 .. 2024-04-01
2026-06-19 12:19:12 INFO crypto_research.load:   sandusdt: rows=656821 2022-12-31 .. 2024-04-01
2026-06-19 12:19:12 INFO crypto_research.load:   shib1000usdt: rows=656821 2022-12-31 .. 2024-04-01
2026-06-19 12:19:12 INFO crypto_research.load:   solusdt: rows=1182241 2022-01-01 .. 2024-04-01
2026-06-19 12:19:12 INFO crypto_research.load:   storjusdt: rows=656821 2022-12-31 .. 2024-04-01
2026-06-19 12:19:12 INFO crypto_research.load:   stxusdt: rows=656821 2022-12-31 .. 2024-04-01
2026-06-19 12:19:12 INFO crypto_research.load:   trxusdt: rows=656821 2022-12-31 .. 2024-04-01
2026-06-19 12:19:12 INFO crypto_research.load:   uniusdt: rows=1182241 2022-01-01 .. 2024-04-01
2026-06-19 12:19:12 INFO crypto_research.load:   xlmusdt: rows=656821 2022-12-31 .. 2024-04-01
2026-06-19 12:19:12 INFO crypto_research.load:   xmrusdt: rows=1162824 2022-01-14 .. 2024-04-01
2026-06-19 12:19:12 INFO crypto_research.load:   xrpusdt: rows=1182241 2022-01-01 .. 2024-04-01
2026-06-19 12:19:12 INFO crypto_research.load:   zecusdt: rows=1182241 2022-01-01 .. 2024-04-01
2026-06-19 12:19:12 INFO crypto_research.load:   zenusdt: rows=656821 2022-12-31 .. 2024-04-01
2026-06-19 12:19:13 INFO crypto_research.ml_dataset: [ml] pooled daily: pairs=49 rows=32407 period=2022-01-01..2024-04-01
2026-06-19 12:19:14 INFO crypto_research.ml_dataset: [ml] pair filter: first_candle <= 2023-01-01 → 49 pairs
2026-06-19 12:19:55 INFO crypto_research.load: [1] Загрузка данных: пар=49 строк=55515524 ~1482.4 MB
2026-06-19 12:19:55 INFO crypto_research.load:   1000luncusdt: rows=1133280 2024-04-01 .. 2026-05-27
2026-06-19 12:19:55 INFO crypto_research.load:   aaveusdt: rows=1132756 2024-04-01 .. 2026-05-27
2026-06-19 12:19:55 INFO crypto_research.load:   adausdt: rows=1132756 2024-04-01 .. 2026-05-27
2026-06-19 12:19:55 INFO crypto_research.load:   algousdt: rows=1132756 2024-04-01 .. 2026-05-27
2026-06-19 12:19:55 INFO crypto_research.load:   aliceusdt: rows=1132756 2024-04-01 .. 2026-05-27
2026-06-19 12:19:55 INFO crypto_research.load:   apeusdt: rows=1133280 2024-04-01 .. 2026-05-27
2026-06-19 12:19:55 INFO crypto_research.load:   api3usdt: rows=1132756 2024-04-01 .. 2026-05-27
2026-06-19 12:19:55 INFO crypto_research.load:   aptusdt: rows=1132756 2024-04-01 .. 2026-05-27
2026-06-19 12:19:55 INFO crypto_research.load:   atomusdt: rows=1132756 2024-04-01 .. 2026-05-27
2026-06-19 12:19:55 INFO crypto_research.load:   avaxusdt: rows=1132756 2024-04-01 .. 2026-05-27
2026-06-19 12:19:55 INFO crypto_research.load:   axsusdt: rows=1133280 2024-04-01 .. 2026-05-27
2026-06-19 12:19:55 INFO crypto_research.load:   bchusdt: rows=1132756 2024-04-01 .. 2026-05-27
2026-06-19 12:19:55 INFO crypto_research.load:   bnbusdt: rows=1132756 2024-04-01 .. 2026-05-27
2026-06-19 12:19:55 INFO crypto_research.load:   btcusdt: rows=1132756 2024-04-01 .. 2026-05-27
2026-06-19 12:19:55 INFO crypto_research.load:   chzusdt: rows=1133280 2024-04-01 .. 2026-05-27
2026-06-19 12:19:55 INFO crypto_research.load:   crvusdt: rows=1132756 2024-04-01 .. 2026-05-27
2026-06-19 12:19:55 INFO crypto_research.load:   dashusdt: rows=1133280 2024-04-01 .. 2026-05-27
2026-06-19 12:19:55 INFO crypto_research.load:   dogeusdt: rows=1132756 2024-04-01 .. 2026-05-27
2026-06-19 12:19:55 INFO crypto_research.load:   dotusdt: rows=1132756 2024-04-01 .. 2026-05-27
2026-06-19 12:19:55 INFO crypto_research.load:   dydxusdt: rows=1132756 2024-04-01 .. 2026-05-27
2026-06-19 12:19:55 INFO crypto_research.load:   egldusdt: rows=1133280 2024-04-01 .. 2026-05-27
2026-06-19 12:19:55 INFO crypto_research.load:   enjusdt: rows=1132756 2024-04-01 .. 2026-05-27
2026-06-19 12:19:55 INFO crypto_research.load:   etcusdt: rows=1133280 2024-04-01 .. 2026-05-27
2026-06-19 12:19:55 INFO crypto_research.load:   ethusdt: rows=1132756 2024-04-01 .. 2026-05-27
2026-06-19 12:19:55 INFO crypto_research.load:   filusdt: rows=1132756 2024-04-01 .. 2026-05-27
2026-06-19 12:19:55 INFO crypto_research.load:   galausdt: rows=1132756 2024-04-01 .. 2026-05-27
2026-06-19 12:19:55 INFO crypto_research.load:   gmtusdt: rows=1133280 2024-04-01 .. 2026-05-27
2026-06-19 12:19:55 INFO crypto_research.load:   hbarusdt: rows=1133280 2024-04-01 .. 2026-05-27
2026-06-19 12:19:55 INFO crypto_research.load:   icpusdt: rows=1133280 2024-04-01 .. 2026-05-27
2026-06-19 12:19:55 INFO crypto_research.load:   injusdt: rows=1133280 2024-04-01 .. 2026-05-27
2026-06-19 12:19:55 INFO crypto_research.load:   ldousdt: rows=1133280 2024-04-01 .. 2026-05-27
2026-06-19 12:19:55 INFO crypto_research.load:   linkusdt: rows=1132756 2024-04-01 .. 2026-05-27
2026-06-19 12:19:55 INFO crypto_research.load:   ltcusdt: rows=1132756 2024-04-01 .. 2026-05-27
2026-06-19 12:19:55 INFO crypto_research.load:   nearusdt: rows=1132756 2024-04-01 .. 2026-05-27
2026-06-19 12:19:55 INFO crypto_research.load:   ontusdt: rows=1132756 2024-04-01 .. 2026-05-27
2026-06-19 12:19:55 INFO crypto_research.load:   opusdt: rows=1133280 2024-04-01 .. 2026-05-27
2026-06-19 12:19:55 INFO crypto_research.load:   paxgusdt: rows=1132756 2024-04-01 .. 2026-05-27
2026-06-19 12:19:55 INFO crypto_research.load:   sandusdt: rows=1133280 2024-04-01 .. 2026-05-27
2026-06-19 12:19:55 INFO crypto_research.load:   shib1000usdt: rows=1133280 2024-04-01 .. 2026-05-27
2026-06-19 12:19:55 INFO crypto_research.load:   solusdt: rows=1132756 2024-04-01 .. 2026-05-27
2026-06-19 12:19:55 INFO crypto_research.load:   storjusdt: rows=1133280 2024-04-01 .. 2026-05-27
2026-06-19 12:19:55 INFO crypto_research.load:   stxusdt: rows=1133280 2024-04-01 .. 2026-05-27
2026-06-19 12:19:55 INFO crypto_research.load:   trxusdt: rows=1133280 2024-04-01 .. 2026-05-27
2026-06-19 12:19:55 INFO crypto_research.load:   uniusdt: rows=1132756 2024-04-01 .. 2026-05-27
2026-06-19 12:19:55 INFO crypto_research.load:   xlmusdt: rows=1133280 2024-04-01 .. 2026-05-27
2026-06-19 12:19:55 INFO crypto_research.load:   xmrusdt: rows=1132756 2024-04-01 .. 2026-05-27
2026-06-19 12:19:55 INFO crypto_research.load:   xrpusdt: rows=1132756 2024-04-01 .. 2026-05-27
2026-06-19 12:19:55 INFO crypto_research.load:   zecusdt: rows=1132756 2024-04-01 .. 2026-05-27
2026-06-19 12:19:55 INFO crypto_research.load:   zenusdt: rows=1133280 2024-04-01 .. 2026-05-27
2026-06-19 12:19:57 INFO crypto_research.ml_dataset: [ml] pooled daily: pairs=49 rows=38563 period=2024-04-01..2026-05-31
2026-06-19 12:19:57 INFO crypto_research.ml_dataset: [ml] ema_dev_pair_norm: min=-4.914 max=8.584 mean=-0.014
2026-06-19 12:19:57 INFO crypto_research.ml_dataset: [ml] rsi_pair_norm: min=-2.053 max=2.062 mean=-0.082
2026-06-19 12:19:57 INFO crypto_research.ml_dataset: [ml] dataset studies=['day_of_week_ml', 'ema_spreads_ml', 'rsi_spreads_ml'] features=['pair_id', 'weekday_enc', 'ema_dev_pair_norm', 'rsi_pair_norm'] rows=31917 pairs=49 up_rate=0.503
2026-06-19 12:19:57 INFO crypto_research.ml_dataset: [ml] ema_dev_pair_norm: min=-4.918 max=15.840 mean=-0.087
2026-06-19 12:19:57 INFO crypto_research.ml_dataset: [ml] rsi_pair_norm: min=-1.864 max=2.022 mean=-0.170
2026-06-19 12:19:57 INFO crypto_research.ml_dataset: [ml] dataset studies=['day_of_week_ml', 'ema_spreads_ml', 'rsi_spreads_ml'] features=['pair_id', 'weekday_enc', 'ema_dev_pair_norm', 'rsi_pair_norm'] rows=38073 pairs=49 up_rate=0.478
2026-06-19 12:19:57 INFO crypto_research.ml_plot_registry: [ml] plot: feature_prob_dependence
2026-06-19 12:19:58 INFO crypto_research.ml_feature_dependence_plot: [ml] feature P(up) dependence plot saved: /home_admin/crypto_bot/crypto_research/research_outputs/combined/dow_ema_rsi_sp/ml/plots/direction_dow_ema_rsi_49pairs_20240401_20260531_feature_prob_dependence.png (features=['weekday_enc', 'ema_dev_pair_norm', 'rsi_pair_norm'])
2026-06-19 12:19:58 INFO crypto_research.ml_research: [ml] plots-only summary saved: /home_admin/crypto_bot/crypto_research/research_outputs/combined/dow_ema_rsi_sp/ml/plots/plots_only_summary.json
2026-06-19 12:22:11 INFO crypto_research.ml_research: [ml] log file: /home_admin/crypto_bot/crypto_research/research_outputs/combined/dow_ema_rsi_sp/ml/direction_dow_ema_rsi_20220101_20260531.log
2026-06-19 12:22:11 INFO crypto_research.ml_dataset: [ml] pair filter: first_candle <= 2023-01-01 → 49 pairs
2026-06-19 12:22:26 INFO crypto_research.load: [1] Загрузка данных: пар=49 строк=46567998 ~1243.5 MB
2026-06-19 12:22:26 INFO crypto_research.load:   1000luncusdt: rows=656821 2022-12-31 .. 2024-04-01
2026-06-19 12:22:26 INFO crypto_research.load:   aaveusdt: rows=1182241 2022-01-01 .. 2024-04-01
2026-06-19 12:22:26 INFO crypto_research.load:   adausdt: rows=1182241 2022-01-01 .. 2024-04-01
2026-06-19 12:22:26 INFO crypto_research.load:   algousdt: rows=1182241 2022-01-01 .. 2024-04-01
2026-06-19 12:22:26 INFO crypto_research.load:   aliceusdt: rows=1182241 2022-01-01 .. 2024-04-01
2026-06-19 12:22:26 INFO crypto_research.load:   apeusdt: rows=656821 2022-12-31 .. 2024-04-01
2026-06-19 12:22:26 INFO crypto_research.load:   api3usdt: rows=1098270 2022-02-28 .. 2024-04-01
2026-06-19 12:22:26 INFO crypto_research.load:   aptusdt: rows=763033 2022-10-19 .. 2024-04-01
2026-06-19 12:22:26 INFO crypto_research.load:   atomusdt: rows=1182241 2022-01-01 .. 2024-04-01
2026-06-19 12:22:26 INFO crypto_research.load:   avaxusdt: rows=1182241 2022-01-01 .. 2024-04-01
2026-06-19 12:22:26 INFO crypto_research.load:   axsusdt: rows=656821 2022-12-31 .. 2024-04-01
2026-06-19 12:22:26 INFO crypto_research.load:   bchusdt: rows=1182241 2022-01-01 .. 2024-04-01
2026-06-19 12:22:26 INFO crypto_research.load:   bnbusdt: rows=1182241 2022-01-01 .. 2024-04-01
2026-06-19 12:22:26 INFO crypto_research.load:   btcusdt: rows=1182241 2022-01-01 .. 2024-04-01
2026-06-19 12:22:26 INFO crypto_research.load:   chzusdt: rows=656821 2022-12-31 .. 2024-04-01
2026-06-19 12:22:26 INFO crypto_research.load:   crvusdt: rows=1182241 2022-01-01 .. 2024-04-01
2026-06-19 12:22:26 INFO crypto_research.load:   dashusdt: rows=656821 2022-12-31 .. 2024-04-01
2026-06-19 12:22:26 INFO crypto_research.load:   dogeusdt: rows=1182241 2022-01-01 .. 2024-04-01
2026-06-19 12:22:26 INFO crypto_research.load:   dotusdt: rows=1182241 2022-01-01 .. 2024-04-01
2026-06-19 12:22:26 INFO crypto_research.load:   dydxusdt: rows=1182241 2022-01-01 .. 2024-04-01
2026-06-19 12:22:26 INFO crypto_research.load:   egldusdt: rows=656821 2022-12-31 .. 2024-04-01
2026-06-19 12:22:26 INFO crypto_research.load:   enjusdt: rows=1182241 2022-01-01 .. 2024-04-01
2026-06-19 12:22:26 INFO crypto_research.load:   etcusdt: rows=656821 2022-12-31 .. 2024-04-01
2026-06-19 12:22:26 INFO crypto_research.load:   ethusdt: rows=1182241 2022-01-01 .. 2024-04-01
2026-06-19 12:22:26 INFO crypto_research.load:   filusdt: rows=1182241 2022-01-01 .. 2024-04-01
2026-06-19 12:22:26 INFO crypto_research.load:   galausdt: rows=1182241 2022-01-01 .. 2024-04-01
2026-06-19 12:22:26 INFO crypto_research.load:   gmtusdt: rows=656821 2022-12-31 .. 2024-04-01
2026-06-19 12:22:26 INFO crypto_research.load:   hbarusdt: rows=656821 2022-12-31 .. 2024-04-01
2026-06-19 12:22:26 INFO crypto_research.load:   icpusdt: rows=656821 2022-12-31 .. 2024-04-01
2026-06-19 12:22:26 INFO crypto_research.load:   injusdt: rows=656821 2022-12-31 .. 2024-04-01
2026-06-19 12:22:26 INFO crypto_research.load:   ldousdt: rows=656821 2022-12-31 .. 2024-04-01
2026-06-19 12:22:26 INFO crypto_research.load:   linkusdt: rows=1182241 2022-01-01 .. 2024-04-01
2026-06-19 12:22:26 INFO crypto_research.load:   ltcusdt: rows=1182241 2022-01-01 .. 2024-04-01
2026-06-19 12:22:26 INFO crypto_research.load:   nearusdt: rows=1182241 2022-01-01 .. 2024-04-01
2026-06-19 12:22:26 INFO crypto_research.load:   ontusdt: rows=957048 2022-06-06 .. 2024-04-01
2026-06-19 12:22:26 INFO crypto_research.load:   opusdt: rows=656821 2022-12-31 .. 2024-04-01
2026-06-19 12:22:26 INFO crypto_research.load:   paxgusdt: rows=1076619 2022-03-15 .. 2024-04-01
2026-06-19 12:22:26 INFO crypto_research.load:   sandusdt: rows=656821 2022-12-31 .. 2024-04-01
2026-06-19 12:22:26 INFO crypto_research.load:   shib1000usdt: rows=656821 2022-12-31 .. 2024-04-01
2026-06-19 12:22:26 INFO crypto_research.load:   solusdt: rows=1182241 2022-01-01 .. 2024-04-01
2026-06-19 12:22:26 INFO crypto_research.load:   storjusdt: rows=656821 2022-12-31 .. 2024-04-01
2026-06-19 12:22:26 INFO crypto_research.load:   stxusdt: rows=656821 2022-12-31 .. 2024-04-01
2026-06-19 12:22:26 INFO crypto_research.load:   trxusdt: rows=656821 2022-12-31 .. 2024-04-01
2026-06-19 12:22:26 INFO crypto_research.load:   uniusdt: rows=1182241 2022-01-01 .. 2024-04-01
2026-06-19 12:22:26 INFO crypto_research.load:   xlmusdt: rows=656821 2022-12-31 .. 2024-04-01
2026-06-19 12:22:26 INFO crypto_research.load:   xmrusdt: rows=1162824 2022-01-14 .. 2024-04-01
2026-06-19 12:22:26 INFO crypto_research.load:   xrpusdt: rows=1182241 2022-01-01 .. 2024-04-01
2026-06-19 12:22:26 INFO crypto_research.load:   zecusdt: rows=1182241 2022-01-01 .. 2024-04-01
2026-06-19 12:22:26 INFO crypto_research.load:   zenusdt: rows=656821 2022-12-31 .. 2024-04-01
2026-06-19 12:22:28 INFO crypto_research.ml_dataset: [ml] pooled daily: pairs=49 rows=32407 period=2022-01-01..2024-04-01
2026-06-19 12:22:28 INFO crypto_research.ml_dataset: [ml] pair filter: first_candle <= 2023-01-01 → 49 pairs
2026-06-19 12:22:50 INFO crypto_research.load: [1] Загрузка данных: пар=49 строк=55515524 ~1482.4 MB
2026-06-19 12:22:50 INFO crypto_research.load:   1000luncusdt: rows=1133280 2024-04-01 .. 2026-05-27
2026-06-19 12:22:50 INFO crypto_research.load:   aaveusdt: rows=1132756 2024-04-01 .. 2026-05-27
2026-06-19 12:22:50 INFO crypto_research.load:   adausdt: rows=1132756 2024-04-01 .. 2026-05-27
2026-06-19 12:22:50 INFO crypto_research.load:   algousdt: rows=1132756 2024-04-01 .. 2026-05-27
2026-06-19 12:22:50 INFO crypto_research.load:   aliceusdt: rows=1132756 2024-04-01 .. 2026-05-27
2026-06-19 12:22:50 INFO crypto_research.load:   apeusdt: rows=1133280 2024-04-01 .. 2026-05-27
2026-06-19 12:22:50 INFO crypto_research.load:   api3usdt: rows=1132756 2024-04-01 .. 2026-05-27
2026-06-19 12:22:50 INFO crypto_research.load:   aptusdt: rows=1132756 2024-04-01 .. 2026-05-27
2026-06-19 12:22:50 INFO crypto_research.load:   atomusdt: rows=1132756 2024-04-01 .. 2026-05-27
2026-06-19 12:22:50 INFO crypto_research.load:   avaxusdt: rows=1132756 2024-04-01 .. 2026-05-27
2026-06-19 12:22:50 INFO crypto_research.load:   axsusdt: rows=1133280 2024-04-01 .. 2026-05-27
2026-06-19 12:22:50 INFO crypto_research.load:   bchusdt: rows=1132756 2024-04-01 .. 2026-05-27
2026-06-19 12:22:50 INFO crypto_research.load:   bnbusdt: rows=1132756 2024-04-01 .. 2026-05-27
2026-06-19 12:22:50 INFO crypto_research.load:   btcusdt: rows=1132756 2024-04-01 .. 2026-05-27
2026-06-19 12:22:50 INFO crypto_research.load:   chzusdt: rows=1133280 2024-04-01 .. 2026-05-27
2026-06-19 12:22:50 INFO crypto_research.load:   crvusdt: rows=1132756 2024-04-01 .. 2026-05-27
2026-06-19 12:22:50 INFO crypto_research.load:   dashusdt: rows=1133280 2024-04-01 .. 2026-05-27
2026-06-19 12:22:50 INFO crypto_research.load:   dogeusdt: rows=1132756 2024-04-01 .. 2026-05-27
2026-06-19 12:22:50 INFO crypto_research.load:   dotusdt: rows=1132756 2024-04-01 .. 2026-05-27
2026-06-19 12:22:50 INFO crypto_research.load:   dydxusdt: rows=1132756 2024-04-01 .. 2026-05-27
2026-06-19 12:22:50 INFO crypto_research.load:   egldusdt: rows=1133280 2024-04-01 .. 2026-05-27
2026-06-19 12:22:50 INFO crypto_research.load:   enjusdt: rows=1132756 2024-04-01 .. 2026-05-27
2026-06-19 12:22:50 INFO crypto_research.load:   etcusdt: rows=1133280 2024-04-01 .. 2026-05-27
2026-06-19 12:22:50 INFO crypto_research.load:   ethusdt: rows=1132756 2024-04-01 .. 2026-05-27
2026-06-19 12:22:50 INFO crypto_research.load:   filusdt: rows=1132756 2024-04-01 .. 2026-05-27
2026-06-19 12:22:50 INFO crypto_research.load:   galausdt: rows=1132756 2024-04-01 .. 2026-05-27
2026-06-19 12:22:50 INFO crypto_research.load:   gmtusdt: rows=1133280 2024-04-01 .. 2026-05-27
2026-06-19 12:22:50 INFO crypto_research.load:   hbarusdt: rows=1133280 2024-04-01 .. 2026-05-27
2026-06-19 12:22:50 INFO crypto_research.load:   icpusdt: rows=1133280 2024-04-01 .. 2026-05-27
2026-06-19 12:22:50 INFO crypto_research.load:   injusdt: rows=1133280 2024-04-01 .. 2026-05-27
2026-06-19 12:22:50 INFO crypto_research.load:   ldousdt: rows=1133280 2024-04-01 .. 2026-05-27
2026-06-19 12:22:50 INFO crypto_research.load:   linkusdt: rows=1132756 2024-04-01 .. 2026-05-27
2026-06-19 12:22:50 INFO crypto_research.load:   ltcusdt: rows=1132756 2024-04-01 .. 2026-05-27
2026-06-19 12:22:50 INFO crypto_research.load:   nearusdt: rows=1132756 2024-04-01 .. 2026-05-27
2026-06-19 12:22:50 INFO crypto_research.load:   ontusdt: rows=1132756 2024-04-01 .. 2026-05-27
2026-06-19 12:22:50 INFO crypto_research.load:   opusdt: rows=1133280 2024-04-01 .. 2026-05-27
2026-06-19 12:22:50 INFO crypto_research.load:   paxgusdt: rows=1132756 2024-04-01 .. 2026-05-27
2026-06-19 12:22:50 INFO crypto_research.load:   sandusdt: rows=1133280 2024-04-01 .. 2026-05-27
2026-06-19 12:22:50 INFO crypto_research.load:   shib1000usdt: rows=1133280 2024-04-01 .. 2026-05-27
2026-06-19 12:22:50 INFO crypto_research.load:   solusdt: rows=1132756 2024-04-01 .. 2026-05-27
2026-06-19 12:22:50 INFO crypto_research.load:   storjusdt: rows=1133280 2024-04-01 .. 2026-05-27
2026-06-19 12:22:50 INFO crypto_research.load:   stxusdt: rows=1133280 2024-04-01 .. 2026-05-27
2026-06-19 12:22:50 INFO crypto_research.load:   trxusdt: rows=1133280 2024-04-01 .. 2026-05-27
2026-06-19 12:22:50 INFO crypto_research.load:   uniusdt: rows=1132756 2024-04-01 .. 2026-05-27
2026-06-19 12:22:50 INFO crypto_research.load:   xlmusdt: rows=1133280 2024-04-01 .. 2026-05-27
2026-06-19 12:22:50 INFO crypto_research.load:   xmrusdt: rows=1132756 2024-04-01 .. 2026-05-27
2026-06-19 12:22:50 INFO crypto_research.load:   xrpusdt: rows=1132756 2024-04-01 .. 2026-05-27
2026-06-19 12:22:50 INFO crypto_research.load:   zecusdt: rows=1132756 2024-04-01 .. 2026-05-27
2026-06-19 12:22:50 INFO crypto_research.load:   zenusdt: rows=1133280 2024-04-01 .. 2026-05-27
2026-06-19 12:22:52 INFO crypto_research.ml_dataset: [ml] pooled daily: pairs=49 rows=38563 period=2024-04-01..2026-05-31
2026-06-19 12:22:53 INFO crypto_research.ml_dataset: [ml] ema_dev_pair_norm: min=-4.914 max=8.584 mean=-0.014
2026-06-19 12:22:53 INFO crypto_research.ml_dataset: [ml] rsi_pair_norm: min=-2.053 max=2.062 mean=-0.082
2026-06-19 12:22:53 INFO crypto_research.ml_dataset: [ml] dataset studies=['day_of_week_ml', 'ema_spreads_ml', 'rsi_spreads_ml'] features=['pair_id', 'weekday_enc', 'ema_dev_pair_norm', 'rsi_pair_norm'] rows=31917 pairs=49 up_rate=0.503
2026-06-19 12:22:53 INFO crypto_research.ml_dataset: [ml] ema_dev_pair_norm: min=-4.918 max=15.840 mean=-0.087
2026-06-19 12:22:53 INFO crypto_research.ml_dataset: [ml] rsi_pair_norm: min=-1.864 max=2.022 mean=-0.170
2026-06-19 12:22:53 INFO crypto_research.ml_dataset: [ml] dataset studies=['day_of_week_ml', 'ema_spreads_ml', 'rsi_spreads_ml'] features=['pair_id', 'weekday_enc', 'ema_dev_pair_norm', 'rsi_pair_norm'] rows=38073 pairs=49 up_rate=0.478
2026-06-19 12:22:53 INFO crypto_research.ml_plot_registry: [ml] plot: feature_prob_dependence
2026-06-19 12:25:41 INFO crypto_research.ml_research: [ml] log file: /home_admin/crypto_bot/crypto_research/research_outputs/combined/dow_ema_rsi_sp/ml/direction_dow_ema_rsi_20220101_20260531.log
2026-06-19 12:25:41 INFO crypto_research.ml_dataset: [ml] pair filter: first_candle <= 2023-01-01 → 49 pairs
2026-06-19 12:25:56 INFO crypto_research.load: [1] Загрузка данных: пар=49 строк=46567998 ~1243.5 MB
2026-06-19 12:25:56 INFO crypto_research.load:   1000luncusdt: rows=656821 2022-12-31 .. 2024-04-01
2026-06-19 12:25:56 INFO crypto_research.load:   aaveusdt: rows=1182241 2022-01-01 .. 2024-04-01
2026-06-19 12:25:56 INFO crypto_research.load:   adausdt: rows=1182241 2022-01-01 .. 2024-04-01
2026-06-19 12:25:56 INFO crypto_research.load:   algousdt: rows=1182241 2022-01-01 .. 2024-04-01
2026-06-19 12:25:56 INFO crypto_research.load:   aliceusdt: rows=1182241 2022-01-01 .. 2024-04-01
2026-06-19 12:25:56 INFO crypto_research.load:   apeusdt: rows=656821 2022-12-31 .. 2024-04-01
2026-06-19 12:25:56 INFO crypto_research.load:   api3usdt: rows=1098270 2022-02-28 .. 2024-04-01
2026-06-19 12:25:56 INFO crypto_research.load:   aptusdt: rows=763033 2022-10-19 .. 2024-04-01
2026-06-19 12:25:56 INFO crypto_research.load:   atomusdt: rows=1182241 2022-01-01 .. 2024-04-01
2026-06-19 12:25:56 INFO crypto_research.load:   avaxusdt: rows=1182241 2022-01-01 .. 2024-04-01
2026-06-19 12:25:56 INFO crypto_research.load:   axsusdt: rows=656821 2022-12-31 .. 2024-04-01
2026-06-19 12:25:56 INFO crypto_research.load:   bchusdt: rows=1182241 2022-01-01 .. 2024-04-01
2026-06-19 12:25:56 INFO crypto_research.load:   bnbusdt: rows=1182241 2022-01-01 .. 2024-04-01
2026-06-19 12:25:56 INFO crypto_research.load:   btcusdt: rows=1182241 2022-01-01 .. 2024-04-01
2026-06-19 12:25:56 INFO crypto_research.load:   chzusdt: rows=656821 2022-12-31 .. 2024-04-01
2026-06-19 12:25:56 INFO crypto_research.load:   crvusdt: rows=1182241 2022-01-01 .. 2024-04-01
2026-06-19 12:25:56 INFO crypto_research.load:   dashusdt: rows=656821 2022-12-31 .. 2024-04-01
2026-06-19 12:25:56 INFO crypto_research.load:   dogeusdt: rows=1182241 2022-01-01 .. 2024-04-01
2026-06-19 12:25:56 INFO crypto_research.load:   dotusdt: rows=1182241 2022-01-01 .. 2024-04-01
2026-06-19 12:25:56 INFO crypto_research.load:   dydxusdt: rows=1182241 2022-01-01 .. 2024-04-01
2026-06-19 12:25:56 INFO crypto_research.load:   egldusdt: rows=656821 2022-12-31 .. 2024-04-01
2026-06-19 12:25:56 INFO crypto_research.load:   enjusdt: rows=1182241 2022-01-01 .. 2024-04-01
2026-06-19 12:25:56 INFO crypto_research.load:   etcusdt: rows=656821 2022-12-31 .. 2024-04-01
2026-06-19 12:25:56 INFO crypto_research.load:   ethusdt: rows=1182241 2022-01-01 .. 2024-04-01
2026-06-19 12:25:56 INFO crypto_research.load:   filusdt: rows=1182241 2022-01-01 .. 2024-04-01
2026-06-19 12:25:56 INFO crypto_research.load:   galausdt: rows=1182241 2022-01-01 .. 2024-04-01
2026-06-19 12:25:56 INFO crypto_research.load:   gmtusdt: rows=656821 2022-12-31 .. 2024-04-01
2026-06-19 12:25:56 INFO crypto_research.load:   hbarusdt: rows=656821 2022-12-31 .. 2024-04-01
2026-06-19 12:25:56 INFO crypto_research.load:   icpusdt: rows=656821 2022-12-31 .. 2024-04-01
2026-06-19 12:25:56 INFO crypto_research.load:   injusdt: rows=656821 2022-12-31 .. 2024-04-01
2026-06-19 12:25:56 INFO crypto_research.load:   ldousdt: rows=656821 2022-12-31 .. 2024-04-01
2026-06-19 12:25:56 INFO crypto_research.load:   linkusdt: rows=1182241 2022-01-01 .. 2024-04-01
2026-06-19 12:25:56 INFO crypto_research.load:   ltcusdt: rows=1182241 2022-01-01 .. 2024-04-01
2026-06-19 12:25:56 INFO crypto_research.load:   nearusdt: rows=1182241 2022-01-01 .. 2024-04-01
2026-06-19 12:25:56 INFO crypto_research.load:   ontusdt: rows=957048 2022-06-06 .. 2024-04-01
2026-06-19 12:25:56 INFO crypto_research.load:   opusdt: rows=656821 2022-12-31 .. 2024-04-01
2026-06-19 12:25:56 INFO crypto_research.load:   paxgusdt: rows=1076619 2022-03-15 .. 2024-04-01
2026-06-19 12:25:56 INFO crypto_research.load:   sandusdt: rows=656821 2022-12-31 .. 2024-04-01
2026-06-19 12:25:56 INFO crypto_research.load:   shib1000usdt: rows=656821 2022-12-31 .. 2024-04-01
2026-06-19 12:25:56 INFO crypto_research.load:   solusdt: rows=1182241 2022-01-01 .. 2024-04-01
2026-06-19 12:25:56 INFO crypto_research.load:   storjusdt: rows=656821 2022-12-31 .. 2024-04-01
2026-06-19 12:25:56 INFO crypto_research.load:   stxusdt: rows=656821 2022-12-31 .. 2024-04-01
2026-06-19 12:25:56 INFO crypto_research.load:   trxusdt: rows=656821 2022-12-31 .. 2024-04-01
2026-06-19 12:25:56 INFO crypto_research.load:   uniusdt: rows=1182241 2022-01-01 .. 2024-04-01
2026-06-19 12:25:56 INFO crypto_research.load:   xlmusdt: rows=656821 2022-12-31 .. 2024-04-01
2026-06-19 12:25:56 INFO crypto_research.load:   xmrusdt: rows=1162824 2022-01-14 .. 2024-04-01
2026-06-19 12:25:56 INFO crypto_research.load:   xrpusdt: rows=1182241 2022-01-01 .. 2024-04-01
2026-06-19 12:25:56 INFO crypto_research.load:   zecusdt: rows=1182241 2022-01-01 .. 2024-04-01
2026-06-19 12:25:56 INFO crypto_research.load:   zenusdt: rows=656821 2022-12-31 .. 2024-04-01
2026-06-19 12:25:57 INFO crypto_research.ml_dataset: [ml] pooled daily: pairs=49 rows=32407 period=2022-01-01..2024-04-01
2026-06-19 12:25:57 INFO crypto_research.ml_dataset: [ml] pair filter: first_candle <= 2023-01-01 → 49 pairs
2026-06-19 12:26:34 INFO crypto_research.load: [1] Загрузка данных: пар=49 строк=55515524 ~1482.4 MB
2026-06-19 12:26:34 INFO crypto_research.load:   1000luncusdt: rows=1133280 2024-04-01 .. 2026-05-27
2026-06-19 12:26:34 INFO crypto_research.load:   aaveusdt: rows=1132756 2024-04-01 .. 2026-05-27
2026-06-19 12:26:34 INFO crypto_research.load:   adausdt: rows=1132756 2024-04-01 .. 2026-05-27
2026-06-19 12:26:34 INFO crypto_research.load:   algousdt: rows=1132756 2024-04-01 .. 2026-05-27
2026-06-19 12:26:34 INFO crypto_research.load:   aliceusdt: rows=1132756 2024-04-01 .. 2026-05-27
2026-06-19 12:26:34 INFO crypto_research.load:   apeusdt: rows=1133280 2024-04-01 .. 2026-05-27
2026-06-19 12:26:34 INFO crypto_research.load:   api3usdt: rows=1132756 2024-04-01 .. 2026-05-27
2026-06-19 12:26:34 INFO crypto_research.load:   aptusdt: rows=1132756 2024-04-01 .. 2026-05-27
2026-06-19 12:26:34 INFO crypto_research.load:   atomusdt: rows=1132756 2024-04-01 .. 2026-05-27
2026-06-19 12:26:34 INFO crypto_research.load:   avaxusdt: rows=1132756 2024-04-01 .. 2026-05-27
2026-06-19 12:26:34 INFO crypto_research.load:   axsusdt: rows=1133280 2024-04-01 .. 2026-05-27
2026-06-19 12:26:34 INFO crypto_research.load:   bchusdt: rows=1132756 2024-04-01 .. 2026-05-27
2026-06-19 12:26:34 INFO crypto_research.load:   bnbusdt: rows=1132756 2024-04-01 .. 2026-05-27
2026-06-19 12:26:34 INFO crypto_research.load:   btcusdt: rows=1132756 2024-04-01 .. 2026-05-27
2026-06-19 12:26:34 INFO crypto_research.load:   chzusdt: rows=1133280 2024-04-01 .. 2026-05-27
2026-06-19 12:26:34 INFO crypto_research.load:   crvusdt: rows=1132756 2024-04-01 .. 2026-05-27
2026-06-19 12:26:34 INFO crypto_research.load:   dashusdt: rows=1133280 2024-04-01 .. 2026-05-27
2026-06-19 12:26:34 INFO crypto_research.load:   dogeusdt: rows=1132756 2024-04-01 .. 2026-05-27
2026-06-19 12:26:34 INFO crypto_research.load:   dotusdt: rows=1132756 2024-04-01 .. 2026-05-27
2026-06-19 12:26:34 INFO crypto_research.load:   dydxusdt: rows=1132756 2024-04-01 .. 2026-05-27
2026-06-19 12:26:34 INFO crypto_research.load:   egldusdt: rows=1133280 2024-04-01 .. 2026-05-27
2026-06-19 12:26:34 INFO crypto_research.load:   enjusdt: rows=1132756 2024-04-01 .. 2026-05-27
2026-06-19 12:26:34 INFO crypto_research.load:   etcusdt: rows=1133280 2024-04-01 .. 2026-05-27
2026-06-19 12:26:34 INFO crypto_research.load:   ethusdt: rows=1132756 2024-04-01 .. 2026-05-27
2026-06-19 12:26:34 INFO crypto_research.load:   filusdt: rows=1132756 2024-04-01 .. 2026-05-27
2026-06-19 12:26:34 INFO crypto_research.load:   galausdt: rows=1132756 2024-04-01 .. 2026-05-27
2026-06-19 12:26:34 INFO crypto_research.load:   gmtusdt: rows=1133280 2024-04-01 .. 2026-05-27
2026-06-19 12:26:34 INFO crypto_research.load:   hbarusdt: rows=1133280 2024-04-01 .. 2026-05-27
2026-06-19 12:26:34 INFO crypto_research.load:   icpusdt: rows=1133280 2024-04-01 .. 2026-05-27
2026-06-19 12:26:34 INFO crypto_research.load:   injusdt: rows=1133280 2024-04-01 .. 2026-05-27
2026-06-19 12:26:34 INFO crypto_research.load:   ldousdt: rows=1133280 2024-04-01 .. 2026-05-27
2026-06-19 12:26:34 INFO crypto_research.load:   linkusdt: rows=1132756 2024-04-01 .. 2026-05-27
2026-06-19 12:26:34 INFO crypto_research.load:   ltcusdt: rows=1132756 2024-04-01 .. 2026-05-27
2026-06-19 12:26:34 INFO crypto_research.load:   nearusdt: rows=1132756 2024-04-01 .. 2026-05-27
2026-06-19 12:26:34 INFO crypto_research.load:   ontusdt: rows=1132756 2024-04-01 .. 2026-05-27
2026-06-19 12:26:34 INFO crypto_research.load:   opusdt: rows=1133280 2024-04-01 .. 2026-05-27
2026-06-19 12:26:34 INFO crypto_research.load:   paxgusdt: rows=1132756 2024-04-01 .. 2026-05-27
2026-06-19 12:26:34 INFO crypto_research.load:   sandusdt: rows=1133280 2024-04-01 .. 2026-05-27
2026-06-19 12:26:34 INFO crypto_research.load:   shib1000usdt: rows=1133280 2024-04-01 .. 2026-05-27
2026-06-19 12:26:34 INFO crypto_research.load:   solusdt: rows=1132756 2024-04-01 .. 2026-05-27
2026-06-19 12:26:34 INFO crypto_research.load:   storjusdt: rows=1133280 2024-04-01 .. 2026-05-27
2026-06-19 12:26:34 INFO crypto_research.load:   stxusdt: rows=1133280 2024-04-01 .. 2026-05-27
2026-06-19 12:26:34 INFO crypto_research.load:   trxusdt: rows=1133280 2024-04-01 .. 2026-05-27
2026-06-19 12:26:34 INFO crypto_research.load:   uniusdt: rows=1132756 2024-04-01 .. 2026-05-27
2026-06-19 12:26:34 INFO crypto_research.load:   xlmusdt: rows=1133280 2024-04-01 .. 2026-05-27
2026-06-19 12:26:34 INFO crypto_research.load:   xmrusdt: rows=1132756 2024-04-01 .. 2026-05-27
2026-06-19 12:26:34 INFO crypto_research.load:   xrpusdt: rows=1132756 2024-04-01 .. 2026-05-27
2026-06-19 12:26:34 INFO crypto_research.load:   zecusdt: rows=1132756 2024-04-01 .. 2026-05-27
2026-06-19 12:26:34 INFO crypto_research.load:   zenusdt: rows=1133280 2024-04-01 .. 2026-05-27
2026-06-19 12:26:36 INFO crypto_research.ml_dataset: [ml] pooled daily: pairs=49 rows=38563 period=2024-04-01..2026-05-31
2026-06-19 12:26:36 INFO crypto_research.ml_dataset: [ml] ema_dev_pair_norm: min=-4.914 max=8.584 mean=-0.014
2026-06-19 12:26:36 INFO crypto_research.ml_dataset: [ml] rsi_pair_norm: min=-2.053 max=2.062 mean=-0.082
2026-06-19 12:26:36 INFO crypto_research.ml_dataset: [ml] dataset studies=['day_of_week_ml', 'ema_spreads_ml', 'rsi_spreads_ml'] features=['pair_id', 'weekday_enc', 'ema_dev_pair_norm', 'rsi_pair_norm'] rows=31917 pairs=49 up_rate=0.503
2026-06-19 12:26:36 INFO crypto_research.ml_dataset: [ml] ema_dev_pair_norm: min=-4.918 max=15.840 mean=-0.087
2026-06-19 12:26:36 INFO crypto_research.ml_dataset: [ml] rsi_pair_norm: min=-1.864 max=2.022 mean=-0.170
2026-06-19 12:26:36 INFO crypto_research.ml_dataset: [ml] dataset studies=['day_of_week_ml', 'ema_spreads_ml', 'rsi_spreads_ml'] features=['pair_id', 'weekday_enc', 'ema_dev_pair_norm', 'rsi_pair_norm'] rows=38073 pairs=49 up_rate=0.478
2026-06-19 12:26:36 INFO crypto_research.ml_plot_registry: [ml] plot: feature_prob_dependence
2026-06-19 12:26:38 INFO crypto_research.ml_feature_dependence_plot: [ml] feature P(up) dependence plot saved: /home_admin/crypto_bot/crypto_research/research_outputs/combined/dow_ema_rsi_sp/ml/plots/direction_dow_ema_rsi_49pairs_20240401_20260531_feature_prob_dependence.png (features=['weekday_enc', 'ema_dev_pair_norm', 'rsi_pair_norm'])
2026-06-19 12:26:38 INFO crypto_research.ml_research: [ml] plots-only summary saved: /home_admin/crypto_bot/crypto_research/research_outputs/combined/dow_ema_rsi_sp/ml/plots/plots_only_summary.json
2026-06-19 19:56:31 INFO crypto_research.ml_research: [ml] log file: /home_admin/crypto_bot/crypto_research/research_outputs/combined/dow_ema_rsi_sp/ml/direction_dow_ema_rsi_20220101_20260531.log
2026-06-19 19:56:31 INFO crypto_research.ml_dataset: [ml] pair filter: first_candle <= 2023-01-01 → 49 pairs
2026-06-19 19:57:34 INFO crypto_research.load: [1] Загрузка данных: пар=49 строк=46567998 ~1243.5 MB
2026-06-19 19:57:34 INFO crypto_research.load:   1000luncusdt: rows=656821 2022-12-31 .. 2024-04-01
2026-06-19 19:57:34 INFO crypto_research.load:   aaveusdt: rows=1182241 2022-01-01 .. 2024-04-01
2026-06-19 19:57:34 INFO crypto_research.load:   adausdt: rows=1182241 2022-01-01 .. 2024-04-01
2026-06-19 19:57:34 INFO crypto_research.load:   algousdt: rows=1182241 2022-01-01 .. 2024-04-01
2026-06-19 19:57:34 INFO crypto_research.load:   aliceusdt: rows=1182241 2022-01-01 .. 2024-04-01
2026-06-19 19:57:34 INFO crypto_research.load:   apeusdt: rows=656821 2022-12-31 .. 2024-04-01
2026-06-19 19:57:34 INFO crypto_research.load:   api3usdt: rows=1098270 2022-02-28 .. 2024-04-01
2026-06-19 19:57:34 INFO crypto_research.load:   aptusdt: rows=763033 2022-10-19 .. 2024-04-01
2026-06-19 19:57:34 INFO crypto_research.load:   atomusdt: rows=1182241 2022-01-01 .. 2024-04-01
2026-06-19 19:57:34 INFO crypto_research.load:   avaxusdt: rows=1182241 2022-01-01 .. 2024-04-01
2026-06-19 19:57:34 INFO crypto_research.load:   axsusdt: rows=656821 2022-12-31 .. 2024-04-01
2026-06-19 19:57:34 INFO crypto_research.load:   bchusdt: rows=1182241 2022-01-01 .. 2024-04-01
2026-06-19 19:57:34 INFO crypto_research.load:   bnbusdt: rows=1182241 2022-01-01 .. 2024-04-01
2026-06-19 19:57:34 INFO crypto_research.load:   btcusdt: rows=1182241 2022-01-01 .. 2024-04-01
2026-06-19 19:57:34 INFO crypto_research.load:   chzusdt: rows=656821 2022-12-31 .. 2024-04-01
2026-06-19 19:57:34 INFO crypto_research.load:   crvusdt: rows=1182241 2022-01-01 .. 2024-04-01
2026-06-19 19:57:34 INFO crypto_research.load:   dashusdt: rows=656821 2022-12-31 .. 2024-04-01
2026-06-19 19:57:34 INFO crypto_research.load:   dogeusdt: rows=1182241 2022-01-01 .. 2024-04-01
2026-06-19 19:57:34 INFO crypto_research.load:   dotusdt: rows=1182241 2022-01-01 .. 2024-04-01
2026-06-19 19:57:34 INFO crypto_research.load:   dydxusdt: rows=1182241 2022-01-01 .. 2024-04-01
2026-06-19 19:57:34 INFO crypto_research.load:   egldusdt: rows=656821 2022-12-31 .. 2024-04-01
2026-06-19 19:57:34 INFO crypto_research.load:   enjusdt: rows=1182241 2022-01-01 .. 2024-04-01
2026-06-19 19:57:34 INFO crypto_research.load:   etcusdt: rows=656821 2022-12-31 .. 2024-04-01
2026-06-19 19:57:34 INFO crypto_research.load:   ethusdt: rows=1182241 2022-01-01 .. 2024-04-01
2026-06-19 19:57:34 INFO crypto_research.load:   filusdt: rows=1182241 2022-01-01 .. 2024-04-01
2026-06-19 19:57:34 INFO crypto_research.load:   galausdt: rows=1182241 2022-01-01 .. 2024-04-01
2026-06-19 19:57:34 INFO crypto_research.load:   gmtusdt: rows=656821 2022-12-31 .. 2024-04-01
2026-06-19 19:57:34 INFO crypto_research.load:   hbarusdt: rows=656821 2022-12-31 .. 2024-04-01
2026-06-19 19:57:34 INFO crypto_research.load:   icpusdt: rows=656821 2022-12-31 .. 2024-04-01
2026-06-19 19:57:34 INFO crypto_research.load:   injusdt: rows=656821 2022-12-31 .. 2024-04-01
2026-06-19 19:57:34 INFO crypto_research.load:   ldousdt: rows=656821 2022-12-31 .. 2024-04-01
2026-06-19 19:57:34 INFO crypto_research.load:   linkusdt: rows=1182241 2022-01-01 .. 2024-04-01
2026-06-19 19:57:34 INFO crypto_research.load:   ltcusdt: rows=1182241 2022-01-01 .. 2024-04-01
2026-06-19 19:57:34 INFO crypto_research.load:   nearusdt: rows=1182241 2022-01-01 .. 2024-04-01
2026-06-19 19:57:34 INFO crypto_research.load:   ontusdt: rows=957048 2022-06-06 .. 2024-04-01
2026-06-19 19:57:34 INFO crypto_research.load:   opusdt: rows=656821 2022-12-31 .. 2024-04-01
2026-06-19 19:57:34 INFO crypto_research.load:   paxgusdt: rows=1076619 2022-03-15 .. 2024-04-01
2026-06-19 19:57:34 INFO crypto_research.load:   sandusdt: rows=656821 2022-12-31 .. 2024-04-01
2026-06-19 19:57:34 INFO crypto_research.load:   shib1000usdt: rows=656821 2022-12-31 .. 2024-04-01
2026-06-19 19:57:34 INFO crypto_research.load:   solusdt: rows=1182241 2022-01-01 .. 2024-04-01
2026-06-19 19:57:34 INFO crypto_research.load:   storjusdt: rows=656821 2022-12-31 .. 2024-04-01
2026-06-19 19:57:34 INFO crypto_research.load:   stxusdt: rows=656821 2022-12-31 .. 2024-04-01
2026-06-19 19:57:34 INFO crypto_research.load:   trxusdt: rows=656821 2022-12-31 .. 2024-04-01
2026-06-19 19:57:34 INFO crypto_research.load:   uniusdt: rows=1182241 2022-01-01 .. 2024-04-01
2026-06-19 19:57:34 INFO crypto_research.load:   xlmusdt: rows=656821 2022-12-31 .. 2024-04-01
2026-06-19 19:57:34 INFO crypto_research.load:   xmrusdt: rows=1162824 2022-01-14 .. 2024-04-01
2026-06-19 19:57:34 INFO crypto_research.load:   xrpusdt: rows=1182241 2022-01-01 .. 2024-04-01
2026-06-19 19:57:34 INFO crypto_research.load:   zecusdt: rows=1182241 2022-01-01 .. 2024-04-01
2026-06-19 19:57:34 INFO crypto_research.load:   zenusdt: rows=656821 2022-12-31 .. 2024-04-01
2026-06-19 19:57:35 INFO crypto_research.ml_dataset: [ml] pooled daily: pairs=49 rows=32407 period=2022-01-01..2024-04-01
2026-06-19 19:57:35 INFO crypto_research.ml_dataset: [ml] pair filter: first_candle <= 2023-01-01 → 49 pairs
2026-06-19 19:58:01 INFO crypto_research.load: [1] Загрузка данных: пар=49 строк=55515524 ~1482.4 MB
2026-06-19 19:58:01 INFO crypto_research.load:   1000luncusdt: rows=1133280 2024-04-01 .. 2026-05-27
2026-06-19 19:58:01 INFO crypto_research.load:   aaveusdt: rows=1132756 2024-04-01 .. 2026-05-27
2026-06-19 19:58:01 INFO crypto_research.load:   adausdt: rows=1132756 2024-04-01 .. 2026-05-27
2026-06-19 19:58:01 INFO crypto_research.load:   algousdt: rows=1132756 2024-04-01 .. 2026-05-27
2026-06-19 19:58:01 INFO crypto_research.load:   aliceusdt: rows=1132756 2024-04-01 .. 2026-05-27
2026-06-19 19:58:01 INFO crypto_research.load:   apeusdt: rows=1133280 2024-04-01 .. 2026-05-27
2026-06-19 19:58:01 INFO crypto_research.load:   api3usdt: rows=1132756 2024-04-01 .. 2026-05-27
2026-06-19 19:58:01 INFO crypto_research.load:   aptusdt: rows=1132756 2024-04-01 .. 2026-05-27
2026-06-19 19:58:01 INFO crypto_research.load:   atomusdt: rows=1132756 2024-04-01 .. 2026-05-27
2026-06-19 19:58:01 INFO crypto_research.load:   avaxusdt: rows=1132756 2024-04-01 .. 2026-05-27
2026-06-19 19:58:01 INFO crypto_research.load:   axsusdt: rows=1133280 2024-04-01 .. 2026-05-27
2026-06-19 19:58:01 INFO crypto_research.load:   bchusdt: rows=1132756 2024-04-01 .. 2026-05-27
2026-06-19 19:58:01 INFO crypto_research.load:   bnbusdt: rows=1132756 2024-04-01 .. 2026-05-27
2026-06-19 19:58:01 INFO crypto_research.load:   btcusdt: rows=1132756 2024-04-01 .. 2026-05-27
2026-06-19 19:58:01 INFO crypto_research.load:   chzusdt: rows=1133280 2024-04-01 .. 2026-05-27
2026-06-19 19:58:01 INFO crypto_research.load:   crvusdt: rows=1132756 2024-04-01 .. 2026-05-27
2026-06-19 19:58:01 INFO crypto_research.load:   dashusdt: rows=1133280 2024-04-01 .. 2026-05-27
2026-06-19 19:58:01 INFO crypto_research.load:   dogeusdt: rows=1132756 2024-04-01 .. 2026-05-27
2026-06-19 19:58:01 INFO crypto_research.load:   dotusdt: rows=1132756 2024-04-01 .. 2026-05-27
2026-06-19 19:58:01 INFO crypto_research.load:   dydxusdt: rows=1132756 2024-04-01 .. 2026-05-27
2026-06-19 19:58:01 INFO crypto_research.load:   egldusdt: rows=1133280 2024-04-01 .. 2026-05-27
2026-06-19 19:58:01 INFO crypto_research.load:   enjusdt: rows=1132756 2024-04-01 .. 2026-05-27
2026-06-19 19:58:01 INFO crypto_research.load:   etcusdt: rows=1133280 2024-04-01 .. 2026-05-27
2026-06-19 19:58:01 INFO crypto_research.load:   ethusdt: rows=1132756 2024-04-01 .. 2026-05-27
2026-06-19 19:58:01 INFO crypto_research.load:   filusdt: rows=1132756 2024-04-01 .. 2026-05-27
2026-06-19 19:58:01 INFO crypto_research.load:   galausdt: rows=1132756 2024-04-01 .. 2026-05-27
2026-06-19 19:58:01 INFO crypto_research.load:   gmtusdt: rows=1133280 2024-04-01 .. 2026-05-27
2026-06-19 19:58:01 INFO crypto_research.load:   hbarusdt: rows=1133280 2024-04-01 .. 2026-05-27
2026-06-19 19:58:01 INFO crypto_research.load:   icpusdt: rows=1133280 2024-04-01 .. 2026-05-27
2026-06-19 19:58:01 INFO crypto_research.load:   injusdt: rows=1133280 2024-04-01 .. 2026-05-27
2026-06-19 19:58:01 INFO crypto_research.load:   ldousdt: rows=1133280 2024-04-01 .. 2026-05-27
2026-06-19 19:58:01 INFO crypto_research.load:   linkusdt: rows=1132756 2024-04-01 .. 2026-05-27
2026-06-19 19:58:01 INFO crypto_research.load:   ltcusdt: rows=1132756 2024-04-01 .. 2026-05-27
2026-06-19 19:58:01 INFO crypto_research.load:   nearusdt: rows=1132756 2024-04-01 .. 2026-05-27
2026-06-19 19:58:01 INFO crypto_research.load:   ontusdt: rows=1132756 2024-04-01 .. 2026-05-27
2026-06-19 19:58:01 INFO crypto_research.load:   opusdt: rows=1133280 2024-04-01 .. 2026-05-27
2026-06-19 19:58:01 INFO crypto_research.load:   paxgusdt: rows=1132756 2024-04-01 .. 2026-05-27
2026-06-19 19:58:01 INFO crypto_research.load:   sandusdt: rows=1133280 2024-04-01 .. 2026-05-27
2026-06-19 19:58:01 INFO crypto_research.load:   shib1000usdt: rows=1133280 2024-04-01 .. 2026-05-27
2026-06-19 19:58:01 INFO crypto_research.load:   solusdt: rows=1132756 2024-04-01 .. 2026-05-27
2026-06-19 19:58:01 INFO crypto_research.load:   storjusdt: rows=1133280 2024-04-01 .. 2026-05-27
2026-06-19 19:58:01 INFO crypto_research.load:   stxusdt: rows=1133280 2024-04-01 .. 2026-05-27
2026-06-19 19:58:01 INFO crypto_research.load:   trxusdt: rows=1133280 2024-04-01 .. 2026-05-27
2026-06-19 19:58:01 INFO crypto_research.load:   uniusdt: rows=1132756 2024-04-01 .. 2026-05-27
2026-06-19 19:58:01 INFO crypto_research.load:   xlmusdt: rows=1133280 2024-04-01 .. 2026-05-27
2026-06-19 19:58:01 INFO crypto_research.load:   xmrusdt: rows=1132756 2024-04-01 .. 2026-05-27
2026-06-19 19:58:01 INFO crypto_research.load:   xrpusdt: rows=1132756 2024-04-01 .. 2026-05-27
2026-06-19 19:58:01 INFO crypto_research.load:   zecusdt: rows=1132756 2024-04-01 .. 2026-05-27
2026-06-19 19:58:01 INFO crypto_research.load:   zenusdt: rows=1133280 2024-04-01 .. 2026-05-27
2026-06-19 19:58:02 INFO crypto_research.ml_dataset: [ml] pooled daily: pairs=49 rows=38563 period=2024-04-01..2026-05-31
2026-06-19 19:58:03 INFO crypto_research.ml_ema_dev_norm: [ml] ema_dev_pair_norm bounds: pairs=49
2026-06-19 19:58:03 INFO crypto_research.ml_numeric_features: [ml] bounds ema_dev_pair_norm: pairs=49
2026-06-19 19:58:03 INFO crypto_research.ml_numeric_features: [ml] bounds rsi_pair_norm: pairs=49
2026-06-19 19:58:03 INFO crypto_research.ml_dataset: [ml] ema_dev_pair_norm: min=-4.914 max=8.584 mean=-0.014
2026-06-19 19:58:03 INFO crypto_research.ml_dataset: [ml] rsi_pair_norm: min=-2.053 max=2.062 mean=-0.082
2026-06-19 19:58:03 INFO crypto_research.ml_dataset: [ml] dataset studies=['day_of_week_ml', 'ema_spreads_ml', 'rsi_spreads_ml'] features=['pair_id', 'weekday_enc', 'ema_dev_pair_norm', 'rsi_pair_norm'] rows=31917 pairs=49 up_rate=0.503
2026-06-19 19:58:03 INFO crypto_research.ml_dataset: [ml] ema_dev_pair_norm: min=-4.918 max=15.840 mean=-0.087
2026-06-19 19:58:03 INFO crypto_research.ml_dataset: [ml] rsi_pair_norm: min=-1.864 max=2.022 mean=-0.170
2026-06-19 19:58:03 INFO crypto_research.ml_dataset: [ml] dataset studies=['day_of_week_ml', 'ema_spreads_ml', 'rsi_spreads_ml'] features=['pair_id', 'weekday_enc', 'ema_dev_pair_norm', 'rsi_pair_norm'] rows=38073 pairs=49 up_rate=0.478
2026-06-19 19:58:03 INFO crypto_research.ml_research: Dataset columns (9): ['day_utc', 'pair', 'weekday', 'return_pct', 'direction_up', 'ema_dev_pair_norm', 'rsi_pair_norm', 'pair_id', 'weekday_enc']
2026-06-19 19:58:03 INFO crypto_research.ml_research: Dataset head (50 rows):
shape: (50, 9)
┌─────────────┬───────────┬─────────┬─────────────┬─────────────┬─────────────┬─────────────┬─────────┬─────────────┐
│ day_utc     ┆ pair      ┆ weekday ┆ return_pct  ┆ direction_u ┆ ema_dev_pai ┆ rsi_pair_no ┆ pair_id ┆ weekday_enc │
│ ---         ┆ ---       ┆ ---     ┆ ---         ┆ p           ┆ r_norm      ┆ rm          ┆ ---     ┆ ---         │
│ datetime[μs ┆ str       ┆ i64     ┆ f64         ┆ ---         ┆ ---         ┆ ---         ┆ cat     ┆ cat         │
│ , UTC]      ┆           ┆         ┆             ┆ i8          ┆ f64         ┆ f64         ┆         ┆             │
╞═════════════╪═══════════╪═════════╪═════════════╪═════════════╪═════════════╪═════════════╪═════════╪═════════════╡
│ 2022-01-11  ┆ aaveusdt  ┆ 1       ┆ 6.788570830 ┆ 1           ┆ -1.02301043 ┆ -2.03083498 ┆ 1       ┆ 1           │
│ 00:00:00    ┆           ┆         ┆ 975585      ┆             ┆ 69461848    ┆ 72019544    ┆         ┆             │
│ UTC         ┆           ┆         ┆             ┆             ┆             ┆             ┆         ┆             │
│ 2022-01-11  ┆ adausdt   ┆ 1       ┆ 5.610469609 ┆ 1           ┆ -1          ┆ -1.39733733 ┆ 2       ┆ 1           │
│ 00:00:00    ┆           ┆         ┆ 646642      ┆             ┆             ┆ 3734323     ┆         ┆             │
│ UTC         ┆           ┆         ┆             ┆             ┆             ┆             ┆         ┆             │
│ 2022-01-11  ┆ algousdt  ┆ 1       ┆ 6.162875219 ┆ 1           ┆ -0.86743413 ┆ -1.15551810 ┆ 3       ┆ 1           │
│ 00:00:00    ┆           ┆         ┆ 537939      ┆             ┆ 00673081    ┆ 86904938    ┆         ┆             │
│ UTC         ┆           ┆         ┆             ┆             ┆             ┆             ┆         ┆             │
│ 2022-01-11  ┆ aliceusdt ┆ 1       ┆ 6.372554748 ┆ 1           ┆ -1.02727972 ┆ -1.16908725 ┆ 4       ┆ 1           │
│ 00:00:00    ┆           ┆         ┆ 620328      ┆             ┆ 7767651     ┆ 62617576    ┆         ┆             │
│ UTC         ┆           ┆         ┆             ┆             ┆             ┆             ┆         ┆             │
│ 2022-01-11  ┆ atomusdt  ┆ 1       ┆ 2.165873432 ┆ 1           ┆ 0.130404480 ┆ 0.160004804 ┆ 8       ┆ 1           │
│ 00:00:00    ┆           ┆         ┆ 6592084     ┆             ┆ 87863565    ┆ 07343476    ┆         ┆             │
│ UTC         ┆           ┆         ┆             ┆             ┆             ┆             ┆         ┆             │
│ 2022-01-11  ┆ avaxusdt  ┆ 1       ┆ 6.079645709 ┆ 1           ┆ -0.96168680 ┆ -1.42007664 ┆ 9       ┆ 1           │
│ 00:00:00    ┆           ┆         ┆ 640859      ┆             ┆ 83200584    ┆ 93461732    ┆         ┆             │
│ UTC         ┆           ┆         ┆             ┆             ┆             ┆             ┆         ┆             │
│ 2022-01-11  ┆ bchusdt   ┆ 1       ┆ 1.650392023 ┆ 1           ┆ -1.01350607 ┆ -1.70219846 ┆ 11      ┆ 1           │
│ 00:00:00    ┆           ┆         ┆ 5081473     ┆             ┆ 83051932    ┆ 7363062     ┆         ┆             │
│ UTC         ┆           ┆         ┆             ┆             ┆             ┆             ┆         ┆             │
│ 2022-01-11  ┆ bnbusdt   ┆ 1       ┆ 8.946439081 ┆ 1           ┆ -1.33303814 ┆ -1.76214782 ┆ 12      ┆ 1           │
│ 00:00:00    ┆           ┆         ┆ 81283       ┆             ┆ 59113234    ┆ 16658728    ┆         ┆             │
│ UTC         ┆           ┆         ┆             ┆             ┆             ┆             ┆         ┆             │
│ 2022-01-11  ┆ btcusdt   ┆ 1       ┆ 2.134707838 ┆ 1           ┆ -0.63198845 ┆ -1.75825151 ┆ 13      ┆ 1           │
│ 00:00:00    ┆           ┆         ┆ 0253057     ┆             ┆ 18503163    ┆ 18565332    ┆         ┆             │
│ UTC         ┆           ┆         ┆             ┆             ┆             ┆             ┆         ┆             │
│ 2022-01-11  ┆ crvusdt   ┆ 1       ┆ 6.604863120 ┆ 1           ┆ -1.16000899 ┆ -1.32054000 ┆ 15      ┆ 1           │
│ 00:00:00    ┆           ┆         ┆ 110692      ┆             ┆ 53543349    ┆ 31884917    ┆         ┆             │
│ UTC         ┆           ┆         ┆             ┆             ┆             ┆             ┆         ┆             │
│ 2022-01-11  ┆ dogeusdt  ┆ 1       ┆ 7.482508330 ┆ 1           ┆ -1.01669842 ┆ -1.92760833 ┆ 17      ┆ 1           │
│ 00:00:00    ┆           ┆         ┆ 0613295     ┆             ┆ 01353448    ┆ 4982597     ┆         ┆             │
│ UTC         ┆           ┆         ┆             ┆             ┆             ┆             ┆         ┆             │
│ 2022-01-11  ┆ dotusdt   ┆ 1       ┆ 7.766990760 ┆ 1           ┆ -1          ┆ -1.12342655 ┆ 18      ┆ 1           │
│ 00:00:00    ┆           ┆         ┆ 2688255     ┆             ┆             ┆ 5186431     ┆         ┆             │
│ UTC         ┆           ┆         ┆             ┆             ┆             ┆             ┆         ┆             │
│ 2022-01-11  ┆ dydxusdt  ┆ 1       ┆ 11.61695857 ┆ 1           ┆ -0.99710516 ┆ -1.84297108 ┆ 19      ┆ 1           │
│ 00:00:00    ┆           ┆         ┆ 5351276     ┆             ┆ 95789355    ┆ 2482642     ┆         ┆             │
│ UTC         ┆           ┆         ┆             ┆             ┆             ┆             ┆         ┆             │
│ 2022-01-11  ┆ enjusdt   ┆ 1       ┆ 6.766748877 ┆ 1           ┆ -0.92189859 ┆ -0.88213909 ┆ 21      ┆ 1           │
│ 00:00:00    ┆           ┆         ┆ 945984      ┆             ┆ 7589335     ┆ 30325894    ┆         ┆             │
│ UTC         ┆           ┆         ┆             ┆             ┆             ┆             ┆         ┆             │
│ 2022-01-11  ┆ ethusdt   ┆ 1       ┆ 4.996755353 ┆ 1           ┆ -0.97132678 ┆ -1.50616436 ┆ 23      ┆ 1           │
│ 00:00:00    ┆           ┆         ┆ 66645       ┆             ┆ 47166703    ┆ 29412935    ┆         ┆             │
│ UTC         ┆           ┆         ┆             ┆             ┆             ┆             ┆         ┆             │
│ 2022-01-11  ┆ filusdt   ┆ 1       ┆ 2.558639787 ┆ 1           ┆ -1.01015594 ┆ -1.31314476 ┆ 24      ┆ 1           │
│ 00:00:00    ┆           ┆         ┆ 916926      ┆             ┆ 18583597    ┆ 29224229    ┆         ┆             │
│ UTC         ┆           ┆         ┆             ┆             ┆             ┆             ┆         ┆             │
│ 2022-01-11  ┆ galausdt  ┆ 1       ┆ 4.528559831 ┆ 1           ┆ -1.30330131 ┆ -1.48517515 ┆ 25      ┆ 1           │
│ 00:00:00    ┆           ┆         ┆ 2834034     ┆             ┆ 09448117    ┆ 25926433    ┆         ┆             │
│ UTC         ┆           ┆         ┆             ┆             ┆             ┆             ┆         ┆             │
│ 2022-01-11  ┆ linkusdt  ┆ 1       ┆ -4.83513084 ┆ 0           ┆ 1.166937952 ┆ 1.637723110 ┆ 31      ┆ 1           │
│ 00:00:00    ┆           ┆         ┆ 90143445    ┆             ┆ 472205      ┆ 9811534     ┆         ┆             │
│ UTC         ┆           ┆         ┆             ┆             ┆             ┆             ┆         ┆             │
│ 2022-01-11  ┆ ltcusdt   ┆ 1       ┆ 3.912113329 ┆ 1           ┆ -0.79054045 ┆ -1.80831784 ┆ 32      ┆ 1           │
│ 00:00:00    ┆           ┆         ┆ 6431494     ┆             ┆ 11078287    ┆ 60921738    ┆         ┆             │
│ UTC         ┆           ┆         ┆             ┆             ┆             ┆             ┆         ┆             │
│ 2022-01-11  ┆ nearusdt  ┆ 1       ┆ 16.60959448 ┆ 1           ┆ 0.292810580 ┆ 0.048835974 ┆ 33      ┆ 1           │
│ 00:00:00    ┆           ┆         ┆ 4794073     ┆             ┆ 312173      ┆ 696927575   ┆         ┆             │
│ UTC         ┆           ┆         ┆             ┆             ┆             ┆             ┆         ┆             │
│ 2022-01-11  ┆ solusdt   ┆ 1       ┆ 3.238861758 ┆ 1           ┆ -0.78192179 ┆ -1.63487064 ┆ 39      ┆ 1           │
│ 00:00:00    ┆           ┆         ┆ 409968      ┆             ┆ 79769039    ┆ 45915702    ┆         ┆             │
│ UTC         ┆           ┆         ┆             ┆             ┆             ┆             ┆         ┆             │
│ 2022-01-11  ┆ uniusdt   ┆ 1       ┆ 5.525776154 ┆ 1           ┆ -0.73600776 ┆ -0.85307927 ┆ 43      ┆ 1           │
│ 00:00:00    ┆           ┆         ┆ 9487565     ┆             ┆ 20792981    ┆ 11270476    ┆         ┆             │
│ UTC         ┆           ┆         ┆             ┆             ┆             ┆             ┆         ┆             │
│ 2022-01-11  ┆ xrpusdt   ┆ 1       ┆ 4.099028860 ┆ 1           ┆ -0.72262423 ┆ -1.55834626 ┆ 46      ┆ 1           │
│ 00:00:00    ┆           ┆         ┆ 356283      ┆             ┆ 74373969    ┆ 89840615    ┆         ┆             │
│ UTC         ┆           ┆         ┆             ┆             ┆             ┆             ┆         ┆             │
│ 2022-01-11  ┆ zecusdt   ┆ 1       ┆ 0.141741275 ┆ 1           ┆ -0.15228242 ┆ -0.65740783 ┆ 47      ┆ 1           │
│ 00:00:00    ┆           ┆         ┆ 40112447    ┆             ┆ 430131114   ┆ 9384771     ┆         ┆             │
│ UTC         ┆           ┆         ┆             ┆             ┆             ┆             ┆         ┆             │
│ 2022-01-12  ┆ aaveusdt  ┆ 2       ┆ 2.439602325 ┆ 1           ┆ -0.37655109 ┆ -1.30669514 ┆ 1       ┆ 2           │
│ 00:00:00    ┆           ┆         ┆ 0916063     ┆             ┆ 630048034   ┆ 1519008     ┆         ┆             │
│ UTC         ┆           ┆         ┆             ┆             ┆             ┆             ┆         ┆             │
│ 2022-01-12  ┆ adausdt   ┆ 2       ┆ 10.60797844 ┆ 1           ┆ -0.32038513 ┆ -0.86739557 ┆ 2       ┆ 2           │
│ 00:00:00    ┆           ┆         ┆ 8037555     ┆             ┆ 3667936     ┆ 67137441    ┆         ┆             │
│ UTC         ┆           ┆         ┆             ┆             ┆             ┆             ┆         ┆             │
│ 2022-01-12  ┆ algousdt  ┆ 2       ┆ 3.662748605 ┆ 1           ┆ -0.28445366 ┆ -0.75970163 ┆ 3       ┆ 2           │
│ 00:00:00    ┆           ┆         ┆ 325483      ┆             ┆ 84584358    ┆ 16217354    ┆         ┆             │
│ UTC         ┆           ┆         ┆             ┆             ┆             ┆             ┆         ┆             │
│ 2022-01-12  ┆ aliceusdt ┆ 2       ┆ 5.990779683 ┆ 1           ┆ -0.45122532 ┆ -0.79149019 ┆ 4       ┆ 2           │
│ 00:00:00    ┆           ┆         ┆ 6614065     ┆             ┆ 172717783   ┆ 1507975     ┆         ┆             │
│ UTC         ┆           ┆         ┆             ┆             ┆             ┆             ┆         ┆             │
│ 2022-01-12  ┆ atomusdt  ┆ 2       ┆ 4.084793184 ┆ 1           ┆ 0.309669200 ┆ 0.248128204 ┆ 8       ┆ 2           │
│ 00:00:00    ┆           ┆         ┆ 828393      ┆             ┆ 90098315    ┆ 0479178     ┆         ┆             │
│ UTC         ┆           ┆         ┆             ┆             ┆             ┆             ┆         ┆             │
│ 2022-01-12  ┆ avaxusdt  ┆ 2       ┆ 7.323204277 ┆ 1           ┆ -0.36172317 ┆ -1.01775879 ┆ 9       ┆ 2           │
│ 00:00:00    ┆           ┆         ┆ 438567      ┆             ┆ 16695066    ┆ 61708219    ┆         ┆             │
│ UTC         ┆           ┆         ┆             ┆             ┆             ┆             ┆         ┆             │
│ 2022-01-12  ┆ bchusdt   ┆ 2       ┆ 3.801926335 ┆ 1           ┆ -0.66113291 ┆ -1.46031108 ┆ 11      ┆ 2           │
│ 00:00:00    ┆           ┆         ┆ 9895037     ┆             ┆ 11727483    ┆ 31320198    ┆         ┆             │
│ UTC         ┆           ┆         ┆             ┆             ┆             ┆             ┆         ┆             │
│ 2022-01-12  ┆ bnbusdt   ┆ 2       ┆ 5.348460291 ┆ 1           ┆ 0.014108014 ┆ -0.84088254 ┆ 12      ┆ 2           │
│ 00:00:00    ┆           ┆         ┆ 734198      ┆             ┆ 896094248   ┆ 81626779    ┆         ┆             │
│ UTC         ┆           ┆         ┆             ┆             ┆             ┆             ┆         ┆             │
│ 2022-01-12  ┆ btcusdt   ┆ 2       ┆ 2.782103673 ┆ 1           ┆ -0.21801804 ┆ -1.30854217 ┆ 13      ┆ 2           │
│ 00:00:00    ┆           ┆         ┆ 1730735     ┆             ┆ 762191915   ┆ 73560837    ┆         ┆             │
│ UTC         ┆           ┆         ┆             ┆             ┆             ┆             ┆         ┆             │
│ 2022-01-12  ┆ crvusdt   ┆ 2       ┆ 6.543480967 ┆ 1           ┆ -0.60570274 ┆ -0.97298266 ┆ 15      ┆ 2           │
│ 00:00:00    ┆           ┆         ┆ 303586      ┆             ┆ 61305695    ┆ 03218545    ┆         ┆             │
│ UTC         ┆           ┆         ┆             ┆             ┆             ┆             ┆         ┆             │
│ 2022-01-12  ┆ dogeusdt  ┆ 2       ┆ 5.790502269 ┆ 1           ┆ -0.16726546 ┆ -0.88209583 ┆ 17      ┆ 2           │
│ 00:00:00    ┆           ┆         ┆ 009695      ┆             ┆ 96116402    ┆ 96160115    ┆         ┆             │
│ UTC         ┆           ┆         ┆             ┆             ┆             ┆             ┆         ┆             │
│ 2022-01-12  ┆ dotusdt   ┆ 2       ┆ 6.952603097 ┆ 1           ┆ -0.10955432 ┆ -0.53773361 ┆ 18      ┆ 2           │
│ 00:00:00    ┆           ┆         ┆ 495247      ┆             ┆ 00708026    ┆ 76970129    ┆         ┆             │
│ UTC         ┆           ┆         ┆             ┆             ┆             ┆             ┆         ┆             │
│ 2022-01-12  ┆ dydxusdt  ┆ 2       ┆ 9.071729519 ┆ 1           ┆ -0.14912955 ┆ -0.87066117 ┆ 19      ┆ 2           │
│ 00:00:00    ┆           ┆         ┆ 19055       ┆             ┆ 058917873   ┆ 37833426    ┆         ┆             │
│ UTC         ┆           ┆         ┆             ┆             ┆             ┆             ┆         ┆             │
│ 2022-01-12  ┆ enjusdt   ┆ 2       ┆ 9.171528727 ┆ 1           ┆ -0.30677617 ┆ -0.53883497 ┆ 21      ┆ 2           │
│ 00:00:00    ┆           ┆         ┆ 71021       ┆             ┆ 00692503    ┆ 81357886    ┆         ┆             │
│ UTC         ┆           ┆         ┆             ┆             ┆             ┆             ┆         ┆             │
│ 2022-01-12  ┆ ethusdt   ┆ 2       ┆ 4.127010161 ┆ 1           ┆ -0.31954776 ┆ -1.01937817 ┆ 23      ┆ 2           │
│ 00:00:00    ┆           ┆         ┆ 5613415     ┆             ┆ 203334767   ┆ 29503903    ┆         ┆             │
│ UTC         ┆           ┆         ┆             ┆             ┆             ┆             ┆         ┆             │
│ 2022-01-12  ┆ filusdt   ┆ 2       ┆ 6.479552641 ┆ 1           ┆ -0.65712451 ┆ -1.09848548 ┆ 24      ┆ 2           │
│ 00:00:00    ┆           ┆         ┆ 4993585     ┆             ┆ 20546244    ┆ 95667544    ┆         ┆             │
│ UTC         ┆           ┆         ┆             ┆             ┆             ┆             ┆         ┆             │
│ 2022-01-12  ┆ galausdt  ┆ 2       ┆ 12.05827055 ┆ 1           ┆ -0.80633156 ┆ -1.22751054 ┆ 25      ┆ 2           │
│ 00:00:00    ┆           ┆         ┆ 6129708     ┆             ┆ 82268392    ┆ 67659482    ┆         ┆             │
│ UTC         ┆           ┆         ┆             ┆             ┆             ┆             ┆         ┆             │
│ 2022-01-12  ┆ linkusdt  ┆ 2       ┆ 0.544902469 ┆ 1           ┆ 0.443513088 ┆ 1.090422966 ┆ 31      ┆ 2           │
│ 00:00:00    ┆           ┆         ┆ 331899      ┆             ┆ 2443634     ┆ 6528917     ┆         ┆             │
│ UTC         ┆           ┆         ┆             ┆             ┆             ┆             ┆         ┆             │
│ 2022-01-12  ┆ ltcusdt   ┆ 2       ┆ 7.909955501 ┆ 1           ┆ -0.28256384 ┆ -1.17154445 ┆ 32      ┆ 2           │
│ 00:00:00    ┆           ┆         ┆ 386672      ┆             ┆ 78929974    ┆ 01975072    ┆         ┆             │
│ UTC         ┆           ┆         ┆             ┆             ┆             ┆             ┆         ┆             │
│ 2022-01-12  ┆ nearusdt  ┆ 2       ┆ -2.64819254 ┆ 0           ┆ 1.273197829 ┆ 0.500215895 ┆ 33      ┆ 2           │
│ 00:00:00    ┆           ┆         ┆ 1410601     ┆             ┆ 1348753     ┆ 7621297     ┆         ┆             │
│ UTC         ┆           ┆         ┆             ┆             ┆             ┆             ┆         ┆             │
│ 2022-01-12  ┆ solusdt   ┆ 2       ┆ 7.967916614 ┆ 1           ┆ -0.43941244 ┆ -1.35469555 ┆ 39      ┆ 2           │
│ 00:00:00    ┆           ┆         ┆ 444073      ┆             ┆ 30115105    ┆ 95969155    ┆         ┆             │
│ UTC         ┆           ┆         ┆             ┆             ┆             ┆             ┆         ┆             │
│ 2022-01-12  ┆ uniusdt   ┆ 2       ┆ 2.050674877 ┆ 1           ┆ -0.17071827 ┆ -0.45644819 ┆ 43      ┆ 2           │
│ 00:00:00    ┆           ┆         ┆ 380246      ┆             ┆ 681836452   ┆ 37876861    ┆         ┆             │
│ UTC         ┆           ┆         ┆             ┆             ┆             ┆             ┆         ┆             │
│ 2022-01-12  ┆ xrpusdt   ┆ 2       ┆ 3.755681224 ┆ 1           ┆ -0.11648212 ┆ -0.89576404 ┆ 46      ┆ 2           │
│ 00:00:00    ┆           ┆         ┆ 9168634     ┆             ┆ 64279773    ┆ 3172548     ┆         ┆             │
│ UTC         ┆           ┆         ┆             ┆             ┆             ┆             ┆         ┆             │
│ 2022-01-12  ┆ zecusdt   ┆ 2       ┆ 2.229294995 ┆ 1           ┆ -0.11183778 ┆ -0.63481664 ┆ 47      ┆ 2           │
│ 00:00:00    ┆           ┆         ┆ 3656693     ┆             ┆ 614330515   ┆ 81588624    ┆         ┆             │
│ UTC         ┆           ┆         ┆             ┆             ┆             ┆             ┆         ┆             │
│ 2022-01-13  ┆ aaveusdt  ┆ 3       ┆ -4.28211854 ┆ 0           ┆ -0.12891649 ┆ -1.06682059 ┆ 1       ┆ 3           │
│ 00:00:00    ┆           ┆         ┆ 4609961     ┆             ┆ 404416425   ┆ 79331093    ┆         ┆             │
│ UTC         ┆           ┆         ┆             ┆             ┆             ┆             ┆         ┆             │
│ 2022-01-13  ┆ adausdt   ┆ 3       ┆ -6.13707459 ┆ 0           ┆ 0.708785929 ┆ -0.14372469 ┆ 2       ┆ 3           │
│ 00:00:00    ┆           ┆         ┆ 8369567     ┆             ┆ 9928528     ┆ 373572572   ┆         ┆             │
│ UTC         ┆           ┆         ┆             ┆             ┆             ┆             ┆         ┆             │
└─────────────┴───────────┴─────────┴─────────────┴─────────────┴─────────────┴─────────────┴─────────┴─────────────┘
2026-06-19 19:58:03 INFO crypto_research.ml_cpcv: [ml] X: shape=(31917, 4) columns=['pair_id', 'weekday_enc', 'ema_dev_pair_norm', 'rsi_pair_norm'] dtypes={'pair_id': 'category', 'weekday_enc': 'category', 'ema_dev_pair_norm': 'float64', 'rsi_pair_norm': 'float64'}
2026-06-19 19:58:03 INFO crypto_research.ml_cpcv: [ml] X head (3 rows):
  pair_id weekday_enc  ema_dev_pair_norm  rsi_pair_norm
0       1           1          -1.023010      -2.030835
1       2           1          -1.000000      -1.397337
2       3           1          -0.867434      -1.155518
2026-06-19 19:58:03 INFO crypto_research.ml_cpcv: [ml] y (direction_up): shape=(31917,) dtype=int8 distribution={0: 15855, 1: 16062}
2026-06-19 19:58:03 INFO crypto_research.ml_cpcv: [ml] y head (3 values): [1, 1, 1]
2026-06-19 19:58:03 INFO crypto_research.ml_cpcv: [ml] CV: CombinatorialPurgedCV n_splits=7 n_test_groups=2 embargo_days=1 n_folds=C(7,2)=21 n_days=812
2026-06-19 19:58:03 INFO crypto_research.ml_cpcv: [ml] CV time range: 2022-01-11 00:00:00+00:00 .. 2024-04-01 00:00:00+00:00 (prediction_times=evaluation_times, purge=None)
2026-06-19 19:58:04 INFO crypto_research.ml_cpcv: [ml] CV day splits:
  fold1: train_days=579 test_days=232
  fold2: train_days=578 test_days=232
  fold3: train_days=578 test_days=232
  fold4: train_days=578 test_days=232
  fold5: train_days=578 test_days=232
  fold6: train_days=579 test_days=232
  fold7: train_days=579 test_days=232
  fold8: train_days=578 test_days=232
  fold9: train_days=578 test_days=232
  fold10: train_days=578 test_days=232
  fold11: train_days=579 test_days=232
  fold12: train_days=579 test_days=232
  fold13: train_days=578 test_days=232
  fold14: train_days=578 test_days=232
  fold15: train_days=579 test_days=232
  fold16: train_days=579 test_days=232
  fold17: train_days=578 test_days=232
  fold18: train_days=579 test_days=232
  fold19: train_days=579 test_days=232
  fold20: train_days=579 test_days=232
  fold21: train_days=580 test_days=232
2026-06-19 19:58:04 INFO crypto_research.ml_cpcv: [ml] fold 1/21 → model.fit: X_train=(25693, 4) y_train=(25693,) days=('2022-09-01 00:00:00+00:00', '2024-04-01 00:00:00+00:00') dist={0: 12646, 1: 13047}
2026-06-19 19:58:04 INFO crypto_research.ml_cpcv: [ml] fold 1/21 → model.predict: X_test=(6196, 4) y_test=(6196,) days=('2022-01-11 00:00:00+00:00', '2022-08-30 00:00:00+00:00') dist={0: 3197, 1: 2999}
2026-06-19 19:58:04 INFO crypto_research.ml_cpcv: [ml] fold 1 X_train head:
     pair_id weekday_enc  ema_dev_pair_norm  rsi_pair_norm
6224       1           3          -0.098971      -0.325285
6225       2           3          -0.187874      -0.405108
6226       3           3          -0.236484      -0.533941
2026-06-19 19:58:04 INFO crypto_research.ml_cpcv: [ml] fold 1 y_train head: [1, 1, 1]
2026-06-19 19:58:04 INFO crypto_research.ml_cpcv: [ml] fold 1 X_test head:
  pair_id weekday_enc  ema_dev_pair_norm  rsi_pair_norm
0       1           1          -1.023010      -2.030835
1       2           1          -1.000000      -1.397337
2       3           1          -0.867434      -1.155518
2026-06-19 19:58:04 INFO crypto_research.ml_cpcv: [ml] fold 1 y_test head: [1, 1, 1]
2026-06-19 19:58:04 INFO crypto_research.ml_cpcv: [ml] fold 1/21 train=25693 test=6196 acc=0.5345 auc=0.5544
2026-06-19 19:58:04 INFO crypto_research.ml_cpcv: [ml] fold 2/21 → model.fit: X_train=(25568, 4) y_train=(25568,) days=('2022-05-08 00:00:00+00:00', '2024-04-01 00:00:00+00:00') dist={0: 12559, 1: 13009}
2026-06-19 19:58:04 INFO crypto_research.ml_cpcv: [ml] fold 2/21 → model.predict: X_test=(6293, 4) y_test=(6293,) days=('2022-01-11 00:00:00+00:00', '2022-12-24 00:00:00+00:00') dist={0: 3251, 1: 3042}
2026-06-19 19:58:04 INFO crypto_research.ml_cpcv: [ml] fold 2/21 train=25568 test=6293 acc=0.5355 auc=0.5605
2026-06-19 19:58:04 INFO crypto_research.ml_cpcv: [ml] fold 3/21 → model.fit: X_train=(23489, 4) y_train=(23489,) days=('2022-05-08 00:00:00+00:00', '2024-04-01 00:00:00+00:00') dist={0: 11726, 1: 11763}
2026-06-19 19:58:04 INFO crypto_research.ml_cpcv: [ml] fold 3/21 → model.predict: X_test=(8352, 4) y_test=(8352,) days=('2022-01-11 00:00:00+00:00', '2023-04-19 00:00:00+00:00') dist={0: 4059, 1: 4293}
2026-06-19 19:58:04 INFO crypto_research.ml_cpcv: [ml] fold 3/21 train=23489 test=8352 acc=0.5170 auc=0.5236
2026-06-19 19:58:04 INFO crypto_research.ml_cpcv: [ml] fold 4/21 → model.fit: X_train=(23169, 4) y_train=(23169,) days=('2022-05-08 00:00:00+00:00', '2024-04-01 00:00:00+00:00') dist={0: 11297, 1: 11872}
2026-06-19 19:58:04 INFO crypto_research.ml_cpcv: [ml] fold 4/21 → model.predict: X_test=(8672, 4) y_test=(8672,) days=('2022-01-11 00:00:00+00:00', '2023-08-13 00:00:00+00:00') dist={0: 4512, 1: 4160}
2026-06-19 19:58:04 INFO crypto_research.ml_cpcv: [ml] fold 4/21 train=23169 test=8672 acc=0.5223 auc=0.5569
2026-06-19 19:58:04 INFO crypto_research.ml_cpcv: [ml] fold 5/21 → model.fit: X_train=(23169, 4) y_train=(23169,) days=('2022-05-08 00:00:00+00:00', '2024-04-01 00:00:00+00:00') dist={0: 11594, 1: 11575}
2026-06-19 19:58:04 INFO crypto_research.ml_cpcv: [ml] fold 5/21 → model.predict: X_test=(8672, 4) y_test=(8672,) days=('2022-01-11 00:00:00+00:00', '2023-12-07 00:00:00+00:00') dist={0: 4233, 1: 4439}
2026-06-19 19:58:04 INFO crypto_research.ml_cpcv: [ml] fold 5/21 train=23169 test=8672 acc=0.5273 auc=0.5408
2026-06-19 19:58:04 INFO crypto_research.ml_cpcv: [ml] fold 6/21 → model.fit: X_train=(23218, 4) y_train=(23218,) days=('2022-05-08 00:00:00+00:00', '2023-12-07 00:00:00+00:00') dist={0: 11587, 1: 11631}
2026-06-19 19:58:04 INFO crypto_research.ml_cpcv: [ml] fold 6/21 → model.predict: X_test=(8672, 4) y_test=(8672,) days=('2022-01-11 00:00:00+00:00', '2024-04-01 00:00:00+00:00') dist={0: 4243, 1: 4429}
2026-06-19 19:58:04 INFO crypto_research.ml_cpcv: [ml] fold 6/21 train=23218 test=8672 acc=0.5105 auc=0.5125
2026-06-19 19:58:04 INFO crypto_research.ml_cpcv: [ml] fold 7/21 → model.fit: X_train=(25375, 4) y_train=(25375,) days=('2022-01-11 00:00:00+00:00', '2024-04-01 00:00:00+00:00') dist={0: 12443, 1: 12932}
2026-06-19 19:58:04 INFO crypto_research.ml_cpcv: [ml] fold 7/21 → model.predict: X_test=(6513, 4) y_test=(6513,) days=('2022-05-07 00:00:00+00:00', '2022-12-24 00:00:00+00:00') dist={0: 3392, 1: 3121}
2026-06-19 19:58:04 INFO crypto_research.ml_cpcv: [ml] fold 7/21 train=25375 test=6513 acc=0.4982 auc=0.5250
2026-06-19 19:58:04 INFO crypto_research.ml_cpcv: [ml] fold 8/21 → model.fit: X_train=(23268, 4) y_train=(23268,) days=('2022-01-11 00:00:00+00:00', '2024-04-01 00:00:00+00:00') dist={0: 11598, 1: 11670}
2026-06-19 19:58:04 INFO crypto_research.ml_cpcv: [ml] fold 8/21 → model.predict: X_test=(8572, 4) y_test=(8572,) days=('2022-05-07 00:00:00+00:00', '2023-04-19 00:00:00+00:00') dist={0: 4200, 1: 4372}
2026-06-19 19:58:04 INFO crypto_research.ml_cpcv: [ml] fold 8/21 train=23268 test=8572 acc=0.5049 auc=0.5118
2026-06-19 19:58:04 INFO crypto_research.ml_cpcv: [ml] fold 9/21 → model.fit: X_train=(22948, 4) y_train=(22948,) days=('2022-01-11 00:00:00+00:00', '2024-04-01 00:00:00+00:00') dist={0: 11169, 1: 11779}
2026-06-19 19:58:04 INFO crypto_research.ml_cpcv: [ml] fold 9/21 → model.predict: X_test=(8892, 4) y_test=(8892,) days=('2022-05-07 00:00:00+00:00', '2023-08-13 00:00:00+00:00') dist={0: 4653, 1: 4239}
2026-06-19 19:58:04 INFO crypto_research.ml_cpcv: [ml] fold 9/21 train=22948 test=8892 acc=0.5201 auc=0.5562
2026-06-19 19:58:04 INFO crypto_research.ml_cpcv: [ml] fold 10/21 → model.fit: X_train=(22948, 4) y_train=(22948,) days=('2022-01-11 00:00:00+00:00', '2024-04-01 00:00:00+00:00') dist={0: 11466, 1: 11482}
2026-06-19 19:58:04 INFO crypto_research.ml_cpcv: [ml] fold 10/21 → model.predict: X_test=(8892, 4) y_test=(8892,) days=('2022-05-07 00:00:00+00:00', '2023-12-07 00:00:00+00:00') dist={0: 4374, 1: 4518}
2026-06-19 19:58:04 INFO crypto_research.ml_cpcv: [ml] fold 10/21 train=22948 test=8892 acc=0.5154 auc=0.5311
2026-06-19 19:58:05 INFO crypto_research.ml_cpcv: [ml] fold 11/21 → model.fit: X_train=(22997, 4) y_train=(22997,) days=('2022-01-11 00:00:00+00:00', '2023-12-07 00:00:00+00:00') dist={0: 11459, 1: 11538}
2026-06-19 19:58:05 INFO crypto_research.ml_cpcv: [ml] fold 11/21 → model.predict: X_test=(8892, 4) y_test=(8892,) days=('2022-05-07 00:00:00+00:00', '2024-04-01 00:00:00+00:00') dist={0: 4384, 1: 4508}
2026-06-19 19:58:05 INFO crypto_research.ml_cpcv: [ml] fold 11/21 train=22997 test=8892 acc=0.4897 auc=0.4842
2026-06-19 19:58:05 INFO crypto_research.ml_cpcv: [ml] fold 12/21 → model.fit: X_train=(23199, 4) y_train=(23199,) days=('2022-01-11 00:00:00+00:00', '2024-04-01 00:00:00+00:00') dist={0: 11556, 1: 11643}
2026-06-19 19:58:05 INFO crypto_research.ml_cpcv: [ml] fold 12/21 → model.predict: X_test=(8669, 4) y_test=(8669,) days=('2022-08-31 00:00:00+00:00', '2023-04-19 00:00:00+00:00') dist={0: 4254, 1: 4415}
2026-06-19 19:58:05 INFO crypto_research.ml_cpcv: [ml] fold 12/21 train=23199 test=8669 acc=0.4996 auc=0.5047
2026-06-19 19:58:05 INFO crypto_research.ml_cpcv: [ml] fold 13/21 → model.fit: X_train=(22850, 4) y_train=(22850,) days=('2022-01-11 00:00:00+00:00', '2024-04-01 00:00:00+00:00') dist={0: 11107, 1: 11743}
2026-06-19 19:58:05 INFO crypto_research.ml_cpcv: [ml] fold 13/21 → model.predict: X_test=(8989, 4) y_test=(8989,) days=('2022-08-31 00:00:00+00:00', '2023-08-13 00:00:00+00:00') dist={0: 4707, 1: 4282}
2026-06-19 19:58:05 INFO crypto_research.ml_cpcv: [ml] fold 13/21 train=22850 test=8989 acc=0.5047 auc=0.5159
2026-06-19 19:58:05 INFO crypto_research.ml_cpcv: [ml] fold 14/21 → model.fit: X_train=(22850, 4) y_train=(22850,) days=('2022-01-11 00:00:00+00:00', '2024-04-01 00:00:00+00:00') dist={0: 11404, 1: 11446}
2026-06-19 19:58:05 INFO crypto_research.ml_cpcv: [ml] fold 14/21 → model.predict: X_test=(8989, 4) y_test=(8989,) days=('2022-08-31 00:00:00+00:00', '2023-12-07 00:00:00+00:00') dist={0: 4428, 1: 4561}
2026-06-19 19:58:05 INFO crypto_research.ml_cpcv: [ml] fold 14/21 train=22850 test=8989 acc=0.5345 auc=0.5471
2026-06-19 19:58:05 INFO crypto_research.ml_cpcv: [ml] fold 15/21 → model.fit: X_train=(22899, 4) y_train=(22899,) days=('2022-01-11 00:00:00+00:00', '2023-12-07 00:00:00+00:00') dist={0: 11397, 1: 11502}
2026-06-19 19:58:05 INFO crypto_research.ml_cpcv: [ml] fold 15/21 → model.predict: X_test=(8989, 4) y_test=(8989,) days=('2022-08-31 00:00:00+00:00', '2024-04-01 00:00:00+00:00') dist={0: 4438, 1: 4551}
2026-06-19 19:58:05 INFO crypto_research.ml_cpcv: [ml] fold 15/21 train=22899 test=8989 acc=0.4886 auc=0.4964
2026-06-19 19:58:05 INFO crypto_research.ml_cpcv: [ml] fold 16/21 → model.fit: X_train=(20820, 4) y_train=(20820,) days=('2022-01-11 00:00:00+00:00', '2024-04-01 00:00:00+00:00') dist={0: 10319, 1: 10501}
2026-06-19 19:58:05 INFO crypto_research.ml_cpcv: [ml] fold 16/21 → model.predict: X_test=(11048, 4) y_test=(11048,) days=('2022-12-25 00:00:00+00:00', '2023-08-13 00:00:00+00:00') dist={0: 5515, 1: 5533}
2026-06-19 19:58:05 INFO crypto_research.ml_cpcv: [ml] fold 16/21 train=20820 test=11048 acc=0.5022 auc=0.5028
2026-06-19 19:58:05 INFO crypto_research.ml_cpcv: [ml] fold 17/21 → model.fit: X_train=(20771, 4) y_train=(20771,) days=('2022-01-11 00:00:00+00:00', '2024-04-01 00:00:00+00:00') dist={0: 10571, 1: 10200}
2026-06-19 19:58:05 INFO crypto_research.ml_cpcv: [ml] fold 17/21 → model.predict: X_test=(11048, 4) y_test=(11048,) days=('2022-12-25 00:00:00+00:00', '2023-12-07 00:00:00+00:00') dist={0: 5236, 1: 5812}
2026-06-19 19:58:05 INFO crypto_research.ml_cpcv: [ml] fold 17/21 train=20771 test=11048 acc=0.5041 auc=0.5240
2026-06-19 19:58:05 INFO crypto_research.ml_cpcv: [ml] fold 18/21 → model.fit: X_train=(20820, 4) y_train=(20820,) days=('2022-01-11 00:00:00+00:00', '2023-12-07 00:00:00+00:00') dist={0: 10564, 1: 10256}
2026-06-19 19:58:05 INFO crypto_research.ml_cpcv: [ml] fold 18/21 → model.predict: X_test=(11048, 4) y_test=(11048,) days=('2022-12-25 00:00:00+00:00', '2024-04-01 00:00:00+00:00') dist={0: 5246, 1: 5802}
2026-06-19 19:58:05 INFO crypto_research.ml_cpcv: [ml] fold 18/21 train=20820 test=11048 acc=0.4858 auc=0.5186
2026-06-19 19:58:05 INFO crypto_research.ml_cpcv: [ml] fold 19/21 → model.fit: X_train=(20500, 4) y_train=(20500,) days=('2022-01-11 00:00:00+00:00', '2024-04-01 00:00:00+00:00') dist={0: 10163, 1: 10337}
2026-06-19 19:58:05 INFO crypto_research.ml_cpcv: [ml] fold 19/21 → model.predict: X_test=(11368, 4) y_test=(11368,) days=('2023-04-20 00:00:00+00:00', '2023-12-07 00:00:00+00:00') dist={0: 5689, 1: 5679}
2026-06-19 19:58:05 INFO crypto_research.ml_cpcv: [ml] fold 19/21 train=20500 test=11368 acc=0.5172 auc=0.5361
2026-06-19 19:58:05 INFO crypto_research.ml_cpcv: [ml] fold 20/21 → model.fit: X_train=(20500, 4) y_train=(20500,) days=('2022-01-11 00:00:00+00:00', '2023-12-07 00:00:00+00:00') dist={0: 10135, 1: 10365}
2026-06-19 19:58:05 INFO crypto_research.ml_cpcv: [ml] fold 20/21 → model.predict: X_test=(11368, 4) y_test=(11368,) days=('2023-04-20 00:00:00+00:00', '2024-04-01 00:00:00+00:00') dist={0: 5699, 1: 5669}
2026-06-19 19:58:05 INFO crypto_research.ml_cpcv: [ml] fold 20/21 train=20500 test=11368 acc=0.5295 auc=0.5367
2026-06-19 19:58:05 INFO crypto_research.ml_cpcv: [ml] fold 21/21 → model.fit: X_train=(20549, 4) y_train=(20549,) days=('2022-01-11 00:00:00+00:00', '2023-08-13 00:00:00+00:00') dist={0: 10435, 1: 10114}
2026-06-19 19:58:05 INFO crypto_research.ml_cpcv: [ml] fold 21/21 → model.predict: X_test=(11368, 4) y_test=(11368,) days=('2023-08-14 00:00:00+00:00', '2024-04-01 00:00:00+00:00') dist={0: 5420, 1: 5948}
2026-06-19 19:58:05 INFO crypto_research.ml_cpcv: [ml] fold 21/21 train=20549 test=11368 acc=0.4935 auc=0.5030
2026-06-19 19:58:05 INFO crypto_research.ml_cpcv: [ml] CPCV mean: folds=21 acc=0.5112 logloss=0.6945 auc=0.5258
2026-06-19 19:58:05 INFO crypto_research.ml_cpcv: [ml] OOS paths: rows=31917 cols=[time_ns, y_prob, y_true] folds_merged=21
2026-06-19 19:58:05 INFO crypto_research.ml_cpcv: [ml] OOS calibration: brier=0.2502 ece=0.0254
2026-06-19 19:58:05 INFO crypto_research.ml_cpcv: [ml] OOS weekday Пн: n=4562 base_up=0.4908 pred_up=0.4577 acc=0.4527 logloss=0.7030 auc=0.4299
2026-06-19 19:58:05 INFO crypto_research.ml_cpcv: [ml] OOS weekday Вт: n=4557 base_up=0.5177 pred_up=0.5354 acc=0.5218 logloss=0.6860 auc=0.5530
2026-06-19 19:58:05 INFO crypto_research.ml_cpcv: [ml] OOS weekday Ср: n=4557 base_up=0.4955 pred_up=0.4496 acc=0.5012 logloss=0.6953 auc=0.5097
2026-06-19 19:58:05 INFO crypto_research.ml_cpcv: [ml] OOS weekday Чт: n=4559 base_up=0.4587 pred_up=0.1639 acc=0.5166 logloss=0.6953 auc=0.4840
2026-06-19 19:58:05 INFO crypto_research.ml_cpcv: [ml] OOS weekday Пт: n=4560 base_up=0.5610 pred_up=0.9182 acc=0.5559 logloss=0.6875 auc=0.4944
2026-06-19 19:58:05 INFO crypto_research.ml_cpcv: [ml] OOS weekday Сб: n=4561 base_up=0.5227 pred_up=0.7628 acc=0.5122 logloss=0.6955 auc=0.4920
2026-06-19 19:58:05 INFO crypto_research.ml_cpcv: [ml] OOS weekday Вс: n=4561 base_up=0.4764 pred_up=0.2254 acc=0.5209 logloss=0.6928 auc=0.5014
2026-06-19 19:58:07 INFO crypto_research.ml_oos_paths: [ml] OOS plot saved: /home_admin/crypto_bot/crypto_research/research_outputs/combined/dow_ema_rsi_sp/ml/plots/direction_dow_ema_rsi_49pairs_20220101_20240401_oos_prob.png (weekdays=7 calendar_days=812 rows=31917)
2026-06-19 19:58:08 INFO crypto_research.ml_oos_paths: [ml] OOS calibration plot saved: /home_admin/crypto_bot/crypto_research/research_outputs/combined/dow_ema_rsi_sp/ml/plots/direction_dow_ema_rsi_49pairs_20220101_20240401_oos_calibration.png (brier=0.2502 ece=0.0254 rows=31917)
2026-06-19 19:58:08 INFO crypto_research.ml_learning_curve: [ml] early stopping (holdout): fit_rows=31917 eval_rows=38073 best_iteration=64 eval_logloss=0.6902
2026-06-19 19:58:08 INFO crypto_research.ml_learning_curve: [ml] learning curve saved: /home_admin/crypto_bot/crypto_research/research_outputs/combined/dow_ema_rsi_sp/ml/plots/direction_dow_ema_rsi_49pairs_20220101_20260531_learning_curve.png (best_iter=64)
2026-06-19 19:58:08 INFO crypto_research.ml_learning_curve: [ml] learning curve log saved: /home_admin/crypto_bot/crypto_research/research_outputs/combined/dow_ema_rsi_sp/ml/direction_dow_ema_rsi_49pairs_20220101_20260531_learning_curve.log (114 iterations)
2026-06-19 19:58:08 INFO crypto_research.ml_plot_registry: [ml] plot: oos_prob
2026-06-19 19:58:09 INFO crypto_research.ml_oos_paths: [ml] OOS plot saved: /home_admin/crypto_bot/crypto_research/research_outputs/combined/dow_ema_rsi_sp/ml/plots/direction_dow_ema_rsi_49pairs_20240401_20260531_oos_prob.png (weekdays=7 calendar_days=777 rows=38073)
2026-06-19 19:58:09 INFO crypto_research.ml_plot_registry: [ml] plot: oos_calibration
2026-06-19 19:58:10 INFO crypto_research.ml_oos_paths: [ml] OOS calibration plot saved: /home_admin/crypto_bot/crypto_research/research_outputs/combined/dow_ema_rsi_sp/ml/plots/direction_dow_ema_rsi_49pairs_20240401_20260531_oos_calibration.png (brier=0.2485 ece=0.0272 rows=38073)
2026-06-19 19:58:10 INFO crypto_research.ml_plot_registry: [ml] plot: weekday_pair_summary
2026-06-19 19:58:12 INFO crypto_research.ml_oos_paths: [ml] Weekday×pair summary plot saved: /home_admin/crypto_bot/crypto_research/research_outputs/combined/dow_ema_rsi_sp/ml/plots/direction_dow_ema_rsi_49pairs_20240401_20260531_weekday_pair_summary.png (pairs=49 rows=38073)
2026-06-19 19:58:13 INFO crypto_research.ml_oos_paths: [ml] Weekday×pair summary plot saved: /home_admin/crypto_bot/crypto_research/research_outputs/combined/dow_ema_rsi_sp/ml/plots/direction_dow_ema_rsi_49pairs_20220101_20240401_weekday_pair_summary.png (pairs=49 rows=31917)
2026-06-19 19:58:13 INFO crypto_research.ml_plot_registry: [ml] plot: roc_auc
2026-06-19 19:58:13 INFO crypto_research.ml_oos_paths: [ml] ROC AUC comparison plot saved: /home_admin/crypto_bot/crypto_research/research_outputs/combined/dow_ema_rsi_sp/ml/plots/direction_dow_ema_rsi_49pairs_20220101_20260531_roc_auc.png
2026-06-19 19:58:13 INFO crypto_research.ml_plot_registry: [ml] plot: learning_curve
2026-06-19 19:58:13 INFO crypto_research.ml_plot_registry: [ml] plot: correlation_matrix_heatmap
2026-06-19 19:58:14 INFO crypto_research.ml_feature_diagnostic_plots: [ml] feature corr pair_id vs weekday_enc: 0.0000
2026-06-19 19:58:14 INFO crypto_research.ml_feature_diagnostic_plots: [ml] feature corr pair_id vs ema_dev_pair_norm: 0.0156
2026-06-19 19:58:14 INFO crypto_research.ml_feature_diagnostic_plots: [ml] feature corr pair_id vs rsi_pair_norm: 0.0062
2026-06-19 19:58:14 INFO crypto_research.ml_feature_diagnostic_plots: [ml] feature corr weekday_enc vs ema_dev_pair_norm: 0.0172
2026-06-19 19:58:14 INFO crypto_research.ml_feature_diagnostic_plots: [ml] feature corr weekday_enc vs rsi_pair_norm: 0.0157
2026-06-19 19:58:14 INFO crypto_research.ml_feature_diagnostic_plots: [ml] feature corr ema_dev_pair_norm vs rsi_pair_norm: 0.8525
2026-06-19 19:58:14 INFO crypto_research.ml_feature_diagnostic_plots: [ml] correlation matrix heatmap saved: /home_admin/crypto_bot/crypto_research/research_outputs/combined/dow_ema_rsi_sp/ml/plots/direction_dow_ema_rsi_49pairs_20240401_20260531_correlation_matrix.png
2026-06-19 19:58:14 INFO crypto_research.ml_plot_registry: [ml] plot: shape_summary_plot
2026-06-19 19:58:14 INFO crypto_research.ml_shap_plots: [ml] SHAP subsample: 3000 / 38073 rows
2026-06-19 19:58:14 INFO crypto_research.ml_shap_plots: [ml] SHAP summary plot saved: /home_admin/crypto_bot/crypto_research/research_outputs/combined/dow_ema_rsi_sp/ml/plots/direction_dow_ema_rsi_49pairs_20240401_20260531_shape_summary.png
2026-06-19 19:58:14 INFO crypto_research.ml_plot_registry: [ml] plot: feature_prob_dependence
2026-06-19 19:58:15 INFO crypto_research.ml_feature_dependence_plot: [ml] feature P(up) dependence plot saved: /home_admin/crypto_bot/crypto_research/research_outputs/combined/dow_ema_rsi_sp/ml/plots/direction_dow_ema_rsi_49pairs_20240401_20260531_feature_prob_dependence.png (features=['weekday_enc', 'ema_dev_pair_norm', 'rsi_pair_norm'])
2026-06-19 19:58:18 INFO crypto_research.ml_research: [ml] policy saved: /home_admin/crypto_bot/crypto_research/research_outputs/combined/dow_ema_rsi_sp/ml/policies/direction_dow_ema_rsi_49pairs_20220101_20260531_policy.json (t_long=0.5133 t_short=0.4894)
2026-06-19 19:58:18 INFO crypto_research.ml_research: [ml] auto compare_prob_cdf: ['dow_ema_sp', 'dow_ema_rsi_sp']
2026-06-19 19:58:18 INFO crypto_research.ml_dataset: [ml] ema_dev_pair_norm: min=-4.918 max=15.840 mean=-0.087
2026-06-19 19:58:18 INFO crypto_research.ml_dataset: [ml] dataset studies=['day_of_week_ml', 'ema_spreads_ml'] features=['pair_id', 'weekday_enc', 'ema_dev_pair_norm'] rows=38122 pairs=49 up_rate=0.478
2026-06-19 19:58:18 INFO crypto_research.ml_model_compare_plot: [ml] compare plot saved: /home_admin/crypto_bot/crypto_research/research_outputs/combined/dow_ema_rsi_sp/ml/plots/direction_dow_ema_rsi_49pairs_20220101_20260531_compare_prob_cdf.png
2026-06-19 19:58:18 INFO crypto_research.ml_research: [ml] train/test metrics saved: /home_admin/crypto_bot/crypto_research/research_outputs/combined/dow_ema_rsi_sp/ml/metrics/direction_dow_ema_rsi_49pairs_20220101_20260531_train_test.json
2026-06-19 19:58:19 INFO crypto_research.ml_research: [ml] metrics summary saved: /home_admin/crypto_bot/crypto_research/research_outputs/combined/dow_ema_rsi_sp/ml/metrics/direction_dow_ema_rsi_49pairs_20220101_20260531_metrics_summary.json
2026-06-21 14:18:40 INFO crypto_research.ml_research: [ml] log file: /home_admin/crypto_bot/crypto_research/research_outputs/combined/dow_ema_rsi_sp/ml/direction_dow_ema_rsi_20220101_20260531.log
2026-06-21 14:18:40 INFO crypto_research.ml_dataset: [ml] pair filter: first_candle <= 2023-01-01 → 49 pairs
2026-06-21 14:18:59 INFO crypto_research.load: [1] Загрузка данных: пар=49 строк=46567998 ~1243.5 MB
2026-06-21 14:18:59 INFO crypto_research.load:   1000luncusdt: rows=656821 2022-12-31 .. 2024-04-01
2026-06-21 14:18:59 INFO crypto_research.load:   aaveusdt: rows=1182241 2022-01-01 .. 2024-04-01
2026-06-21 14:18:59 INFO crypto_research.load:   adausdt: rows=1182241 2022-01-01 .. 2024-04-01
2026-06-21 14:18:59 INFO crypto_research.load:   algousdt: rows=1182241 2022-01-01 .. 2024-04-01
2026-06-21 14:18:59 INFO crypto_research.load:   aliceusdt: rows=1182241 2022-01-01 .. 2024-04-01
2026-06-21 14:18:59 INFO crypto_research.load:   apeusdt: rows=656821 2022-12-31 .. 2024-04-01
2026-06-21 14:18:59 INFO crypto_research.load:   api3usdt: rows=1098270 2022-02-28 .. 2024-04-01
2026-06-21 14:18:59 INFO crypto_research.load:   aptusdt: rows=763033 2022-10-19 .. 2024-04-01
2026-06-21 14:18:59 INFO crypto_research.load:   atomusdt: rows=1182241 2022-01-01 .. 2024-04-01
2026-06-21 14:18:59 INFO crypto_research.load:   avaxusdt: rows=1182241 2022-01-01 .. 2024-04-01
2026-06-21 14:18:59 INFO crypto_research.load:   axsusdt: rows=656821 2022-12-31 .. 2024-04-01
2026-06-21 14:18:59 INFO crypto_research.load:   bchusdt: rows=1182241 2022-01-01 .. 2024-04-01
2026-06-21 14:18:59 INFO crypto_research.load:   bnbusdt: rows=1182241 2022-01-01 .. 2024-04-01
2026-06-21 14:18:59 INFO crypto_research.load:   btcusdt: rows=1182241 2022-01-01 .. 2024-04-01
2026-06-21 14:18:59 INFO crypto_research.load:   chzusdt: rows=656821 2022-12-31 .. 2024-04-01
2026-06-21 14:18:59 INFO crypto_research.load:   crvusdt: rows=1182241 2022-01-01 .. 2024-04-01
2026-06-21 14:18:59 INFO crypto_research.load:   dashusdt: rows=656821 2022-12-31 .. 2024-04-01
2026-06-21 14:18:59 INFO crypto_research.load:   dogeusdt: rows=1182241 2022-01-01 .. 2024-04-01
2026-06-21 14:18:59 INFO crypto_research.load:   dotusdt: rows=1182241 2022-01-01 .. 2024-04-01
2026-06-21 14:18:59 INFO crypto_research.load:   dydxusdt: rows=1182241 2022-01-01 .. 2024-04-01
2026-06-21 14:18:59 INFO crypto_research.load:   egldusdt: rows=656821 2022-12-31 .. 2024-04-01
2026-06-21 14:18:59 INFO crypto_research.load:   enjusdt: rows=1182241 2022-01-01 .. 2024-04-01
2026-06-21 14:18:59 INFO crypto_research.load:   etcusdt: rows=656821 2022-12-31 .. 2024-04-01
2026-06-21 14:18:59 INFO crypto_research.load:   ethusdt: rows=1182241 2022-01-01 .. 2024-04-01
2026-06-21 14:18:59 INFO crypto_research.load:   filusdt: rows=1182241 2022-01-01 .. 2024-04-01
2026-06-21 14:18:59 INFO crypto_research.load:   galausdt: rows=1182241 2022-01-01 .. 2024-04-01
2026-06-21 14:18:59 INFO crypto_research.load:   gmtusdt: rows=656821 2022-12-31 .. 2024-04-01
2026-06-21 14:18:59 INFO crypto_research.load:   hbarusdt: rows=656821 2022-12-31 .. 2024-04-01
2026-06-21 14:18:59 INFO crypto_research.load:   icpusdt: rows=656821 2022-12-31 .. 2024-04-01
2026-06-21 14:18:59 INFO crypto_research.load:   injusdt: rows=656821 2022-12-31 .. 2024-04-01
2026-06-21 14:18:59 INFO crypto_research.load:   ldousdt: rows=656821 2022-12-31 .. 2024-04-01
2026-06-21 14:18:59 INFO crypto_research.load:   linkusdt: rows=1182241 2022-01-01 .. 2024-04-01
2026-06-21 14:18:59 INFO crypto_research.load:   ltcusdt: rows=1182241 2022-01-01 .. 2024-04-01
2026-06-21 14:18:59 INFO crypto_research.load:   nearusdt: rows=1182241 2022-01-01 .. 2024-04-01
2026-06-21 14:18:59 INFO crypto_research.load:   ontusdt: rows=957048 2022-06-06 .. 2024-04-01
2026-06-21 14:18:59 INFO crypto_research.load:   opusdt: rows=656821 2022-12-31 .. 2024-04-01
2026-06-21 14:18:59 INFO crypto_research.load:   paxgusdt: rows=1076619 2022-03-15 .. 2024-04-01
2026-06-21 14:18:59 INFO crypto_research.load:   sandusdt: rows=656821 2022-12-31 .. 2024-04-01
2026-06-21 14:18:59 INFO crypto_research.load:   shib1000usdt: rows=656821 2022-12-31 .. 2024-04-01
2026-06-21 14:18:59 INFO crypto_research.load:   solusdt: rows=1182241 2022-01-01 .. 2024-04-01
2026-06-21 14:18:59 INFO crypto_research.load:   storjusdt: rows=656821 2022-12-31 .. 2024-04-01
2026-06-21 14:18:59 INFO crypto_research.load:   stxusdt: rows=656821 2022-12-31 .. 2024-04-01
2026-06-21 14:18:59 INFO crypto_research.load:   trxusdt: rows=656821 2022-12-31 .. 2024-04-01
2026-06-21 14:18:59 INFO crypto_research.load:   uniusdt: rows=1182241 2022-01-01 .. 2024-04-01
2026-06-21 14:18:59 INFO crypto_research.load:   xlmusdt: rows=656821 2022-12-31 .. 2024-04-01
2026-06-21 14:18:59 INFO crypto_research.load:   xmrusdt: rows=1162824 2022-01-14 .. 2024-04-01
2026-06-21 14:18:59 INFO crypto_research.load:   xrpusdt: rows=1182241 2022-01-01 .. 2024-04-01
2026-06-21 14:18:59 INFO crypto_research.load:   zecusdt: rows=1182241 2022-01-01 .. 2024-04-01
2026-06-21 14:18:59 INFO crypto_research.load:   zenusdt: rows=656821 2022-12-31 .. 2024-04-01
2026-06-21 14:19:01 INFO crypto_research.ml_dataset: [ml] pooled daily: pairs=49 rows=32407 period=2022-01-01..2024-04-01
2026-06-21 14:19:02 INFO crypto_research.ml_dataset: [ml] pair filter: first_candle <= 2023-01-01 → 49 pairs
2026-06-21 14:19:19 INFO crypto_research.load: [1] Загрузка данных: пар=49 строк=55515524 ~1482.4 MB
2026-06-21 14:19:19 INFO crypto_research.load:   1000luncusdt: rows=1133280 2024-04-01 .. 2026-05-27
2026-06-21 14:19:19 INFO crypto_research.load:   aaveusdt: rows=1132756 2024-04-01 .. 2026-05-27
2026-06-21 14:19:19 INFO crypto_research.load:   adausdt: rows=1132756 2024-04-01 .. 2026-05-27
2026-06-21 14:19:19 INFO crypto_research.load:   algousdt: rows=1132756 2024-04-01 .. 2026-05-27
2026-06-21 14:19:19 INFO crypto_research.load:   aliceusdt: rows=1132756 2024-04-01 .. 2026-05-27
2026-06-21 14:19:19 INFO crypto_research.load:   apeusdt: rows=1133280 2024-04-01 .. 2026-05-27
2026-06-21 14:19:19 INFO crypto_research.load:   api3usdt: rows=1132756 2024-04-01 .. 2026-05-27
2026-06-21 14:19:19 INFO crypto_research.load:   aptusdt: rows=1132756 2024-04-01 .. 2026-05-27
2026-06-21 14:19:19 INFO crypto_research.load:   atomusdt: rows=1132756 2024-04-01 .. 2026-05-27
2026-06-21 14:19:19 INFO crypto_research.load:   avaxusdt: rows=1132756 2024-04-01 .. 2026-05-27
2026-06-21 14:19:19 INFO crypto_research.load:   axsusdt: rows=1133280 2024-04-01 .. 2026-05-27
2026-06-21 14:19:19 INFO crypto_research.load:   bchusdt: rows=1132756 2024-04-01 .. 2026-05-27
2026-06-21 14:19:19 INFO crypto_research.load:   bnbusdt: rows=1132756 2024-04-01 .. 2026-05-27
2026-06-21 14:19:19 INFO crypto_research.load:   btcusdt: rows=1132756 2024-04-01 .. 2026-05-27
2026-06-21 14:19:19 INFO crypto_research.load:   chzusdt: rows=1133280 2024-04-01 .. 2026-05-27
2026-06-21 14:19:19 INFO crypto_research.load:   crvusdt: rows=1132756 2024-04-01 .. 2026-05-27
2026-06-21 14:19:19 INFO crypto_research.load:   dashusdt: rows=1133280 2024-04-01 .. 2026-05-27
2026-06-21 14:19:19 INFO crypto_research.load:   dogeusdt: rows=1132756 2024-04-01 .. 2026-05-27
2026-06-21 14:19:19 INFO crypto_research.load:   dotusdt: rows=1132756 2024-04-01 .. 2026-05-27
2026-06-21 14:19:19 INFO crypto_research.load:   dydxusdt: rows=1132756 2024-04-01 .. 2026-05-27
2026-06-21 14:19:19 INFO crypto_research.load:   egldusdt: rows=1133280 2024-04-01 .. 2026-05-27
2026-06-21 14:19:19 INFO crypto_research.load:   enjusdt: rows=1132756 2024-04-01 .. 2026-05-27
2026-06-21 14:19:19 INFO crypto_research.load:   etcusdt: rows=1133280 2024-04-01 .. 2026-05-27
2026-06-21 14:19:19 INFO crypto_research.load:   ethusdt: rows=1132756 2024-04-01 .. 2026-05-27
2026-06-21 14:19:19 INFO crypto_research.load:   filusdt: rows=1132756 2024-04-01 .. 2026-05-27
2026-06-21 14:19:19 INFO crypto_research.load:   galausdt: rows=1132756 2024-04-01 .. 2026-05-27
2026-06-21 14:19:19 INFO crypto_research.load:   gmtusdt: rows=1133280 2024-04-01 .. 2026-05-27
2026-06-21 14:19:19 INFO crypto_research.load:   hbarusdt: rows=1133280 2024-04-01 .. 2026-05-27
2026-06-21 14:19:19 INFO crypto_research.load:   icpusdt: rows=1133280 2024-04-01 .. 2026-05-27
2026-06-21 14:19:19 INFO crypto_research.load:   injusdt: rows=1133280 2024-04-01 .. 2026-05-27
2026-06-21 14:19:19 INFO crypto_research.load:   ldousdt: rows=1133280 2024-04-01 .. 2026-05-27
2026-06-21 14:19:19 INFO crypto_research.load:   linkusdt: rows=1132756 2024-04-01 .. 2026-05-27
2026-06-21 14:19:19 INFO crypto_research.load:   ltcusdt: rows=1132756 2024-04-01 .. 2026-05-27
2026-06-21 14:19:19 INFO crypto_research.load:   nearusdt: rows=1132756 2024-04-01 .. 2026-05-27
2026-06-21 14:19:19 INFO crypto_research.load:   ontusdt: rows=1132756 2024-04-01 .. 2026-05-27
2026-06-21 14:19:19 INFO crypto_research.load:   opusdt: rows=1133280 2024-04-01 .. 2026-05-27
2026-06-21 14:19:19 INFO crypto_research.load:   paxgusdt: rows=1132756 2024-04-01 .. 2026-05-27
2026-06-21 14:19:19 INFO crypto_research.load:   sandusdt: rows=1133280 2024-04-01 .. 2026-05-27
2026-06-21 14:19:19 INFO crypto_research.load:   shib1000usdt: rows=1133280 2024-04-01 .. 2026-05-27
2026-06-21 14:19:19 INFO crypto_research.load:   solusdt: rows=1132756 2024-04-01 .. 2026-05-27
2026-06-21 14:19:19 INFO crypto_research.load:   storjusdt: rows=1133280 2024-04-01 .. 2026-05-27
2026-06-21 14:19:19 INFO crypto_research.load:   stxusdt: rows=1133280 2024-04-01 .. 2026-05-27
2026-06-21 14:19:19 INFO crypto_research.load:   trxusdt: rows=1133280 2024-04-01 .. 2026-05-27
2026-06-21 14:19:19 INFO crypto_research.load:   uniusdt: rows=1132756 2024-04-01 .. 2026-05-27
2026-06-21 14:19:19 INFO crypto_research.load:   xlmusdt: rows=1133280 2024-04-01 .. 2026-05-27
2026-06-21 14:19:19 INFO crypto_research.load:   xmrusdt: rows=1132756 2024-04-01 .. 2026-05-27
2026-06-21 14:19:19 INFO crypto_research.load:   xrpusdt: rows=1132756 2024-04-01 .. 2026-05-27
2026-06-21 14:19:19 INFO crypto_research.load:   zecusdt: rows=1132756 2024-04-01 .. 2026-05-27
2026-06-21 14:19:19 INFO crypto_research.load:   zenusdt: rows=1133280 2024-04-01 .. 2026-05-27
2026-06-21 14:19:22 INFO crypto_research.ml_dataset: [ml] pooled daily: pairs=49 rows=38563 period=2024-04-01..2026-05-31
2026-06-21 14:19:22 INFO crypto_research.ml_ema_dev_norm: [ml] ema_dev_pair_norm bounds: pairs=49
2026-06-21 14:19:22 INFO crypto_research.ml_numeric_features: [ml] bounds ema_dev_pair_norm: pairs=49
2026-06-21 14:19:22 INFO crypto_research.ml_numeric_features: [ml] bounds rsi_pair_norm: pairs=49
2026-06-21 14:19:22 INFO crypto_research.ml_dataset: [ml] ema_dev_pair_norm: min=-4.914 max=8.584 mean=-0.014
2026-06-21 14:19:22 INFO crypto_research.ml_dataset: [ml] rsi_pair_norm: min=-2.053 max=2.062 mean=-0.082
2026-06-21 14:19:22 INFO crypto_research.ml_dataset: [ml] dataset studies=['day_of_week_ml', 'ema_spreads_ml', 'rsi_spreads_ml'] features=['pair_id', 'weekday_enc', 'ema_dev_pair_norm', 'rsi_pair_norm'] rows=31917 pairs=49 up_rate=0.503
2026-06-21 14:19:23 INFO crypto_research.ml_dataset: [ml] ema_dev_pair_norm: min=-4.918 max=15.840 mean=-0.087
2026-06-21 14:19:23 INFO crypto_research.ml_dataset: [ml] rsi_pair_norm: min=-1.864 max=2.022 mean=-0.170
2026-06-21 14:19:23 INFO crypto_research.ml_dataset: [ml] dataset studies=['day_of_week_ml', 'ema_spreads_ml', 'rsi_spreads_ml'] features=['pair_id', 'weekday_enc', 'ema_dev_pair_norm', 'rsi_pair_norm'] rows=38073 pairs=49 up_rate=0.478
2026-06-21 14:19:23 INFO crypto_research.ml_research: Dataset columns (9): ['day_utc', 'pair', 'weekday', 'return_pct', 'direction_up', 'ema_dev_pair_norm', 'rsi_pair_norm', 'pair_id', 'weekday_enc']
2026-06-21 14:19:23 INFO crypto_research.ml_research: Dataset head (50 rows):
shape: (50, 9)
┌─────────────────────┬───────────┬─────────┬─────────────────────┬──────────────┬──────────────────────┬──────────────────────┬─────────┬─────────────┐
│ day_utc             ┆ pair      ┆ weekday ┆ return_pct          ┆ direction_up ┆ ema_dev_pair_norm    ┆ rsi_pair_norm        ┆ pair_id ┆ weekday_enc │
│ ---                 ┆ ---       ┆ ---     ┆ ---                 ┆ ---          ┆ ---                  ┆ ---                  ┆ ---     ┆ ---         │
│ datetime[μs, UTC]   ┆ str       ┆ i64     ┆ f64                 ┆ i8           ┆ f64                  ┆ f64                  ┆ cat     ┆ cat         │
╞═════════════════════╪═══════════╪═════════╪═════════════════════╪══════════════╪══════════════════════╪══════════════════════╪═════════╪═════════════╡
│ 2022-01-11 00:00:00 ┆ aaveusdt  ┆ 1       ┆ 6.788570830975585   ┆ 1            ┆ -1.0230104369461848  ┆ -2.0308349872019544  ┆ 1       ┆ 1           │
│ UTC                 ┆           ┆         ┆                     ┆              ┆                      ┆                      ┆         ┆             │
│ 2022-01-11 00:00:00 ┆ adausdt   ┆ 1       ┆ 5.610469609646642   ┆ 1            ┆ -1                   ┆ -1.397337333734323   ┆ 2       ┆ 1           │
│ UTC                 ┆           ┆         ┆                     ┆              ┆                      ┆                      ┆         ┆             │
│ 2022-01-11 00:00:00 ┆ algousdt  ┆ 1       ┆ 6.162875219537939   ┆ 1            ┆ -0.8674341300673081  ┆ -1.1555181086904938  ┆ 3       ┆ 1           │
│ UTC                 ┆           ┆         ┆                     ┆              ┆                      ┆                      ┆         ┆             │
│ 2022-01-11 00:00:00 ┆ aliceusdt ┆ 1       ┆ 6.372554748620328   ┆ 1            ┆ -1.027279727767651   ┆ -1.1690872562617576  ┆ 4       ┆ 1           │
│ UTC                 ┆           ┆         ┆                     ┆              ┆                      ┆                      ┆         ┆             │
│ 2022-01-11 00:00:00 ┆ atomusdt  ┆ 1       ┆ 2.1658734326592084  ┆ 1            ┆ 0.13040448087863565  ┆ 0.16000480407343476  ┆ 8       ┆ 1           │
│ UTC                 ┆           ┆         ┆                     ┆              ┆                      ┆                      ┆         ┆             │
│ 2022-01-11 00:00:00 ┆ avaxusdt  ┆ 1       ┆ 6.079645709640859   ┆ 1            ┆ -0.9616868083200584  ┆ -1.4200766493461732  ┆ 9       ┆ 1           │
│ UTC                 ┆           ┆         ┆                     ┆              ┆                      ┆                      ┆         ┆             │
│ 2022-01-11 00:00:00 ┆ bchusdt   ┆ 1       ┆ 1.6503920235081473  ┆ 1            ┆ -1.0135060783051932  ┆ -1.702198467363062   ┆ 11      ┆ 1           │
│ UTC                 ┆           ┆         ┆                     ┆              ┆                      ┆                      ┆         ┆             │
│ 2022-01-11 00:00:00 ┆ bnbusdt   ┆ 1       ┆ 8.94643908181283    ┆ 1            ┆ -1.3330381459113234  ┆ -1.7621478216658728  ┆ 12      ┆ 1           │
│ UTC                 ┆           ┆         ┆                     ┆              ┆                      ┆                      ┆         ┆             │
│ 2022-01-11 00:00:00 ┆ btcusdt   ┆ 1       ┆ 2.1347078380253057  ┆ 1            ┆ -0.6319884518503163  ┆ -1.7582515118565332  ┆ 13      ┆ 1           │
│ UTC                 ┆           ┆         ┆                     ┆              ┆                      ┆                      ┆         ┆             │
│ 2022-01-11 00:00:00 ┆ crvusdt   ┆ 1       ┆ 6.604863120110692   ┆ 1            ┆ -1.1600089953543349  ┆ -1.3205400031884917  ┆ 15      ┆ 1           │
│ UTC                 ┆           ┆         ┆                     ┆              ┆                      ┆                      ┆         ┆             │
│ 2022-01-11 00:00:00 ┆ dogeusdt  ┆ 1       ┆ 7.4825083300613295  ┆ 1            ┆ -1.0166984201353448  ┆ -1.927608334982597   ┆ 17      ┆ 1           │
│ UTC                 ┆           ┆         ┆                     ┆              ┆                      ┆                      ┆         ┆             │
│ 2022-01-11 00:00:00 ┆ dotusdt   ┆ 1       ┆ 7.7669907602688255  ┆ 1            ┆ -1                   ┆ -1.123426555186431   ┆ 18      ┆ 1           │
│ UTC                 ┆           ┆         ┆                     ┆              ┆                      ┆                      ┆         ┆             │
│ 2022-01-11 00:00:00 ┆ dydxusdt  ┆ 1       ┆ 11.616958575351276  ┆ 1            ┆ -0.9971051695789355  ┆ -1.842971082482642   ┆ 19      ┆ 1           │
│ UTC                 ┆           ┆         ┆                     ┆              ┆                      ┆                      ┆         ┆             │
│ 2022-01-11 00:00:00 ┆ enjusdt   ┆ 1       ┆ 6.766748877945984   ┆ 1            ┆ -0.921898597589335   ┆ -0.8821390930325894  ┆ 21      ┆ 1           │
│ UTC                 ┆           ┆         ┆                     ┆              ┆                      ┆                      ┆         ┆             │
│ 2022-01-11 00:00:00 ┆ ethusdt   ┆ 1       ┆ 4.99675535366645    ┆ 1            ┆ -0.9713267847166703  ┆ -1.5061643629412935  ┆ 23      ┆ 1           │
│ UTC                 ┆           ┆         ┆                     ┆              ┆                      ┆                      ┆         ┆             │
│ 2022-01-11 00:00:00 ┆ filusdt   ┆ 1       ┆ 2.558639787916926   ┆ 1            ┆ -1.0101559418583597  ┆ -1.3131447629224229  ┆ 24      ┆ 1           │
│ UTC                 ┆           ┆         ┆                     ┆              ┆                      ┆                      ┆         ┆             │
│ 2022-01-11 00:00:00 ┆ galausdt  ┆ 1       ┆ 4.5285598312834034  ┆ 1            ┆ -1.3033013109448117  ┆ -1.4851751525926433  ┆ 25      ┆ 1           │
│ UTC                 ┆           ┆         ┆                     ┆              ┆                      ┆                      ┆         ┆             │
│ 2022-01-11 00:00:00 ┆ linkusdt  ┆ 1       ┆ -4.8351308490143445 ┆ 0            ┆ 1.166937952472205    ┆ 1.6377231109811534   ┆ 31      ┆ 1           │
│ UTC                 ┆           ┆         ┆                     ┆              ┆                      ┆                      ┆         ┆             │
│ 2022-01-11 00:00:00 ┆ ltcusdt   ┆ 1       ┆ 3.9121133296431494  ┆ 1            ┆ -0.7905404511078287  ┆ -1.8083178460921738  ┆ 32      ┆ 1           │
│ UTC                 ┆           ┆         ┆                     ┆              ┆                      ┆                      ┆         ┆             │
│ 2022-01-11 00:00:00 ┆ nearusdt  ┆ 1       ┆ 16.609594484794073  ┆ 1            ┆ 0.292810580312173    ┆ 0.048835974696927575 ┆ 33      ┆ 1           │
│ UTC                 ┆           ┆         ┆                     ┆              ┆                      ┆                      ┆         ┆             │
│ 2022-01-11 00:00:00 ┆ solusdt   ┆ 1       ┆ 3.238861758409968   ┆ 1            ┆ -0.7819217979769039  ┆ -1.6348706445915702  ┆ 39      ┆ 1           │
│ UTC                 ┆           ┆         ┆                     ┆              ┆                      ┆                      ┆         ┆             │
│ 2022-01-11 00:00:00 ┆ uniusdt   ┆ 1       ┆ 5.5257761549487565  ┆ 1            ┆ -0.7360077620792981  ┆ -0.8530792711270476  ┆ 43      ┆ 1           │
│ UTC                 ┆           ┆         ┆                     ┆              ┆                      ┆                      ┆         ┆             │
│ 2022-01-11 00:00:00 ┆ xrpusdt   ┆ 1       ┆ 4.099028860356283   ┆ 1            ┆ -0.7226242374373969  ┆ -1.5583462689840615  ┆ 46      ┆ 1           │
│ UTC                 ┆           ┆         ┆                     ┆              ┆                      ┆                      ┆         ┆             │
│ 2022-01-11 00:00:00 ┆ zecusdt   ┆ 1       ┆ 0.14174127540112447 ┆ 1            ┆ -0.15228242430131114 ┆ -0.657407839384771   ┆ 47      ┆ 1           │
│ UTC                 ┆           ┆         ┆                     ┆              ┆                      ┆                      ┆         ┆             │
│ 2022-01-12 00:00:00 ┆ aaveusdt  ┆ 2       ┆ 2.4396023250916063  ┆ 1            ┆ -0.37655109630048034 ┆ -1.306695141519008   ┆ 1       ┆ 2           │
│ UTC                 ┆           ┆         ┆                     ┆              ┆                      ┆                      ┆         ┆             │
│ 2022-01-12 00:00:00 ┆ adausdt   ┆ 2       ┆ 10.607978448037555  ┆ 1            ┆ -0.320385133667936   ┆ -0.8673955767137441  ┆ 2       ┆ 2           │
│ UTC                 ┆           ┆         ┆                     ┆              ┆                      ┆                      ┆         ┆             │
│ 2022-01-12 00:00:00 ┆ algousdt  ┆ 2       ┆ 3.662748605325483   ┆ 1            ┆ -0.2844536684584358  ┆ -0.7597016316217354  ┆ 3       ┆ 2           │
│ UTC                 ┆           ┆         ┆                     ┆              ┆                      ┆                      ┆         ┆             │
│ 2022-01-12 00:00:00 ┆ aliceusdt ┆ 2       ┆ 5.9907796836614065  ┆ 1            ┆ -0.45122532172717783 ┆ -0.791490191507975   ┆ 4       ┆ 2           │
│ UTC                 ┆           ┆         ┆                     ┆              ┆                      ┆                      ┆         ┆             │
│ 2022-01-12 00:00:00 ┆ atomusdt  ┆ 2       ┆ 4.084793184828393   ┆ 1            ┆ 0.30966920090098315  ┆ 0.2481282040479178   ┆ 8       ┆ 2           │
│ UTC                 ┆           ┆         ┆                     ┆              ┆                      ┆                      ┆         ┆             │
│ 2022-01-12 00:00:00 ┆ avaxusdt  ┆ 2       ┆ 7.323204277438567   ┆ 1            ┆ -0.3617231716695066  ┆ -1.0177587961708219  ┆ 9       ┆ 2           │
│ UTC                 ┆           ┆         ┆                     ┆              ┆                      ┆                      ┆         ┆             │
│ 2022-01-12 00:00:00 ┆ bchusdt   ┆ 2       ┆ 3.8019263359895037  ┆ 1            ┆ -0.6611329111727483  ┆ -1.4603110831320198  ┆ 11      ┆ 2           │
│ UTC                 ┆           ┆         ┆                     ┆              ┆                      ┆                      ┆         ┆             │
│ 2022-01-12 00:00:00 ┆ bnbusdt   ┆ 2       ┆ 5.348460291734198   ┆ 1            ┆ 0.014108014896094248 ┆ -0.8408825481626779  ┆ 12      ┆ 2           │
│ UTC                 ┆           ┆         ┆                     ┆              ┆                      ┆                      ┆         ┆             │
│ 2022-01-12 00:00:00 ┆ btcusdt   ┆ 2       ┆ 2.7821036731730735  ┆ 1            ┆ -0.21801804762191915 ┆ -1.3085421773560837  ┆ 13      ┆ 2           │
│ UTC                 ┆           ┆         ┆                     ┆              ┆                      ┆                      ┆         ┆             │
│ 2022-01-12 00:00:00 ┆ crvusdt   ┆ 2       ┆ 6.543480967303586   ┆ 1            ┆ -0.6057027461305695  ┆ -0.9729826603218545  ┆ 15      ┆ 2           │
│ UTC                 ┆           ┆         ┆                     ┆              ┆                      ┆                      ┆         ┆             │
│ 2022-01-12 00:00:00 ┆ dogeusdt  ┆ 2       ┆ 5.790502269009695   ┆ 1            ┆ -0.1672654696116402  ┆ -0.8820958396160115  ┆ 17      ┆ 2           │
│ UTC                 ┆           ┆         ┆                     ┆              ┆                      ┆                      ┆         ┆             │
│ 2022-01-12 00:00:00 ┆ dotusdt   ┆ 2       ┆ 6.952603097495247   ┆ 1            ┆ -0.1095543200708026  ┆ -0.5377336176970129  ┆ 18      ┆ 2           │
│ UTC                 ┆           ┆         ┆                     ┆              ┆                      ┆                      ┆         ┆             │
│ 2022-01-12 00:00:00 ┆ dydxusdt  ┆ 2       ┆ 9.07172951919055    ┆ 1            ┆ -0.14912955058917873 ┆ -0.8706611737833426  ┆ 19      ┆ 2           │
│ UTC                 ┆           ┆         ┆                     ┆              ┆                      ┆                      ┆         ┆             │
│ 2022-01-12 00:00:00 ┆ enjusdt   ┆ 2       ┆ 9.17152872771021    ┆ 1            ┆ -0.3067761700692503  ┆ -0.5388349781357886  ┆ 21      ┆ 2           │
│ UTC                 ┆           ┆         ┆                     ┆              ┆                      ┆                      ┆         ┆             │
│ 2022-01-12 00:00:00 ┆ ethusdt   ┆ 2       ┆ 4.1270101615613415  ┆ 1            ┆ -0.31954776203334767 ┆ -1.0193781729503903  ┆ 23      ┆ 2           │
│ UTC                 ┆           ┆         ┆                     ┆              ┆                      ┆                      ┆         ┆             │
│ 2022-01-12 00:00:00 ┆ filusdt   ┆ 2       ┆ 6.4795526414993585  ┆ 1            ┆ -0.6571245120546244  ┆ -1.0984854895667544  ┆ 24      ┆ 2           │
│ UTC                 ┆           ┆         ┆                     ┆              ┆                      ┆                      ┆         ┆             │
│ 2022-01-12 00:00:00 ┆ galausdt  ┆ 2       ┆ 12.058270556129708  ┆ 1            ┆ -0.8063315682268392  ┆ -1.2275105467659482  ┆ 25      ┆ 2           │
│ UTC                 ┆           ┆         ┆                     ┆              ┆                      ┆                      ┆         ┆             │
│ 2022-01-12 00:00:00 ┆ linkusdt  ┆ 2       ┆ 0.544902469331899   ┆ 1            ┆ 0.4435130882443634   ┆ 1.0904229666528917   ┆ 31      ┆ 2           │
│ UTC                 ┆           ┆         ┆                     ┆              ┆                      ┆                      ┆         ┆             │
│ 2022-01-12 00:00:00 ┆ ltcusdt   ┆ 2       ┆ 7.909955501386672   ┆ 1            ┆ -0.2825638478929974  ┆ -1.1715444501975072  ┆ 32      ┆ 2           │
│ UTC                 ┆           ┆         ┆                     ┆              ┆                      ┆                      ┆         ┆             │
│ 2022-01-12 00:00:00 ┆ nearusdt  ┆ 2       ┆ -2.648192541410601  ┆ 0            ┆ 1.2731978291348753   ┆ 0.5002158957621297   ┆ 33      ┆ 2           │
│ UTC                 ┆           ┆         ┆                     ┆              ┆                      ┆                      ┆         ┆             │
│ 2022-01-12 00:00:00 ┆ solusdt   ┆ 2       ┆ 7.967916614444073   ┆ 1            ┆ -0.4394124430115105  ┆ -1.3546955595969155  ┆ 39      ┆ 2           │
│ UTC                 ┆           ┆         ┆                     ┆              ┆                      ┆                      ┆         ┆             │
│ 2022-01-12 00:00:00 ┆ uniusdt   ┆ 2       ┆ 2.050674877380246   ┆ 1            ┆ -0.17071827681836452 ┆ -0.4564481937876861  ┆ 43      ┆ 2           │
│ UTC                 ┆           ┆         ┆                     ┆              ┆                      ┆                      ┆         ┆             │
│ 2022-01-12 00:00:00 ┆ xrpusdt   ┆ 2       ┆ 3.7556812249168634  ┆ 1            ┆ -0.1164821264279773  ┆ -0.895764043172548   ┆ 46      ┆ 2           │
│ UTC                 ┆           ┆         ┆                     ┆              ┆                      ┆                      ┆         ┆             │
│ 2022-01-12 00:00:00 ┆ zecusdt   ┆ 2       ┆ 2.2292949953656693  ┆ 1            ┆ -0.11183778614330515 ┆ -0.6348166481588624  ┆ 47      ┆ 2           │
│ UTC                 ┆           ┆         ┆                     ┆              ┆                      ┆                      ┆         ┆             │
│ 2022-01-13 00:00:00 ┆ aaveusdt  ┆ 3       ┆ -4.282118544609961  ┆ 0            ┆ -0.12891649404416425 ┆ -1.0668205979331093  ┆ 1       ┆ 3           │
│ UTC                 ┆           ┆         ┆                     ┆              ┆                      ┆                      ┆         ┆             │
│ 2022-01-13 00:00:00 ┆ adausdt   ┆ 3       ┆ -6.137074598369567  ┆ 0            ┆ 0.7087859299928528   ┆ -0.14372469373572572 ┆ 2       ┆ 3           │
│ UTC                 ┆           ┆         ┆                     ┆              ┆                      ┆                      ┆         ┆             │
└─────────────────────┴───────────┴─────────┴─────────────────────┴──────────────┴──────────────────────┴──────────────────────┴─────────┴─────────────┘
2026-06-21 14:19:23 INFO crypto_research.ml_cpcv: [ml] X: shape=(31917, 4) columns=['pair_id', 'weekday_enc', 'ema_dev_pair_norm', 'rsi_pair_norm'] dtypes={'pair_id': 'category', 'weekday_enc': 'category', 'ema_dev_pair_norm': 'float64', 'rsi_pair_norm': 'float64'}
2026-06-21 14:19:23 INFO crypto_research.ml_cpcv: [ml] X head (3 rows):
  pair_id weekday_enc  ema_dev_pair_norm  rsi_pair_norm
0       1           1          -1.023010      -2.030835
1       2           1          -1.000000      -1.397337
2       3           1          -0.867434      -1.155518
2026-06-21 14:19:23 INFO crypto_research.ml_cpcv: [ml] y (direction_up): shape=(31917,) dtype=int8 distribution={0: 15855, 1: 16062}
2026-06-21 14:19:23 INFO crypto_research.ml_cpcv: [ml] y head (3 values): [1, 1, 1]
2026-06-21 14:19:23 INFO crypto_research.ml_cpcv: [ml] CV: CombinatorialPurgedCV n_splits=7 n_test_groups=2 embargo_days=1 n_folds=C(7,2)=21 n_days=812
2026-06-21 14:19:23 INFO crypto_research.ml_cpcv: [ml] CV time range: 2022-01-11 00:00:00+00:00 .. 2024-04-01 00:00:00+00:00 (prediction_times=evaluation_times, purge=None)
2026-06-21 14:19:23 INFO crypto_research.ml_cpcv: [ml] CV day splits:
  fold1: train_days=579 test_days=232
  fold2: train_days=578 test_days=232
  fold3: train_days=578 test_days=232
  fold4: train_days=578 test_days=232
  fold5: train_days=578 test_days=232
  fold6: train_days=579 test_days=232
  fold7: train_days=579 test_days=232
  fold8: train_days=578 test_days=232
  fold9: train_days=578 test_days=232
  fold10: train_days=578 test_days=232
  fold11: train_days=579 test_days=232
  fold12: train_days=579 test_days=232
  fold13: train_days=578 test_days=232
  fold14: train_days=578 test_days=232
  fold15: train_days=579 test_days=232
  fold16: train_days=579 test_days=232
  fold17: train_days=578 test_days=232
  fold18: train_days=579 test_days=232
  fold19: train_days=579 test_days=232
  fold20: train_days=579 test_days=232
  fold21: train_days=580 test_days=232
2026-06-21 14:19:23 INFO crypto_research.ml_cpcv: [ml] fold 1/21 → model.fit: X_train=(25693, 4) y_train=(25693,) days=('2022-09-01 00:00:00+00:00', '2024-04-01 00:00:00+00:00') dist={0: 12646, 1: 13047}
2026-06-21 14:19:23 INFO crypto_research.ml_cpcv: [ml] fold 1/21 → model.predict: X_test=(6196, 4) y_test=(6196,) days=('2022-01-11 00:00:00+00:00', '2022-08-30 00:00:00+00:00') dist={0: 3197, 1: 2999}
2026-06-21 14:19:23 INFO crypto_research.ml_cpcv: [ml] fold 1 X_train head:
     pair_id weekday_enc  ema_dev_pair_norm  rsi_pair_norm
6224       1           3          -0.098971      -0.325285
6225       2           3          -0.187874      -0.405108
6226       3           3          -0.236484      -0.533941
2026-06-21 14:19:23 INFO crypto_research.ml_cpcv: [ml] fold 1 y_train head: [1, 1, 1]
2026-06-21 14:19:23 INFO crypto_research.ml_cpcv: [ml] fold 1 X_test head:
  pair_id weekday_enc  ema_dev_pair_norm  rsi_pair_norm
0       1           1          -1.023010      -2.030835
1       2           1          -1.000000      -1.397337
2       3           1          -0.867434      -1.155518
2026-06-21 14:19:23 INFO crypto_research.ml_cpcv: [ml] fold 1 y_test head: [1, 1, 1]
2026-06-21 14:19:23 INFO crypto_research.ml_cpcv: [ml] fold 1/21 train=25693 test=6196 acc=0.5313 auc=0.5550
2026-06-21 14:19:23 INFO crypto_research.ml_cpcv: [ml] fold 2/21 → model.fit: X_train=(25568, 4) y_train=(25568,) days=('2022-05-08 00:00:00+00:00', '2024-04-01 00:00:00+00:00') dist={0: 12559, 1: 13009}
2026-06-21 14:19:23 INFO crypto_research.ml_cpcv: [ml] fold 2/21 → model.predict: X_test=(6293, 4) y_test=(6293,) days=('2022-01-11 00:00:00+00:00', '2022-12-24 00:00:00+00:00') dist={0: 3251, 1: 3042}
2026-06-21 14:19:24 INFO crypto_research.ml_cpcv: [ml] fold 2/21 train=25568 test=6293 acc=0.5369 auc=0.5615
2026-06-21 14:19:24 INFO crypto_research.ml_cpcv: [ml] fold 3/21 → model.fit: X_train=(23489, 4) y_train=(23489,) days=('2022-05-08 00:00:00+00:00', '2024-04-01 00:00:00+00:00') dist={0: 11726, 1: 11763}
2026-06-21 14:19:24 INFO crypto_research.ml_cpcv: [ml] fold 3/21 → model.predict: X_test=(8352, 4) y_test=(8352,) days=('2022-01-11 00:00:00+00:00', '2023-04-19 00:00:00+00:00') dist={0: 4059, 1: 4293}
2026-06-21 14:19:24 INFO crypto_research.ml_cpcv: [ml] fold 3/21 train=23489 test=8352 acc=0.5148 auc=0.5235
2026-06-21 14:19:24 INFO crypto_research.ml_cpcv: [ml] fold 4/21 → model.fit: X_train=(23169, 4) y_train=(23169,) days=('2022-05-08 00:00:00+00:00', '2024-04-01 00:00:00+00:00') dist={0: 11297, 1: 11872}
2026-06-21 14:19:24 INFO crypto_research.ml_cpcv: [ml] fold 4/21 → model.predict: X_test=(8672, 4) y_test=(8672,) days=('2022-01-11 00:00:00+00:00', '2023-08-13 00:00:00+00:00') dist={0: 4512, 1: 4160}
2026-06-21 14:19:24 INFO crypto_research.ml_cpcv: [ml] fold 4/21 train=23169 test=8672 acc=0.5233 auc=0.5573
2026-06-21 14:19:24 INFO crypto_research.ml_cpcv: [ml] fold 5/21 → model.fit: X_train=(23169, 4) y_train=(23169,) days=('2022-05-08 00:00:00+00:00', '2024-04-01 00:00:00+00:00') dist={0: 11594, 1: 11575}
2026-06-21 14:19:24 INFO crypto_research.ml_cpcv: [ml] fold 5/21 → model.predict: X_test=(8672, 4) y_test=(8672,) days=('2022-01-11 00:00:00+00:00', '2023-12-07 00:00:00+00:00') dist={0: 4233, 1: 4439}
2026-06-21 14:19:24 INFO crypto_research.ml_cpcv: [ml] fold 5/21 train=23169 test=8672 acc=0.5304 auc=0.5427
2026-06-21 14:19:24 INFO crypto_research.ml_cpcv: [ml] fold 6/21 → model.fit: X_train=(23218, 4) y_train=(23218,) days=('2022-05-08 00:00:00+00:00', '2023-12-07 00:00:00+00:00') dist={0: 11587, 1: 11631}
2026-06-21 14:19:24 INFO crypto_research.ml_cpcv: [ml] fold 6/21 → model.predict: X_test=(8672, 4) y_test=(8672,) days=('2022-01-11 00:00:00+00:00', '2024-04-01 00:00:00+00:00') dist={0: 4243, 1: 4429}
2026-06-21 14:19:24 INFO crypto_research.ml_cpcv: [ml] fold 6/21 train=23218 test=8672 acc=0.5121 auc=0.5135
2026-06-21 14:19:24 INFO crypto_research.ml_cpcv: [ml] fold 7/21 → model.fit: X_train=(25375, 4) y_train=(25375,) days=('2022-01-11 00:00:00+00:00', '2024-04-01 00:00:00+00:00') dist={0: 12443, 1: 12932}
2026-06-21 14:19:24 INFO crypto_research.ml_cpcv: [ml] fold 7/21 → model.predict: X_test=(6513, 4) y_test=(6513,) days=('2022-05-07 00:00:00+00:00', '2022-12-24 00:00:00+00:00') dist={0: 3392, 1: 3121}
2026-06-21 14:19:24 INFO crypto_research.ml_cpcv: [ml] fold 7/21 train=25375 test=6513 acc=0.5010 auc=0.5251
2026-06-21 14:19:24 INFO crypto_research.ml_cpcv: [ml] fold 8/21 → model.fit: X_train=(23268, 4) y_train=(23268,) days=('2022-01-11 00:00:00+00:00', '2024-04-01 00:00:00+00:00') dist={0: 11598, 1: 11670}
2026-06-21 14:19:24 INFO crypto_research.ml_cpcv: [ml] fold 8/21 → model.predict: X_test=(8572, 4) y_test=(8572,) days=('2022-05-07 00:00:00+00:00', '2023-04-19 00:00:00+00:00') dist={0: 4200, 1: 4372}
2026-06-21 14:19:24 INFO crypto_research.ml_cpcv: [ml] fold 8/21 train=23268 test=8572 acc=0.5057 auc=0.5105
2026-06-21 14:19:24 INFO crypto_research.ml_cpcv: [ml] fold 9/21 → model.fit: X_train=(22948, 4) y_train=(22948,) days=('2022-01-11 00:00:00+00:00', '2024-04-01 00:00:00+00:00') dist={0: 11169, 1: 11779}
2026-06-21 14:19:24 INFO crypto_research.ml_cpcv: [ml] fold 9/21 → model.predict: X_test=(8892, 4) y_test=(8892,) days=('2022-05-07 00:00:00+00:00', '2023-08-13 00:00:00+00:00') dist={0: 4653, 1: 4239}
2026-06-21 14:19:24 INFO crypto_research.ml_cpcv: [ml] fold 9/21 train=22948 test=8892 acc=0.5213 auc=0.5567
2026-06-21 14:19:24 INFO crypto_research.ml_cpcv: [ml] fold 10/21 → model.fit: X_train=(22948, 4) y_train=(22948,) days=('2022-01-11 00:00:00+00:00', '2024-04-01 00:00:00+00:00') dist={0: 11466, 1: 11482}
2026-06-21 14:19:24 INFO crypto_research.ml_cpcv: [ml] fold 10/21 → model.predict: X_test=(8892, 4) y_test=(8892,) days=('2022-05-07 00:00:00+00:00', '2023-12-07 00:00:00+00:00') dist={0: 4374, 1: 4518}
2026-06-21 14:19:24 INFO crypto_research.ml_cpcv: [ml] fold 10/21 train=22948 test=8892 acc=0.5173 auc=0.5314
2026-06-21 14:19:24 INFO crypto_research.ml_cpcv: [ml] fold 11/21 → model.fit: X_train=(22997, 4) y_train=(22997,) days=('2022-01-11 00:00:00+00:00', '2023-12-07 00:00:00+00:00') dist={0: 11459, 1: 11538}
2026-06-21 14:19:24 INFO crypto_research.ml_cpcv: [ml] fold 11/21 → model.predict: X_test=(8892, 4) y_test=(8892,) days=('2022-05-07 00:00:00+00:00', '2024-04-01 00:00:00+00:00') dist={0: 4384, 1: 4508}
2026-06-21 14:19:24 INFO crypto_research.ml_cpcv: [ml] fold 11/21 train=22997 test=8892 acc=0.4898 auc=0.4836
2026-06-21 14:19:24 INFO crypto_research.ml_cpcv: [ml] fold 12/21 → model.fit: X_train=(23199, 4) y_train=(23199,) days=('2022-01-11 00:00:00+00:00', '2024-04-01 00:00:00+00:00') dist={0: 11556, 1: 11643}
2026-06-21 14:19:24 INFO crypto_research.ml_cpcv: [ml] fold 12/21 → model.predict: X_test=(8669, 4) y_test=(8669,) days=('2022-08-31 00:00:00+00:00', '2023-04-19 00:00:00+00:00') dist={0: 4254, 1: 4415}
2026-06-21 14:19:25 INFO crypto_research.ml_cpcv: [ml] fold 12/21 train=23199 test=8669 acc=0.4986 auc=0.5056
2026-06-21 14:19:25 INFO crypto_research.ml_cpcv: [ml] fold 13/21 → model.fit: X_train=(22850, 4) y_train=(22850,) days=('2022-01-11 00:00:00+00:00', '2024-04-01 00:00:00+00:00') dist={0: 11107, 1: 11743}
2026-06-21 14:19:25 INFO crypto_research.ml_cpcv: [ml] fold 13/21 → model.predict: X_test=(8989, 4) y_test=(8989,) days=('2022-08-31 00:00:00+00:00', '2023-08-13 00:00:00+00:00') dist={0: 4707, 1: 4282}
2026-06-21 14:19:25 INFO crypto_research.ml_cpcv: [ml] fold 13/21 train=22850 test=8989 acc=0.5073 auc=0.5173
2026-06-21 14:19:25 INFO crypto_research.ml_cpcv: [ml] fold 14/21 → model.fit: X_train=(22850, 4) y_train=(22850,) days=('2022-01-11 00:00:00+00:00', '2024-04-01 00:00:00+00:00') dist={0: 11404, 1: 11446}
2026-06-21 14:19:25 INFO crypto_research.ml_cpcv: [ml] fold 14/21 → model.predict: X_test=(8989, 4) y_test=(8989,) days=('2022-08-31 00:00:00+00:00', '2023-12-07 00:00:00+00:00') dist={0: 4428, 1: 4561}
2026-06-21 14:19:25 INFO crypto_research.ml_cpcv: [ml] fold 14/21 train=22850 test=8989 acc=0.5322 auc=0.5463
2026-06-21 14:19:25 INFO crypto_research.ml_cpcv: [ml] fold 15/21 → model.fit: X_train=(22899, 4) y_train=(22899,) days=('2022-01-11 00:00:00+00:00', '2023-12-07 00:00:00+00:00') dist={0: 11397, 1: 11502}
2026-06-21 14:19:25 INFO crypto_research.ml_cpcv: [ml] fold 15/21 → model.predict: X_test=(8989, 4) y_test=(8989,) days=('2022-08-31 00:00:00+00:00', '2024-04-01 00:00:00+00:00') dist={0: 4438, 1: 4551}
2026-06-21 14:19:25 INFO crypto_research.ml_cpcv: [ml] fold 15/21 train=22899 test=8989 acc=0.4897 auc=0.4983
2026-06-21 14:19:25 INFO crypto_research.ml_cpcv: [ml] fold 16/21 → model.fit: X_train=(20820, 4) y_train=(20820,) days=('2022-01-11 00:00:00+00:00', '2024-04-01 00:00:00+00:00') dist={0: 10319, 1: 10501}
2026-06-21 14:19:25 INFO crypto_research.ml_cpcv: [ml] fold 16/21 → model.predict: X_test=(11048, 4) y_test=(11048,) days=('2022-12-25 00:00:00+00:00', '2023-08-13 00:00:00+00:00') dist={0: 5515, 1: 5533}
2026-06-21 14:19:25 INFO crypto_research.ml_cpcv: [ml] fold 16/21 train=20820 test=11048 acc=0.5019 auc=0.5026
2026-06-21 14:19:25 INFO crypto_research.ml_cpcv: [ml] fold 17/21 → model.fit: X_train=(20771, 4) y_train=(20771,) days=('2022-01-11 00:00:00+00:00', '2024-04-01 00:00:00+00:00') dist={0: 10571, 1: 10200}
2026-06-21 14:19:25 INFO crypto_research.ml_cpcv: [ml] fold 17/21 → model.predict: X_test=(11048, 4) y_test=(11048,) days=('2022-12-25 00:00:00+00:00', '2023-12-07 00:00:00+00:00') dist={0: 5236, 1: 5812}
2026-06-21 14:19:25 INFO crypto_research.ml_cpcv: [ml] fold 17/21 train=20771 test=11048 acc=0.5039 auc=0.5238
2026-06-21 14:19:25 INFO crypto_research.ml_cpcv: [ml] fold 18/21 → model.fit: X_train=(20820, 4) y_train=(20820,) days=('2022-01-11 00:00:00+00:00', '2023-12-07 00:00:00+00:00') dist={0: 10564, 1: 10256}
2026-06-21 14:19:25 INFO crypto_research.ml_cpcv: [ml] fold 18/21 → model.predict: X_test=(11048, 4) y_test=(11048,) days=('2022-12-25 00:00:00+00:00', '2024-04-01 00:00:00+00:00') dist={0: 5246, 1: 5802}
2026-06-21 14:19:25 INFO crypto_research.ml_cpcv: [ml] fold 18/21 train=20820 test=11048 acc=0.4852 auc=0.5193
2026-06-21 14:19:25 INFO crypto_research.ml_cpcv: [ml] fold 19/21 → model.fit: X_train=(20500, 4) y_train=(20500,) days=('2022-01-11 00:00:00+00:00', '2024-04-01 00:00:00+00:00') dist={0: 10163, 1: 10337}
2026-06-21 14:19:25 INFO crypto_research.ml_cpcv: [ml] fold 19/21 → model.predict: X_test=(11368, 4) y_test=(11368,) days=('2023-04-20 00:00:00+00:00', '2023-12-07 00:00:00+00:00') dist={0: 5689, 1: 5679}
2026-06-21 14:19:25 INFO crypto_research.ml_cpcv: [ml] fold 19/21 train=20500 test=11368 acc=0.5169 auc=0.5363
2026-06-21 14:19:25 INFO crypto_research.ml_cpcv: [ml] fold 20/21 → model.fit: X_train=(20500, 4) y_train=(20500,) days=('2022-01-11 00:00:00+00:00', '2023-12-07 00:00:00+00:00') dist={0: 10135, 1: 10365}
2026-06-21 14:19:25 INFO crypto_research.ml_cpcv: [ml] fold 20/21 → model.predict: X_test=(11368, 4) y_test=(11368,) days=('2023-04-20 00:00:00+00:00', '2024-04-01 00:00:00+00:00') dist={0: 5699, 1: 5669}
2026-06-21 14:19:25 INFO crypto_research.ml_cpcv: [ml] fold 20/21 train=20500 test=11368 acc=0.5312 auc=0.5397
2026-06-21 14:19:25 INFO crypto_research.ml_cpcv: [ml] fold 21/21 → model.fit: X_train=(20549, 4) y_train=(20549,) days=('2022-01-11 00:00:00+00:00', '2023-08-13 00:00:00+00:00') dist={0: 10435, 1: 10114}
2026-06-21 14:19:25 INFO crypto_research.ml_cpcv: [ml] fold 21/21 → model.predict: X_test=(11368, 4) y_test=(11368,) days=('2023-08-14 00:00:00+00:00', '2024-04-01 00:00:00+00:00') dist={0: 5420, 1: 5948}
2026-06-21 14:19:25 INFO crypto_research.ml_cpcv: [ml] fold 21/21 train=20549 test=11368 acc=0.4929 auc=0.5026
2026-06-21 14:19:25 INFO crypto_research.ml_cpcv: [ml] CPCV mean: folds=21 acc=0.5116 logloss=0.6944 auc=0.5263
2026-06-21 14:19:25 INFO crypto_research.ml_cpcv: [ml] OOS paths: rows=31917 cols=[time_ns, y_prob, y_true] folds_merged=21
2026-06-21 14:19:25 INFO crypto_research.ml_cpcv: [ml] OOS calibration: brier=0.2502 ece=0.0256
2026-06-21 14:19:25 INFO crypto_research.ml_cpcv: [ml] OOS weekday Пн: n=4562 base_up=0.4908 pred_up=0.4665 acc=0.4505 logloss=0.7030 auc=0.4293
2026-06-21 14:19:25 INFO crypto_research.ml_cpcv: [ml] OOS weekday Вт: n=4557 base_up=0.5177 pred_up=0.5374 acc=0.5229 logloss=0.6858 auc=0.5544
2026-06-21 14:19:25 INFO crypto_research.ml_cpcv: [ml] OOS weekday Ср: n=4557 base_up=0.4955 pred_up=0.4485 acc=0.5041 logloss=0.6951 auc=0.5112
2026-06-21 14:19:25 INFO crypto_research.ml_cpcv: [ml] OOS weekday Чт: n=4559 base_up=0.4587 pred_up=0.1667 acc=0.5163 logloss=0.6950 auc=0.4855
2026-06-21 14:19:25 INFO crypto_research.ml_cpcv: [ml] OOS weekday Пт: n=4560 base_up=0.5610 pred_up=0.9178 acc=0.5546 logloss=0.6878 auc=0.4930
2026-06-21 14:19:25 INFO crypto_research.ml_cpcv: [ml] OOS weekday Сб: n=4561 base_up=0.5227 pred_up=0.7597 acc=0.5113 logloss=0.6952 auc=0.4939
2026-06-21 14:19:25 INFO crypto_research.ml_cpcv: [ml] OOS weekday Вс: n=4561 base_up=0.4764 pred_up=0.2289 acc=0.5187 logloss=0.6928 auc=0.5022
2026-06-21 14:19:27 INFO crypto_research.ml_oos_paths: [ml] OOS plot saved: /home_admin/crypto_bot/crypto_research/research_outputs/combined/dow_ema_rsi_sp/ml/plots/direction_dow_ema_rsi_49pairs_20220101_20240401_oos_prob.png (weekdays=7 calendar_days=812 rows=31917)
2026-06-21 14:19:28 INFO crypto_research.ml_oos_paths: [ml] OOS calibration plot saved: /home_admin/crypto_bot/crypto_research/research_outputs/combined/dow_ema_rsi_sp/ml/plots/direction_dow_ema_rsi_49pairs_20220101_20240401_oos_calibration.png (brier=0.2502 ece=0.0256 rows=31917)
2026-06-21 14:19:28 INFO crypto_research.ml_learning_curve: [ml] early stopping (holdout): fit_rows=31917 eval_rows=38073 best_iteration=57 eval_logloss=0.6903
2026-06-21 14:19:29 INFO crypto_research.ml_learning_curve: [ml] learning curve saved: /home_admin/crypto_bot/crypto_research/research_outputs/combined/dow_ema_rsi_sp/ml/plots/direction_dow_ema_rsi_49pairs_20220101_20260531_learning_curve.png (best_iter=57)
2026-06-21 14:19:29 INFO crypto_research.ml_learning_curve: [ml] learning curve log saved: /home_admin/crypto_bot/crypto_research/research_outputs/combined/dow_ema_rsi_sp/ml/direction_dow_ema_rsi_49pairs_20220101_20260531_learning_curve.log (107 iterations)
2026-06-21 14:19:29 INFO crypto_research.ml_plot_registry: [ml] plot: oos_prob
2026-06-21 14:19:30 INFO crypto_research.ml_oos_paths: [ml] OOS plot saved: /home_admin/crypto_bot/crypto_research/research_outputs/combined/dow_ema_rsi_sp/ml/plots/direction_dow_ema_rsi_49pairs_20240401_20260531_oos_prob.png (weekdays=7 calendar_days=777 rows=38073)
2026-06-21 14:19:30 INFO crypto_research.ml_plot_registry: [ml] plot: oos_calibration
2026-06-21 14:19:30 INFO crypto_research.ml_oos_paths: [ml] OOS calibration plot saved: /home_admin/crypto_bot/crypto_research/research_outputs/combined/dow_ema_rsi_sp/ml/plots/direction_dow_ema_rsi_49pairs_20240401_20260531_oos_calibration.png (brier=0.2486 ece=0.0270 rows=38073)
2026-06-21 14:19:30 INFO crypto_research.ml_plot_registry: [ml] plot: weekday_pair_summary
2026-06-21 14:19:32 INFO crypto_research.ml_oos_paths: [ml] Weekday×pair summary plot saved: /home_admin/crypto_bot/crypto_research/research_outputs/combined/dow_ema_rsi_sp/ml/plots/direction_dow_ema_rsi_49pairs_20240401_20260531_weekday_pair_summary.png (pairs=49 rows=38073)
2026-06-21 14:19:33 INFO crypto_research.ml_oos_paths: [ml] Weekday×pair summary plot saved: /home_admin/crypto_bot/crypto_research/research_outputs/combined/dow_ema_rsi_sp/ml/plots/direction_dow_ema_rsi_49pairs_20220101_20240401_weekday_pair_summary.png (pairs=49 rows=31917)
2026-06-21 14:19:33 INFO crypto_research.ml_plot_registry: [ml] plot: roc_auc
2026-06-21 14:19:33 INFO crypto_research.ml_oos_paths: [ml] ROC AUC comparison plot saved: /home_admin/crypto_bot/crypto_research/research_outputs/combined/dow_ema_rsi_sp/ml/plots/direction_dow_ema_rsi_49pairs_20220101_20260531_roc_auc.png
2026-06-21 14:19:33 INFO crypto_research.ml_plot_registry: [ml] plot: learning_curve
2026-06-21 14:19:33 INFO crypto_research.ml_plot_registry: [ml] plot: correlation_matrix_heatmap
2026-06-21 14:19:34 INFO crypto_research.ml_feature_diagnostic_plots: [ml] feature corr pair_id vs weekday_enc: 0.0000
2026-06-21 14:19:34 INFO crypto_research.ml_feature_diagnostic_plots: [ml] feature corr pair_id vs ema_dev_pair_norm: 0.0156
2026-06-21 14:19:34 INFO crypto_research.ml_feature_diagnostic_plots: [ml] feature corr pair_id vs rsi_pair_norm: 0.0062
2026-06-21 14:19:34 INFO crypto_research.ml_feature_diagnostic_plots: [ml] feature corr weekday_enc vs ema_dev_pair_norm: 0.0172
2026-06-21 14:19:34 INFO crypto_research.ml_feature_diagnostic_plots: [ml] feature corr weekday_enc vs rsi_pair_norm: 0.0157
2026-06-21 14:19:34 INFO crypto_research.ml_feature_diagnostic_plots: [ml] feature corr ema_dev_pair_norm vs rsi_pair_norm: 0.8525
2026-06-21 14:19:34 INFO crypto_research.ml_feature_diagnostic_plots: [ml] correlation matrix heatmap saved: /home_admin/crypto_bot/crypto_research/research_outputs/combined/dow_ema_rsi_sp/ml/plots/direction_dow_ema_rsi_49pairs_20240401_20260531_correlation_matrix.png
2026-06-21 14:19:34 INFO crypto_research.ml_plot_registry: [ml] plot: shape_summary_plot
2026-06-21 14:19:34 INFO crypto_research.ml_shap_plots: [ml] SHAP subsample: 3000 / 38073 rows
2026-06-21 14:19:34 INFO crypto_research.ml_shap_plots: [ml] SHAP summary plot saved: /home_admin/crypto_bot/crypto_research/research_outputs/combined/dow_ema_rsi_sp/ml/plots/direction_dow_ema_rsi_49pairs_20240401_20260531_shape_summary.png
2026-06-21 14:19:34 INFO crypto_research.ml_plot_registry: [ml] plot: feature_prob_dependence
2026-06-21 14:19:35 INFO crypto_research.ml_feature_dependence_plot: [ml] feature P(up) dependence plot saved: /home_admin/crypto_bot/crypto_research/research_outputs/combined/dow_ema_rsi_sp/ml/plots/direction_dow_ema_rsi_49pairs_20240401_20260531_feature_prob_dependence.png (features=['weekday_enc', 'ema_dev_pair_norm', 'rsi_pair_norm'])
2026-06-21 14:19:35 INFO crypto_research.ml_plot_registry: [ml] plot: prob_return_dependence
2026-06-21 14:19:36 INFO crypto_research.ml_prob_return_dependence_plot: [ml] P(up) vs return plot saved: /home_admin/crypto_bot/crypto_research/research_outputs/combined/dow_ema_rsi_sp/ml/plots/direction_dow_ema_rsi_49pairs_20240401_20260531_prob_return_dependence.png (train=31917 test=38073 t_long=0.524372309532676 t_short=0.46113724218118624 edge=0.40% smooth=gauss σ=4)
2026-06-21 14:19:36 INFO crypto_research.ml_plot_registry: [ml] plot: p_up_density_split
2026-06-21 14:19:36 INFO crypto_research.ml_p_up_density_split_plot: [ml] P(up) density split plot saved: /home_admin/crypto_bot/crypto_research/research_outputs/combined/dow_ema_rsi_sp/ml/plots/direction_dow_ema_rsi_49pairs_20220101_20240401_p_up_density_split.png (method=valley threshold=0.00390625 otsu=0.50390625 valley=0.00390625)
2026-06-21 14:19:40 INFO crypto_research.ml_research: [ml] auto compare_prob_cdf: ['dow_ema_sp', 'dow_ema_rsi_sp']
2026-06-21 14:52:51 INFO crypto_research.ml_research: [ml] log file: /home_admin/crypto_bot/crypto_research/research_outputs/combined/dow_ema_rsi_sp/ml/direction_dow_ema_rsi_20220101_20260531.log
2026-06-21 14:52:51 INFO crypto_research.ml_dataset: [ml] pair filter: first_candle <= 2023-01-01 → 49 pairs
2026-06-21 14:53:09 INFO crypto_research.load: [1] Загрузка данных: пар=49 строк=46567998 ~1243.5 MB
2026-06-21 14:53:09 INFO crypto_research.load:   1000luncusdt: rows=656821 2022-12-31 .. 2024-04-01
2026-06-21 14:53:09 INFO crypto_research.load:   aaveusdt: rows=1182241 2022-01-01 .. 2024-04-01
2026-06-21 14:53:09 INFO crypto_research.load:   adausdt: rows=1182241 2022-01-01 .. 2024-04-01
2026-06-21 14:53:09 INFO crypto_research.load:   algousdt: rows=1182241 2022-01-01 .. 2024-04-01
2026-06-21 14:53:09 INFO crypto_research.load:   aliceusdt: rows=1182241 2022-01-01 .. 2024-04-01
2026-06-21 14:53:09 INFO crypto_research.load:   apeusdt: rows=656821 2022-12-31 .. 2024-04-01
2026-06-21 14:53:09 INFO crypto_research.load:   api3usdt: rows=1098270 2022-02-28 .. 2024-04-01
2026-06-21 14:53:09 INFO crypto_research.load:   aptusdt: rows=763033 2022-10-19 .. 2024-04-01
2026-06-21 14:53:09 INFO crypto_research.load:   atomusdt: rows=1182241 2022-01-01 .. 2024-04-01
2026-06-21 14:53:09 INFO crypto_research.load:   avaxusdt: rows=1182241 2022-01-01 .. 2024-04-01
2026-06-21 14:53:09 INFO crypto_research.load:   axsusdt: rows=656821 2022-12-31 .. 2024-04-01
2026-06-21 14:53:09 INFO crypto_research.load:   bchusdt: rows=1182241 2022-01-01 .. 2024-04-01
2026-06-21 14:53:09 INFO crypto_research.load:   bnbusdt: rows=1182241 2022-01-01 .. 2024-04-01
2026-06-21 14:53:09 INFO crypto_research.load:   btcusdt: rows=1182241 2022-01-01 .. 2024-04-01
2026-06-21 14:53:09 INFO crypto_research.load:   chzusdt: rows=656821 2022-12-31 .. 2024-04-01
2026-06-21 14:53:09 INFO crypto_research.load:   crvusdt: rows=1182241 2022-01-01 .. 2024-04-01
2026-06-21 14:53:09 INFO crypto_research.load:   dashusdt: rows=656821 2022-12-31 .. 2024-04-01
2026-06-21 14:53:09 INFO crypto_research.load:   dogeusdt: rows=1182241 2022-01-01 .. 2024-04-01
2026-06-21 14:53:09 INFO crypto_research.load:   dotusdt: rows=1182241 2022-01-01 .. 2024-04-01
2026-06-21 14:53:09 INFO crypto_research.load:   dydxusdt: rows=1182241 2022-01-01 .. 2024-04-01
2026-06-21 14:53:09 INFO crypto_research.load:   egldusdt: rows=656821 2022-12-31 .. 2024-04-01
2026-06-21 14:53:09 INFO crypto_research.load:   enjusdt: rows=1182241 2022-01-01 .. 2024-04-01
2026-06-21 14:53:09 INFO crypto_research.load:   etcusdt: rows=656821 2022-12-31 .. 2024-04-01
2026-06-21 14:53:09 INFO crypto_research.load:   ethusdt: rows=1182241 2022-01-01 .. 2024-04-01
2026-06-21 14:53:09 INFO crypto_research.load:   filusdt: rows=1182241 2022-01-01 .. 2024-04-01
2026-06-21 14:53:09 INFO crypto_research.load:   galausdt: rows=1182241 2022-01-01 .. 2024-04-01
2026-06-21 14:53:09 INFO crypto_research.load:   gmtusdt: rows=656821 2022-12-31 .. 2024-04-01
2026-06-21 14:53:09 INFO crypto_research.load:   hbarusdt: rows=656821 2022-12-31 .. 2024-04-01
2026-06-21 14:53:09 INFO crypto_research.load:   icpusdt: rows=656821 2022-12-31 .. 2024-04-01
2026-06-21 14:53:09 INFO crypto_research.load:   injusdt: rows=656821 2022-12-31 .. 2024-04-01
2026-06-21 14:53:09 INFO crypto_research.load:   ldousdt: rows=656821 2022-12-31 .. 2024-04-01
2026-06-21 14:53:09 INFO crypto_research.load:   linkusdt: rows=1182241 2022-01-01 .. 2024-04-01
2026-06-21 14:53:09 INFO crypto_research.load:   ltcusdt: rows=1182241 2022-01-01 .. 2024-04-01
2026-06-21 14:53:09 INFO crypto_research.load:   nearusdt: rows=1182241 2022-01-01 .. 2024-04-01
2026-06-21 14:53:09 INFO crypto_research.load:   ontusdt: rows=957048 2022-06-06 .. 2024-04-01
2026-06-21 14:53:09 INFO crypto_research.load:   opusdt: rows=656821 2022-12-31 .. 2024-04-01
2026-06-21 14:53:09 INFO crypto_research.load:   paxgusdt: rows=1076619 2022-03-15 .. 2024-04-01
2026-06-21 14:53:09 INFO crypto_research.load:   sandusdt: rows=656821 2022-12-31 .. 2024-04-01
2026-06-21 14:53:09 INFO crypto_research.load:   shib1000usdt: rows=656821 2022-12-31 .. 2024-04-01
2026-06-21 14:53:09 INFO crypto_research.load:   solusdt: rows=1182241 2022-01-01 .. 2024-04-01
2026-06-21 14:53:09 INFO crypto_research.load:   storjusdt: rows=656821 2022-12-31 .. 2024-04-01
2026-06-21 14:53:09 INFO crypto_research.load:   stxusdt: rows=656821 2022-12-31 .. 2024-04-01
2026-06-21 14:53:09 INFO crypto_research.load:   trxusdt: rows=656821 2022-12-31 .. 2024-04-01
2026-06-21 14:53:09 INFO crypto_research.load:   uniusdt: rows=1182241 2022-01-01 .. 2024-04-01
2026-06-21 14:53:09 INFO crypto_research.load:   xlmusdt: rows=656821 2022-12-31 .. 2024-04-01
2026-06-21 14:53:09 INFO crypto_research.load:   xmrusdt: rows=1162824 2022-01-14 .. 2024-04-01
2026-06-21 14:53:09 INFO crypto_research.load:   xrpusdt: rows=1182241 2022-01-01 .. 2024-04-01
2026-06-21 14:53:09 INFO crypto_research.load:   zecusdt: rows=1182241 2022-01-01 .. 2024-04-01
2026-06-21 14:53:09 INFO crypto_research.load:   zenusdt: rows=656821 2022-12-31 .. 2024-04-01
2026-06-21 14:53:10 INFO crypto_research.ml_dataset: [ml] pooled daily: pairs=49 rows=32407 period=2022-01-01..2024-04-01
2026-06-21 14:53:10 INFO crypto_research.ml_dataset: [ml] pair filter: first_candle <= 2023-01-01 → 49 pairs
2026-06-21 14:53:24 INFO crypto_research.load: [1] Загрузка данных: пар=49 строк=55515524 ~1482.4 MB
2026-06-21 14:53:24 INFO crypto_research.load:   1000luncusdt: rows=1133280 2024-04-01 .. 2026-05-27
2026-06-21 14:53:24 INFO crypto_research.load:   aaveusdt: rows=1132756 2024-04-01 .. 2026-05-27
2026-06-21 14:53:24 INFO crypto_research.load:   adausdt: rows=1132756 2024-04-01 .. 2026-05-27
2026-06-21 14:53:24 INFO crypto_research.load:   algousdt: rows=1132756 2024-04-01 .. 2026-05-27
2026-06-21 14:53:24 INFO crypto_research.load:   aliceusdt: rows=1132756 2024-04-01 .. 2026-05-27
2026-06-21 14:53:24 INFO crypto_research.load:   apeusdt: rows=1133280 2024-04-01 .. 2026-05-27
2026-06-21 14:53:24 INFO crypto_research.load:   api3usdt: rows=1132756 2024-04-01 .. 2026-05-27
2026-06-21 14:53:24 INFO crypto_research.load:   aptusdt: rows=1132756 2024-04-01 .. 2026-05-27
2026-06-21 14:53:24 INFO crypto_research.load:   atomusdt: rows=1132756 2024-04-01 .. 2026-05-27
2026-06-21 14:53:24 INFO crypto_research.load:   avaxusdt: rows=1132756 2024-04-01 .. 2026-05-27
2026-06-21 14:53:24 INFO crypto_research.load:   axsusdt: rows=1133280 2024-04-01 .. 2026-05-27
2026-06-21 14:53:24 INFO crypto_research.load:   bchusdt: rows=1132756 2024-04-01 .. 2026-05-27
2026-06-21 14:53:24 INFO crypto_research.load:   bnbusdt: rows=1132756 2024-04-01 .. 2026-05-27
2026-06-21 14:53:24 INFO crypto_research.load:   btcusdt: rows=1132756 2024-04-01 .. 2026-05-27
2026-06-21 14:53:24 INFO crypto_research.load:   chzusdt: rows=1133280 2024-04-01 .. 2026-05-27
2026-06-21 14:53:24 INFO crypto_research.load:   crvusdt: rows=1132756 2024-04-01 .. 2026-05-27
2026-06-21 14:53:24 INFO crypto_research.load:   dashusdt: rows=1133280 2024-04-01 .. 2026-05-27
2026-06-21 14:53:24 INFO crypto_research.load:   dogeusdt: rows=1132756 2024-04-01 .. 2026-05-27
2026-06-21 14:53:24 INFO crypto_research.load:   dotusdt: rows=1132756 2024-04-01 .. 2026-05-27
2026-06-21 14:53:24 INFO crypto_research.load:   dydxusdt: rows=1132756 2024-04-01 .. 2026-05-27
2026-06-21 14:53:24 INFO crypto_research.load:   egldusdt: rows=1133280 2024-04-01 .. 2026-05-27
2026-06-21 14:53:24 INFO crypto_research.load:   enjusdt: rows=1132756 2024-04-01 .. 2026-05-27
2026-06-21 14:53:24 INFO crypto_research.load:   etcusdt: rows=1133280 2024-04-01 .. 2026-05-27
2026-06-21 14:53:24 INFO crypto_research.load:   ethusdt: rows=1132756 2024-04-01 .. 2026-05-27
2026-06-21 14:53:24 INFO crypto_research.load:   filusdt: rows=1132756 2024-04-01 .. 2026-05-27
2026-06-21 14:53:24 INFO crypto_research.load:   galausdt: rows=1132756 2024-04-01 .. 2026-05-27
2026-06-21 14:53:24 INFO crypto_research.load:   gmtusdt: rows=1133280 2024-04-01 .. 2026-05-27
2026-06-21 14:53:24 INFO crypto_research.load:   hbarusdt: rows=1133280 2024-04-01 .. 2026-05-27
2026-06-21 14:53:24 INFO crypto_research.load:   icpusdt: rows=1133280 2024-04-01 .. 2026-05-27
2026-06-21 14:53:24 INFO crypto_research.load:   injusdt: rows=1133280 2024-04-01 .. 2026-05-27
2026-06-21 14:53:24 INFO crypto_research.load:   ldousdt: rows=1133280 2024-04-01 .. 2026-05-27
2026-06-21 14:53:24 INFO crypto_research.load:   linkusdt: rows=1132756 2024-04-01 .. 2026-05-27
2026-06-21 14:53:24 INFO crypto_research.load:   ltcusdt: rows=1132756 2024-04-01 .. 2026-05-27
2026-06-21 14:53:24 INFO crypto_research.load:   nearusdt: rows=1132756 2024-04-01 .. 2026-05-27
2026-06-21 14:53:24 INFO crypto_research.load:   ontusdt: rows=1132756 2024-04-01 .. 2026-05-27
2026-06-21 14:53:24 INFO crypto_research.load:   opusdt: rows=1133280 2024-04-01 .. 2026-05-27
2026-06-21 14:53:24 INFO crypto_research.load:   paxgusdt: rows=1132756 2024-04-01 .. 2026-05-27
2026-06-21 14:53:24 INFO crypto_research.load:   sandusdt: rows=1133280 2024-04-01 .. 2026-05-27
2026-06-21 14:53:24 INFO crypto_research.load:   shib1000usdt: rows=1133280 2024-04-01 .. 2026-05-27
2026-06-21 14:53:24 INFO crypto_research.load:   solusdt: rows=1132756 2024-04-01 .. 2026-05-27
2026-06-21 14:53:24 INFO crypto_research.load:   storjusdt: rows=1133280 2024-04-01 .. 2026-05-27
2026-06-21 14:53:24 INFO crypto_research.load:   stxusdt: rows=1133280 2024-04-01 .. 2026-05-27
2026-06-21 14:53:24 INFO crypto_research.load:   trxusdt: rows=1133280 2024-04-01 .. 2026-05-27
2026-06-21 14:53:24 INFO crypto_research.load:   uniusdt: rows=1132756 2024-04-01 .. 2026-05-27
2026-06-21 14:53:24 INFO crypto_research.load:   xlmusdt: rows=1133280 2024-04-01 .. 2026-05-27
2026-06-21 14:53:24 INFO crypto_research.load:   xmrusdt: rows=1132756 2024-04-01 .. 2026-05-27
2026-06-21 14:53:24 INFO crypto_research.load:   xrpusdt: rows=1132756 2024-04-01 .. 2026-05-27
2026-06-21 14:53:24 INFO crypto_research.load:   zecusdt: rows=1132756 2024-04-01 .. 2026-05-27
2026-06-21 14:53:24 INFO crypto_research.load:   zenusdt: rows=1133280 2024-04-01 .. 2026-05-27
2026-06-21 14:53:26 INFO crypto_research.ml_dataset: [ml] pooled daily: pairs=49 rows=38563 period=2024-04-01..2026-05-31
2026-06-21 14:53:26 INFO crypto_research.ml_ema_dev_norm: [ml] ema_dev_pair_norm bounds: pairs=49
2026-06-21 14:53:26 INFO crypto_research.ml_numeric_features: [ml] bounds ema_dev_pair_norm: pairs=49
2026-06-21 14:53:26 INFO crypto_research.ml_numeric_features: [ml] bounds rsi_pair_norm: pairs=49
2026-06-21 14:53:26 INFO crypto_research.ml_dataset: [ml] ema_dev_pair_norm: min=-4.914 max=8.584 mean=-0.014
2026-06-21 14:53:26 INFO crypto_research.ml_dataset: [ml] rsi_pair_norm: min=-2.053 max=2.062 mean=-0.082
2026-06-21 14:53:26 INFO crypto_research.ml_dataset: [ml] dataset studies=['day_of_week_ml', 'ema_spreads_ml', 'rsi_spreads_ml'] features=['pair_id', 'weekday_enc', 'ema_dev_pair_norm', 'rsi_pair_norm'] rows=31917 pairs=49 up_rate=0.503
2026-06-21 14:53:26 INFO crypto_research.ml_dataset: [ml] ema_dev_pair_norm: min=-4.918 max=15.840 mean=-0.087
2026-06-21 14:53:26 INFO crypto_research.ml_dataset: [ml] rsi_pair_norm: min=-1.864 max=2.022 mean=-0.170
2026-06-21 14:53:26 INFO crypto_research.ml_dataset: [ml] dataset studies=['day_of_week_ml', 'ema_spreads_ml', 'rsi_spreads_ml'] features=['pair_id', 'weekday_enc', 'ema_dev_pair_norm', 'rsi_pair_norm'] rows=38073 pairs=49 up_rate=0.478
2026-06-21 14:53:26 INFO crypto_research.ml_research: Dataset columns (9): ['day_utc', 'pair', 'weekday', 'return_pct', 'direction_up', 'ema_dev_pair_norm', 'rsi_pair_norm', 'pair_id', 'weekday_enc']
2026-06-21 14:53:26 INFO crypto_research.ml_research: Dataset head (50 rows):
shape: (50, 9)
┌─────────────────────┬───────────┬─────────┬─────────────────────┬──────────────┬──────────────────────┬──────────────────────┬─────────┬─────────────┐
│ day_utc             ┆ pair      ┆ weekday ┆ return_pct          ┆ direction_up ┆ ema_dev_pair_norm    ┆ rsi_pair_norm        ┆ pair_id ┆ weekday_enc │
│ ---                 ┆ ---       ┆ ---     ┆ ---                 ┆ ---          ┆ ---                  ┆ ---                  ┆ ---     ┆ ---         │
│ datetime[μs, UTC]   ┆ str       ┆ i64     ┆ f64                 ┆ i8           ┆ f64                  ┆ f64                  ┆ cat     ┆ cat         │
╞═════════════════════╪═══════════╪═════════╪═════════════════════╪══════════════╪══════════════════════╪══════════════════════╪═════════╪═════════════╡
│ 2022-01-11 00:00:00 ┆ aaveusdt  ┆ 1       ┆ 6.788570830975585   ┆ 1            ┆ -1.0230104369461848  ┆ -2.0308349872019544  ┆ 1       ┆ 1           │
│ UTC                 ┆           ┆         ┆                     ┆              ┆                      ┆                      ┆         ┆             │
│ 2022-01-11 00:00:00 ┆ adausdt   ┆ 1       ┆ 5.610469609646642   ┆ 1            ┆ -1                   ┆ -1.397337333734323   ┆ 2       ┆ 1           │
│ UTC                 ┆           ┆         ┆                     ┆              ┆                      ┆                      ┆         ┆             │
│ 2022-01-11 00:00:00 ┆ algousdt  ┆ 1       ┆ 6.162875219537939   ┆ 1            ┆ -0.8674341300673081  ┆ -1.1555181086904938  ┆ 3       ┆ 1           │
│ UTC                 ┆           ┆         ┆                     ┆              ┆                      ┆                      ┆         ┆             │
│ 2022-01-11 00:00:00 ┆ aliceusdt ┆ 1       ┆ 6.372554748620328   ┆ 1            ┆ -1.027279727767651   ┆ -1.1690872562617576  ┆ 4       ┆ 1           │
│ UTC                 ┆           ┆         ┆                     ┆              ┆                      ┆                      ┆         ┆             │
│ 2022-01-11 00:00:00 ┆ atomusdt  ┆ 1       ┆ 2.1658734326592084  ┆ 1            ┆ 0.13040448087863565  ┆ 0.16000480407343476  ┆ 8       ┆ 1           │
│ UTC                 ┆           ┆         ┆                     ┆              ┆                      ┆                      ┆         ┆             │
│ 2022-01-11 00:00:00 ┆ avaxusdt  ┆ 1       ┆ 6.079645709640859   ┆ 1            ┆ -0.9616868083200584  ┆ -1.4200766493461732  ┆ 9       ┆ 1           │
│ UTC                 ┆           ┆         ┆                     ┆              ┆                      ┆                      ┆         ┆             │
│ 2022-01-11 00:00:00 ┆ bchusdt   ┆ 1       ┆ 1.6503920235081473  ┆ 1            ┆ -1.0135060783051932  ┆ -1.702198467363062   ┆ 11      ┆ 1           │
│ UTC                 ┆           ┆         ┆                     ┆              ┆                      ┆                      ┆         ┆             │
│ 2022-01-11 00:00:00 ┆ bnbusdt   ┆ 1       ┆ 8.94643908181283    ┆ 1            ┆ -1.3330381459113234  ┆ -1.7621478216658728  ┆ 12      ┆ 1           │
│ UTC                 ┆           ┆         ┆                     ┆              ┆                      ┆                      ┆         ┆             │
│ 2022-01-11 00:00:00 ┆ btcusdt   ┆ 1       ┆ 2.1347078380253057  ┆ 1            ┆ -0.6319884518503163  ┆ -1.7582515118565332  ┆ 13      ┆ 1           │
│ UTC                 ┆           ┆         ┆                     ┆              ┆                      ┆                      ┆         ┆             │
│ 2022-01-11 00:00:00 ┆ crvusdt   ┆ 1       ┆ 6.604863120110692   ┆ 1            ┆ -1.1600089953543349  ┆ -1.3205400031884917  ┆ 15      ┆ 1           │
│ UTC                 ┆           ┆         ┆                     ┆              ┆                      ┆                      ┆         ┆             │
│ 2022-01-11 00:00:00 ┆ dogeusdt  ┆ 1       ┆ 7.4825083300613295  ┆ 1            ┆ -1.0166984201353448  ┆ -1.927608334982597   ┆ 17      ┆ 1           │
│ UTC                 ┆           ┆         ┆                     ┆              ┆                      ┆                      ┆         ┆             │
│ 2022-01-11 00:00:00 ┆ dotusdt   ┆ 1       ┆ 7.7669907602688255  ┆ 1            ┆ -1                   ┆ -1.123426555186431   ┆ 18      ┆ 1           │
│ UTC                 ┆           ┆         ┆                     ┆              ┆                      ┆                      ┆         ┆             │
│ 2022-01-11 00:00:00 ┆ dydxusdt  ┆ 1       ┆ 11.616958575351276  ┆ 1            ┆ -0.9971051695789355  ┆ -1.842971082482642   ┆ 19      ┆ 1           │
│ UTC                 ┆           ┆         ┆                     ┆              ┆                      ┆                      ┆         ┆             │
│ 2022-01-11 00:00:00 ┆ enjusdt   ┆ 1       ┆ 6.766748877945984   ┆ 1            ┆ -0.921898597589335   ┆ -0.8821390930325894  ┆ 21      ┆ 1           │
│ UTC                 ┆           ┆         ┆                     ┆              ┆                      ┆                      ┆         ┆             │
│ 2022-01-11 00:00:00 ┆ ethusdt   ┆ 1       ┆ 4.99675535366645    ┆ 1            ┆ -0.9713267847166703  ┆ -1.5061643629412935  ┆ 23      ┆ 1           │
│ UTC                 ┆           ┆         ┆                     ┆              ┆                      ┆                      ┆         ┆             │
│ 2022-01-11 00:00:00 ┆ filusdt   ┆ 1       ┆ 2.558639787916926   ┆ 1            ┆ -1.0101559418583597  ┆ -1.3131447629224229  ┆ 24      ┆ 1           │
│ UTC                 ┆           ┆         ┆                     ┆              ┆                      ┆                      ┆         ┆             │
│ 2022-01-11 00:00:00 ┆ galausdt  ┆ 1       ┆ 4.5285598312834034  ┆ 1            ┆ -1.3033013109448117  ┆ -1.4851751525926433  ┆ 25      ┆ 1           │
│ UTC                 ┆           ┆         ┆                     ┆              ┆                      ┆                      ┆         ┆             │
│ 2022-01-11 00:00:00 ┆ linkusdt  ┆ 1       ┆ -4.8351308490143445 ┆ 0            ┆ 1.166937952472205    ┆ 1.6377231109811534   ┆ 31      ┆ 1           │
│ UTC                 ┆           ┆         ┆                     ┆              ┆                      ┆                      ┆         ┆             │
│ 2022-01-11 00:00:00 ┆ ltcusdt   ┆ 1       ┆ 3.9121133296431494  ┆ 1            ┆ -0.7905404511078287  ┆ -1.8083178460921738  ┆ 32      ┆ 1           │
│ UTC                 ┆           ┆         ┆                     ┆              ┆                      ┆                      ┆         ┆             │
│ 2022-01-11 00:00:00 ┆ nearusdt  ┆ 1       ┆ 16.609594484794073  ┆ 1            ┆ 0.292810580312173    ┆ 0.048835974696927575 ┆ 33      ┆ 1           │
│ UTC                 ┆           ┆         ┆                     ┆              ┆                      ┆                      ┆         ┆             │
│ 2022-01-11 00:00:00 ┆ solusdt   ┆ 1       ┆ 3.238861758409968   ┆ 1            ┆ -0.7819217979769039  ┆ -1.6348706445915702  ┆ 39      ┆ 1           │
│ UTC                 ┆           ┆         ┆                     ┆              ┆                      ┆                      ┆         ┆             │
│ 2022-01-11 00:00:00 ┆ uniusdt   ┆ 1       ┆ 5.5257761549487565  ┆ 1            ┆ -0.7360077620792981  ┆ -0.8530792711270476  ┆ 43      ┆ 1           │
│ UTC                 ┆           ┆         ┆                     ┆              ┆                      ┆                      ┆         ┆             │
│ 2022-01-11 00:00:00 ┆ xrpusdt   ┆ 1       ┆ 4.099028860356283   ┆ 1            ┆ -0.7226242374373969  ┆ -1.5583462689840615  ┆ 46      ┆ 1           │
│ UTC                 ┆           ┆         ┆                     ┆              ┆                      ┆                      ┆         ┆             │
│ 2022-01-11 00:00:00 ┆ zecusdt   ┆ 1       ┆ 0.14174127540112447 ┆ 1            ┆ -0.15228242430131114 ┆ -0.657407839384771   ┆ 47      ┆ 1           │
│ UTC                 ┆           ┆         ┆                     ┆              ┆                      ┆                      ┆         ┆             │
│ 2022-01-12 00:00:00 ┆ aaveusdt  ┆ 2       ┆ 2.4396023250916063  ┆ 1            ┆ -0.37655109630048034 ┆ -1.306695141519008   ┆ 1       ┆ 2           │
│ UTC                 ┆           ┆         ┆                     ┆              ┆                      ┆                      ┆         ┆             │
│ 2022-01-12 00:00:00 ┆ adausdt   ┆ 2       ┆ 10.607978448037555  ┆ 1            ┆ -0.320385133667936   ┆ -0.8673955767137441  ┆ 2       ┆ 2           │
│ UTC                 ┆           ┆         ┆                     ┆              ┆                      ┆                      ┆         ┆             │
│ 2022-01-12 00:00:00 ┆ algousdt  ┆ 2       ┆ 3.662748605325483   ┆ 1            ┆ -0.2844536684584358  ┆ -0.7597016316217354  ┆ 3       ┆ 2           │
│ UTC                 ┆           ┆         ┆                     ┆              ┆                      ┆                      ┆         ┆             │
│ 2022-01-12 00:00:00 ┆ aliceusdt ┆ 2       ┆ 5.9907796836614065  ┆ 1            ┆ -0.45122532172717783 ┆ -0.791490191507975   ┆ 4       ┆ 2           │
│ UTC                 ┆           ┆         ┆                     ┆              ┆                      ┆                      ┆         ┆             │
│ 2022-01-12 00:00:00 ┆ atomusdt  ┆ 2       ┆ 4.084793184828393   ┆ 1            ┆ 0.30966920090098315  ┆ 0.2481282040479178   ┆ 8       ┆ 2           │
│ UTC                 ┆           ┆         ┆                     ┆              ┆                      ┆                      ┆         ┆             │
│ 2022-01-12 00:00:00 ┆ avaxusdt  ┆ 2       ┆ 7.323204277438567   ┆ 1            ┆ -0.3617231716695066  ┆ -1.0177587961708219  ┆ 9       ┆ 2           │
│ UTC                 ┆           ┆         ┆                     ┆              ┆                      ┆                      ┆         ┆             │
│ 2022-01-12 00:00:00 ┆ bchusdt   ┆ 2       ┆ 3.8019263359895037  ┆ 1            ┆ -0.6611329111727483  ┆ -1.4603110831320198  ┆ 11      ┆ 2           │
│ UTC                 ┆           ┆         ┆                     ┆              ┆                      ┆                      ┆         ┆             │
│ 2022-01-12 00:00:00 ┆ bnbusdt   ┆ 2       ┆ 5.348460291734198   ┆ 1            ┆ 0.014108014896094248 ┆ -0.8408825481626779  ┆ 12      ┆ 2           │
│ UTC                 ┆           ┆         ┆                     ┆              ┆                      ┆                      ┆         ┆             │
│ 2022-01-12 00:00:00 ┆ btcusdt   ┆ 2       ┆ 2.7821036731730735  ┆ 1            ┆ -0.21801804762191915 ┆ -1.3085421773560837  ┆ 13      ┆ 2           │
│ UTC                 ┆           ┆         ┆                     ┆              ┆                      ┆                      ┆         ┆             │
│ 2022-01-12 00:00:00 ┆ crvusdt   ┆ 2       ┆ 6.543480967303586   ┆ 1            ┆ -0.6057027461305695  ┆ -0.9729826603218545  ┆ 15      ┆ 2           │
│ UTC                 ┆           ┆         ┆                     ┆              ┆                      ┆                      ┆         ┆             │
│ 2022-01-12 00:00:00 ┆ dogeusdt  ┆ 2       ┆ 5.790502269009695   ┆ 1            ┆ -0.1672654696116402  ┆ -0.8820958396160115  ┆ 17      ┆ 2           │
│ UTC                 ┆           ┆         ┆                     ┆              ┆                      ┆                      ┆         ┆             │
│ 2022-01-12 00:00:00 ┆ dotusdt   ┆ 2       ┆ 6.952603097495247   ┆ 1            ┆ -0.1095543200708026  ┆ -0.5377336176970129  ┆ 18      ┆ 2           │
│ UTC                 ┆           ┆         ┆                     ┆              ┆                      ┆                      ┆         ┆             │
│ 2022-01-12 00:00:00 ┆ dydxusdt  ┆ 2       ┆ 9.07172951919055    ┆ 1            ┆ -0.14912955058917873 ┆ -0.8706611737833426  ┆ 19      ┆ 2           │
│ UTC                 ┆           ┆         ┆                     ┆              ┆                      ┆                      ┆         ┆             │
│ 2022-01-12 00:00:00 ┆ enjusdt   ┆ 2       ┆ 9.17152872771021    ┆ 1            ┆ -0.3067761700692503  ┆ -0.5388349781357886  ┆ 21      ┆ 2           │
│ UTC                 ┆           ┆         ┆                     ┆              ┆                      ┆                      ┆         ┆             │
│ 2022-01-12 00:00:00 ┆ ethusdt   ┆ 2       ┆ 4.1270101615613415  ┆ 1            ┆ -0.31954776203334767 ┆ -1.0193781729503903  ┆ 23      ┆ 2           │
│ UTC                 ┆           ┆         ┆                     ┆              ┆                      ┆                      ┆         ┆             │
│ 2022-01-12 00:00:00 ┆ filusdt   ┆ 2       ┆ 6.4795526414993585  ┆ 1            ┆ -0.6571245120546244  ┆ -1.0984854895667544  ┆ 24      ┆ 2           │
│ UTC                 ┆           ┆         ┆                     ┆              ┆                      ┆                      ┆         ┆             │
│ 2022-01-12 00:00:00 ┆ galausdt  ┆ 2       ┆ 12.058270556129708  ┆ 1            ┆ -0.8063315682268392  ┆ -1.2275105467659482  ┆ 25      ┆ 2           │
│ UTC                 ┆           ┆         ┆                     ┆              ┆                      ┆                      ┆         ┆             │
│ 2022-01-12 00:00:00 ┆ linkusdt  ┆ 2       ┆ 0.544902469331899   ┆ 1            ┆ 0.4435130882443634   ┆ 1.0904229666528917   ┆ 31      ┆ 2           │
│ UTC                 ┆           ┆         ┆                     ┆              ┆                      ┆                      ┆         ┆             │
│ 2022-01-12 00:00:00 ┆ ltcusdt   ┆ 2       ┆ 7.909955501386672   ┆ 1            ┆ -0.2825638478929974  ┆ -1.1715444501975072  ┆ 32      ┆ 2           │
│ UTC                 ┆           ┆         ┆                     ┆              ┆                      ┆                      ┆         ┆             │
│ 2022-01-12 00:00:00 ┆ nearusdt  ┆ 2       ┆ -2.648192541410601  ┆ 0            ┆ 1.2731978291348753   ┆ 0.5002158957621297   ┆ 33      ┆ 2           │
│ UTC                 ┆           ┆         ┆                     ┆              ┆                      ┆                      ┆         ┆             │
│ 2022-01-12 00:00:00 ┆ solusdt   ┆ 2       ┆ 7.967916614444073   ┆ 1            ┆ -0.4394124430115105  ┆ -1.3546955595969155  ┆ 39      ┆ 2           │
│ UTC                 ┆           ┆         ┆                     ┆              ┆                      ┆                      ┆         ┆             │
│ 2022-01-12 00:00:00 ┆ uniusdt   ┆ 2       ┆ 2.050674877380246   ┆ 1            ┆ -0.17071827681836452 ┆ -0.4564481937876861  ┆ 43      ┆ 2           │
│ UTC                 ┆           ┆         ┆                     ┆              ┆                      ┆                      ┆         ┆             │
│ 2022-01-12 00:00:00 ┆ xrpusdt   ┆ 2       ┆ 3.7556812249168634  ┆ 1            ┆ -0.1164821264279773  ┆ -0.895764043172548   ┆ 46      ┆ 2           │
│ UTC                 ┆           ┆         ┆                     ┆              ┆                      ┆                      ┆         ┆             │
│ 2022-01-12 00:00:00 ┆ zecusdt   ┆ 2       ┆ 2.2292949953656693  ┆ 1            ┆ -0.11183778614330515 ┆ -0.6348166481588624  ┆ 47      ┆ 2           │
│ UTC                 ┆           ┆         ┆                     ┆              ┆                      ┆                      ┆         ┆             │
│ 2022-01-13 00:00:00 ┆ aaveusdt  ┆ 3       ┆ -4.282118544609961  ┆ 0            ┆ -0.12891649404416425 ┆ -1.0668205979331093  ┆ 1       ┆ 3           │
│ UTC                 ┆           ┆         ┆                     ┆              ┆                      ┆                      ┆         ┆             │
│ 2022-01-13 00:00:00 ┆ adausdt   ┆ 3       ┆ -6.137074598369567  ┆ 0            ┆ 0.7087859299928528   ┆ -0.14372469373572572 ┆ 2       ┆ 3           │
│ UTC                 ┆           ┆         ┆                     ┆              ┆                      ┆                      ┆         ┆             │
└─────────────────────┴───────────┴─────────┴─────────────────────┴──────────────┴──────────────────────┴──────────────────────┴─────────┴─────────────┘
2026-06-21 14:53:26 INFO crypto_research.ml_cpcv: [ml] X: shape=(31917, 4) columns=['pair_id', 'weekday_enc', 'ema_dev_pair_norm', 'rsi_pair_norm'] dtypes={'pair_id': 'category', 'weekday_enc': 'category', 'ema_dev_pair_norm': 'float64', 'rsi_pair_norm': 'float64'}
2026-06-21 14:53:26 INFO crypto_research.ml_cpcv: [ml] X head (3 rows):
  pair_id weekday_enc  ema_dev_pair_norm  rsi_pair_norm
0       1           1          -1.023010      -2.030835
1       2           1          -1.000000      -1.397337
2       3           1          -0.867434      -1.155518
2026-06-21 14:53:26 INFO crypto_research.ml_cpcv: [ml] y (direction_up): shape=(31917,) dtype=int8 distribution={0: 15855, 1: 16062}
2026-06-21 14:53:26 INFO crypto_research.ml_cpcv: [ml] y head (3 values): [1, 1, 1]
2026-06-21 14:53:26 INFO crypto_research.ml_cpcv: [ml] CV: CombinatorialPurgedCV n_splits=7 n_test_groups=2 embargo_days=1 n_folds=C(7,2)=21 n_days=812
2026-06-21 14:53:26 INFO crypto_research.ml_cpcv: [ml] CV time range: 2022-01-11 00:00:00+00:00 .. 2024-04-01 00:00:00+00:00 (prediction_times=evaluation_times, purge=None)
2026-06-21 14:53:26 INFO crypto_research.ml_cpcv: [ml] CV day splits:
  fold1: train_days=579 test_days=232
  fold2: train_days=578 test_days=232
  fold3: train_days=578 test_days=232
  fold4: train_days=578 test_days=232
  fold5: train_days=578 test_days=232
  fold6: train_days=579 test_days=232
  fold7: train_days=579 test_days=232
  fold8: train_days=578 test_days=232
  fold9: train_days=578 test_days=232
  fold10: train_days=578 test_days=232
  fold11: train_days=579 test_days=232
  fold12: train_days=579 test_days=232
  fold13: train_days=578 test_days=232
  fold14: train_days=578 test_days=232
  fold15: train_days=579 test_days=232
  fold16: train_days=579 test_days=232
  fold17: train_days=578 test_days=232
  fold18: train_days=579 test_days=232
  fold19: train_days=579 test_days=232
  fold20: train_days=579 test_days=232
  fold21: train_days=580 test_days=232
2026-06-21 14:53:27 INFO crypto_research.ml_cpcv: [ml] fold 1/21 → model.fit: X_train=(25693, 4) y_train=(25693,) days=('2022-09-01 00:00:00+00:00', '2024-04-01 00:00:00+00:00') dist={0: 12646, 1: 13047}
2026-06-21 14:53:27 INFO crypto_research.ml_cpcv: [ml] fold 1/21 → model.predict: X_test=(6196, 4) y_test=(6196,) days=('2022-01-11 00:00:00+00:00', '2022-08-30 00:00:00+00:00') dist={0: 3197, 1: 2999}
2026-06-21 14:53:27 INFO crypto_research.ml_cpcv: [ml] fold 1 X_train head:
     pair_id weekday_enc  ema_dev_pair_norm  rsi_pair_norm
6224       1           3          -0.098971      -0.325285
6225       2           3          -0.187874      -0.405108
6226       3           3          -0.236484      -0.533941
2026-06-21 14:53:27 INFO crypto_research.ml_cpcv: [ml] fold 1 y_train head: [1, 1, 1]
2026-06-21 14:53:27 INFO crypto_research.ml_cpcv: [ml] fold 1 X_test head:
  pair_id weekday_enc  ema_dev_pair_norm  rsi_pair_norm
0       1           1          -1.023010      -2.030835
1       2           1          -1.000000      -1.397337
2       3           1          -0.867434      -1.155518
2026-06-21 14:53:27 INFO crypto_research.ml_cpcv: [ml] fold 1 y_test head: [1, 1, 1]
2026-06-21 14:53:27 INFO crypto_research.ml_cpcv: [ml] fold 1/21 train=25693 test=6196 acc=0.5313 auc=0.5550
2026-06-21 14:53:27 INFO crypto_research.ml_cpcv: [ml] fold 2/21 → model.fit: X_train=(25568, 4) y_train=(25568,) days=('2022-05-08 00:00:00+00:00', '2024-04-01 00:00:00+00:00') dist={0: 12559, 1: 13009}
2026-06-21 14:53:27 INFO crypto_research.ml_cpcv: [ml] fold 2/21 → model.predict: X_test=(6293, 4) y_test=(6293,) days=('2022-01-11 00:00:00+00:00', '2022-12-24 00:00:00+00:00') dist={0: 3251, 1: 3042}
2026-06-21 14:53:27 INFO crypto_research.ml_cpcv: [ml] fold 2/21 train=25568 test=6293 acc=0.5369 auc=0.5615
2026-06-21 14:53:27 INFO crypto_research.ml_cpcv: [ml] fold 3/21 → model.fit: X_train=(23489, 4) y_train=(23489,) days=('2022-05-08 00:00:00+00:00', '2024-04-01 00:00:00+00:00') dist={0: 11726, 1: 11763}
2026-06-21 14:53:27 INFO crypto_research.ml_cpcv: [ml] fold 3/21 → model.predict: X_test=(8352, 4) y_test=(8352,) days=('2022-01-11 00:00:00+00:00', '2023-04-19 00:00:00+00:00') dist={0: 4059, 1: 4293}
2026-06-21 14:53:27 INFO crypto_research.ml_cpcv: [ml] fold 3/21 train=23489 test=8352 acc=0.5148 auc=0.5235
2026-06-21 14:53:27 INFO crypto_research.ml_cpcv: [ml] fold 4/21 → model.fit: X_train=(23169, 4) y_train=(23169,) days=('2022-05-08 00:00:00+00:00', '2024-04-01 00:00:00+00:00') dist={0: 11297, 1: 11872}
2026-06-21 14:53:27 INFO crypto_research.ml_cpcv: [ml] fold 4/21 → model.predict: X_test=(8672, 4) y_test=(8672,) days=('2022-01-11 00:00:00+00:00', '2023-08-13 00:00:00+00:00') dist={0: 4512, 1: 4160}
2026-06-21 14:53:27 INFO crypto_research.ml_cpcv: [ml] fold 4/21 train=23169 test=8672 acc=0.5233 auc=0.5573
2026-06-21 14:53:27 INFO crypto_research.ml_cpcv: [ml] fold 5/21 → model.fit: X_train=(23169, 4) y_train=(23169,) days=('2022-05-08 00:00:00+00:00', '2024-04-01 00:00:00+00:00') dist={0: 11594, 1: 11575}
2026-06-21 14:53:27 INFO crypto_research.ml_cpcv: [ml] fold 5/21 → model.predict: X_test=(8672, 4) y_test=(8672,) days=('2022-01-11 00:00:00+00:00', '2023-12-07 00:00:00+00:00') dist={0: 4233, 1: 4439}
2026-06-21 14:53:27 INFO crypto_research.ml_cpcv: [ml] fold 5/21 train=23169 test=8672 acc=0.5304 auc=0.5427
2026-06-21 14:53:27 INFO crypto_research.ml_cpcv: [ml] fold 6/21 → model.fit: X_train=(23218, 4) y_train=(23218,) days=('2022-05-08 00:00:00+00:00', '2023-12-07 00:00:00+00:00') dist={0: 11587, 1: 11631}
2026-06-21 14:53:27 INFO crypto_research.ml_cpcv: [ml] fold 6/21 → model.predict: X_test=(8672, 4) y_test=(8672,) days=('2022-01-11 00:00:00+00:00', '2024-04-01 00:00:00+00:00') dist={0: 4243, 1: 4429}
2026-06-21 14:53:27 INFO crypto_research.ml_cpcv: [ml] fold 6/21 train=23218 test=8672 acc=0.5121 auc=0.5135
2026-06-21 14:53:27 INFO crypto_research.ml_cpcv: [ml] fold 7/21 → model.fit: X_train=(25375, 4) y_train=(25375,) days=('2022-01-11 00:00:00+00:00', '2024-04-01 00:00:00+00:00') dist={0: 12443, 1: 12932}
2026-06-21 14:53:27 INFO crypto_research.ml_cpcv: [ml] fold 7/21 → model.predict: X_test=(6513, 4) y_test=(6513,) days=('2022-05-07 00:00:00+00:00', '2022-12-24 00:00:00+00:00') dist={0: 3392, 1: 3121}
2026-06-21 14:53:27 INFO crypto_research.ml_cpcv: [ml] fold 7/21 train=25375 test=6513 acc=0.5010 auc=0.5251
2026-06-21 14:53:27 INFO crypto_research.ml_cpcv: [ml] fold 8/21 → model.fit: X_train=(23268, 4) y_train=(23268,) days=('2022-01-11 00:00:00+00:00', '2024-04-01 00:00:00+00:00') dist={0: 11598, 1: 11670}
2026-06-21 14:53:27 INFO crypto_research.ml_cpcv: [ml] fold 8/21 → model.predict: X_test=(8572, 4) y_test=(8572,) days=('2022-05-07 00:00:00+00:00', '2023-04-19 00:00:00+00:00') dist={0: 4200, 1: 4372}
2026-06-21 14:53:27 INFO crypto_research.ml_cpcv: [ml] fold 8/21 train=23268 test=8572 acc=0.5057 auc=0.5105
2026-06-21 14:53:27 INFO crypto_research.ml_cpcv: [ml] fold 9/21 → model.fit: X_train=(22948, 4) y_train=(22948,) days=('2022-01-11 00:00:00+00:00', '2024-04-01 00:00:00+00:00') dist={0: 11169, 1: 11779}
2026-06-21 14:53:27 INFO crypto_research.ml_cpcv: [ml] fold 9/21 → model.predict: X_test=(8892, 4) y_test=(8892,) days=('2022-05-07 00:00:00+00:00', '2023-08-13 00:00:00+00:00') dist={0: 4653, 1: 4239}
2026-06-21 14:53:27 INFO crypto_research.ml_cpcv: [ml] fold 9/21 train=22948 test=8892 acc=0.5213 auc=0.5567
2026-06-21 14:53:27 INFO crypto_research.ml_cpcv: [ml] fold 10/21 → model.fit: X_train=(22948, 4) y_train=(22948,) days=('2022-01-11 00:00:00+00:00', '2024-04-01 00:00:00+00:00') dist={0: 11466, 1: 11482}
2026-06-21 14:53:27 INFO crypto_research.ml_cpcv: [ml] fold 10/21 → model.predict: X_test=(8892, 4) y_test=(8892,) days=('2022-05-07 00:00:00+00:00', '2023-12-07 00:00:00+00:00') dist={0: 4374, 1: 4518}
2026-06-21 14:53:27 INFO crypto_research.ml_cpcv: [ml] fold 10/21 train=22948 test=8892 acc=0.5173 auc=0.5314
2026-06-21 14:53:27 INFO crypto_research.ml_cpcv: [ml] fold 11/21 → model.fit: X_train=(22997, 4) y_train=(22997,) days=('2022-01-11 00:00:00+00:00', '2023-12-07 00:00:00+00:00') dist={0: 11459, 1: 11538}
2026-06-21 14:53:27 INFO crypto_research.ml_cpcv: [ml] fold 11/21 → model.predict: X_test=(8892, 4) y_test=(8892,) days=('2022-05-07 00:00:00+00:00', '2024-04-01 00:00:00+00:00') dist={0: 4384, 1: 4508}
2026-06-21 14:53:27 INFO crypto_research.ml_cpcv: [ml] fold 11/21 train=22997 test=8892 acc=0.4898 auc=0.4836
2026-06-21 14:53:27 INFO crypto_research.ml_cpcv: [ml] fold 12/21 → model.fit: X_train=(23199, 4) y_train=(23199,) days=('2022-01-11 00:00:00+00:00', '2024-04-01 00:00:00+00:00') dist={0: 11556, 1: 11643}
2026-06-21 14:53:27 INFO crypto_research.ml_cpcv: [ml] fold 12/21 → model.predict: X_test=(8669, 4) y_test=(8669,) days=('2022-08-31 00:00:00+00:00', '2023-04-19 00:00:00+00:00') dist={0: 4254, 1: 4415}
2026-06-21 14:53:28 INFO crypto_research.ml_cpcv: [ml] fold 12/21 train=23199 test=8669 acc=0.4986 auc=0.5056
2026-06-21 14:53:28 INFO crypto_research.ml_cpcv: [ml] fold 13/21 → model.fit: X_train=(22850, 4) y_train=(22850,) days=('2022-01-11 00:00:00+00:00', '2024-04-01 00:00:00+00:00') dist={0: 11107, 1: 11743}
2026-06-21 14:53:28 INFO crypto_research.ml_cpcv: [ml] fold 13/21 → model.predict: X_test=(8989, 4) y_test=(8989,) days=('2022-08-31 00:00:00+00:00', '2023-08-13 00:00:00+00:00') dist={0: 4707, 1: 4282}
2026-06-21 14:53:28 INFO crypto_research.ml_cpcv: [ml] fold 13/21 train=22850 test=8989 acc=0.5073 auc=0.5173
2026-06-21 14:53:28 INFO crypto_research.ml_cpcv: [ml] fold 14/21 → model.fit: X_train=(22850, 4) y_train=(22850,) days=('2022-01-11 00:00:00+00:00', '2024-04-01 00:00:00+00:00') dist={0: 11404, 1: 11446}
2026-06-21 14:53:28 INFO crypto_research.ml_cpcv: [ml] fold 14/21 → model.predict: X_test=(8989, 4) y_test=(8989,) days=('2022-08-31 00:00:00+00:00', '2023-12-07 00:00:00+00:00') dist={0: 4428, 1: 4561}
2026-06-21 14:53:28 INFO crypto_research.ml_cpcv: [ml] fold 14/21 train=22850 test=8989 acc=0.5322 auc=0.5463
2026-06-21 14:53:28 INFO crypto_research.ml_cpcv: [ml] fold 15/21 → model.fit: X_train=(22899, 4) y_train=(22899,) days=('2022-01-11 00:00:00+00:00', '2023-12-07 00:00:00+00:00') dist={0: 11397, 1: 11502}
2026-06-21 14:53:28 INFO crypto_research.ml_cpcv: [ml] fold 15/21 → model.predict: X_test=(8989, 4) y_test=(8989,) days=('2022-08-31 00:00:00+00:00', '2024-04-01 00:00:00+00:00') dist={0: 4438, 1: 4551}
2026-06-21 14:53:28 INFO crypto_research.ml_cpcv: [ml] fold 15/21 train=22899 test=8989 acc=0.4897 auc=0.4983
2026-06-21 14:53:28 INFO crypto_research.ml_cpcv: [ml] fold 16/21 → model.fit: X_train=(20820, 4) y_train=(20820,) days=('2022-01-11 00:00:00+00:00', '2024-04-01 00:00:00+00:00') dist={0: 10319, 1: 10501}
2026-06-21 14:53:28 INFO crypto_research.ml_cpcv: [ml] fold 16/21 → model.predict: X_test=(11048, 4) y_test=(11048,) days=('2022-12-25 00:00:00+00:00', '2023-08-13 00:00:00+00:00') dist={0: 5515, 1: 5533}
2026-06-21 14:53:28 INFO crypto_research.ml_cpcv: [ml] fold 16/21 train=20820 test=11048 acc=0.5019 auc=0.5026
2026-06-21 14:53:28 INFO crypto_research.ml_cpcv: [ml] fold 17/21 → model.fit: X_train=(20771, 4) y_train=(20771,) days=('2022-01-11 00:00:00+00:00', '2024-04-01 00:00:00+00:00') dist={0: 10571, 1: 10200}
2026-06-21 14:53:28 INFO crypto_research.ml_cpcv: [ml] fold 17/21 → model.predict: X_test=(11048, 4) y_test=(11048,) days=('2022-12-25 00:00:00+00:00', '2023-12-07 00:00:00+00:00') dist={0: 5236, 1: 5812}
2026-06-21 14:53:28 INFO crypto_research.ml_cpcv: [ml] fold 17/21 train=20771 test=11048 acc=0.5039 auc=0.5238
2026-06-21 14:53:28 INFO crypto_research.ml_cpcv: [ml] fold 18/21 → model.fit: X_train=(20820, 4) y_train=(20820,) days=('2022-01-11 00:00:00+00:00', '2023-12-07 00:00:00+00:00') dist={0: 10564, 1: 10256}
2026-06-21 14:53:28 INFO crypto_research.ml_cpcv: [ml] fold 18/21 → model.predict: X_test=(11048, 4) y_test=(11048,) days=('2022-12-25 00:00:00+00:00', '2024-04-01 00:00:00+00:00') dist={0: 5246, 1: 5802}
2026-06-21 14:53:28 INFO crypto_research.ml_cpcv: [ml] fold 18/21 train=20820 test=11048 acc=0.4852 auc=0.5193
2026-06-21 14:53:28 INFO crypto_research.ml_cpcv: [ml] fold 19/21 → model.fit: X_train=(20500, 4) y_train=(20500,) days=('2022-01-11 00:00:00+00:00', '2024-04-01 00:00:00+00:00') dist={0: 10163, 1: 10337}
2026-06-21 14:53:28 INFO crypto_research.ml_cpcv: [ml] fold 19/21 → model.predict: X_test=(11368, 4) y_test=(11368,) days=('2023-04-20 00:00:00+00:00', '2023-12-07 00:00:00+00:00') dist={0: 5689, 1: 5679}
2026-06-21 14:53:28 INFO crypto_research.ml_cpcv: [ml] fold 19/21 train=20500 test=11368 acc=0.5169 auc=0.5363
2026-06-21 14:53:28 INFO crypto_research.ml_cpcv: [ml] fold 20/21 → model.fit: X_train=(20500, 4) y_train=(20500,) days=('2022-01-11 00:00:00+00:00', '2023-12-07 00:00:00+00:00') dist={0: 10135, 1: 10365}
2026-06-21 14:53:28 INFO crypto_research.ml_cpcv: [ml] fold 20/21 → model.predict: X_test=(11368, 4) y_test=(11368,) days=('2023-04-20 00:00:00+00:00', '2024-04-01 00:00:00+00:00') dist={0: 5699, 1: 5669}
2026-06-21 14:53:28 INFO crypto_research.ml_cpcv: [ml] fold 20/21 train=20500 test=11368 acc=0.5312 auc=0.5397
2026-06-21 14:53:28 INFO crypto_research.ml_cpcv: [ml] fold 21/21 → model.fit: X_train=(20549, 4) y_train=(20549,) days=('2022-01-11 00:00:00+00:00', '2023-08-13 00:00:00+00:00') dist={0: 10435, 1: 10114}
2026-06-21 14:53:28 INFO crypto_research.ml_cpcv: [ml] fold 21/21 → model.predict: X_test=(11368, 4) y_test=(11368,) days=('2023-08-14 00:00:00+00:00', '2024-04-01 00:00:00+00:00') dist={0: 5420, 1: 5948}
2026-06-21 14:53:28 INFO crypto_research.ml_cpcv: [ml] fold 21/21 train=20549 test=11368 acc=0.4929 auc=0.5026
2026-06-21 14:53:28 INFO crypto_research.ml_cpcv: [ml] CPCV mean: folds=21 acc=0.5116 logloss=0.6944 auc=0.5263
2026-06-21 14:53:28 INFO crypto_research.ml_cpcv: [ml] OOS paths: rows=31917 cols=[time_ns, y_prob, y_true] folds_merged=21
2026-06-21 14:53:28 INFO crypto_research.ml_cpcv: [ml] OOS calibration: brier=0.2502 ece=0.0256
2026-06-21 14:53:28 INFO crypto_research.ml_cpcv: [ml] OOS weekday Пн: n=4562 base_up=0.4908 pred_up=0.4665 acc=0.4505 logloss=0.7030 auc=0.4293
2026-06-21 14:53:28 INFO crypto_research.ml_cpcv: [ml] OOS weekday Вт: n=4557 base_up=0.5177 pred_up=0.5374 acc=0.5229 logloss=0.6858 auc=0.5544
2026-06-21 14:53:28 INFO crypto_research.ml_cpcv: [ml] OOS weekday Ср: n=4557 base_up=0.4955 pred_up=0.4485 acc=0.5041 logloss=0.6951 auc=0.5112
2026-06-21 14:53:28 INFO crypto_research.ml_cpcv: [ml] OOS weekday Чт: n=4559 base_up=0.4587 pred_up=0.1667 acc=0.5163 logloss=0.6950 auc=0.4855
2026-06-21 14:53:28 INFO crypto_research.ml_cpcv: [ml] OOS weekday Пт: n=4560 base_up=0.5610 pred_up=0.9178 acc=0.5546 logloss=0.6878 auc=0.4930
2026-06-21 14:53:28 INFO crypto_research.ml_cpcv: [ml] OOS weekday Сб: n=4561 base_up=0.5227 pred_up=0.7597 acc=0.5113 logloss=0.6952 auc=0.4939
2026-06-21 14:53:28 INFO crypto_research.ml_cpcv: [ml] OOS weekday Вс: n=4561 base_up=0.4764 pred_up=0.2289 acc=0.5187 logloss=0.6928 auc=0.5022
2026-06-21 14:53:30 INFO crypto_research.ml_oos_paths: [ml] OOS plot saved: /home_admin/crypto_bot/crypto_research/research_outputs/combined/dow_ema_rsi_sp/ml/plots/direction_dow_ema_rsi_49pairs_20220101_20240401_oos_prob.png (weekdays=7 calendar_days=812 rows=31917)
2026-06-21 14:53:31 INFO crypto_research.ml_oos_paths: [ml] OOS calibration plot saved: /home_admin/crypto_bot/crypto_research/research_outputs/combined/dow_ema_rsi_sp/ml/plots/direction_dow_ema_rsi_49pairs_20220101_20240401_oos_calibration.png (brier=0.2502 ece=0.0256 rows=31917)
2026-06-21 14:53:31 INFO crypto_research.ml_learning_curve: [ml] early stopping (holdout): fit_rows=31917 eval_rows=38073 best_iteration=57 eval_logloss=0.6903
2026-06-21 14:53:31 INFO crypto_research.ml_learning_curve: [ml] learning curve saved: /home_admin/crypto_bot/crypto_research/research_outputs/combined/dow_ema_rsi_sp/ml/plots/direction_dow_ema_rsi_49pairs_20220101_20260531_learning_curve.png (best_iter=57)
2026-06-21 14:53:31 INFO crypto_research.ml_learning_curve: [ml] learning curve log saved: /home_admin/crypto_bot/crypto_research/research_outputs/combined/dow_ema_rsi_sp/ml/direction_dow_ema_rsi_49pairs_20220101_20260531_learning_curve.log (107 iterations)
2026-06-21 14:53:31 INFO crypto_research.ml_plot_registry: [ml] plot: oos_prob
2026-06-21 14:53:32 INFO crypto_research.ml_oos_paths: [ml] OOS plot saved: /home_admin/crypto_bot/crypto_research/research_outputs/combined/dow_ema_rsi_sp/ml/plots/direction_dow_ema_rsi_49pairs_20240401_20260531_oos_prob.png (weekdays=7 calendar_days=777 rows=38073)
2026-06-21 14:53:32 INFO crypto_research.ml_plot_registry: [ml] plot: oos_calibration
2026-06-21 14:53:33 INFO crypto_research.ml_oos_paths: [ml] OOS calibration plot saved: /home_admin/crypto_bot/crypto_research/research_outputs/combined/dow_ema_rsi_sp/ml/plots/direction_dow_ema_rsi_49pairs_20240401_20260531_oos_calibration.png (brier=0.2486 ece=0.0270 rows=38073)
2026-06-21 14:53:33 INFO crypto_research.ml_plot_registry: [ml] plot: weekday_pair_summary
2026-06-21 14:53:34 INFO crypto_research.ml_oos_paths: [ml] Weekday×pair summary plot saved: /home_admin/crypto_bot/crypto_research/research_outputs/combined/dow_ema_rsi_sp/ml/plots/direction_dow_ema_rsi_49pairs_20240401_20260531_weekday_pair_summary.png (pairs=49 rows=38073)
2026-06-21 14:53:36 INFO crypto_research.ml_oos_paths: [ml] Weekday×pair summary plot saved: /home_admin/crypto_bot/crypto_research/research_outputs/combined/dow_ema_rsi_sp/ml/plots/direction_dow_ema_rsi_49pairs_20220101_20240401_weekday_pair_summary.png (pairs=49 rows=31917)
2026-06-21 14:53:36 INFO crypto_research.ml_plot_registry: [ml] plot: roc_auc
2026-06-21 14:53:36 INFO crypto_research.ml_oos_paths: [ml] ROC AUC comparison plot saved: /home_admin/crypto_bot/crypto_research/research_outputs/combined/dow_ema_rsi_sp/ml/plots/direction_dow_ema_rsi_49pairs_20220101_20260531_roc_auc.png
2026-06-21 14:53:36 INFO crypto_research.ml_plot_registry: [ml] plot: learning_curve
2026-06-21 14:53:36 INFO crypto_research.ml_plot_registry: [ml] plot: correlation_matrix_heatmap
2026-06-21 14:53:36 INFO crypto_research.ml_feature_diagnostic_plots: [ml] feature corr pair_id vs weekday_enc: 0.0000
2026-06-21 14:53:36 INFO crypto_research.ml_feature_diagnostic_plots: [ml] feature corr pair_id vs ema_dev_pair_norm: 0.0156
2026-06-21 14:53:36 INFO crypto_research.ml_feature_diagnostic_plots: [ml] feature corr pair_id vs rsi_pair_norm: 0.0062
2026-06-21 14:53:36 INFO crypto_research.ml_feature_diagnostic_plots: [ml] feature corr weekday_enc vs ema_dev_pair_norm: 0.0172
2026-06-21 14:53:36 INFO crypto_research.ml_feature_diagnostic_plots: [ml] feature corr weekday_enc vs rsi_pair_norm: 0.0157
2026-06-21 14:53:36 INFO crypto_research.ml_feature_diagnostic_plots: [ml] feature corr ema_dev_pair_norm vs rsi_pair_norm: 0.8525
2026-06-21 14:53:36 INFO crypto_research.ml_feature_diagnostic_plots: [ml] correlation matrix heatmap saved: /home_admin/crypto_bot/crypto_research/research_outputs/combined/dow_ema_rsi_sp/ml/plots/direction_dow_ema_rsi_49pairs_20240401_20260531_correlation_matrix.png
2026-06-21 14:53:36 INFO crypto_research.ml_plot_registry: [ml] plot: shape_summary_plot
2026-06-21 14:53:36 INFO crypto_research.ml_shap_plots: [ml] SHAP subsample: 3000 / 38073 rows
2026-06-21 14:53:36 INFO crypto_research.ml_shap_plots: [ml] SHAP summary plot saved: /home_admin/crypto_bot/crypto_research/research_outputs/combined/dow_ema_rsi_sp/ml/plots/direction_dow_ema_rsi_49pairs_20240401_20260531_shape_summary.png
2026-06-21 14:53:36 INFO crypto_research.ml_plot_registry: [ml] plot: feature_prob_dependence
2026-06-21 14:53:37 INFO crypto_research.ml_feature_dependence_plot: [ml] feature P(up) dependence plot saved: /home_admin/crypto_bot/crypto_research/research_outputs/combined/dow_ema_rsi_sp/ml/plots/direction_dow_ema_rsi_49pairs_20240401_20260531_feature_prob_dependence.png (features=['weekday_enc', 'ema_dev_pair_norm', 'rsi_pair_norm'])
2026-06-21 14:53:37 INFO crypto_research.ml_plot_registry: [ml] plot: prob_return_dependence
2026-06-21 14:53:38 INFO crypto_research.ml_prob_return_dependence_plot: [ml] P(up) vs return plot saved: /home_admin/crypto_bot/crypto_research/research_outputs/combined/dow_ema_rsi_sp/ml/plots/direction_dow_ema_rsi_49pairs_20240401_20260531_prob_return_dependence.png (train=31917 test=38073 t_long=0.513833131640761 t_short=0.4716764200731012 edge=0.25% smooth=gauss σ=4)
2026-06-21 14:53:38 INFO crypto_research.ml_plot_registry: [ml] plot: p_up_density_split
2026-06-21 14:53:38 INFO crypto_research.ml_p_up_density_split_plot: [ml] P(up) density split plot saved: /home_admin/crypto_bot/crypto_research/research_outputs/combined/dow_ema_rsi_sp/ml/plots/direction_dow_ema_rsi_49pairs_20220101_20240401_p_up_density_split.png (method=default_0_5 threshold=0.5 otsu=0.50390625 valley=None)
2026-06-21 14:53:42 INFO crypto_research.ml_research: [ml] auto compare_prob_cdf: ['dow_ema_sp', 'dow_ema_rsi_sp']
2026-06-21 14:53:42 INFO crypto_research.ml_model_compare: [ml] compare dow_ema_sp thresholds from /home_admin/crypto_bot/crypto_research/research_outputs/combined/dow_ema_sp/ml/metrics/direction_dow_ema_49pairs_20220101_20260531_train_test.json: t_long=0.5186 t_short=0.4698
2026-06-21 14:53:42 INFO crypto_research.ml_dataset: [ml] ema_dev_pair_norm: min=-4.918 max=15.840 mean=-0.087
2026-06-21 14:53:42 INFO crypto_research.ml_dataset: [ml] dataset studies=['day_of_week_ml', 'ema_spreads_ml'] features=['pair_id', 'weekday_enc', 'ema_dev_pair_norm'] rows=38122 pairs=49 up_rate=0.478
2026-06-21 14:53:42 INFO crypto_research.ml_model_compare_plot: [ml] compare plot saved: /home_admin/crypto_bot/crypto_research/research_outputs/combined/dow_ema_rsi_sp/ml/plots/direction_dow_ema_rsi_49pairs_20220101_20260531_compare_prob_cdf.png
2026-06-21 14:53:42 INFO crypto_research.ml_research: [ml] train/test metrics saved: /home_admin/crypto_bot/crypto_research/research_outputs/combined/dow_ema_rsi_sp/ml/metrics/direction_dow_ema_rsi_49pairs_20220101_20260531_train_test.json
2026-06-21 14:53:42 INFO crypto_research.ml_research: [ml] metrics summary saved: /home_admin/crypto_bot/crypto_research/research_outputs/combined/dow_ema_rsi_sp/ml/metrics/direction_dow_ema_rsi_49pairs_20220101_20260531_metrics_summary.json
